date,article,quantity_sold,average_unit_price_eur,transaction_lines
2021-03-04,.,2.0,0.0,1
2021-03-18,.,1.0,0.0,1
2021-04-04,.,1.0,0.0,1
2021-04-27,.,1.0,0.0,1
2021-07-10,.,2.0,0.0,1
2022-07-13,12 MACARON,1.0,10.0,1
2022-07-16,12 MACARON,1.0,10.0,1
2022-07-17,12 MACARON,3.0,10.0,3
2022-07-19,12 MACARON,1.0,10.0,1
2022-07-21,12 MACARON,1.0,10.0,1
2022-07-24,12 MACARON,1.0,10.0,1
2022-07-27,12 MACARON,1.0,10.0,1
2022-07-29,12 MACARON,2.0,10.0,2
2022-07-30,12 MACARON,1.0,10.0,1
2022-07-31,12 MACARON,2.0,10.0,2
2022-08-02,12 MACARON,2.0,10.0,1
2022-08-04,12 MACARON,2.0,10.0,2
2022-08-05,12 MACARON,1.0,10.0,1
2022-08-08,12 MACARON,1.0,10.0,1
2022-08-09,12 MACARON,1.0,10.0,1
2022-08-10,12 MACARON,1.0,10.0,1
2022-08-11,12 MACARON,3.0,10.0,3
2022-08-12,12 MACARON,1.0,10.0,1
2022-08-13,12 MACARON,2.0,10.0,2
2022-08-14,12 MACARON,2.0,10.0,2
2022-08-15,12 MACARON,1.0,10.0,1
2022-08-17,12 MACARON,3.0,10.0,3
2022-08-18,12 MACARON,2.0,10.0,1
2022-08-19,12 MACARON,1.0,10.0,1
2022-08-20,12 MACARON,2.0,10.0,2
2022-08-21,12 MACARON,5.0,10.0,4
2022-08-22,12 MACARON,3.0,10.0,2
2022-08-24,12 MACARON,2.0,10.0,2
2022-08-25,12 MACARON,2.0,10.0,2
2022-08-27,12 MACARON,2.0,10.0,2
2022-08-28,12 MACARON,5.0,10.0,4
2022-08-29,12 MACARON,1.0,10.0,1
2022-08-30,12 MACARON,2.0,10.0,2
2022-09-02,12 MACARON,1.0,10.0,1
2022-09-04,12 MACARON,1.0,10.0,1
2022-09-07,12 MACARON,1.0,10.0,1
2022-09-08,12 MACARON,1.0,10.0,1
2022-09-10,12 MACARON,1.0,10.0,1
2022-09-11,12 MACARON,1.0,10.0,1
2022-09-15,12 MACARON,1.0,10.0,1
2022-09-24,12 MACARON,1.0,10.0,1
2022-09-28,12 MACARON,1.0,10.0,1
2022-07-17,ARMORICAIN,1.0,2.5,1
2022-07-21,ARMORICAIN,2.0,2.5,1
2021-11-08,ARTICLE 295,1.0,0.0,1
2021-01-02,BAGUETTE,46.0,0.9,29
2021-01-03,BAGUETTE,36.0,0.9,28
2021-01-04,BAGUETTE,30.0,0.9,21
2021-01-05,BAGUETTE,29.0,0.9,20
2021-01-07,BAGUETTE,28.0,0.9,22
2021-01-08,BAGUETTE,17.0,0.9,15
2021-01-09,BAGUETTE,25.0,0.9,17
2021-01-10,BAGUETTE,36.0,0.9,25
2021-01-11,BAGUETTE,31.0,0.9,20
2021-01-12,BAGUETTE,29.0,0.9,22
2021-01-14,BAGUETTE,24.0,0.9,14
2021-01-15,BAGUETTE,19.0,0.9,13
2021-01-16,BAGUETTE,28.0,0.9,22
2021-01-17,BAGUETTE,37.0,0.9,23
2021-01-18,BAGUETTE,27.0,0.9,20
2021-01-19,BAGUETTE,21.0,0.9,18
2021-01-21,BAGUETTE,22.0,0.9,18
2021-01-22,BAGUETTE,28.0,0.9,17
2021-01-23,BAGUETTE,28.0,0.9,19
2021-01-24,BAGUETTE,35.0,0.9,23
2021-01-25,BAGUETTE,24.0,0.9,15
2021-01-26,BAGUETTE,34.0,0.9,18
2021-01-28,BAGUETTE,18.0,0.9,15
2021-01-29,BAGUETTE,27.0,0.9,18
2021-01-30,BAGUETTE,34.0,0.9,24
2021-01-31,BAGUETTE,30.0,0.9,23
2021-02-01,BAGUETTE,15.0,0.9,11
2021-02-02,BAGUETTE,24.0,0.9,16
2021-02-04,BAGUETTE,26.0,0.9,20
2021-02-05,BAGUETTE,30.0,0.9,16
2021-02-06,BAGUETTE,20.0,0.9,14
2021-02-07,BAGUETTE,30.0,0.9,24
2021-02-08,BAGUETTE,22.0,0.9,16
2021-02-09,BAGUETTE,30.0,0.9,16
2021-02-11,BAGUETTE,17.0,0.9,14
2021-02-12,BAGUETTE,18.0,0.9,10
2021-02-13,BAGUETTE,27.0,0.9,19
2021-02-14,BAGUETTE,50.0,0.9,36
2021-02-15,BAGUETTE,25.0,0.9,20
2021-02-16,BAGUETTE,22.0,0.9,15
2021-02-18,BAGUETTE,33.0,0.9,24
2021-02-19,BAGUETTE,28.0,0.9,24
2021-02-20,BAGUETTE,28.0,0.9,20
2021-02-21,BAGUETTE,54.0,0.9,36
2021-02-22,BAGUETTE,49.0,0.9,35
2021-02-23,BAGUETTE,32.0,0.9,26
2021-02-25,BAGUETTE,36.0,0.9,28
2021-02-26,BAGUETTE,31.0,0.9,21
2021-02-27,BAGUETTE,54.0,0.9,33
2021-02-28,BAGUETTE,75.0,0.9,46
2021-03-01,BAGUETTE,36.0,0.9,26
2021-03-02,BAGUETTE,31.0,0.9,22
2021-03-04,BAGUETTE,39.0,0.9,24
2021-03-05,BAGUETTE,44.0,0.9,29
2021-03-06,BAGUETTE,48.0,0.9,22
2021-03-07,BAGUETTE,49.0,0.9,33
2021-03-08,BAGUETTE,21.0,0.9,15
2021-03-09,BAGUETTE,36.0,0.9,26
2021-03-11,BAGUETTE,23.0,0.9,18
2021-03-12,BAGUETTE,35.0,0.9,13
2021-03-13,BAGUETTE,35.0,0.9,26
2021-03-14,BAGUETTE,48.0,0.9,30
2021-03-15,BAGUETTE,29.0,0.9,24
2021-03-16,BAGUETTE,26.0,0.9,17
2021-03-18,BAGUETTE,19.0,0.9,17
2021-03-19,BAGUETTE,28.0,0.9,15
2021-03-20,BAGUETTE,41.0,0.9,24
2021-03-21,BAGUETTE,38.0,0.9,25
2021-03-22,BAGUETTE,24.0,0.9,19
2021-03-23,BAGUETTE,23.0,0.9,16
2021-03-25,BAGUETTE,25.0,0.9,20
2021-03-26,BAGUETTE,34.0,0.9,22
2021-03-27,BAGUETTE,39.0,0.9,20
2021-03-28,BAGUETTE,49.0,0.9,31
2021-03-29,BAGUETTE,45.0,0.9,24
2021-03-30,BAGUETTE,30.0,0.9,24
2021-04-01,BAGUETTE,29.0,0.9,26
2021-04-02,BAGUETTE,35.0,0.9,23
2021-04-03,BAGUETTE,36.0,0.9,23
2021-04-04,BAGUETTE,91.0,0.9,49
2021-04-05,BAGUETTE,44.0,0.9,30
2021-04-06,BAGUETTE,29.0,0.9,19
2021-04-08,BAGUETTE,31.0,0.9,21
2021-04-09,BAGUETTE,26.0,0.9,18
2021-04-10,BAGUETTE,32.0,0.9,21
2021-04-11,BAGUETTE,53.0,0.9,30
2021-04-12,BAGUETTE,31.0,0.9,25
2021-04-13,BAGUETTE,29.0,0.9,22
2021-04-14,BAGUETTE,16.0,0.9,12
2021-04-15,BAGUETTE,24.0,0.9,17
2021-04-16,BAGUETTE,35.0,0.9,20
2021-04-17,BAGUETTE,34.0,0.9,24
2021-04-18,BAGUETTE,42.0,0.9,27
2021-04-19,BAGUETTE,35.0,0.9,22
2021-04-20,BAGUETTE,30.0,0.9,25
2021-04-21,BAGUETTE,26.0,0.9,19
2021-04-22,BAGUETTE,30.0,0.9,27
2021-04-23,BAGUETTE,34.0,0.9,25
2021-04-24,BAGUETTE,41.0,0.9,21
2021-04-25,BAGUETTE,53.0,0.9,34
2021-04-26,BAGUETTE,26.0,0.9,19
2021-04-27,BAGUETTE,32.0,0.9,23
2021-04-28,BAGUETTE,23.0,0.9,20
2021-04-29,BAGUETTE,28.0,0.9,19
2021-04-30,BAGUETTE,25.0,0.9,14
2021-05-01,BAGUETTE,31.0,0.9,23
2021-05-02,BAGUETTE,48.0,0.9,35
2021-05-03,BAGUETTE,29.0,0.9,24
2021-05-04,BAGUETTE,26.0,0.9,15
2021-05-05,BAGUETTE,30.0,0.9,22
2021-05-06,BAGUETTE,22.0,0.9,18
2021-05-07,BAGUETTE,29.0,0.9,24
2021-05-08,BAGUETTE,53.0,0.9,32
2021-05-09,BAGUETTE,45.0,0.9,33
2021-05-10,BAGUETTE,26.0,0.9,25
2021-05-11,BAGUETTE,39.0,0.9,26
2021-05-12,BAGUETTE,41.0,0.9,31
2021-05-13,BAGUETTE,57.0,0.9,40
2021-05-14,BAGUETTE,66.0,0.9,39
2021-05-15,BAGUETTE,84.0,0.9,50
2021-05-16,BAGUETTE,73.0,0.9,48
2021-05-21,BAGUETTE,22.0,0.9,14
2021-05-22,BAGUETTE,44.0,0.9,27
2021-05-23,BAGUETTE,68.0,0.9,38
2021-05-24,BAGUETTE,51.0,0.9,31
2021-05-25,BAGUETTE,37.0,0.9,28
2021-05-26,BAGUETTE,19.0,0.9,17
2021-05-27,BAGUETTE,32.0,0.9,22
2021-05-28,BAGUETTE,19.0,0.9,15
2021-05-29,BAGUETTE,50.0,0.9,25
2021-05-30,BAGUETTE,55.0,0.9,28
2021-05-31,BAGUETTE,28.0,0.9,21
2021-06-01,BAGUETTE,29.0,0.9,22
2021-06-02,BAGUETTE,20.0,0.9,17
2021-06-03,BAGUETTE,19.0,0.9,15
2021-06-04,BAGUETTE,31.0,0.9,24
2021-06-05,BAGUETTE,70.0,0.9,38
2021-06-06,BAGUETTE,78.0,0.9,41
2021-06-07,BAGUETTE,28.0,0.9,23
2021-06-08,BAGUETTE,29.0,0.9,24
2021-06-09,BAGUETTE,24.0,0.9,16
2021-06-10,BAGUETTE,29.0,0.9,19
2021-06-11,BAGUETTE,22.0,0.9,18
2021-06-12,BAGUETTE,40.0,0.9,28
2021-06-13,BAGUETTE,54.0,0.9,33
2021-06-14,BAGUETTE,39.0,0.9,32
2021-06-15,BAGUETTE,19.0,0.9,18
2021-06-16,BAGUETTE,22.0,0.9,20
2021-06-17,BAGUETTE,28.0,0.9,24
2021-06-18,BAGUETTE,26.0,0.9,21
2021-06-19,BAGUETTE,50.0,0.9,28
2021-06-20,BAGUETTE,60.0,0.9,41
2021-06-21,BAGUETTE,38.0,0.9,28
2021-06-22,BAGUETTE,35.0,0.9,30
2021-06-23,BAGUETTE,22.0,0.9,18
2021-06-24,BAGUETTE,34.0,0.9,19
2021-06-25,BAGUETTE,23.0,0.9,16
2021-06-26,BAGUETTE,50.0,0.9,27
2021-06-27,BAGUETTE,51.0,0.9,37
2021-06-28,BAGUETTE,18.0,0.9,15
2021-06-29,BAGUETTE,27.0,0.9,21
2021-06-30,BAGUETTE,21.0,0.9,18
2021-07-01,BAGUETTE,27.0,0.9,24
2021-07-02,BAGUETTE,21.0,0.9,17
2021-07-03,BAGUETTE,35.0,0.9,24
2021-07-04,BAGUETTE,58.0,0.9,34
2021-07-05,BAGUETTE,34.0,0.9,23
2021-07-06,BAGUETTE,37.0,0.9,25
2021-07-07,BAGUETTE,40.0,0.9,27
2021-07-08,BAGUETTE,33.0,0.9,24
2021-07-09,BAGUETTE,36.0,0.9,27
2021-07-10,BAGUETTE,36.0,0.9,26
2021-07-11,BAGUETTE,75.0,0.9,49
2021-07-12,BAGUETTE,49.0,0.9,38
2021-07-13,BAGUETTE,51.0,0.9,38
2021-07-14,BAGUETTE,63.0,0.9,36
2021-07-15,BAGUETTE,51.0,0.9,43
2021-07-16,BAGUETTE,62.0,0.9,33
2021-07-17,BAGUETTE,55.0,0.9,35
2021-07-18,BAGUETTE,105.0,0.9,58
2021-07-19,BAGUETTE,42.0,0.9,29
2021-07-20,BAGUETTE,56.0,0.9,38
2021-07-21,BAGUETTE,55.0,0.9,38
2021-07-22,BAGUETTE,62.0,0.9,46
2021-07-23,BAGUETTE,56.0,0.9,38
2021-07-24,BAGUETTE,59.0,0.9,38
2021-07-25,BAGUETTE,89.0,0.9,50
2021-07-26,BAGUETTE,56.0,0.9,38
2021-07-27,BAGUETTE,39.0,0.9,27
2021-07-28,BAGUETTE,48.0,0.9,34
2021-07-29,BAGUETTE,56.0,0.9,32
2021-07-30,BAGUETTE,63.0,0.9,38
2021-07-31,BAGUETTE,53.0,0.9,34
2021-08-01,BAGUETTE,78.0,0.9,48
2021-08-02,BAGUETTE,69.0,0.9,54
2021-08-03,BAGUETTE,84.0,0.9,56
2021-08-04,BAGUETTE,57.0,0.9,42
2021-08-05,BAGUETTE,46.0,0.9,37
2021-08-06,BAGUETTE,51.0,0.9,31
2021-08-07,BAGUETTE,64.0,0.9,49
2021-08-08,BAGUETTE,88.0,0.9,52
2021-08-09,BAGUETTE,69.0,0.9,51
2021-08-10,BAGUETTE,58.0,0.9,41
2021-08-11,BAGUETTE,69.0,0.9,49
2021-08-12,BAGUETTE,80.0,0.9,50
2021-08-13,BAGUETTE,56.0,0.9,38
2021-08-14,BAGUETTE,64.0,0.9,43
2021-08-15,BAGUETTE,103.0,0.9,62
2021-08-16,BAGUETTE,53.0,0.9,43
2021-08-17,BAGUETTE,55.0,0.9,42
2021-08-18,BAGUETTE,55.0,0.9,39
2021-08-19,BAGUETTE,53.0,0.9,35
2021-08-20,BAGUETTE,55.0,0.9,36
2021-08-21,BAGUETTE,74.0,0.9,45
2021-08-22,BAGUETTE,68.0,0.9,48
2021-08-23,BAGUETTE,69.0,0.9,52
2021-08-24,BAGUETTE,81.0,0.9,50
2021-08-25,BAGUETTE,55.0,0.9,37
2021-08-26,BAGUETTE,68.0,0.9,45
2021-08-27,BAGUETTE,38.0,0.9,30
2021-08-28,BAGUETTE,65.0,0.9,38
2021-08-29,BAGUETTE,76.0,0.9,54
2021-08-30,BAGUETTE,33.0,0.9,23
2021-08-31,BAGUETTE,35.0,0.9,23
2021-09-01,BAGUETTE,33.0,0.9,25
2021-09-02,BAGUETTE,29.0,0.9,26
2021-09-03,BAGUETTE,36.0,0.9,32
2021-09-04,BAGUETTE,49.0,0.9,32
2021-09-05,BAGUETTE,76.0,0.9,48
2021-09-06,BAGUETTE,38.0,0.9,27
2021-09-07,BAGUETTE,47.0,0.9,27
2021-09-08,BAGUETTE,18.0,0.9,16
2021-09-09,BAGUETTE,39.0,0.9,29
2021-09-10,BAGUETTE,32.0,0.9,26
2021-09-11,BAGUETTE,67.0,0.9,35
2021-09-12,BAGUETTE,68.0,0.9,43
2021-09-13,BAGUETTE,47.0,0.9,36
2021-09-14,BAGUETTE,24.0,0.9,22
2021-09-15,BAGUETTE,24.0,0.9,17
2021-09-16,BAGUETTE,37.0,0.9,30
2021-09-17,BAGUETTE,29.0,0.9,21
2021-09-18,BAGUETTE,48.0,0.9,23
2021-09-19,BAGUETTE,39.0,0.9,28
2021-09-20,BAGUETTE,29.0,0.9,25
2021-09-21,BAGUETTE,24.0,0.9,17
2021-09-22,BAGUETTE,3.0,0.9,2
2021-09-23,BAGUETTE,27.0,0.9,17
2021-09-24,BAGUETTE,43.0,0.9,24
2021-09-25,BAGUETTE,42.0,0.9,25
2021-09-26,BAGUETTE,45.0,0.9,23
2021-09-27,BAGUETTE,24.0,0.9,19
2021-09-28,BAGUETTE,27.0,0.9,19
2021-09-29,BAGUETTE,17.0,0.9,15
2021-09-30,BAGUETTE,22.0,0.9,16
2021-10-01,BAGUETTE,27.0,0.9,16
2021-10-02,BAGUETTE,32.0,0.9,21
2021-10-03,BAGUETTE,41.0,0.9,28
2021-10-04,BAGUETTE,29.0,0.9,22
2021-10-05,BAGUETTE,24.0,0.9,18
2021-10-06,BAGUETTE,22.0,0.9,19
2021-10-07,BAGUETTE,33.0,0.9,23
2021-10-08,BAGUETTE,24.0,0.9,18
2021-10-09,BAGUETTE,44.0,0.9,30
2021-10-10,BAGUETTE,48.0,0.9,37
2021-10-11,BAGUETTE,28.0,0.9,21
2021-10-12,BAGUETTE,15.0,0.9,10
2021-10-13,BAGUETTE,11.0,0.9,10
2021-10-14,BAGUETTE,21.0,0.9,14
2021-10-15,BAGUETTE,18.0,0.9,14
2021-10-16,BAGUETTE,27.0,0.9,21
2021-10-17,BAGUETTE,49.0,0.9,24
2021-10-18,BAGUETTE,28.0,0.9,19
2021-10-19,BAGUETTE,19.0,0.9,18
2021-10-20,BAGUETTE,14.0,0.9,13
2021-10-21,BAGUETTE,33.0,0.9,19
2021-10-22,BAGUETTE,31.0,0.9,21
2021-10-23,BAGUETTE,48.0,0.9,25
2021-10-24,BAGUETTE,54.0,0.9,40
2021-10-25,BAGUETTE,40.0,0.9,30
2021-10-26,BAGUETTE,38.0,0.9,27
2021-10-27,BAGUETTE,23.0,0.9,18
2021-10-28,BAGUETTE,24.0,0.9,20
2021-10-29,BAGUETTE,38.0,0.9,26
2021-10-30,BAGUETTE,46.0,0.9,26
2021-10-31,BAGUETTE,55.0,0.9,34
2021-11-01,BAGUETTE,31.0,0.9,26
2021-11-02,BAGUETTE,27.0,0.9,18
2021-11-03,BAGUETTE,47.0,0.9,23
2021-11-04,BAGUETTE,25.0,0.9,21
2021-11-05,BAGUETTE,33.0,0.9,18
2021-11-06,BAGUETTE,27.0,0.9,18
2021-11-07,BAGUETTE,31.0,0.9,24
2021-11-08,BAGUETTE,62.0,0.9,17
2021-11-09,BAGUETTE,43.0,0.9,17
2021-11-10,BAGUETTE,17.0,0.9,13
2021-11-11,BAGUETTE,30.0,0.9,22
2021-11-12,BAGUETTE,16.0,0.9,15
2021-11-13,BAGUETTE,25.0,0.9,21
2021-11-14,BAGUETTE,38.0,0.9,23
2021-11-15,BAGUETTE,27.0,0.9,19
2021-11-16,BAGUETTE,16.0,0.9,14
2021-11-18,BAGUETTE,20.0,0.9,17
2021-11-19,BAGUETTE,26.0,0.9,21
2021-11-20,BAGUETTE,38.0,0.9,18
2021-11-21,BAGUETTE,36.0,0.9,21
2021-11-22,BAGUETTE,14.0,0.9,14
2021-11-23,BAGUETTE,23.0,0.9,17
2021-11-25,BAGUETTE,25.0,0.9,18
2021-11-26,BAGUETTE,18.0,0.9,13
2021-11-27,BAGUETTE,35.0,0.9,18
2021-11-28,BAGUETTE,45.0,0.9,28
2021-11-29,BAGUETTE,28.0,0.9,23
2021-11-30,BAGUETTE,21.0,0.9,17
2021-12-02,BAGUETTE,16.0,0.9,14
2021-12-03,BAGUETTE,28.0,0.9,18
2021-12-04,BAGUETTE,20.0,0.9,15
2021-12-05,BAGUETTE,40.0,0.9,24
2021-12-09,BAGUETTE,21.0,0.9,18
2021-12-10,BAGUETTE,20.0,0.9,13
2021-12-11,BAGUETTE,33.0,0.9,17
2021-12-12,BAGUETTE,33.0,0.9,23
2021-12-13,BAGUETTE,19.0,0.9,17
2021-12-14,BAGUETTE,18.0,0.9,16
2021-12-16,BAGUETTE,19.0,0.9,15
2021-12-17,BAGUETTE,30.0,0.9,18
2021-12-18,BAGUETTE,36.0,0.9,17
2021-12-19,BAGUETTE,35.0,0.9,26
2021-12-20,BAGUETTE,26.0,0.9,23
2021-12-21,BAGUETTE,27.0,0.9,20
2021-12-22,BAGUETTE,18.0,0.9,17
2021-12-23,BAGUETTE,29.0,0.9,19
2021-12-24,BAGUETTE,36.0,0.9,26
2021-12-25,BAGUETTE,32.0,0.9,21
2021-12-26,BAGUETTE,32.0,0.9,23
2021-12-27,BAGUETTE,36.0,0.9,17
2021-12-28,BAGUETTE,42.0,0.9,26
2021-12-29,BAGUETTE,35.0,0.9,23
2021-12-30,BAGUETTE,29.0,0.9,23
2021-12-31,BAGUETTE,49.0,0.9,33
2022-01-02,BAGUETTE,55.0,0.9,42
2022-01-03,BAGUETTE,15.0,0.9,13
2022-01-04,BAGUETTE,1.0,0.9,1
2022-01-06,BAGUETTE,23.0,0.9,16
2022-01-07,BAGUETTE,16.0,0.9,14
2022-01-08,BAGUETTE,20.0,0.9,15
2022-01-09,BAGUETTE,27.0,0.9,22
2022-01-10,BAGUETTE,23.0,0.9,15
2022-01-11,BAGUETTE,17.0,0.9,15
2022-01-13,BAGUETTE,15.0,0.9,13
2022-01-14,BAGUETTE,19.0,0.9,16
2022-01-15,BAGUETTE,27.0,0.9,14
2022-01-16,BAGUETTE,33.0,0.9,22
2022-01-17,BAGUETTE,19.0,0.9,16
2022-01-18,BAGUETTE,18.0,0.9,17
2022-01-20,BAGUETTE,20.0,0.9,15
2022-01-21,BAGUETTE,24.0,0.9,16
2022-01-22,BAGUETTE,29.0,0.9,20
2022-01-23,BAGUETTE,51.0,0.9,30
2022-01-24,BAGUETTE,19.0,0.9,18
2022-01-25,BAGUETTE,24.0,0.9,15
2022-01-27,BAGUETTE,28.0,0.9,19
2022-01-28,BAGUETTE,23.0,0.9,14
2022-01-29,BAGUETTE,24.0,0.9,14
2022-01-30,BAGUETTE,35.0,0.9,25
2022-01-31,BAGUETTE,17.0,0.9,17
2022-02-01,BAGUETTE,25.0,0.9,19
2022-02-03,BAGUETTE,23.0,0.9,18
2022-02-04,BAGUETTE,21.0,0.9,14
2022-02-05,BAGUETTE,24.0,0.9,19
2022-02-06,BAGUETTE,55.0,0.9,34
2022-02-07,BAGUETTE,27.0,0.95,21
2022-02-08,BAGUETTE,31.0,0.95,25
2022-02-10,BAGUETTE,27.0,0.95,22
2022-02-11,BAGUETTE,23.0,0.95,16
2022-02-12,BAGUETTE,21.0,0.95,17
2022-02-13,BAGUETTE,45.0,0.95,30
2022-02-14,BAGUETTE,29.0,0.95,23
2022-02-15,BAGUETTE,31.0,0.95,24
2022-02-17,BAGUETTE,36.0,0.95,27
2022-02-18,BAGUETTE,39.0,0.95,26
2022-02-19,BAGUETTE,45.0,0.95,22
2022-02-20,BAGUETTE,43.0,0.95,34
2022-02-21,BAGUETTE,24.0,0.95,19
2022-02-22,BAGUETTE,31.0,0.95,25
2022-02-24,BAGUETTE,31.0,0.95,23
2022-02-25,BAGUETTE,36.0,0.95,28
2022-02-26,BAGUETTE,38.0,0.95,24
2022-02-27,BAGUETTE,61.0,0.95,39
2022-02-28,BAGUETTE,23.0,0.95,19
2022-03-01,BAGUETTE,28.0,0.95,26
2022-03-02,BAGUETTE,10.0,0.95,9
2022-03-03,BAGUETTE,24.0,0.95,18
2022-03-04,BAGUETTE,26.0,0.95,18
2022-03-05,BAGUETTE,39.0,0.95,25
2022-03-06,BAGUETTE,47.0,0.95,29
2022-03-07,BAGUETTE,25.0,0.95,21
2022-03-08,BAGUETTE,25.0,0.95,16
2022-03-09,BAGUETTE,17.0,0.95,16
2022-03-10,BAGUETTE,19.0,0.95,14
2022-03-11,BAGUETTE,26.0,0.95,14
2022-03-12,BAGUETTE,27.0,0.95,17
2022-03-13,BAGUETTE,36.0,0.95,30
2022-03-14,BAGUETTE,24.0,0.95,21
2022-03-15,BAGUETTE,28.0,0.95,21
2022-03-16,BAGUETTE,20.0,0.95,12
2022-03-17,BAGUETTE,10.0,0.95,8
2022-03-18,BAGUETTE,17.0,0.95,16
2022-03-19,BAGUETTE,28.0,0.95,18
2022-03-20,BAGUETTE,32.0,0.95,24
2022-03-21,BAGUETTE,30.0,0.95,24
2022-03-22,BAGUETTE,17.0,0.95,15
2022-03-23,BAGUETTE,16.0,0.95,12
2022-03-24,BAGUETTE,12.0,0.95,10
2022-03-25,BAGUETTE,26.0,0.95,15
2022-03-26,BAGUETTE,32.0,0.95,23
2022-03-27,BAGUETTE,42.0,0.95,30
2022-03-28,BAGUETTE,23.0,0.95,19
2022-03-29,BAGUETTE,20.0,0.95,16
2022-03-30,BAGUETTE,15.0,0.95,14
2022-03-31,BAGUETTE,25.0,0.95,18
2022-04-01,BAGUETTE,29.0,0.95,19
2022-04-02,BAGUETTE,23.0,0.95,15
2022-04-03,BAGUETTE,32.0,0.95,17
2022-04-04,BAGUETTE,16.0,0.95,16
2022-04-05,BAGUETTE,15.0,0.95,13
2022-04-06,BAGUETTE,27.0,0.95,16
2022-04-07,BAGUETTE,14.0,0.95,13
2022-04-08,BAGUETTE,23.0,0.95,15
2022-04-09,BAGUETTE,36.0,0.95,23
2022-04-10,BAGUETTE,48.0,0.95,27
2022-04-11,BAGUETTE,35.0,0.95,30
2022-04-12,BAGUETTE,16.0,0.95,13
2022-04-13,BAGUETTE,36.0,0.95,28
2022-04-14,BAGUETTE,30.0,0.95,18
2022-04-15,BAGUETTE,46.0,0.95,24
2022-04-16,BAGUETTE,57.0,0.95,35
2022-04-17,BAGUETTE,37.0,0.95,20
2022-04-18,BAGUETTE,68.0,0.95,36
2022-04-19,BAGUETTE,28.0,0.95,20
2022-04-20,BAGUETTE,20.0,0.95,17
2022-04-21,BAGUETTE,47.0,0.95,31
2022-04-22,BAGUETTE,28.0,0.95,19
2022-04-23,BAGUETTE,33.0,0.95,24
2022-04-24,BAGUETTE,41.0,0.95,24
2022-04-25,BAGUETTE,24.0,0.95,21
2022-04-26,BAGUETTE,19.0,0.95,16
2022-04-27,BAGUETTE,19.0,0.95,13
2022-04-28,BAGUETTE,23.0,0.95,19
2022-04-29,BAGUETTE,25.0,0.95,16
2022-04-30,BAGUETTE,52.0,0.95,31
2022-05-01,BAGUETTE,64.0,0.95,37
2022-05-02,BAGUETTE,24.0,0.95,21
2022-05-03,BAGUETTE,22.0,0.95,14
2022-05-05,BAGUETTE,17.0,0.95,15
2022-05-06,BAGUETTE,40.0,0.95,18
2022-05-07,BAGUETTE,36.0,0.95,25
2022-05-08,BAGUETTE,45.0,0.95,29
2022-05-09,BAGUETTE,21.0,0.95,19
2022-05-10,BAGUETTE,18.0,0.95,15
2022-05-11,BAGUETTE,27.0,0.95,19
2022-05-12,BAGUETTE,24.0,0.95,18
2022-05-13,BAGUETTE,22.0,0.95,18
2022-05-14,BAGUETTE,37.0,0.95,22
2022-05-15,BAGUETTE,50.0,0.95,35
2022-05-16,BAGUETTE,37.0,0.95,30
2022-05-17,BAGUETTE,25.0,0.95,17
2022-05-18,BAGUETTE,25.0,0.95,21
2022-05-19,BAGUETTE,21.0,0.95,18
2022-05-20,BAGUETTE,30.0,0.95,14
2022-05-21,BAGUETTE,49.0,0.95,28
2022-05-22,BAGUETTE,57.0,0.95,45
2022-05-23,BAGUETTE,28.0,0.95,23
2022-05-24,BAGUETTE,20.0,0.95,16
2022-05-25,BAGUETTE,31.0,0.95,23
2022-05-26,BAGUETTE,46.0,0.95,39
2022-05-27,BAGUETTE,64.0,0.95,46
2022-05-28,BAGUETTE,55.0,0.95,31
2022-05-29,BAGUETTE,72.0,0.95,48
2022-05-30,BAGUETTE,36.0,0.95,30
2022-05-31,BAGUETTE,29.0,0.95,22
2022-06-01,BAGUETTE,33.0,0.95,23
2022-06-02,BAGUETTE,33.0,0.95,25
2022-06-03,BAGUETTE,36.0,0.95,25
2022-06-04,BAGUETTE,36.0,0.95,21
2022-06-05,BAGUETTE,86.0,0.95,48
2022-06-06,BAGUETTE,62.0,0.95,34
2022-06-07,BAGUETTE,44.0,0.95,29
2022-06-08,BAGUETTE,36.0,0.95,28
2022-06-09,BAGUETTE,18.0,0.95,15
2022-06-10,BAGUETTE,18.0,0.95,16
2022-06-11,BAGUETTE,44.0,0.95,30
2022-06-12,BAGUETTE,47.0,0.95,33
2022-06-13,BAGUETTE,39.0,0.95,33
2022-06-14,BAGUETTE,34.0,0.95,29
2022-06-15,BAGUETTE,32.0,0.95,18
2022-06-16,BAGUETTE,25.0,0.95,18
2022-06-17,BAGUETTE,21.0,0.95,17
2022-06-18,BAGUETTE,38.0,0.95,24
2022-06-19,BAGUETTE,52.0,0.95,29
2022-06-20,BAGUETTE,16.0,0.95,15
2022-06-21,BAGUETTE,28.0,0.95,20
2022-06-22,BAGUETTE,20.0,0.95,18
2022-06-23,BAGUETTE,33.0,0.95,19
2022-06-24,BAGUETTE,31.0,0.95,22
2022-06-25,BAGUETTE,33.0,0.95,27
2022-06-26,BAGUETTE,44.0,0.95,31
2022-06-27,BAGUETTE,29.0,0.95,22
2022-06-28,BAGUETTE,32.0,0.95,18
2022-06-29,BAGUETTE,17.0,1.0,16
2022-06-30,BAGUETTE,27.0,1.0,22
2022-07-01,BAGUETTE,40.0,1.0,25
2022-07-02,BAGUETTE,42.0,1.0,30
2022-07-03,BAGUETTE,81.0,1.0,54
2022-07-04,BAGUETTE,46.0,1.0,34
2022-07-05,BAGUETTE,29.0,1.0,19
2022-07-06,BAGUETTE,36.0,1.0,30
2022-07-07,BAGUETTE,31.0,1.0,27
2022-07-08,BAGUETTE,33.0,1.0,18
2022-07-09,BAGUETTE,35.0,1.0,24
2022-07-10,BAGUETTE,57.0,1.0,40
2022-07-11,BAGUETTE,69.0,1.0,46
2022-07-12,BAGUETTE,56.0,1.0,38
2022-07-13,BAGUETTE,52.0,1.0,41
2022-07-14,BAGUETTE,78.0,1.0,47
2022-07-15,BAGUETTE,79.0,1.0,45
2022-07-16,BAGUETTE,99.0,1.0,58
2022-07-17,BAGUETTE,94.0,1.0,61
2022-07-18,BAGUETTE,50.0,1.0,34
2022-07-19,BAGUETTE,36.0,1.0,31
2022-07-20,BAGUETTE,47.0,1.0,30
2022-07-21,BAGUETTE,40.0,1.0,24
2022-07-22,BAGUETTE,38.0,1.0,28
2022-07-23,BAGUETTE,85.0,1.0,49
2022-07-24,BAGUETTE,82.0,1.0,50
2022-07-25,BAGUETTE,65.0,1.0,46
2022-07-26,BAGUETTE,53.0,1.0,36
2022-07-27,BAGUETTE,53.0,1.0,35
2022-07-28,BAGUETTE,47.0,1.0,32
2022-07-29,BAGUETTE,64.0,1.0,37
2022-07-30,BAGUETTE,69.0,1.0,49
2022-07-31,BAGUETTE,73.0,1.0,56
2022-08-01,BAGUETTE,48.0,1.0,36
2022-08-02,BAGUETTE,49.0,1.0,30
2022-08-03,BAGUETTE,57.0,1.0,41
2022-08-04,BAGUETTE,40.0,1.0,27
2022-08-05,BAGUETTE,70.0,1.0,44
2022-08-06,BAGUETTE,55.0,1.0,40
2022-08-07,BAGUETTE,67.0,1.0,46
2022-08-08,BAGUETTE,61.0,1.0,43
2022-08-09,BAGUETTE,52.0,1.0,39
2022-08-10,BAGUETTE,57.0,1.0,41
2022-08-11,BAGUETTE,51.0,1.0,36
2022-08-12,BAGUETTE,54.0,1.0,37
2022-08-13,BAGUETTE,54.0,1.0,35
2022-08-14,BAGUETTE,81.0,1.0,53
2022-08-15,BAGUETTE,60.0,1.0,40
2022-08-16,BAGUETTE,35.0,1.0,24
2022-08-17,BAGUETTE,41.0,1.0,30
2022-08-18,BAGUETTE,71.0,1.0,51
2022-08-19,BAGUETTE,56.0,1.0,28
2022-08-20,BAGUETTE,61.0,1.0,36
2022-08-21,BAGUETTE,73.0,1.0,54
2022-08-22,BAGUETTE,50.0,1.0,35
2022-08-23,BAGUETTE,42.0,1.0,29
2022-08-24,BAGUETTE,47.0,1.0,31
2022-08-25,BAGUETTE,35.0,1.0,28
2022-08-26,BAGUETTE,37.0,1.0,20
2022-08-27,BAGUETTE,43.0,1.0,35
2022-08-28,BAGUETTE,46.0,1.0,33
2022-08-29,BAGUETTE,39.0,1.0,36
2022-08-30,BAGUETTE,35.0,1.0,23
2022-08-31,BAGUETTE,16.0,1.0,13
2022-09-02,BAGUETTE,34.0,1.0,18
2022-09-03,BAGUETTE,38.0,1.0,31
2022-09-04,BAGUETTE,43.0,1.0,32
2022-09-05,BAGUETTE,21.0,1.0,18
2022-09-06,BAGUETTE,20.0,1.0,16
2022-09-07,BAGUETTE,18.0,1.0,16
2022-09-08,BAGUETTE,20.0,1.0,19
2022-09-09,BAGUETTE,25.0,1.0,19
2022-09-10,BAGUETTE,31.0,1.0,21
2022-09-11,BAGUETTE,41.0,1.0,28
2022-09-12,BAGUETTE,26.0,1.0,26
2022-09-13,BAGUETTE,27.0,1.0,15
2022-09-14,BAGUETTE,22.0,1.0,18
2022-09-15,BAGUETTE,26.0,1.0,20
2022-09-16,BAGUETTE,25.0,1.0,17
2022-09-17,BAGUETTE,34.0,1.0,22
2022-09-18,BAGUETTE,47.0,1.0,26
2022-09-20,BAGUETTE,20.0,1.0,13
2022-09-21,BAGUETTE,11.0,1.0,9
2022-09-22,BAGUETTE,34.0,1.0,22
2022-09-23,BAGUETTE,12.0,1.0,11
2022-09-24,BAGUETTE,28.0,1.0,21
2022-09-25,BAGUETTE,36.0,1.0,29
2022-09-26,BAGUETTE,18.0,1.0,18
2022-09-27,BAGUETTE,34.0,1.0,23
2022-09-28,BAGUETTE,23.0,1.0,22
2022-09-29,BAGUETTE,30.0,1.0,20
2022-09-30,BAGUETTE,35.0,1.0,21
2021-01-22,BAGUETTE APERO,1.0,4.5,1
2021-02-02,BAGUETTE APERO,1.0,4.5,1
2021-02-23,BAGUETTE APERO,1.0,4.5,1
2021-02-27,BAGUETTE APERO,1.0,4.5,1
2021-03-09,BAGUETTE APERO,1.0,4.5,1
2021-03-16,BAGUETTE APERO,1.0,4.5,1
2021-03-25,BAGUETTE APERO,1.0,4.5,1
2021-04-02,BAGUETTE APERO,1.0,4.5,1
2021-04-14,BAGUETTE APERO,1.0,4.5,1
2021-04-16,BAGUETTE APERO,1.0,4.5,1
2021-04-27,BAGUETTE APERO,1.0,4.5,1
2021-06-13,BAGUETTE APERO,1.0,4.5,1
2021-06-21,BAGUETTE APERO,1.0,4.5,1
2021-06-25,BAGUETTE APERO,1.0,4.5,1
2021-07-05,BAGUETTE APERO,2.0,4.5,1
2021-08-19,BAGUETTE APERO,1.0,4.5,1
2021-08-26,BAGUETTE APERO,1.0,4.5,1
2021-08-27,BAGUETTE APERO,1.0,4.5,1
2021-09-02,BAGUETTE APERO,2.0,4.5,1
2021-09-04,BAGUETTE APERO,1.0,4.5,1
2021-09-05,BAGUETTE APERO,1.0,4.5,1
2021-09-10,BAGUETTE APERO,1.0,4.5,1
2021-09-29,BAGUETTE APERO,1.0,4.5,1
2021-10-11,BAGUETTE APERO,1.0,4.5,1
2021-10-26,BAGUETTE APERO,1.0,4.5,1
2021-11-04,BAGUETTE APERO,1.0,4.5,1
2021-11-16,BAGUETTE APERO,1.0,4.5,1
2021-11-19,BAGUETTE APERO,1.0,4.5,1
2021-11-26,BAGUETTE APERO,4.0,4.5,3
2021-12-10,BAGUETTE APERO,1.0,4.5,1
2021-12-14,BAGUETTE APERO,1.0,4.5,1
2021-12-16,BAGUETTE APERO,1.0,4.5,1
2021-12-21,BAGUETTE APERO,1.0,4.5,1
2021-12-22,BAGUETTE APERO,1.0,4.5,1
2021-12-28,BAGUETTE APERO,1.0,4.5,1
2022-01-13,BAGUETTE APERO,1.0,4.5,1
2022-01-14,BAGUETTE APERO,1.0,4.5,1
2022-01-18,BAGUETTE APERO,1.0,4.5,1
2022-01-31,BAGUETTE APERO,1.0,4.5,1
2022-02-03,BAGUETTE APERO,1.0,4.5,1
2022-02-11,BAGUETTE APERO,1.0,4.5,1
2022-02-15,BAGUETTE APERO,2.0,4.5,2
2022-02-28,BAGUETTE APERO,1.0,4.5,1
2022-03-07,BAGUETTE APERO,1.0,4.5,1
2022-03-08,BAGUETTE APERO,3.0,4.5,3
2022-03-21,BAGUETTE APERO,1.0,4.5,1
2022-03-24,BAGUETTE APERO,2.0,4.5,2
2022-04-05,BAGUETTE APERO,1.0,4.5,1
2022-04-20,BAGUETTE APERO,1.0,4.5,1
2022-04-28,BAGUETTE APERO,1.0,4.5,1
2022-05-02,BAGUETTE APERO,1.0,4.5,1
2022-05-09,BAGUETTE APERO,1.0,4.5,1
2022-05-10,BAGUETTE APERO,1.0,4.5,1
2022-05-23,BAGUETTE APERO,1.0,4.5,1
2022-06-03,BAGUETTE APERO,1.0,4.5,1
2022-06-06,BAGUETTE APERO,1.0,4.5,1
2022-06-13,BAGUETTE APERO,1.0,4.5,1
2022-06-16,BAGUETTE APERO,1.0,4.5,1
2022-06-22,BAGUETTE APERO,1.0,4.5,1
2022-07-01,BAGUETTE APERO,1.0,4.5,1
2021-01-03,BAGUETTE GRAINE,8.0,1.3,6
2021-01-10,BAGUETTE GRAINE,10.0,1.3,8
2021-01-17,BAGUETTE GRAINE,11.0,1.3,9
2021-01-24,BAGUETTE GRAINE,8.0,1.3,4
2021-01-31,BAGUETTE GRAINE,10.0,1.3,9
2021-02-07,BAGUETTE GRAINE,11.0,1.3,8
2021-02-14,BAGUETTE GRAINE,11.0,1.3,8
2021-02-21,BAGUETTE GRAINE,8.0,1.3,6
2021-02-28,BAGUETTE GRAINE,10.0,1.3,8
2021-03-07,BAGUETTE GRAINE,10.0,1.3,7
2021-03-14,BAGUETTE GRAINE,10.0,1.3,8
2021-03-21,BAGUETTE GRAINE,9.0,1.3,7
2021-03-28,BAGUETTE GRAINE,10.0,1.3,7
2021-04-04,BAGUETTE GRAINE,9.0,1.3,8
2021-04-05,BAGUETTE GRAINE,9.0,1.3,8
2021-04-11,BAGUETTE GRAINE,11.0,1.3,8
2021-04-18,BAGUETTE GRAINE,20.0,1.3,14
2021-04-25,BAGUETTE GRAINE,9.0,1.3,9
2021-05-01,BAGUETTE GRAINE,6.0,1.3,5
2021-05-02,BAGUETTE GRAINE,7.0,1.3,7
2021-05-08,BAGUETTE GRAINE,10.0,1.3,10
2021-05-09,BAGUETTE GRAINE,21.0,1.3,17
2021-05-13,BAGUETTE GRAINE,19.0,1.3,16
2021-05-14,BAGUETTE GRAINE,16.0,1.3,13
2021-05-15,BAGUETTE GRAINE,18.0,1.3,13
2021-05-16,BAGUETTE GRAINE,12.0,1.3,10
2021-05-22,BAGUETTE GRAINE,16.0,1.3,12
2021-05-23,BAGUETTE GRAINE,16.0,1.3,14
2021-05-24,BAGUETTE GRAINE,10.0,1.3,7
2021-05-30,BAGUETTE GRAINE,13.0,1.3,10
2021-06-06,BAGUETTE GRAINE,7.0,1.3,5
2021-06-13,BAGUETTE GRAINE,15.0,1.3,14
2021-06-20,BAGUETTE GRAINE,10.0,1.3,9
2021-06-27,BAGUETTE GRAINE,20.0,1.3,13
2021-07-04,BAGUETTE GRAINE,7.0,1.3,7
2021-07-09,BAGUETTE GRAINE,6.0,1.3,6
2021-07-10,BAGUETTE GRAINE,15.0,1.3,10
2021-07-11,BAGUETTE GRAINE,15.0,1.3,10
2021-07-12,BAGUETTE GRAINE,8.0,1.3,7
2021-07-13,BAGUETTE GRAINE,12.0,1.3,9
2021-07-14,BAGUETTE GRAINE,14.0,1.3,11
2021-07-15,BAGUETTE GRAINE,11.0,1.3,10
2021-07-16,BAGUETTE GRAINE,4.0,1.3,4
2021-07-17,BAGUETTE GRAINE,15.0,1.3,10
2021-07-18,BAGUETTE GRAINE,19.0,1.3,12
2021-07-19,BAGUETTE GRAINE,21.0,1.3,15
2021-07-20,BAGUETTE GRAINE,10.0,1.3,9
2021-07-21,BAGUETTE GRAINE,10.0,1.3,7
2021-07-22,BAGUETTE GRAINE,15.0,1.3,13
2021-07-23,BAGUETTE GRAINE,8.0,1.3,8
2021-07-24,BAGUETTE GRAINE,11.0,1.3,9
2021-07-25,BAGUETTE GRAINE,12.0,1.3,9
2021-07-26,BAGUETTE GRAINE,18.0,1.3,14
2021-07-27,BAGUETTE GRAINE,10.0,1.3,8
2021-07-28,BAGUETTE GRAINE,17.0,1.3,15
2021-07-29,BAGUETTE GRAINE,13.0,1.3,10
2021-07-30,BAGUETTE GRAINE,8.0,1.3,6
2021-07-31,BAGUETTE GRAINE,13.0,1.3,9
2021-08-01,BAGUETTE GRAINE,8.0,1.3,7
2021-08-02,BAGUETTE GRAINE,12.0,1.3,10
2021-08-03,BAGUETTE GRAINE,14.0,1.3,11
2021-08-04,BAGUETTE GRAINE,13.0,1.3,10
2021-08-05,BAGUETTE GRAINE,13.0,1.3,8
2021-08-06,BAGUETTE GRAINE,7.0,1.3,7
2021-08-07,BAGUETTE GRAINE,11.0,1.3,9
2021-08-08,BAGUETTE GRAINE,13.0,1.3,12
2021-08-09,BAGUETTE GRAINE,14.0,1.3,8
2021-08-10,BAGUETTE GRAINE,14.0,1.3,8
2021-08-11,BAGUETTE GRAINE,12.0,1.3,9
2021-08-12,BAGUETTE GRAINE,12.0,1.3,8
2021-08-13,BAGUETTE GRAINE,14.0,1.3,10
2021-08-14,BAGUETTE GRAINE,14.0,1.3,11
2021-08-15,BAGUETTE GRAINE,14.0,1.3,11
2021-08-16,BAGUETTE GRAINE,11.0,1.3,9
2021-08-17,BAGUETTE GRAINE,11.0,1.3,8
2021-08-18,BAGUETTE GRAINE,11.0,1.3,11
2021-08-19,BAGUETTE GRAINE,11.0,1.3,10
2021-08-20,BAGUETTE GRAINE,10.0,1.3,7
2021-08-21,BAGUETTE GRAINE,14.0,1.3,12
2021-08-22,BAGUETTE GRAINE,13.0,1.3,11
2021-08-23,BAGUETTE GRAINE,8.0,1.3,6
2021-08-24,BAGUETTE GRAINE,6.0,1.3,5
2021-08-25,BAGUETTE GRAINE,9.0,1.3,9
2021-08-26,BAGUETTE GRAINE,8.0,1.3,7
2021-08-27,BAGUETTE GRAINE,5.0,1.3,4
2021-08-28,BAGUETTE GRAINE,11.0,1.3,8
2021-08-29,BAGUETTE GRAINE,10.0,1.3,8
2021-09-05,BAGUETTE GRAINE,10.0,1.3,5
2021-09-12,BAGUETTE GRAINE,10.0,1.3,5
2021-09-19,BAGUETTE GRAINE,7.0,1.3,7
2021-10-03,BAGUETTE GRAINE,9.0,1.3,4
2021-10-10,BAGUETTE GRAINE,4.0,1.3,4
2021-10-17,BAGUETTE GRAINE,7.0,1.3,4
2021-10-24,BAGUETTE GRAINE,10.0,1.3,6
2021-10-30,BAGUETTE GRAINE,6.0,1.3,6
2021-10-31,BAGUETTE GRAINE,10.0,1.3,8
2021-11-01,BAGUETTE GRAINE,8.0,1.3,7
2021-11-07,BAGUETTE GRAINE,4.0,1.3,4
2021-11-11,BAGUETTE GRAINE,9.0,1.3,8
2021-11-14,BAGUETTE GRAINE,10.0,1.3,9
2021-11-21,BAGUETTE GRAINE,9.0,1.3,8
2021-11-28,BAGUETTE GRAINE,10.0,1.3,8
2021-12-05,BAGUETTE GRAINE,10.0,1.3,8
2021-12-12,BAGUETTE GRAINE,10.0,1.3,8
2021-12-18,BAGUETTE GRAINE,4.0,1.3,3
2021-12-19,BAGUETTE GRAINE,10.0,1.3,7
2021-12-24,BAGUETTE GRAINE,10.0,1.3,8
2021-12-25,BAGUETTE GRAINE,10.0,1.3,6
2021-12-26,BAGUETTE GRAINE,10.0,1.3,8
2021-12-27,BAGUETTE GRAINE,2.0,1.3,2
2021-12-28,BAGUETTE GRAINE,7.0,1.3,5
2021-12-29,BAGUETTE GRAINE,6.0,1.3,6
2021-12-30,BAGUETTE GRAINE,10.0,1.3,6
2021-12-31,BAGUETTE GRAINE,10.0,1.3,8
2022-01-09,BAGUETTE GRAINE,3.0,1.3,3
2022-01-16,BAGUETTE GRAINE,10.0,1.3,9
2022-01-23,BAGUETTE GRAINE,8.0,1.3,7
2022-01-30,BAGUETTE GRAINE,9.0,1.3,8
2022-02-06,BAGUETTE GRAINE,8.0,1.3,7
2022-02-13,BAGUETTE GRAINE,9.0,1.35,9
2022-02-20,BAGUETTE GRAINE,10.0,1.35,9
2022-02-27,BAGUETTE GRAINE,11.0,1.35,10
2022-02-28,BAGUETTE GRAINE,1.0,1.35,1
2022-03-06,BAGUETTE GRAINE,9.0,1.35,8
2022-03-13,BAGUETTE GRAINE,7.0,1.35,7
2022-03-27,BAGUETTE GRAINE,10.0,1.35,9
2022-04-03,BAGUETTE GRAINE,8.0,1.35,7
2022-04-10,BAGUETTE GRAINE,10.0,1.35,8
2022-04-17,BAGUETTE GRAINE,7.0,1.35,5
2022-04-18,BAGUETTE GRAINE,10.0,1.35,5
2022-04-24,BAGUETTE GRAINE,10.0,1.35,8
2022-05-01,BAGUETTE GRAINE,5.0,1.35,5
2022-05-08,BAGUETTE GRAINE,10.0,1.35,8
2022-05-15,BAGUETTE GRAINE,9.0,1.35,8
2022-05-22,BAGUETTE GRAINE,10.0,1.35,8
2022-05-26,BAGUETTE GRAINE,10.0,1.35,8
2022-05-27,BAGUETTE GRAINE,10.0,1.35,10
2022-05-28,BAGUETTE GRAINE,7.0,1.35,5
2022-05-29,BAGUETTE GRAINE,8.0,1.35,5
2022-06-05,BAGUETTE GRAINE,10.0,1.35,8
2022-06-06,BAGUETTE GRAINE,8.0,1.35,6
2022-06-12,BAGUETTE GRAINE,10.0,1.35,8
2022-06-19,BAGUETTE GRAINE,7.0,1.35,5
2022-06-26,BAGUETTE GRAINE,8.0,1.35,7
2022-07-03,BAGUETTE GRAINE,10.0,1.4,8
2022-07-08,BAGUETTE GRAINE,8.0,1.4,7
2022-07-09,BAGUETTE GRAINE,5.0,1.4,4
2022-07-10,BAGUETTE GRAINE,10.0,1.4,9
2022-07-11,BAGUETTE GRAINE,9.0,1.4,8
2022-07-12,BAGUETTE GRAINE,7.0,1.4,7
2022-07-13,BAGUETTE GRAINE,8.0,1.4,5
2022-07-14,BAGUETTE GRAINE,7.0,1.4,6
2022-07-15,BAGUETTE GRAINE,9.0,1.4,6
2022-07-16,BAGUETTE GRAINE,8.0,1.4,6
2022-07-17,BAGUETTE GRAINE,8.0,1.4,6
2022-07-18,BAGUETTE GRAINE,8.0,1.4,7
2022-07-19,BAGUETTE GRAINE,6.0,1.4,4
2022-07-20,BAGUETTE GRAINE,7.0,1.4,7
2022-07-21,BAGUETTE GRAINE,8.0,1.4,7
2022-07-22,BAGUETTE GRAINE,4.0,1.4,4
2022-07-23,BAGUETTE GRAINE,8.0,1.4,6
2022-07-24,BAGUETTE GRAINE,8.0,1.4,6
2022-07-25,BAGUETTE GRAINE,6.0,1.4,4
2022-07-26,BAGUETTE GRAINE,6.0,1.4,6
2022-07-27,BAGUETTE GRAINE,7.0,1.4,7
2022-07-28,BAGUETTE GRAINE,8.0,1.4,7
2022-07-29,BAGUETTE GRAINE,5.0,1.4,4
2022-07-30,BAGUETTE GRAINE,8.0,1.4,6
2022-07-31,BAGUETTE GRAINE,8.0,1.4,6
2022-08-01,BAGUETTE GRAINE,7.0,1.4,6
2022-08-02,BAGUETTE GRAINE,6.0,1.4,5
2022-08-03,BAGUETTE GRAINE,6.0,1.4,5
2022-08-04,BAGUETTE GRAINE,7.0,1.4,6
2022-08-05,BAGUETTE GRAINE,5.0,1.4,4
2022-08-06,BAGUETTE GRAINE,6.0,1.4,6
2022-08-07,BAGUETTE GRAINE,6.0,1.4,5
2022-08-08,BAGUETTE GRAINE,7.0,1.4,5
2022-08-09,BAGUETTE GRAINE,6.0,1.4,6
2022-08-10,BAGUETTE GRAINE,6.0,1.4,6
2022-08-11,BAGUETTE GRAINE,6.0,1.4,5
2022-08-12,BAGUETTE GRAINE,6.0,1.4,4
2022-08-13,BAGUETTE GRAINE,6.0,1.4,5
2022-08-14,BAGUETTE GRAINE,6.0,1.4,5
2022-08-15,BAGUETTE GRAINE,6.0,1.4,5
2022-08-16,BAGUETTE GRAINE,8.0,1.4,5
2022-08-17,BAGUETTE GRAINE,6.0,1.4,4
2022-08-18,BAGUETTE GRAINE,6.0,1.4,5
2022-08-19,BAGUETTE GRAINE,6.0,1.4,5
2022-08-20,BAGUETTE GRAINE,6.0,1.4,6
2022-08-21,BAGUETTE GRAINE,6.0,1.4,6
2022-08-22,BAGUETTE GRAINE,5.0,1.4,4
2022-08-23,BAGUETTE GRAINE,4.0,1.4,4
2022-08-24,BAGUETTE GRAINE,4.0,1.4,4
2022-08-25,BAGUETTE GRAINE,7.0,1.4,7
2022-08-26,BAGUETTE GRAINE,6.0,1.4,6
2022-08-27,BAGUETTE GRAINE,6.0,1.4,5
2022-08-28,BAGUETTE GRAINE,6.0,1.4,6
2022-09-04,BAGUETTE GRAINE,5.0,1.4,4
2022-09-11,BAGUETTE GRAINE,6.0,1.4,4
2022-09-18,BAGUETTE GRAINE,8.0,1.4,6
2022-09-25,BAGUETTE GRAINE,9.0,1.4,7
2021-01-02,BANETTE,40.0,1.05,25
2021-01-03,BANETTE,35.0,1.05,20
2021-01-04,BANETTE,24.0,1.05,18
2021-01-05,BANETTE,26.0,1.05,17
2021-01-07,BANETTE,21.0,1.05,14
2021-01-08,BANETTE,20.0,1.05,15
2021-01-09,BANETTE,30.0,1.05,24
2021-01-10,BANETTE,35.0,1.05,25
2021-01-11,BANETTE,21.0,1.05,16
2021-01-12,BANETTE,18.0,1.05,15
2021-01-14,BANETTE,21.0,1.05,13
2021-01-15,BANETTE,24.0,1.05,15
2021-01-16,BANETTE,22.0,1.05,17
2021-01-17,BANETTE,37.0,1.05,19
2021-01-18,BANETTE,21.0,1.05,17
2021-01-19,BANETTE,17.0,1.05,12
2021-01-21,BANETTE,21.0,1.05,14
2021-01-22,BANETTE,21.0,1.05,13
2021-01-23,BANETTE,25.0,1.05,17
2021-01-24,BANETTE,28.0,1.05,20
2021-01-25,BANETTE,17.0,1.05,14
2021-01-26,BANETTE,23.0,1.05,20
2021-01-28,BANETTE,20.0,1.05,13
2021-01-29,BANETTE,24.0,1.05,12
2021-01-30,BANETTE,34.0,1.05,24
2021-01-31,BANETTE,25.0,1.05,18
2021-02-01,BANETTE,20.0,1.05,16
2021-02-02,BANETTE,17.0,1.05,14
2021-02-04,BANETTE,16.0,1.05,11
2021-02-05,BANETTE,20.0,1.05,16
2021-02-06,BANETTE,26.0,1.05,19
2021-02-07,BANETTE,29.0,1.05,21
2021-02-08,BANETTE,13.0,1.05,12
2021-02-09,BANETTE,23.0,1.05,17
2021-02-11,BANETTE,23.0,1.05,17
2021-02-12,BANETTE,13.0,1.05,12
2021-02-13,BANETTE,34.0,1.05,13
2021-02-14,BANETTE,41.0,1.05,26
2021-02-15,BANETTE,23.0,1.05,13
2021-02-16,BANETTE,28.0,1.05,16
2021-02-18,BANETTE,27.0,1.05,14
2021-02-19,BANETTE,26.0,1.05,16
2021-02-20,BANETTE,26.0,1.05,18
2021-02-21,BANETTE,34.0,1.05,24
2021-02-22,BANETTE,29.0,1.05,23
2021-02-23,BANETTE,34.0,1.05,24
2021-02-25,BANETTE,38.0,1.05,26
2021-02-26,BANETTE,35.0,1.05,20
2021-02-27,BANETTE,49.0,1.05,30
2021-02-28,BANETTE,61.0,1.05,33
2021-03-01,BANETTE,30.0,1.05,15
2021-03-02,BANETTE,38.0,1.05,25
2021-03-04,BANETTE,40.0,1.05,25
2021-03-05,BANETTE,38.0,1.05,26
2021-03-06,BANETTE,40.0,1.05,24
2021-03-07,BANETTE,47.0,1.05,27
2021-03-08,BANETTE,27.0,1.05,19
2021-03-09,BANETTE,32.0,1.05,21
2021-03-11,BANETTE,33.0,1.05,26
2021-03-12,BANETTE,31.0,1.05,20
2021-03-13,BANETTE,36.0,1.05,20
2021-03-14,BANETTE,45.0,1.05,24
2021-03-15,BANETTE,28.0,1.05,20
2021-03-16,BANETTE,29.0,1.05,25
2021-03-18,BANETTE,22.0,1.05,18
2021-03-19,BANETTE,26.0,1.05,21
2021-03-20,BANETTE,36.0,1.05,27
2021-03-21,BANETTE,41.0,1.05,22
2021-03-22,BANETTE,24.0,1.05,19
2021-03-23,BANETTE,14.0,1.05,13
2021-03-25,BANETTE,31.0,1.05,20
2021-03-26,BANETTE,40.0,1.05,24
2021-03-27,BANETTE,38.0,1.05,24
2021-03-28,BANETTE,41.0,1.05,26
2021-03-29,BANETTE,26.0,1.05,17
2021-03-30,BANETTE,38.0,1.05,22
2021-04-01,BANETTE,24.0,1.05,17
2021-04-02,BANETTE,39.0,1.05,29
2021-04-03,BANETTE,43.0,1.05,26
2021-04-04,BANETTE,81.0,1.05,44
2021-04-05,BANETTE,50.0,1.05,35
2021-04-06,BANETTE,43.0,1.05,27
2021-04-08,BANETTE,34.0,1.05,26
2021-04-09,BANETTE,24.0,1.05,16
2021-04-10,BANETTE,30.0,1.05,20
2021-04-11,BANETTE,34.0,1.05,17
2021-04-12,BANETTE,32.0,1.05,21
2021-04-13,BANETTE,28.0,1.05,22
2021-04-14,BANETTE,25.0,1.05,17
2021-04-15,BANETTE,38.0,1.05,29
2021-04-16,BANETTE,29.0,1.05,17
2021-04-17,BANETTE,30.0,1.05,23
2021-04-18,BANETTE,55.0,1.05,33
2021-04-19,BANETTE,27.0,1.05,19
2021-04-20,BANETTE,27.0,1.05,20
2021-04-21,BANETTE,26.0,1.05,18
2021-04-22,BANETTE,44.0,1.05,28
2021-04-23,BANETTE,35.0,1.05,22
2021-04-24,BANETTE,44.0,1.05,29
2021-04-25,BANETTE,47.0,1.05,28
2021-04-26,BANETTE,38.0,1.05,29
2021-04-27,BANETTE,34.0,1.05,23
2021-04-28,BANETTE,25.0,1.05,21
2021-04-29,BANETTE,27.0,1.05,22
2021-04-30,BANETTE,28.0,1.05,17
2021-05-01,BANETTE,51.0,1.05,28
2021-05-02,BANETTE,54.0,1.05,37
2021-05-03,BANETTE,29.0,1.05,23
2021-05-04,BANETTE,28.0,1.05,21
2021-05-05,BANETTE,31.0,1.05,27
2021-05-06,BANETTE,28.0,1.05,20
2021-05-07,BANETTE,38.0,1.05,22
2021-05-08,BANETTE,50.0,1.05,34
2021-05-09,BANETTE,57.0,1.05,31
2021-05-10,BANETTE,26.0,1.05,23
2021-05-11,BANETTE,31.0,1.05,19
2021-05-12,BANETTE,37.0,1.05,25
2021-05-13,BANETTE,50.0,1.05,33
2021-05-14,BANETTE,72.0,1.05,46
2021-05-15,BANETTE,64.0,1.05,39
2021-05-16,BANETTE,53.0,1.05,38
2021-05-21,BANETTE,25.0,1.05,12
2021-05-22,BANETTE,42.0,1.05,26
2021-05-23,BANETTE,93.0,1.05,51
2021-05-24,BANETTE,51.0,1.05,33
2021-05-25,BANETTE,34.0,1.05,22
2021-05-26,BANETTE,30.0,1.05,19
2021-05-27,BANETTE,40.0,1.05,26
2021-05-28,BANETTE,35.0,1.05,23
2021-05-29,BANETTE,54.0,1.05,33
2021-05-30,BANETTE,43.0,1.05,25
2021-05-31,BANETTE,36.0,1.05,27
2021-06-01,BANETTE,30.0,1.05,23
2021-06-02,BANETTE,30.0,1.05,22
2021-06-03,BANETTE,20.0,1.05,18
2021-06-04,BANETTE,36.0,1.05,27
2021-06-05,BANETTE,48.0,1.05,34
2021-06-06,BANETTE,46.0,1.05,28
2021-06-07,BANETTE,30.0,1.05,23
2021-06-08,BANETTE,30.0,1.05,22
2021-06-09,BANETTE,17.0,1.05,14
2021-06-10,BANETTE,34.0,1.05,26
2021-06-11,BANETTE,36.0,1.05,22
2021-06-12,BANETTE,32.0,1.05,26
2021-06-13,BANETTE,48.0,1.05,29
2021-06-14,BANETTE,33.0,1.05,24
2021-06-15,BANETTE,34.0,1.05,23
2021-06-16,BANETTE,30.0,1.05,21
2021-06-17,BANETTE,30.0,1.05,23
2021-06-18,BANETTE,33.0,1.05,23
2021-06-19,BANETTE,42.0,1.05,21
2021-06-20,BANETTE,48.0,1.05,26
2021-06-21,BANETTE,29.0,1.05,19
2021-06-22,BANETTE,25.0,1.05,24
2021-06-23,BANETTE,23.0,1.05,18
2021-06-24,BANETTE,36.0,1.05,25
2021-06-25,BANETTE,24.0,1.05,19
2021-06-26,BANETTE,33.0,1.05,17
2021-06-27,BANETTE,54.0,1.05,32
2021-06-28,BANETTE,19.0,1.05,16
2021-06-29,BANETTE,24.0,1.05,17
2021-06-30,BANETTE,29.0,1.05,22
2021-07-01,BANETTE,30.0,1.05,24
2021-07-02,BANETTE,36.0,1.05,21
2021-07-03,BANETTE,41.0,1.05,30
2021-07-04,BANETTE,68.0,1.05,39
2021-07-05,BANETTE,39.0,1.05,27
2021-07-06,BANETTE,32.0,1.05,25
2021-07-07,BANETTE,28.0,1.05,22
2021-07-08,BANETTE,41.0,1.05,29
2021-07-09,BANETTE,48.0,1.05,33
2021-07-10,BANETTE,57.0,1.05,42
2021-07-11,BANETTE,87.0,1.05,57
2021-07-12,BANETTE,80.0,1.05,51
2021-07-13,BANETTE,51.0,1.05,35
2021-07-14,BANETTE,79.0,1.05,42
2021-07-15,BANETTE,59.0,1.05,35
2021-07-16,BANETTE,71.0,1.05,48
2021-07-17,BANETTE,80.0,1.05,50
2021-07-18,BANETTE,82.0,1.05,44
2021-07-19,BANETTE,73.0,1.05,41
2021-07-20,BANETTE,74.0,1.05,48
2021-07-21,BANETTE,67.0,1.05,45
2021-07-22,BANETTE,69.0,1.05,46
2021-07-23,BANETTE,73.0,1.05,45
2021-07-24,BANETTE,84.0,1.05,50
2021-07-25,BANETTE,81.0,1.05,50
2021-07-26,BANETTE,81.0,1.05,46
2021-07-27,BANETTE,74.0,1.05,54
2021-07-28,BANETTE,79.0,1.05,51
2021-07-29,BANETTE,88.0,1.05,58
2021-07-30,BANETTE,67.0,1.05,44
2021-07-31,BANETTE,86.0,1.05,52
2021-08-01,BANETTE,83.0,1.05,49
2021-08-02,BANETTE,88.0,1.05,51
2021-08-03,BANETTE,91.0,1.05,54
2021-08-04,BANETTE,58.0,1.05,45
2021-08-05,BANETTE,60.0,1.05,42
2021-08-06,BANETTE,64.0,1.05,44
2021-08-07,BANETTE,96.0,1.05,53
2021-08-08,BANETTE,80.0,1.05,48
2021-08-09,BANETTE,64.0,1.05,38
2021-08-10,BANETTE,65.0,1.05,37
2021-08-11,BANETTE,85.0,1.05,48
2021-08-12,BANETTE,76.0,1.05,49
2021-08-13,BANETTE,77.0,1.05,47
2021-08-14,BANETTE,79.0,1.05,42
2021-08-15,BANETTE,128.0,1.05,66
2021-08-16,BANETTE,85.0,1.05,49
2021-08-17,BANETTE,45.0,1.05,31
2021-08-18,BANETTE,66.0,1.05,43
2021-08-19,BANETTE,78.0,1.05,47
2021-08-20,BANETTE,48.0,1.05,31
2021-08-21,BANETTE,85.0,1.05,47
2021-08-22,BANETTE,73.0,1.05,40
2021-08-23,BANETTE,64.0,1.05,47
2021-08-24,BANETTE,50.0,1.05,36
2021-08-25,BANETTE,49.0,1.05,33
2021-08-26,BANETTE,63.0,1.05,40
2021-08-27,BANETTE,49.0,1.05,32
2021-08-28,BANETTE,55.0,1.05,35
2021-08-29,BANETTE,65.0,1.05,42
2021-08-30,BANETTE,46.0,1.05,33
2021-08-31,BANETTE,41.0,1.05,28
2021-09-01,BANETTE,29.0,1.05,26
2021-09-02,BANETTE,44.0,1.05,30
2021-09-03,BANETTE,28.0,1.05,22
2021-09-04,BANETTE,43.0,1.05,31
2021-09-05,BANETTE,63.0,1.05,30
2021-09-06,BANETTE,35.0,1.05,24
2021-09-07,BANETTE,44.0,1.05,28
2021-09-08,BANETTE,35.0,1.05,22
2021-09-09,BANETTE,38.0,1.05,24
2021-09-10,BANETTE,25.0,1.05,19
2021-09-11,BANETTE,39.0,1.05,26
2021-09-12,BANETTE,53.0,1.05,29
2021-09-13,BANETTE,33.0,1.05,25
2021-09-14,BANETTE,29.0,1.05,23
2021-09-15,BANETTE,21.0,1.05,13
2021-09-16,BANETTE,39.0,1.05,26
2021-09-17,BANETTE,35.0,1.05,21
2021-09-18,BANETTE,43.0,1.05,30
2021-09-19,BANETTE,43.0,1.05,26
2021-09-20,BANETTE,31.0,1.05,22
2021-09-21,BANETTE,28.0,1.05,23
2021-09-22,BANETTE,7.0,1.05,6
2021-09-23,BANETTE,30.0,1.05,21
2021-09-24,BANETTE,39.0,1.05,27
2021-09-25,BANETTE,58.0,1.05,38
2021-09-26,BANETTE,41.0,1.05,28
2021-09-27,BANETTE,19.0,1.05,15
2021-09-28,BANETTE,17.0,1.05,15
2021-09-29,BANETTE,27.0,1.05,20
2021-09-30,BANETTE,24.0,1.05,14
2021-10-01,BANETTE,25.0,1.05,13
2021-10-02,BANETTE,14.0,1.05,11
2021-10-03,BANETTE,31.0,1.05,17
2021-10-04,BANETTE,25.0,1.05,20
2021-10-05,BANETTE,13.0,1.05,11
2021-10-06,BANETTE,21.0,1.05,10
2021-10-07,BANETTE,30.0,1.05,21
2021-10-08,BANETTE,30.0,1.05,22
2021-10-09,BANETTE,44.0,1.05,28
2021-10-10,BANETTE,49.0,1.05,36
2021-10-11,BANETTE,16.0,1.05,13
2021-10-12,BANETTE,16.0,1.05,15
2021-10-13,BANETTE,18.0,1.05,13
2021-10-14,BANETTE,16.0,1.05,12
2021-10-15,BANETTE,10.0,1.05,9
2021-10-16,BANETTE,30.0,1.05,18
2021-10-17,BANETTE,37.0,1.05,20
2021-10-18,BANETTE,21.0,1.05,16
2021-10-19,BANETTE,26.0,1.05,17
2021-10-20,BANETTE,13.0,1.05,12
2021-10-21,BANETTE,27.0,1.05,18
2021-10-22,BANETTE,26.0,1.05,17
2021-10-23,BANETTE,32.0,1.05,19
2021-10-24,BANETTE,61.0,1.05,32
2021-10-25,BANETTE,34.0,1.05,27
2021-10-26,BANETTE,42.0,1.05,35
2021-10-27,BANETTE,32.0,1.05,22
2021-10-28,BANETTE,36.0,1.05,17
2021-10-29,BANETTE,29.0,1.05,21
2021-10-30,BANETTE,57.0,1.05,29
2021-10-31,BANETTE,91.0,1.05,43
2021-11-01,BANETTE,68.0,1.05,39
2021-11-02,BANETTE,28.0,1.05,21
2021-11-03,BANETTE,33.0,1.05,25
2021-11-04,BANETTE,50.0,1.05,27
2021-11-05,BANETTE,23.0,1.05,19
2021-11-06,BANETTE,37.0,1.05,19
2021-11-07,BANETTE,41.0,1.05,25
2021-11-08,BANETTE,19.0,1.05,13
2021-11-09,BANETTE,17.0,1.05,13
2021-11-10,BANETTE,30.0,1.05,17
2021-11-11,BANETTE,39.0,1.05,23
2021-11-12,BANETTE,28.0,1.05,21
2021-11-13,BANETTE,30.0,1.05,23
2021-11-14,BANETTE,37.0,1.05,24
2021-11-15,BANETTE,27.0,1.05,17
2021-11-16,BANETTE,15.0,1.05,12
2021-11-18,BANETTE,27.0,1.05,19
2021-11-19,BANETTE,15.0,1.05,12
2021-11-20,BANETTE,30.0,1.05,19
2021-11-21,BANETTE,29.0,1.05,18
2021-11-22,BANETTE,19.0,1.05,14
2021-11-23,BANETTE,17.0,1.05,16
2021-11-25,BANETTE,30.0,1.05,20
2021-11-26,BANETTE,13.0,1.05,9
2021-11-27,BANETTE,22.0,1.05,19
2021-11-28,BANETTE,36.0,1.05,22
2021-11-29,BANETTE,16.0,1.05,13
2021-11-30,BANETTE,14.0,1.05,9
2021-12-02,BANETTE,16.0,1.05,13
2021-12-03,BANETTE,14.0,1.05,11
2021-12-04,BANETTE,26.0,1.05,19
2021-12-05,BANETTE,31.0,1.05,18
2021-12-09,BANETTE,21.0,1.05,16
2021-12-10,BANETTE,8.0,1.05,7
2021-12-11,BANETTE,19.0,1.05,16
2021-12-12,BANETTE,44.0,1.05,26
2021-12-13,BANETTE,26.0,1.05,22
2021-12-14,BANETTE,15.0,1.05,12
2021-12-16,BANETTE,14.0,1.05,12
2021-12-17,BANETTE,26.0,1.05,14
2021-12-18,BANETTE,25.0,1.05,14
2021-12-19,BANETTE,31.0,1.05,17
2021-12-20,BANETTE,26.0,1.05,16
2021-12-21,BANETTE,30.0,1.05,19
2021-12-22,BANETTE,30.0,1.05,21
2021-12-23,BANETTE,25.0,1.05,18
2021-12-24,BANETTE,43.0,1.05,22
2021-12-25,BANETTE,30.0,1.05,15
2021-12-26,BANETTE,34.0,1.05,22
2021-12-27,BANETTE,33.0,1.05,25
2021-12-28,BANETTE,44.0,1.05,27
2021-12-29,BANETTE,30.0,1.05,16
2021-12-30,BANETTE,26.0,1.05,17
2021-12-31,BANETTE,42.0,1.05,24
2022-01-02,BANETTE,67.0,1.05,45
2022-01-03,BANETTE,14.0,1.05,11
2022-01-04,BANETTE,2.0,1.05,2
2022-01-06,BANETTE,24.0,1.05,17
2022-01-07,BANETTE,18.0,1.05,14
2022-01-08,BANETTE,22.0,1.05,15
2022-01-09,BANETTE,34.0,1.05,25
2022-01-10,BANETTE,18.0,1.05,12
2022-01-11,BANETTE,17.0,1.05,13
2022-01-13,BANETTE,22.0,1.05,11
2022-01-14,BANETTE,15.0,1.05,7
2022-01-15,BANETTE,16.0,1.05,10
2022-01-16,BANETTE,26.0,1.05,21
2022-01-17,BANETTE,16.0,1.05,13
2022-01-18,BANETTE,16.0,1.05,13
2022-01-20,BANETTE,23.0,1.05,14
2022-01-21,BANETTE,16.0,1.05,8
2022-01-22,BANETTE,13.0,1.05,9
2022-01-23,BANETTE,41.0,1.05,24
2022-01-24,BANETTE,18.0,1.05,14
2022-01-25,BANETTE,8.0,1.05,8
2022-01-27,BANETTE,24.0,1.05,15
2022-01-28,BANETTE,10.0,1.05,8
2022-01-29,BANETTE,20.0,1.05,13
2022-01-30,BANETTE,40.0,1.05,25
2022-01-31,BANETTE,23.0,1.05,19
2022-02-01,BANETTE,23.0,1.05,17
2022-02-03,BANETTE,14.0,1.05,11
2022-02-04,BANETTE,15.0,1.05,11
2022-02-05,BANETTE,31.0,1.05,17
2022-02-06,BANETTE,41.0,1.05,26
2022-02-07,BANETTE,38.0,1.1,25
2022-02-08,BANETTE,21.0,1.1,14
2022-02-10,BANETTE,24.0,1.1,15
2022-02-11,BANETTE,22.0,1.1,12
2022-02-12,BANETTE,29.0,1.1,21
2022-02-13,BANETTE,30.0,1.1,18
2022-02-14,BANETTE,29.0,1.1,23
2022-02-15,BANETTE,37.0,1.1,27
2022-02-17,BANETTE,29.0,1.1,21
2022-02-18,BANETTE,31.0,1.1,22
2022-02-19,BANETTE,42.0,1.1,24
2022-02-20,BANETTE,42.0,1.1,30
2022-02-21,BANETTE,22.0,1.1,18
2022-02-22,BANETTE,28.0,1.1,20
2022-02-24,BANETTE,32.0,1.1,23
2022-02-25,BANETTE,30.0,1.1,23
2022-02-26,BANETTE,38.0,1.1,24
2022-02-27,BANETTE,66.0,1.1,36
2022-02-28,BANETTE,19.0,1.1,15
2022-03-01,BANETTE,31.0,1.1,21
2022-03-02,BANETTE,20.0,1.1,16
2022-03-03,BANETTE,30.0,1.1,21
2022-03-04,BANETTE,30.0,1.1,21
2022-03-05,BANETTE,41.0,1.1,30
2022-03-06,BANETTE,53.0,1.1,36
2022-03-07,BANETTE,25.0,1.1,19
2022-03-08,BANETTE,32.0,1.1,19
2022-03-09,BANETTE,11.0,1.1,9
2022-03-10,BANETTE,22.0,1.1,18
2022-03-11,BANETTE,24.0,1.1,16
2022-03-12,BANETTE,24.0,1.1,20
2022-03-13,BANETTE,31.0,1.1,19
2022-03-14,BANETTE,28.0,1.1,21
2022-03-15,BANETTE,19.0,1.1,14
2022-03-16,BANETTE,12.0,1.1,11
2022-03-17,BANETTE,27.0,1.1,17
2022-03-18,BANETTE,24.0,1.1,17
2022-03-19,BANETTE,30.0,1.1,19
2022-03-20,BANETTE,45.0,1.1,32
2022-03-21,BANETTE,30.0,1.1,22
2022-03-22,BANETTE,25.0,1.1,18
2022-03-23,BANETTE,13.0,1.1,11
2022-03-24,BANETTE,20.0,1.1,14
2022-03-25,BANETTE,17.0,1.1,13
2022-03-26,BANETTE,40.0,1.1,20
2022-03-27,BANETTE,32.0,1.1,21
2022-03-28,BANETTE,23.0,1.1,15
2022-03-29,BANETTE,15.0,1.1,13
2022-03-30,BANETTE,14.0,1.1,14
2022-03-31,BANETTE,17.0,1.1,14
2022-04-01,BANETTE,15.0,1.1,11
2022-04-02,BANETTE,21.0,1.1,16
2022-04-03,BANETTE,40.0,1.1,24
2022-04-04,BANETTE,30.0,1.1,24
2022-04-05,BANETTE,22.0,1.1,15
2022-04-06,BANETTE,11.0,1.1,9
2022-04-07,BANETTE,22.0,1.1,15
2022-04-08,BANETTE,10.0,1.1,10
2022-04-09,BANETTE,30.0,1.1,17
2022-04-10,BANETTE,33.0,1.1,20
2022-04-11,BANETTE,29.0,1.1,25
2022-04-12,BANETTE,26.0,1.1,18
2022-04-13,BANETTE,19.0,1.1,12
2022-04-14,BANETTE,32.0,1.1,23
2022-04-15,BANETTE,40.0,1.1,26
2022-04-16,BANETTE,56.0,1.1,41
2022-04-17,BANETTE,36.0,1.1,19
2022-04-18,BANETTE,85.0,1.1,50
2022-04-19,BANETTE,30.0,1.1,23
2022-04-20,BANETTE,47.0,1.1,32
2022-04-21,BANETTE,48.0,1.1,32
2022-04-22,BANETTE,42.0,1.1,33
2022-04-23,BANETTE,36.0,1.1,21
2022-04-24,BANETTE,43.0,1.1,26
2022-04-25,BANETTE,26.0,1.1,21
2022-04-26,BANETTE,14.0,1.1,12
2022-04-27,BANETTE,23.0,1.1,14
2022-04-28,BANETTE,28.0,1.1,21
2022-04-29,BANETTE,28.0,1.1,20
2022-04-30,BANETTE,46.0,1.1,25
2022-05-01,BANETTE,63.0,1.1,38
2022-05-02,BANETTE,30.0,1.1,20
2022-05-03,BANETTE,16.0,1.1,13
2022-05-05,BANETTE,36.0,1.1,26
2022-05-06,BANETTE,22.0,1.1,18
2022-05-07,BANETTE,36.0,1.1,21
2022-05-08,BANETTE,41.0,1.1,29
2022-05-09,BANETTE,24.0,1.1,15
2022-05-10,BANETTE,16.0,1.1,11
2022-05-11,BANETTE,14.0,1.1,12
2022-05-12,BANETTE,29.0,1.1,21
2022-05-13,BANETTE,30.0,1.1,21
2022-05-14,BANETTE,29.0,1.1,18
2022-05-15,BANETTE,38.0,1.1,24
2022-05-16,BANETTE,27.0,1.1,19
2022-05-17,BANETTE,24.0,1.1,20
2022-05-18,BANETTE,30.0,1.1,17
2022-05-19,BANETTE,35.0,1.1,23
2022-05-20,BANETTE,24.0,1.1,20
2022-05-21,BANETTE,41.0,1.1,29
2022-05-22,BANETTE,31.0,1.1,27
2022-05-23,BANETTE,24.0,1.1,20
2022-05-24,BANETTE,30.0,1.1,24
2022-05-25,BANETTE,40.0,1.1,34
2022-05-26,BANETTE,81.0,1.1,45
2022-05-27,BANETTE,78.0,1.1,50
2022-05-28,BANETTE,84.0,1.1,41
2022-05-29,BANETTE,105.0,1.1,50
2022-05-30,BANETTE,30.0,1.1,21
2022-05-31,BANETTE,20.0,1.1,14
2022-06-01,BANETTE,28.0,1.1,19
2022-06-02,BANETTE,29.0,1.1,18
2022-06-03,BANETTE,29.0,1.1,16
2022-06-04,BANETTE,49.0,1.1,24
2022-06-05,BANETTE,61.0,1.1,39
2022-06-06,BANETTE,42.0,1.1,28
2022-06-07,BANETTE,32.0,1.1,23
2022-06-08,BANETTE,29.0,1.1,17
2022-06-09,BANETTE,26.0,1.1,20
2022-06-10,BANETTE,17.0,1.1,15
2022-06-11,BANETTE,38.0,1.1,24
2022-06-12,BANETTE,36.0,1.1,19
2022-06-13,BANETTE,32.0,1.1,30
2022-06-14,BANETTE,30.0,1.1,26
2022-06-15,BANETTE,30.0,1.1,20
2022-06-16,BANETTE,20.0,1.1,16
2022-06-17,BANETTE,30.0,1.1,21
2022-06-18,BANETTE,40.0,1.1,27
2022-06-19,BANETTE,54.0,1.1,30
2022-06-20,BANETTE,33.0,1.1,21
2022-06-21,BANETTE,30.0,1.1,24
2022-06-22,BANETTE,29.0,1.1,15
2022-06-23,BANETTE,19.0,1.1,17
2022-06-24,BANETTE,24.0,1.1,13
2022-06-25,BANETTE,31.0,1.1,18
2022-06-26,BANETTE,36.0,1.1,27
2022-06-27,BANETTE,30.0,1.1,19
2022-06-28,BANETTE,31.0,1.1,21
2022-06-29,BANETTE,27.0,1.15,15
2022-06-30,BANETTE,24.0,1.15,22
2022-07-01,BANETTE,35.0,1.15,24
2022-07-02,BANETTE,36.0,1.15,23
2022-07-03,BANETTE,79.0,1.15,50
2022-07-04,BANETTE,42.0,1.15,31
2022-07-05,BANETTE,37.0,1.15,28
2022-07-06,BANETTE,41.0,1.15,27
2022-07-07,BANETTE,33.0,1.15,23
2022-07-08,BANETTE,45.0,1.15,31
2022-07-09,BANETTE,55.0,1.15,35
2022-07-10,BANETTE,74.0,1.15,44
2022-07-11,BANETTE,70.0,1.15,48
2022-07-12,BANETTE,33.0,1.15,27
2022-07-13,BANETTE,69.0,1.15,44
2022-07-14,BANETTE,104.0,1.15,65
2022-07-15,BANETTE,90.0,1.15,39
2022-07-16,BANETTE,118.0,1.15,63
2022-07-17,BANETTE,84.0,1.15,47
2022-07-18,BANETTE,54.0,1.15,36
2022-07-19,BANETTE,46.0,1.15,26
2022-07-20,BANETTE,36.0,1.15,24
2022-07-21,BANETTE,59.0,1.15,37
2022-07-22,BANETTE,59.0,1.15,37
2022-07-23,BANETTE,83.0,1.15,45
2022-07-24,BANETTE,87.0,1.15,53
2022-07-25,BANETTE,60.0,1.15,43
2022-07-26,BANETTE,60.0,1.15,39
2022-07-27,BANETTE,51.0,1.15,36
2022-07-28,BANETTE,72.0,1.15,50
2022-07-29,BANETTE,42.0,1.15,24
2022-07-30,BANETTE,40.0,1.15,29
2022-07-31,BANETTE,84.0,1.15,50
2022-08-01,BANETTE,74.0,1.15,51
2022-08-02,BANETTE,64.0,1.15,42
2022-08-03,BANETTE,65.0,1.15,41
2022-08-04,BANETTE,67.0,1.15,31
2022-08-05,BANETTE,85.0,1.15,45
2022-08-06,BANETTE,73.0,1.15,43
2022-08-07,BANETTE,69.0,1.15,43
2022-08-08,BANETTE,89.0,1.15,58
2022-08-09,BANETTE,46.0,1.15,30
2022-08-10,BANETTE,74.0,1.15,43
2022-08-11,BANETTE,74.0,1.15,46
2022-08-12,BANETTE,67.0,1.15,38
2022-08-13,BANETTE,85.0,1.15,53
2022-08-14,BANETTE,96.0,1.15,65
2022-08-15,BANETTE,84.0,1.15,48
2022-08-16,BANETTE,71.0,1.15,50
2022-08-17,BANETTE,39.0,1.15,27
2022-08-18,BANETTE,70.0,1.15,44
2022-08-19,BANETTE,60.0,1.15,43
2022-08-20,BANETTE,74.0,1.15,48
2022-08-21,BANETTE,73.0,1.15,44
2022-08-22,BANETTE,50.0,1.15,38
2022-08-23,BANETTE,67.0,1.15,47
2022-08-24,BANETTE,42.0,1.15,32
2022-08-25,BANETTE,37.0,1.15,30
2022-08-26,BANETTE,43.0,1.15,29
2022-08-27,BANETTE,52.0,1.15,33
2022-08-28,BANETTE,48.0,1.15,26
2022-08-29,BANETTE,50.0,1.15,37
2022-08-30,BANETTE,39.0,1.15,29
2022-08-31,BANETTE,29.0,1.15,23
2022-09-02,BANETTE,28.0,1.15,23
2022-09-03,BANETTE,43.0,1.15,21
2022-09-04,BANETTE,45.0,1.15,32
2022-09-05,BANETTE,30.0,1.15,24
2022-09-06,BANETTE,31.0,1.15,20
2022-09-07,BANETTE,14.0,1.15,13
2022-09-08,BANETTE,28.0,1.15,18
2022-09-09,BANETTE,25.0,1.15,17
2022-09-10,BANETTE,40.0,1.15,25
2022-09-11,BANETTE,38.0,1.15,24
2022-09-12,BANETTE,32.0,1.15,25
2022-09-13,BANETTE,17.0,1.15,12
2022-09-14,BANETTE,20.0,1.15,15
2022-09-15,BANETTE,24.0,1.15,20
2022-09-16,BANETTE,22.0,1.15,19
2022-09-17,BANETTE,25.0,1.15,21
2022-09-18,BANETTE,38.0,1.15,24
2022-09-20,BANETTE,30.0,1.15,17
2022-09-21,BANETTE,17.0,1.15,15
2022-09-22,BANETTE,30.0,1.15,22
2022-09-23,BANETTE,30.0,1.15,22
2022-09-24,BANETTE,30.0,1.15,16
2022-09-25,BANETTE,30.0,1.15,19
2022-09-26,BANETTE,30.0,1.15,21
2022-09-27,BANETTE,30.0,1.15,20
2022-09-28,BANETTE,22.0,1.15,20
2022-09-29,BANETTE,30.0,1.15,23
2022-09-30,BANETTE,30.0,1.15,21
2021-01-02,BANETTINE,6.0,0.6,5
2021-01-03,BANETTINE,5.0,0.6,5
2021-01-04,BANETTINE,3.0,0.6,3
2021-01-05,BANETTINE,2.0,0.6,2
2021-01-07,BANETTINE,3.0,0.6,3
2021-01-08,BANETTINE,7.0,0.6,6
2021-01-09,BANETTINE,5.0,0.6,4
2021-01-10,BANETTINE,6.0,0.6,6
2021-01-11,BANETTINE,3.0,0.6,3
2021-01-12,BANETTINE,5.0,0.6,5
2021-01-14,BANETTINE,3.0,0.6,3
2021-01-15,BANETTINE,3.0,0.6,3
2021-01-16,BANETTINE,6.0,0.6,6
2021-01-17,BANETTINE,6.0,0.6,5
2021-01-18,BANETTINE,3.0,0.6,3
2021-01-19,BANETTINE,1.0,0.6,1
2021-01-21,BANETTINE,3.0,0.6,3
2021-01-22,BANETTINE,6.0,0.6,5
2021-01-23,BANETTINE,4.0,0.6,4
2021-01-24,BANETTINE,6.0,0.6,4
2021-01-25,BANETTINE,1.0,0.6,1
2021-01-26,BANETTINE,5.0,0.6,5
2021-01-28,BANETTINE,4.0,0.6,4
2021-01-29,BANETTINE,5.0,0.6,4
2021-01-30,BANETTINE,5.0,0.6,5
2021-01-31,BANETTINE,7.0,0.6,5
2021-02-01,BANETTINE,5.0,0.6,5
2021-02-02,BANETTINE,3.0,0.6,3
2021-02-04,BANETTINE,4.0,0.6,4
2021-02-05,BANETTINE,3.0,0.6,3
2021-02-06,BANETTINE,2.0,0.6,2
2021-02-07,BANETTINE,6.0,0.6,5
2021-02-08,BANETTINE,1.0,0.6,1
2021-02-09,BANETTINE,3.0,0.6,3
2021-02-11,BANETTINE,3.0,0.6,3
2021-02-12,BANETTINE,4.0,0.6,4
2021-02-13,BANETTINE,6.0,0.6,5
2021-02-14,BANETTINE,8.0,0.6,6
2021-02-15,BANETTINE,5.0,0.6,4
2021-02-16,BANETTINE,3.0,0.6,3
2021-02-18,BANETTINE,2.0,0.6,2
2021-02-19,BANETTINE,6.0,0.6,6
2021-02-20,BANETTINE,7.0,0.6,5
2021-02-21,BANETTINE,8.0,0.6,7
2021-02-22,BANETTINE,6.0,0.6,5
2021-02-23,BANETTINE,4.0,0.6,4
2021-02-25,BANETTINE,8.0,0.6,5
2021-02-26,BANETTINE,9.0,0.6,6
2021-02-27,BANETTINE,7.0,0.6,5
2021-02-28,BANETTINE,7.0,0.6,5
2021-03-01,BANETTINE,5.0,0.6,5
2021-03-02,BANETTINE,7.0,0.6,5
2021-03-04,BANETTINE,9.0,0.6,8
2021-03-05,BANETTINE,5.0,0.6,5
2021-03-06,BANETTINE,3.0,0.6,3
2021-03-07,BANETTINE,8.0,0.6,6
2021-03-08,BANETTINE,4.0,0.6,3
2021-03-09,BANETTINE,5.0,0.6,5
2021-03-11,BANETTINE,7.0,0.6,5
2021-03-12,BANETTINE,4.0,0.6,4
2021-03-13,BANETTINE,7.0,0.6,7
2021-03-14,BANETTINE,9.0,0.6,7
2021-03-15,BANETTINE,6.0,0.6,2
2021-03-16,BANETTINE,6.0,0.6,3
2021-03-18,BANETTINE,3.0,0.6,3
2021-03-19,BANETTINE,4.0,0.6,4
2021-03-20,BANETTINE,6.0,0.6,4
2021-03-21,BANETTINE,6.0,0.6,5
2021-03-22,BANETTINE,6.0,0.6,2
2021-03-23,BANETTINE,5.0,0.6,5
2021-03-25,BANETTINE,6.0,0.6,3
2021-03-26,BANETTINE,6.0,0.6,5
2021-03-28,BANETTINE,6.0,0.6,5
2021-03-29,BANETTINE,1.0,0.6,1
2021-03-30,BANETTINE,6.0,0.6,3
2021-04-01,BANETTINE,4.0,0.6,4
2021-04-02,BANETTINE,3.0,0.6,3
2021-04-03,BANETTINE,7.0,0.6,2
2021-04-04,BANETTINE,6.0,0.6,4
2021-04-05,BANETTINE,3.0,0.6,3
2021-04-06,BANETTINE,3.0,0.6,3
2021-04-08,BANETTINE,6.0,0.6,6
2021-04-09,BANETTINE,6.0,0.6,2
2021-04-10,BANETTINE,6.0,0.6,3
2021-04-11,BANETTINE,6.0,0.6,5
2021-04-12,BANETTINE,5.0,0.6,5
2021-04-13,BANETTINE,4.0,0.6,4
2021-04-14,BANETTINE,4.0,0.6,4
2021-04-15,BANETTINE,8.0,0.6,5
2021-04-16,BANETTINE,6.0,0.6,4
2021-04-17,BANETTINE,6.0,0.6,2
2021-04-18,BANETTINE,6.0,0.6,5
2021-04-19,BANETTINE,3.0,0.6,3
2021-04-20,BANETTINE,6.0,0.6,6
2021-04-21,BANETTINE,4.0,0.6,4
2021-04-22,BANETTINE,6.0,0.6,6
2021-04-23,BANETTINE,6.0,0.6,6
2021-04-24,BANETTINE,6.0,0.6,2
2021-04-25,BANETTINE,6.0,0.6,5
2021-04-26,BANETTINE,2.0,0.6,2
2021-04-27,BANETTINE,4.0,0.6,4
2021-04-28,BANETTINE,5.0,0.6,5
2021-04-29,BANETTINE,6.0,0.6,6
2021-04-30,BANETTINE,6.0,0.6,5
2021-05-01,BANETTINE,4.0,0.6,3
2021-05-02,BANETTINE,6.0,0.6,5
2021-05-03,BANETTINE,6.0,0.6,5
2021-05-04,BANETTINE,1.0,0.6,1
2021-05-05,BANETTINE,6.0,0.6,5
2021-05-06,BANETTINE,5.0,0.6,5
2021-05-07,BANETTINE,8.0,0.6,7
2021-05-08,BANETTINE,5.0,0.6,5
2021-05-09,BANETTINE,6.0,0.6,4
2021-05-10,BANETTINE,2.0,0.6,2
2021-05-11,BANETTINE,5.0,0.6,5
2021-05-12,BANETTINE,7.0,0.6,6
2021-05-13,BANETTINE,6.0,0.6,6
2021-05-14,BANETTINE,7.0,0.6,5
2021-05-15,BANETTINE,4.0,0.6,4
2021-05-16,BANETTINE,7.0,0.6,6
2021-05-21,BANETTINE,4.0,0.6,4
2021-05-22,BANETTINE,6.0,0.6,6
2021-05-23,BANETTINE,5.0,0.6,4
2021-05-24,BANETTINE,5.0,0.6,5
2021-05-25,BANETTINE,3.0,0.6,3
2021-05-26,BANETTINE,5.0,0.6,5
2021-05-27,BANETTINE,6.0,0.6,6
2021-05-28,BANETTINE,6.0,0.6,5
2021-05-29,BANETTINE,3.0,0.6,3
2021-05-30,BANETTINE,7.0,0.6,6
2021-05-31,BANETTINE,6.0,0.6,6
2021-06-01,BANETTINE,6.0,0.6,6
2021-06-02,BANETTINE,6.0,0.6,6
2021-06-03,BANETTINE,6.0,0.6,6
2021-06-04,BANETTINE,4.0,0.6,4
2021-06-05,BANETTINE,6.0,0.6,6
2021-06-06,BANETTINE,6.0,0.6,5
2021-06-07,BANETTINE,5.0,0.6,5
2021-06-08,BANETTINE,6.0,0.6,4
2021-06-09,BANETTINE,6.0,0.6,6
2021-06-11,BANETTINE,3.0,0.6,3
2021-06-12,BANETTINE,3.0,0.6,3
2021-06-13,BANETTINE,5.0,0.6,4
2021-06-14,BANETTINE,8.0,0.6,7
2021-06-15,BANETTINE,5.0,0.6,5
2021-06-16,BANETTINE,3.0,0.6,3
2021-06-17,BANETTINE,3.0,0.6,3
2021-06-18,BANETTINE,7.0,0.6,5
2021-06-19,BANETTINE,2.0,0.6,2
2021-06-20,BANETTINE,8.0,0.6,7
2021-06-21,BANETTINE,5.0,0.6,5
2021-06-22,BANETTINE,5.0,0.6,5
2021-06-23,BANETTINE,3.0,0.6,3
2021-06-24,BANETTINE,7.0,0.6,7
2021-06-25,BANETTINE,7.0,0.6,6
2021-06-26,BANETTINE,3.0,0.6,3
2021-06-27,BANETTINE,6.0,0.6,5
2021-06-28,BANETTINE,7.0,0.6,7
2021-06-29,BANETTINE,2.0,0.6,2
2021-06-30,BANETTINE,5.0,0.6,5
2021-07-01,BANETTINE,8.0,0.6,8
2021-07-02,BANETTINE,5.0,0.6,5
2021-07-03,BANETTINE,3.0,0.6,3
2021-07-04,BANETTINE,5.0,0.6,5
2021-07-05,BANETTINE,2.0,0.6,2
2021-07-06,BANETTINE,6.0,0.6,6
2021-07-07,BANETTINE,4.0,0.6,4
2021-07-08,BANETTINE,6.0,0.6,6
2021-07-09,BANETTINE,5.0,0.6,4
2021-07-10,BANETTINE,1.0,0.6,1
2021-07-11,BANETTINE,5.0,0.6,5
2021-07-12,BANETTINE,3.0,0.6,3
2021-07-13,BANETTINE,7.0,0.6,7
2021-07-14,BANETTINE,2.0,0.6,2
2021-07-15,BANETTINE,8.0,0.6,8
2021-07-16,BANETTINE,6.0,0.6,6
2021-07-17,BANETTINE,6.0,0.6,6
2021-07-18,BANETTINE,6.0,0.6,5
2021-07-19,BANETTINE,6.0,0.6,4
2021-07-20,BANETTINE,3.0,0.6,3
2021-07-21,BANETTINE,5.0,0.6,5
2021-07-22,BANETTINE,8.0,0.6,6
2021-07-23,BANETTINE,7.0,0.6,7
2021-07-24,BANETTINE,6.0,0.6,5
2021-07-25,BANETTINE,6.0,0.6,6
2021-07-26,BANETTINE,6.0,0.6,5
2021-07-27,BANETTINE,6.0,0.6,6
2021-07-28,BANETTINE,5.0,0.6,5
2021-07-29,BANETTINE,2.0,0.6,2
2021-07-30,BANETTINE,6.0,0.6,6
2021-07-31,BANETTINE,4.0,0.6,4
2021-08-01,BANETTINE,4.0,0.6,3
2021-08-02,BANETTINE,6.0,0.6,6
2021-08-03,BANETTINE,6.0,0.6,6
2021-08-04,BANETTINE,2.0,0.6,2
2021-08-05,BANETTINE,5.0,0.6,4
2021-08-06,BANETTINE,6.0,0.6,5
2021-08-07,BANETTINE,5.0,0.6,5
2021-08-08,BANETTINE,6.0,0.6,5
2021-08-09,BANETTINE,5.0,0.6,4
2021-08-10,BANETTINE,6.0,0.6,6
2021-08-11,BANETTINE,6.0,0.6,6
2021-08-12,BANETTINE,7.0,0.6,7
2021-08-13,BANETTINE,7.0,0.6,7
2021-08-14,BANETTINE,6.0,0.6,6
2021-08-15,BANETTINE,5.0,0.6,5
2021-08-16,BANETTINE,6.0,0.6,5
2021-08-17,BANETTINE,5.0,0.6,5
2021-08-18,BANETTINE,6.0,0.6,6
2021-08-19,BANETTINE,6.0,0.6,6
2021-08-20,BANETTINE,5.0,0.6,5
2021-08-21,BANETTINE,6.0,0.6,6
2021-08-22,BANETTINE,6.0,0.6,6
2021-08-23,BANETTINE,5.0,0.6,5
2021-08-24,BANETTINE,6.0,0.6,6
2021-08-25,BANETTINE,6.0,0.6,6
2021-08-26,BANETTINE,5.0,0.6,5
2021-08-27,BANETTINE,7.0,0.6,7
2021-08-28,BANETTINE,6.0,0.6,6
2021-08-29,BANETTINE,6.0,0.6,5
2021-08-30,BANETTINE,6.0,0.6,5
2021-08-31,BANETTINE,6.0,0.6,5
2021-09-01,BANETTINE,7.0,0.6,7
2021-09-02,BANETTINE,5.0,0.6,5
2021-09-03,BANETTINE,6.0,0.6,6
2021-09-04,BANETTINE,7.0,0.6,7
2021-09-05,BANETTINE,7.0,0.6,6
2021-09-06,BANETTINE,5.0,0.6,5
2021-09-07,BANETTINE,5.0,0.6,4
2021-09-08,BANETTINE,3.0,0.6,3
2021-09-09,BANETTINE,6.0,0.6,6
2021-09-10,BANETTINE,6.0,0.6,5
2021-09-11,BANETTINE,6.0,0.6,5
2021-09-12,BANETTINE,6.0,0.6,5
2021-09-13,BANETTINE,3.0,0.6,3
2021-09-14,BANETTINE,6.0,0.6,6
2021-09-15,BANETTINE,3.0,0.6,3
2021-09-16,BANETTINE,3.0,0.6,3
2021-09-17,BANETTINE,6.0,0.6,5
2021-09-18,BANETTINE,6.0,0.6,6
2021-09-19,BANETTINE,6.0,0.6,6
2021-09-20,BANETTINE,4.0,0.6,4
2021-09-21,BANETTINE,6.0,0.6,6
2021-09-23,BANETTINE,3.0,0.6,3
2021-09-24,BANETTINE,6.0,0.6,6
2021-09-25,BANETTINE,5.0,0.6,4
2021-09-26,BANETTINE,6.0,0.6,6
2021-09-27,BANETTINE,2.0,0.6,1
2021-09-28,BANETTINE,4.0,0.6,4
2021-09-29,BANETTINE,4.0,0.6,4
2021-09-30,BANETTINE,4.0,0.6,4
2021-10-01,BANETTINE,2.0,0.6,2
2021-10-02,BANETTINE,3.0,0.6,3
2021-10-03,BANETTINE,6.0,0.6,4
2021-10-04,BANETTINE,5.0,0.6,2
2021-10-05,BANETTINE,5.0,0.6,5
2021-10-06,BANETTINE,4.0,0.6,4
2021-10-07,BANETTINE,5.0,0.6,4
2021-10-08,BANETTINE,6.0,0.6,6
2021-10-09,BANETTINE,6.0,0.6,5
2021-10-10,BANETTINE,6.0,0.6,6
2021-10-11,BANETTINE,2.0,0.6,2
2021-10-12,BANETTINE,4.0,0.6,4
2021-10-13,BANETTINE,2.0,0.6,2
2021-10-14,BANETTINE,4.0,0.6,4
2021-10-15,BANETTINE,6.0,0.6,4
2021-10-16,BANETTINE,3.0,0.6,3
2021-10-17,BANETTINE,6.0,0.6,6
2021-10-18,BANETTINE,5.0,0.6,4
2021-10-19,BANETTINE,4.0,0.6,4
2021-10-20,BANETTINE,4.0,0.6,4
2021-10-21,BANETTINE,2.0,0.6,2
2021-10-22,BANETTINE,5.0,0.6,4
2021-10-23,BANETTINE,3.0,0.6,3
2021-10-24,BANETTINE,6.0,0.6,5
2021-10-25,BANETTINE,6.0,0.6,6
2021-10-26,BANETTINE,3.0,0.6,3
2021-10-27,BANETTINE,4.0,0.6,4
2021-10-28,BANETTINE,1.0,0.6,1
2021-10-29,BANETTINE,4.0,0.6,3
2021-10-30,BANETTINE,2.0,0.6,2
2021-10-31,BANETTINE,6.0,0.6,5
2021-11-01,BANETTINE,6.0,0.6,6
2021-11-02,BANETTINE,5.0,0.6,5
2021-11-03,BANETTINE,6.0,0.6,5
2021-11-04,BANETTINE,4.0,0.6,4
2021-11-05,BANETTINE,3.0,0.6,3
2021-11-06,BANETTINE,4.0,0.6,4
2021-11-07,BANETTINE,7.0,0.6,5
2021-11-08,BANETTINE,5.0,0.6,4
2021-11-09,BANETTINE,6.0,0.6,6
2021-11-10,BANETTINE,6.0,0.6,5
2021-11-11,BANETTINE,6.0,0.6,6
2021-11-12,BANETTINE,5.0,0.6,3
2021-11-13,BANETTINE,5.0,0.6,5
2021-11-14,BANETTINE,6.0,0.6,6
2021-11-15,BANETTINE,6.0,0.6,6
2021-11-16,BANETTINE,7.0,0.6,7
2021-11-18,BANETTINE,5.0,0.6,2
2021-11-19,BANETTINE,5.0,0.6,5
2021-11-20,BANETTINE,6.0,0.6,3
2021-11-21,BANETTINE,3.0,0.6,3
2021-11-22,BANETTINE,4.0,0.6,4
2021-11-23,BANETTINE,3.0,0.6,3
2021-11-25,BANETTINE,5.0,0.6,5
2021-11-27,BANETTINE,1.0,0.6,1
2021-11-28,BANETTINE,6.0,0.6,5
2021-11-29,BANETTINE,1.0,0.6,1
2021-11-30,BANETTINE,3.0,0.6,3
2021-12-02,BANETTINE,3.0,0.6,3
2021-12-03,BANETTINE,3.0,0.6,3
2021-12-04,BANETTINE,4.0,0.6,4
2021-12-05,BANETTINE,6.0,0.6,5
2021-12-09,BANETTINE,2.0,0.6,2
2021-12-10,BANETTINE,4.0,0.6,4
2021-12-11,BANETTINE,5.0,0.6,5
2021-12-12,BANETTINE,6.0,0.6,5
2021-12-13,BANETTINE,4.0,0.6,3
2021-12-14,BANETTINE,6.0,0.6,6
2021-12-16,BANETTINE,6.0,0.6,5
2021-12-17,BANETTINE,5.0,0.6,5
2021-12-18,BANETTINE,6.0,0.6,5
2021-12-19,BANETTINE,4.0,0.6,4
2021-12-20,BANETTINE,6.0,0.6,5
2021-12-21,BANETTINE,4.0,0.6,4
2021-12-22,BANETTINE,3.0,0.6,3
2021-12-23,BANETTINE,5.0,0.6,5
2021-12-24,BANETTINE,6.0,0.6,4
2021-12-25,BANETTINE,4.0,0.6,3
2021-12-26,BANETTINE,4.0,0.6,4
2021-12-27,BANETTINE,3.0,0.6,3
2021-12-28,BANETTINE,5.0,0.6,5
2021-12-29,BANETTINE,6.0,0.6,6
2021-12-30,BANETTINE,6.0,0.6,6
2021-12-31,BANETTINE,6.0,0.6,5
2022-01-02,BANETTINE,8.0,0.6,7
2022-01-03,BANETTINE,3.0,0.6,3
2022-01-06,BANETTINE,3.0,0.6,3
2022-01-07,BANETTINE,2.0,0.6,2
2022-01-08,BANETTINE,3.0,0.6,3
2022-01-09,BANETTINE,6.0,0.6,5
2022-01-10,BANETTINE,5.0,0.6,5
2022-01-11,BANETTINE,7.0,0.6,6
2022-01-13,BANETTINE,3.0,0.6,3
2022-01-14,BANETTINE,2.0,0.6,2
2022-01-15,BANETTINE,2.0,0.6,2
2022-01-16,BANETTINE,4.0,0.6,4
2022-01-17,BANETTINE,4.0,0.6,4
2022-01-18,BANETTINE,3.0,0.6,3
2022-01-20,BANETTINE,3.0,0.6,3
2022-01-21,BANETTINE,2.0,0.6,2
2022-01-22,BANETTINE,5.0,0.6,5
2022-01-23,BANETTINE,5.0,0.6,4
2022-01-24,BANETTINE,3.0,0.6,3
2022-01-25,BANETTINE,5.0,0.6,4
2022-01-27,BANETTINE,3.0,0.6,3
2022-01-28,BANETTINE,4.0,0.6,4
2022-01-29,BANETTINE,6.0,0.6,6
2022-01-30,BANETTINE,6.0,0.6,6
2022-01-31,BANETTINE,5.0,0.6,5
2022-02-01,BANETTINE,1.0,0.6,1
2022-02-03,BANETTINE,2.0,0.6,2
2022-02-04,BANETTINE,8.0,0.6,5
2022-02-05,BANETTINE,2.0,0.6,2
2022-02-06,BANETTINE,5.0,0.6,5
2022-02-07,BANETTINE,4.0,0.65,3
2022-02-08,BANETTINE,5.0,0.65,5
2022-02-10,BANETTINE,5.0,0.65,5
2022-02-11,BANETTINE,5.0,0.65,5
2022-02-12,BANETTINE,6.0,0.65,6
2022-02-13,BANETTINE,6.0,0.65,6
2022-02-14,BANETTINE,6.0,0.65,5
2022-02-15,BANETTINE,6.0,0.65,6
2022-02-17,BANETTINE,6.0,0.65,6
2022-02-18,BANETTINE,5.0,0.65,4
2022-02-19,BANETTINE,6.0,0.65,6
2022-02-20,BANETTINE,6.0,0.65,6
2022-02-21,BANETTINE,6.0,0.65,5
2022-02-22,BANETTINE,6.0,0.65,6
2022-02-24,BANETTINE,4.0,0.65,4
2022-02-25,BANETTINE,6.0,0.65,5
2022-02-26,BANETTINE,6.0,0.65,6
2022-02-27,BANETTINE,6.0,0.65,6
2022-02-28,BANETTINE,6.0,0.65,5
2022-03-01,BANETTINE,4.0,0.65,4
2022-03-02,BANETTINE,6.0,0.65,5
2022-03-03,BANETTINE,6.0,0.65,6
2022-03-04,BANETTINE,7.0,0.65,5
2022-03-05,BANETTINE,4.0,0.65,4
2022-03-06,BANETTINE,7.0,0.65,6
2022-03-07,BANETTINE,4.0,0.65,4
2022-03-08,BANETTINE,5.0,0.65,4
2022-03-09,BANETTINE,1.0,0.65,1
2022-03-10,BANETTINE,6.0,0.65,3
2022-03-11,BANETTINE,3.0,0.65,3
2022-03-12,BANETTINE,6.0,0.65,6
2022-03-13,BANETTINE,6.0,0.65,6
2022-03-14,BANETTINE,2.0,0.65,2
2022-03-15,BANETTINE,3.0,0.65,3
2022-03-16,BANETTINE,3.0,0.65,3
2022-03-17,BANETTINE,6.0,0.65,3
2022-03-18,BANETTINE,2.0,0.65,2
2022-03-19,BANETTINE,2.0,0.65,2
2022-03-20,BANETTINE,3.0,0.65,3
2022-03-21,BANETTINE,6.0,0.65,4
2022-03-22,BANETTINE,5.0,0.65,4
2022-03-23,BANETTINE,2.0,0.65,2
2022-03-24,BANETTINE,2.0,0.65,2
2022-03-25,BANETTINE,9.0,0.65,5
2022-03-26,BANETTINE,5.0,0.65,5
2022-03-27,BANETTINE,6.0,0.65,6
2022-03-28,BANETTINE,5.0,0.65,5
2022-03-29,BANETTINE,5.0,0.65,5
2022-03-30,BANETTINE,6.0,0.65,6
2022-03-31,BANETTINE,4.0,0.65,4
2022-04-01,BANETTINE,6.0,0.65,6
2022-04-02,BANETTINE,4.0,0.65,4
2022-04-03,BANETTINE,6.0,0.65,6
2022-04-04,BANETTINE,3.0,0.65,3
2022-04-05,BANETTINE,6.0,0.65,6
2022-04-06,BANETTINE,5.0,0.65,5
2022-04-07,BANETTINE,6.0,0.65,6
2022-04-08,BANETTINE,6.0,0.65,6
2022-04-09,BANETTINE,6.0,0.65,6
2022-04-10,BANETTINE,6.0,0.65,6
2022-04-11,BANETTINE,4.0,0.65,4
2022-04-12,BANETTINE,2.0,0.65,2
2022-04-13,BANETTINE,5.0,0.65,4
2022-04-14,BANETTINE,6.0,0.65,5
2022-04-15,BANETTINE,6.0,0.65,6
2022-04-16,BANETTINE,7.0,0.65,7
2022-04-17,BANETTINE,3.0,0.65,2
2022-04-18,BANETTINE,5.0,0.65,5
2022-04-19,BANETTINE,6.0,0.65,6
2022-04-20,BANETTINE,7.0,0.65,5
2022-04-21,BANETTINE,6.0,0.65,6
2022-04-22,BANETTINE,6.0,0.65,4
2022-04-23,BANETTINE,6.0,0.65,5
2022-04-24,BANETTINE,4.0,0.65,4
2022-04-25,BANETTINE,6.0,0.65,5
2022-04-26,BANETTINE,3.0,0.65,3
2022-04-27,BANETTINE,7.0,0.65,5
2022-04-28,BANETTINE,3.0,0.65,3
2022-04-29,BANETTINE,4.0,0.65,3
2022-04-30,BANETTINE,6.0,0.65,6
2022-05-01,BANETTINE,6.0,0.65,6
2022-05-02,BANETTINE,6.0,0.65,6
2022-05-03,BANETTINE,3.0,0.65,3
2022-05-05,BANETTINE,7.0,0.65,4
2022-05-06,BANETTINE,6.0,0.65,5
2022-05-07,BANETTINE,4.0,0.65,4
2022-05-08,BANETTINE,6.0,0.65,5
2022-05-09,BANETTINE,4.0,0.65,4
2022-05-10,BANETTINE,1.0,0.65,1
2022-05-11,BANETTINE,4.0,0.65,4
2022-05-12,BANETTINE,6.0,0.65,5
2022-05-13,BANETTINE,6.0,0.65,5
2022-05-14,BANETTINE,6.0,0.65,6
2022-05-15,BANETTINE,6.0,0.65,6
2022-05-16,BANETTINE,5.0,0.65,4
2022-05-17,BANETTINE,5.0,0.65,3
2022-05-18,BANETTINE,5.0,0.65,5
2022-05-19,BANETTINE,3.0,0.65,3
2022-05-20,BANETTINE,2.0,0.65,2
2022-05-21,BANETTINE,6.0,0.65,5
2022-05-22,BANETTINE,6.0,0.65,6
2022-05-23,BANETTINE,5.0,0.65,3
2022-05-24,BANETTINE,6.0,0.65,5
2022-05-25,BANETTINE,6.0,0.65,6
2022-05-26,BANETTINE,6.0,0.65,6
2022-05-27,BANETTINE,7.0,0.65,7
2022-05-28,BANETTINE,6.0,0.65,5
2022-05-29,BANETTINE,5.0,0.65,5
2022-05-30,BANETTINE,6.0,0.65,5
2022-05-31,BANETTINE,6.0,0.65,5
2022-06-01,BANETTINE,3.0,0.65,3
2022-06-02,BANETTINE,6.0,0.65,5
2022-06-03,BANETTINE,4.0,0.65,3
2022-06-04,BANETTINE,5.0,0.65,5
2022-06-05,BANETTINE,6.0,0.65,6
2022-06-06,BANETTINE,6.0,0.65,6
2022-06-07,BANETTINE,5.0,0.65,5
2022-06-08,BANETTINE,6.0,0.65,6
2022-06-09,BANETTINE,2.0,0.65,2
2022-06-10,BANETTINE,6.0,0.65,5
2022-06-11,BANETTINE,6.0,0.65,5
2022-06-12,BANETTINE,6.0,0.65,6
2022-06-13,BANETTINE,4.0,0.65,3
2022-06-14,BANETTINE,6.0,0.65,4
2022-06-15,BANETTINE,5.0,0.65,5
2022-06-16,BANETTINE,6.0,0.65,4
2022-06-17,BANETTINE,6.0,0.65,6
2022-06-18,BANETTINE,5.0,0.65,5
2022-06-19,BANETTINE,6.0,0.65,5
2022-06-20,BANETTINE,4.0,0.65,4
2022-06-21,BANETTINE,4.0,0.65,4
2022-06-22,BANETTINE,3.0,0.65,3
2022-06-23,BANETTINE,4.0,0.65,4
2022-06-24,BANETTINE,5.0,0.65,4
2022-06-25,BANETTINE,3.0,0.65,3
2022-06-26,BANETTINE,5.0,0.65,5
2022-06-27,BANETTINE,6.0,0.65,5
2022-06-28,BANETTINE,6.0,0.65,6
2022-06-29,BANETTINE,5.0,0.7,5
2022-06-30,BANETTINE,6.0,0.7,5
2022-07-01,BANETTINE,1.0,0.7,1
2022-07-02,BANETTINE,6.0,0.7,6
2022-07-03,BANETTINE,6.0,0.7,6
2022-07-04,BANETTINE,6.0,0.7,6
2022-07-05,BANETTINE,6.0,0.7,6
2022-07-06,BANETTINE,6.0,0.7,6
2022-07-07,BANETTINE,6.0,0.7,6
2022-07-08,BANETTINE,6.0,0.7,6
2022-07-09,BANETTINE,6.0,0.7,6
2022-07-10,BANETTINE,6.0,0.7,6
2022-07-11,BANETTINE,6.0,0.7,6
2022-07-12,BANETTINE,6.0,0.7,3
2022-07-13,BANETTINE,6.0,0.7,6
2022-07-14,BANETTINE,10.0,0.7,8
2022-07-15,BANETTINE,5.0,0.7,5
2022-07-16,BANETTINE,9.0,0.7,8
2022-07-17,BANETTINE,10.0,0.7,10
2022-07-18,BANETTINE,10.0,0.7,9
2022-07-19,BANETTINE,10.0,0.7,5
2022-07-20,BANETTINE,6.0,0.7,6
2022-07-21,BANETTINE,7.0,0.7,7
2022-07-22,BANETTINE,10.0,0.7,7
2022-07-23,BANETTINE,8.0,0.7,8
2022-07-24,BANETTINE,8.0,0.7,7
2022-07-25,BANETTINE,10.0,0.7,10
2022-07-26,BANETTINE,8.0,0.7,7
2022-07-27,BANETTINE,9.0,0.7,9
2022-07-28,BANETTINE,11.0,0.7,11
2022-07-29,BANETTINE,6.0,0.7,5
2022-07-30,BANETTINE,10.0,0.7,9
2022-07-31,BANETTINE,7.0,0.7,7
2022-08-01,BANETTINE,10.0,0.7,9
2022-08-02,BANETTINE,6.0,0.7,5
2022-08-03,BANETTINE,9.0,0.7,8
2022-08-04,BANETTINE,8.0,0.7,8
2022-08-05,BANETTINE,9.0,0.7,8
2022-08-06,BANETTINE,10.0,0.7,10
2022-08-07,BANETTINE,10.0,0.7,8
2022-08-08,BANETTINE,10.0,0.7,10
2022-08-09,BANETTINE,7.0,0.7,7
2022-08-10,BANETTINE,6.0,0.7,6
2022-08-11,BANETTINE,10.0,0.7,8
2022-08-12,BANETTINE,10.0,0.7,9
2022-08-13,BANETTINE,10.0,0.7,10
2022-08-14,BANETTINE,10.0,0.7,9
2022-08-15,BANETTINE,8.0,0.7,7
2022-08-16,BANETTINE,10.0,0.7,8
2022-08-17,BANETTINE,10.0,0.7,9
2022-08-18,BANETTINE,9.0,0.7,8
2022-08-19,BANETTINE,8.0,0.7,8
2022-08-20,BANETTINE,7.0,0.7,7
2022-08-21,BANETTINE,10.0,0.7,10
2022-08-22,BANETTINE,6.0,0.7,4
2022-08-23,BANETTINE,2.0,0.7,2
2022-08-24,BANETTINE,6.0,0.7,6
2022-08-25,BANETTINE,2.0,0.7,2
2022-08-26,BANETTINE,7.0,0.7,6
2022-08-27,BANETTINE,7.0,0.7,6
2022-08-28,BANETTINE,6.0,0.7,6
2022-08-29,BANETTINE,6.0,0.7,6
2022-08-30,BANETTINE,6.0,0.7,4
2022-08-31,BANETTINE,5.0,0.7,4
2022-09-02,BANETTINE,6.0,0.7,5
2022-09-03,BANETTINE,5.0,0.7,5
2022-09-04,BANETTINE,6.0,0.7,5
2022-09-05,BANETTINE,8.0,0.7,8
2022-09-06,BANETTINE,3.0,0.7,3
2022-09-07,BANETTINE,3.0,0.7,3
2022-09-08,BANETTINE,3.0,0.7,3
2022-09-09,BANETTINE,6.0,0.7,5
2022-09-10,BANETTINE,6.0,0.7,6
2022-09-11,BANETTINE,6.0,0.7,6
2022-09-12,BANETTINE,4.0,0.7,4
2022-09-13,BANETTINE,3.0,0.7,3
2022-09-14,BANETTINE,5.0,0.7,5
2022-09-15,BANETTINE,1.0,0.7,1
2022-09-16,BANETTINE,4.0,0.7,4
2022-09-17,BANETTINE,5.0,0.7,5
2022-09-18,BANETTINE,6.0,0.7,6
2022-09-20,BANETTINE,5.0,0.7,5
2022-09-21,BANETTINE,5.0,0.7,5
2022-09-22,BANETTINE,5.0,0.7,5
2022-09-23,BANETTINE,6.0,0.7,5
2022-09-24,BANETTINE,5.0,0.7,5
2022-09-25,BANETTINE,6.0,0.7,6
2022-09-26,BANETTINE,6.0,0.7,6
2022-09-27,BANETTINE,4.0,0.7,4
2022-09-28,BANETTINE,6.0,0.7,6
2022-09-29,BANETTINE,6.0,0.7,5
2022-09-30,BANETTINE,5.0,0.7,4
2021-01-04,BOISSON 33CL,1.0,1.5,1
2021-01-05,BOISSON 33CL,3.0,1.5,3
2021-01-07,BOISSON 33CL,1.0,1.5,1
2021-01-08,BOISSON 33CL,2.0,1.5,2
2021-01-09,BOISSON 33CL,1.0,1.5,1
2021-01-12,BOISSON 33CL,1.0,1.5,1
2021-01-17,BOISSON 33CL,1.0,1.5,1
2021-01-21,BOISSON 33CL,3.0,1.5,2
2021-01-22,BOISSON 33CL,1.0,1.5,1
2021-01-23,BOISSON 33CL,3.0,1.5,2
2021-01-25,BOISSON 33CL,4.0,1.5,2
2021-01-26,BOISSON 33CL,1.0,1.5,1
2021-01-28,BOISSON 33CL,3.0,1.5,3
2021-01-29,BOISSON 33CL,3.0,1.5,2
2021-02-01,BOISSON 33CL,1.0,1.5,1
2021-02-02,BOISSON 33CL,3.0,1.5,2
2021-02-05,BOISSON 33CL,2.0,1.5,2
2021-02-07,BOISSON 33CL,1.0,1.5,1
2021-02-08,BOISSON 33CL,1.0,1.5,1
2021-02-11,BOISSON 33CL,1.0,1.5,1
2021-02-12,BOISSON 33CL,2.0,1.5,1
2021-02-14,BOISSON 33CL,2.0,1.5,1
2021-02-15,BOISSON 33CL,5.0,1.5,3
2021-02-16,BOISSON 33CL,2.0,1.5,2
2021-02-18,BOISSON 33CL,2.0,1.5,2
2021-02-19,BOISSON 33CL,3.0,1.5,3
2021-02-20,BOISSON 33CL,2.0,1.5,2
2021-02-22,BOISSON 33CL,1.0,1.5,1
2021-02-23,BOISSON 33CL,3.0,1.5,3
2021-02-26,BOISSON 33CL,3.0,1.5,2
2021-02-27,BOISSON 33CL,5.0,1.5,3
2021-03-01,BOISSON 33CL,1.0,1.5,1
2021-03-02,BOISSON 33CL,2.0,1.5,2
2021-03-05,BOISSON 33CL,2.0,1.5,2
2021-03-08,BOISSON 33CL,4.0,1.5,3
2021-03-11,BOISSON 33CL,1.0,1.5,1
2021-03-12,BOISSON 33CL,2.0,1.5,1
2021-03-15,BOISSON 33CL,5.0,1.5,3
2021-03-16,BOISSON 33CL,4.0,1.5,3
2021-03-18,BOISSON 33CL,3.0,1.5,2
2021-03-19,BOISSON 33CL,1.0,1.5,1
2021-03-20,BOISSON 33CL,2.0,1.5,2
2021-03-22,BOISSON 33CL,2.0,1.5,2
2021-03-23,BOISSON 33CL,1.0,1.5,1
2021-03-25,BOISSON 33CL,6.0,1.5,4
2021-03-27,BOISSON 33CL,4.0,1.5,3
2021-03-29,BOISSON 33CL,2.0,1.5,2
2021-03-30,BOISSON 33CL,5.0,1.5,3
2021-04-01,BOISSON 33CL,3.0,1.5,3
2021-04-02,BOISSON 33CL,6.0,1.5,5
2021-04-05,BOISSON 33CL,2.0,1.5,1
2021-04-06,BOISSON 33CL,5.0,1.5,4
2021-04-08,BOISSON 33CL,1.0,1.5,1
2021-04-09,BOISSON 33CL,7.0,1.5,4
2021-04-10,BOISSON 33CL,2.0,1.5,2
2021-04-12,BOISSON 33CL,4.0,1.5,3
2021-04-13,BOISSON 33CL,5.0,1.5,4
2021-04-14,BOISSON 33CL,1.0,1.5,1
2021-04-15,BOISSON 33CL,3.0,1.5,3
2021-04-16,BOISSON 33CL,2.0,1.5,2
2021-04-17,BOISSON 33CL,3.0,1.5,2
2021-04-18,BOISSON 33CL,1.0,1.5,1
2021-04-19,BOISSON 33CL,5.0,1.5,4
2021-04-20,BOISSON 33CL,3.0,1.5,2
2021-04-21,BOISSON 33CL,6.0,1.5,3
2021-04-22,BOISSON 33CL,7.0,1.5,4
2021-04-24,BOISSON 33CL,3.0,1.5,2
2021-04-25,BOISSON 33CL,1.0,1.5,1
2021-04-26,BOISSON 33CL,3.0,1.5,2
2021-04-27,BOISSON 33CL,3.0,1.5,2
2021-04-28,BOISSON 33CL,5.0,1.5,3
2021-04-29,BOISSON 33CL,7.0,1.5,5
2021-04-30,BOISSON 33CL,3.0,1.5,3
2021-05-01,BOISSON 33CL,4.0,1.5,2
2021-05-03,BOISSON 33CL,8.0,1.5,5
2021-05-04,BOISSON 33CL,3.0,1.5,3
2021-05-05,BOISSON 33CL,4.0,1.5,3
2021-05-06,BOISSON 33CL,4.0,1.5,4
2021-05-07,BOISSON 33CL,3.0,1.5,2
2021-05-08,BOISSON 33CL,1.0,1.5,1
2021-05-09,BOISSON 33CL,2.0,1.5,1
2021-05-10,BOISSON 33CL,4.0,1.5,4
2021-05-12,BOISSON 33CL,2.0,1.5,2
2021-05-14,BOISSON 33CL,3.0,1.5,3
2021-05-16,BOISSON 33CL,4.0,1.5,1
2021-05-21,BOISSON 33CL,5.0,1.5,2
2021-05-22,BOISSON 33CL,2.0,1.5,1
2021-05-24,BOISSON 33CL,1.0,1.5,1
2021-05-25,BOISSON 33CL,8.0,1.5,5
2021-05-26,BOISSON 33CL,1.0,1.5,1
2021-05-27,BOISSON 33CL,4.0,1.5,3
2021-05-28,BOISSON 33CL,8.0,1.5,5
2021-05-29,BOISSON 33CL,4.0,1.5,4
2021-05-30,BOISSON 33CL,1.0,1.5,1
2021-05-31,BOISSON 33CL,10.0,1.5,7
2021-06-01,BOISSON 33CL,9.0,1.5,5
2021-06-02,BOISSON 33CL,5.0,1.5,3
2021-06-03,BOISSON 33CL,5.0,1.5,4
2021-06-04,BOISSON 33CL,1.0,1.5,1
2021-06-06,BOISSON 33CL,1.0,1.5,1
2021-06-07,BOISSON 33CL,3.0,1.5,3
2021-06-08,BOISSON 33CL,6.0,1.5,5
2021-06-09,BOISSON 33CL,7.0,1.5,6
2021-06-10,BOISSON 33CL,2.0,1.5,2
2021-06-11,BOISSON 33CL,9.0,1.5,6
2021-06-12,BOISSON 33CL,4.0,1.5,3
2021-06-13,BOISSON 33CL,2.0,1.5,2
2021-06-14,BOISSON 33CL,4.0,1.5,3
2021-06-15,BOISSON 33CL,10.0,1.5,6
2021-06-16,BOISSON 33CL,5.0,1.5,4
2021-06-17,BOISSON 33CL,1.0,1.5,1
2021-06-18,BOISSON 33CL,1.0,1.5,1
2021-06-20,BOISSON 33CL,2.0,1.5,2
2021-06-21,BOISSON 33CL,1.0,1.5,1
2021-06-22,BOISSON 33CL,6.0,1.5,5
2021-06-23,BOISSON 33CL,3.0,1.5,2
2021-06-24,BOISSON 33CL,5.0,1.5,3
2021-06-25,BOISSON 33CL,7.0,1.5,4
2021-06-26,BOISSON 33CL,3.0,1.5,2
2021-06-28,BOISSON 33CL,4.0,1.5,3
2021-06-29,BOISSON 33CL,9.0,1.5,7
2021-06-30,BOISSON 33CL,3.0,1.5,3
2021-07-01,BOISSON 33CL,9.0,1.5,3
2021-07-02,BOISSON 33CL,8.0,1.5,4
2021-07-03,BOISSON 33CL,2.0,1.5,2
2021-07-04,BOISSON 33CL,1.0,1.5,1
2021-07-05,BOISSON 33CL,7.0,1.5,5
2021-07-06,BOISSON 33CL,4.0,1.5,3
2021-07-07,BOISSON 33CL,2.0,1.5,2
2021-07-08,BOISSON 33CL,5.0,1.5,5
2021-07-09,BOISSON 33CL,5.0,1.5,5
2021-07-10,BOISSON 33CL,3.0,1.5,2
2021-07-11,BOISSON 33CL,2.0,1.5,1
2021-07-12,BOISSON 33CL,6.0,1.5,6
2021-07-13,BOISSON 33CL,4.0,1.5,4
2021-07-14,BOISSON 33CL,3.0,1.5,3
2021-07-16,BOISSON 33CL,11.0,1.5,7
2021-07-17,BOISSON 33CL,5.0,1.5,3
2021-07-18,BOISSON 33CL,3.0,1.5,2
2021-07-19,BOISSON 33CL,7.0,1.5,4
2021-07-20,BOISSON 33CL,22.0,1.5,13
2021-07-21,BOISSON 33CL,18.0,1.5,12
2021-07-22,BOISSON 33CL,10.0,1.5,7
2021-07-23,BOISSON 33CL,7.0,1.5,5
2021-07-24,BOISSON 33CL,8.0,1.5,5
2021-07-25,BOISSON 33CL,3.0,1.5,3
2021-07-26,BOISSON 33CL,7.0,1.5,4
2021-07-27,BOISSON 33CL,8.0,1.5,6
2021-07-28,BOISSON 33CL,2.0,1.5,2
2021-07-29,BOISSON 33CL,8.0,1.5,5
2021-07-30,BOISSON 33CL,3.0,1.5,2
2021-07-31,BOISSON 33CL,2.0,1.5,2
2021-08-02,BOISSON 33CL,4.0,1.5,3
2021-08-03,BOISSON 33CL,5.0,1.5,4
2021-08-04,BOISSON 33CL,4.0,1.5,2
2021-08-05,BOISSON 33CL,12.0,1.5,7
2021-08-06,BOISSON 33CL,9.0,1.5,7
2021-08-07,BOISSON 33CL,5.0,1.5,3
2021-08-08,BOISSON 33CL,2.0,1.5,2
2021-08-09,BOISSON 33CL,4.0,1.5,3
2021-08-10,BOISSON 33CL,5.0,1.5,4
2021-08-11,BOISSON 33CL,4.0,1.5,3
2021-08-12,BOISSON 33CL,11.0,1.5,6
2021-08-13,BOISSON 33CL,8.0,1.5,5
2021-08-14,BOISSON 33CL,8.0,1.5,4
2021-08-15,BOISSON 33CL,1.0,1.5,1
2021-08-16,BOISSON 33CL,12.0,1.5,7
2021-08-17,BOISSON 33CL,2.0,1.5,2
2021-08-18,BOISSON 33CL,6.0,1.5,4
2021-08-19,BOISSON 33CL,7.0,1.5,5
2021-08-20,BOISSON 33CL,3.0,1.5,2
2021-08-21,BOISSON 33CL,3.0,1.5,3
2021-08-22,BOISSON 33CL,2.0,1.5,1
2021-08-23,BOISSON 33CL,5.0,1.5,2
2021-08-24,BOISSON 33CL,8.0,1.5,6
2021-08-25,BOISSON 33CL,8.0,1.5,4
2021-08-26,BOISSON 33CL,9.0,1.5,6
2021-08-27,BOISSON 33CL,8.0,1.5,4
2021-08-29,BOISSON 33CL,2.0,1.5,1
2021-08-30,BOISSON 33CL,4.0,1.5,3
2021-08-31,BOISSON 33CL,4.0,1.5,3
2021-09-01,BOISSON 33CL,3.0,1.5,3
2021-09-02,BOISSON 33CL,3.0,1.5,3
2021-09-03,BOISSON 33CL,8.0,1.5,5
2021-09-04,BOISSON 33CL,2.0,1.5,2
2021-09-05,BOISSON 33CL,2.0,1.5,1
2021-09-06,BOISSON 33CL,2.0,1.5,2
2021-09-07,BOISSON 33CL,6.0,1.5,5
2021-09-08,BOISSON 33CL,6.0,1.5,6
2021-09-09,BOISSON 33CL,4.0,1.5,4
2021-09-10,BOISSON 33CL,7.0,1.5,4
2021-09-11,BOISSON 33CL,6.0,1.5,6
2021-09-12,BOISSON 33CL,1.0,1.5,1
2021-09-13,BOISSON 33CL,5.0,1.5,4
2021-09-14,BOISSON 33CL,3.0,1.5,2
2021-09-15,BOISSON 33CL,2.0,1.5,2
2021-09-16,BOISSON 33CL,1.0,1.5,1
2021-09-17,BOISSON 33CL,5.0,1.5,4
2021-09-18,BOISSON 33CL,4.0,1.5,4
2021-09-20,BOISSON 33CL,3.0,1.5,2
2021-09-21,BOISSON 33CL,3.0,1.5,3
2021-09-23,BOISSON 33CL,4.0,1.5,4
2021-09-24,BOISSON 33CL,5.0,1.5,4
2021-09-25,BOISSON 33CL,3.0,1.5,2
2021-09-26,BOISSON 33CL,1.0,1.5,1
2021-09-27,BOISSON 33CL,4.0,1.5,3
2021-09-28,BOISSON 33CL,6.0,1.5,5
2021-09-29,BOISSON 33CL,1.0,1.5,1
2021-09-30,BOISSON 33CL,5.0,1.5,3
2021-10-01,BOISSON 33CL,4.0,1.5,3
2021-10-02,BOISSON 33CL,1.0,1.5,1
2021-10-03,BOISSON 33CL,3.0,1.5,3
2021-10-04,BOISSON 33CL,1.0,1.5,1
2021-10-05,BOISSON 33CL,1.0,1.5,1
2021-10-06,BOISSON 33CL,4.0,1.5,3
2021-10-08,BOISSON 33CL,5.0,1.5,5
2021-10-09,BOISSON 33CL,2.0,1.5,1
2021-10-10,BOISSON 33CL,1.0,1.5,1
2021-10-12,BOISSON 33CL,6.0,1.5,5
2021-10-13,BOISSON 33CL,2.0,1.5,2
2021-10-14,BOISSON 33CL,3.0,1.5,3
2021-10-18,BOISSON 33CL,1.0,1.5,1
2021-10-19,BOISSON 33CL,5.0,1.5,4
2021-10-22,BOISSON 33CL,2.0,1.5,2
2021-10-24,BOISSON 33CL,4.0,1.5,2
2021-10-25,BOISSON 33CL,2.0,1.5,2
2021-10-26,BOISSON 33CL,3.0,1.5,3
2021-10-27,BOISSON 33CL,3.0,1.5,3
2021-10-28,BOISSON 33CL,2.0,1.5,2
2021-10-29,BOISSON 33CL,3.0,1.5,2
2021-10-30,BOISSON 33CL,1.0,1.5,1
2021-10-31,BOISSON 33CL,1.0,1.5,1
2021-11-02,BOISSON 33CL,1.0,1.5,1
2021-11-03,BOISSON 33CL,2.0,1.5,2
2021-11-04,BOISSON 33CL,4.0,1.5,3
2021-11-05,BOISSON 33CL,1.0,1.5,1
2021-11-07,BOISSON 33CL,1.0,1.5,1
2021-11-08,BOISSON 33CL,3.0,1.5,2
2021-11-09,BOISSON 33CL,6.0,1.5,5
2021-11-10,BOISSON 33CL,3.0,1.5,3
2021-11-11,BOISSON 33CL,2.0,1.5,1
2021-11-12,BOISSON 33CL,2.0,1.5,1
2021-11-15,BOISSON 33CL,3.0,1.5,3
2021-11-16,BOISSON 33CL,6.0,1.5,4
2021-11-18,BOISSON 33CL,2.0,1.5,2
2021-11-19,BOISSON 33CL,5.0,1.5,4
2021-11-20,BOISSON 33CL,2.0,1.5,2
2021-11-21,BOISSON 33CL,2.0,1.5,1
2021-11-22,BOISSON 33CL,7.0,1.5,5
2021-11-23,BOISSON 33CL,6.0,1.5,5
2021-11-26,BOISSON 33CL,2.0,1.5,2
2021-11-27,BOISSON 33CL,1.0,1.5,1
2021-11-29,BOISSON 33CL,3.0,1.5,3
2021-11-30,BOISSON 33CL,5.0,1.5,5
2021-12-02,BOISSON 33CL,1.0,1.5,1
2021-12-05,BOISSON 33CL,1.0,1.5,1
2021-12-10,BOISSON 33CL,1.0,1.5,1
2021-12-11,BOISSON 33CL,2.0,1.5,2
2021-12-13,BOISSON 33CL,2.0,1.5,2
2021-12-14,BOISSON 33CL,2.0,1.5,2
2021-12-16,BOISSON 33CL,3.0,1.5,3
2021-12-17,BOISSON 33CL,3.0,1.5,2
2021-12-18,BOISSON 33CL,1.0,1.5,1
2021-12-20,BOISSON 33CL,5.0,1.5,4
2021-12-21,BOISSON 33CL,6.0,1.5,4
2021-12-22,BOISSON 33CL,1.0,1.5,1
2021-12-24,BOISSON 33CL,1.0,1.5,1
2021-12-25,BOISSON 33CL,5.0,1.5,2
2021-12-26,BOISSON 33CL,3.0,1.5,2
2021-12-29,BOISSON 33CL,1.0,1.5,1
2021-12-31,BOISSON 33CL,2.0,1.5,2
2022-01-02,BOISSON 33CL,3.0,1.5,2
2022-01-03,BOISSON 33CL,1.0,1.5,1
2022-01-06,BOISSON 33CL,1.0,1.5,1
2022-01-07,BOISSON 33CL,2.0,1.5,2
2022-01-09,BOISSON 33CL,2.0,1.5,1
2022-01-10,BOISSON 33CL,4.0,1.5,3
2022-01-14,BOISSON 33CL,3.0,1.5,3
2022-01-15,BOISSON 33CL,3.0,1.5,3
2022-01-17,BOISSON 33CL,3.0,1.5,2
2022-01-18,BOISSON 33CL,1.0,1.5,1
2022-01-20,BOISSON 33CL,4.0,1.5,3
2022-01-22,BOISSON 33CL,1.0,1.5,1
2022-01-27,BOISSON 33CL,2.0,1.5,1
2022-01-28,BOISSON 33CL,3.0,1.5,3
2022-01-31,BOISSON 33CL,1.0,1.5,1
2022-02-03,BOISSON 33CL,4.0,1.5,3
2022-02-04,BOISSON 33CL,4.0,1.5,4
2022-02-05,BOISSON 33CL,1.0,1.5,1
2022-02-07,BOISSON 33CL,7.0,1.5,5
2022-02-08,BOISSON 33CL,2.0,1.5,2
2022-02-10,BOISSON 33CL,1.0,1.5,1
2022-02-11,BOISSON 33CL,1.0,1.5,1
2022-02-12,BOISSON 33CL,2.0,1.5,1
2022-02-14,BOISSON 33CL,5.0,1.5,5
2022-02-15,BOISSON 33CL,4.0,1.5,3
2022-02-17,BOISSON 33CL,7.0,1.5,6
2022-02-18,BOISSON 33CL,1.0,1.5,1
2022-02-19,BOISSON 33CL,1.0,1.5,1
2022-02-21,BOISSON 33CL,2.0,1.5,2
2022-02-22,BOISSON 33CL,2.0,1.5,1
2022-02-24,BOISSON 33CL,1.0,1.5,1
2022-02-25,BOISSON 33CL,3.0,1.5,3
2022-02-26,BOISSON 33CL,6.0,1.5,4
2022-02-28,BOISSON 33CL,1.0,1.5,1
2022-03-01,BOISSON 33CL,4.0,1.5,3
2022-03-02,BOISSON 33CL,2.0,1.5,2
2022-03-03,BOISSON 33CL,2.0,1.5,2
2022-03-04,BOISSON 33CL,1.0,1.5,1
2022-03-06,BOISSON 33CL,1.0,1.5,1
2022-03-07,BOISSON 33CL,7.0,1.5,6
2022-03-08,BOISSON 33CL,6.0,1.5,6
2022-03-09,BOISSON 33CL,4.0,1.5,3
2022-03-10,BOISSON 33CL,3.0,1.5,3
2022-03-11,BOISSON 33CL,3.0,1.5,3
2022-03-12,BOISSON 33CL,1.0,1.5,1
2022-03-14,BOISSON 33CL,7.0,1.5,6
2022-03-15,BOISSON 33CL,5.0,1.5,4
2022-03-16,BOISSON 33CL,2.0,1.5,2
2022-03-17,BOISSON 33CL,3.0,1.5,3
2022-03-18,BOISSON 33CL,2.0,1.5,1
2022-03-19,BOISSON 33CL,7.0,1.5,4
2022-03-20,BOISSON 33CL,6.0,1.5,3
2022-03-21,BOISSON 33CL,6.0,1.5,5
2022-03-22,BOISSON 33CL,5.0,1.5,4
2022-03-23,BOISSON 33CL,4.0,1.5,3
2022-03-24,BOISSON 33CL,6.0,1.5,4
2022-03-25,BOISSON 33CL,1.0,1.5,1
2022-03-26,BOISSON 33CL,3.0,1.5,3
2022-03-27,BOISSON 33CL,4.0,1.5,1
2022-03-28,BOISSON 33CL,5.0,1.5,3
2022-03-29,BOISSON 33CL,6.0,1.5,6
2022-04-01,BOISSON 33CL,3.0,1.5,3
2022-04-02,BOISSON 33CL,2.0,1.5,2
2022-04-04,BOISSON 33CL,6.0,1.5,5
2022-04-05,BOISSON 33CL,5.0,1.5,4
2022-04-06,BOISSON 33CL,1.0,1.5,1
2022-04-07,BOISSON 33CL,4.0,1.5,2
2022-04-08,BOISSON 33CL,3.0,1.5,2
2022-04-09,BOISSON 33CL,1.0,1.5,1
2022-04-10,BOISSON 33CL,4.0,1.5,3
2022-04-11,BOISSON 33CL,3.0,1.5,3
2022-04-12,BOISSON 33CL,1.0,1.5,1
2022-04-13,BOISSON 33CL,1.0,1.5,1
2022-04-14,BOISSON 33CL,3.0,1.5,3
2022-04-15,BOISSON 33CL,1.0,1.5,1
2022-04-17,BOISSON 33CL,1.0,1.5,1
2022-04-18,BOISSON 33CL,2.0,1.5,1
2022-04-19,BOISSON 33CL,8.0,1.5,5
2022-04-20,BOISSON 33CL,2.0,1.5,2
2022-04-21,BOISSON 33CL,5.0,1.5,4
2022-04-22,BOISSON 33CL,1.0,1.5,1
2022-04-24,BOISSON 33CL,1.0,1.5,1
2022-04-25,BOISSON 33CL,3.0,1.5,2
2022-04-26,BOISSON 33CL,1.0,1.5,1
2022-04-27,BOISSON 33CL,10.0,1.5,8
2022-04-28,BOISSON 33CL,2.0,1.5,2
2022-04-29,BOISSON 33CL,2.0,1.5,2
2022-05-01,BOISSON 33CL,1.0,1.5,1
2022-05-02,BOISSON 33CL,3.0,1.5,3
2022-05-03,BOISSON 33CL,2.0,1.5,2
2022-05-05,BOISSON 33CL,5.0,1.5,4
2022-05-06,BOISSON 33CL,5.0,1.5,5
2022-05-09,BOISSON 33CL,3.0,1.5,3
2022-05-10,BOISSON 33CL,2.0,1.5,1
2022-05-11,BOISSON 33CL,1.0,1.5,1
2022-05-12,BOISSON 33CL,9.0,1.5,7
2022-05-13,BOISSON 33CL,6.0,1.5,5
2022-05-14,BOISSON 33CL,2.0,1.5,2
2022-05-15,BOISSON 33CL,1.0,1.5,1
2022-05-16,BOISSON 33CL,3.0,1.5,3
2022-05-17,BOISSON 33CL,12.0,1.5,10
2022-05-18,BOISSON 33CL,3.0,1.5,3
2022-05-19,BOISSON 33CL,6.0,1.5,5
2022-05-20,BOISSON 33CL,6.0,1.5,6
2022-05-21,BOISSON 33CL,2.0,1.5,1
2022-05-24,BOISSON 33CL,3.0,1.5,3
2022-05-25,BOISSON 33CL,3.0,1.5,3
2022-05-26,BOISSON 33CL,2.0,1.5,2
2022-05-27,BOISSON 33CL,4.0,1.5,3
2022-05-28,BOISSON 33CL,1.0,1.5,1
2022-05-30,BOISSON 33CL,1.0,1.5,1
2022-05-31,BOISSON 33CL,5.0,1.5,4
2022-06-01,BOISSON 33CL,7.0,1.5,6
2022-06-02,BOISSON 33CL,3.0,1.5,3
2022-06-03,BOISSON 33CL,13.0,1.5,8
2022-06-04,BOISSON 33CL,6.0,1.5,4
2022-06-06,BOISSON 33CL,2.0,1.5,2
2022-06-07,BOISSON 33CL,5.0,1.5,5
2022-06-08,BOISSON 33CL,3.0,1.5,3
2022-06-09,BOISSON 33CL,6.0,1.5,5
2022-06-10,BOISSON 33CL,3.0,1.5,2
2022-06-12,BOISSON 33CL,1.0,1.5,1
2022-06-13,BOISSON 33CL,2.0,1.5,2
2022-06-14,BOISSON 33CL,3.0,1.5,3
2022-06-15,BOISSON 33CL,3.0,1.5,3
2022-06-16,BOISSON 33CL,9.0,1.5,6
2022-06-17,BOISSON 33CL,1.0,1.5,1
2022-06-18,BOISSON 33CL,3.0,1.5,2
2022-06-19,BOISSON 33CL,3.0,1.5,2
2022-06-20,BOISSON 33CL,7.0,1.5,4
2022-06-21,BOISSON 33CL,4.0,1.5,3
2022-06-22,BOISSON 33CL,3.0,1.5,3
2022-06-23,BOISSON 33CL,1.0,1.5,1
2022-06-24,BOISSON 33CL,4.0,1.5,4
2022-06-25,BOISSON 33CL,1.0,1.5,1
2022-06-26,BOISSON 33CL,2.0,1.5,2
2022-06-27,BOISSON 33CL,4.0,1.5,3
2022-06-28,BOISSON 33CL,3.0,1.5,3
2022-06-30,BOISSON 33CL,7.0,1.5,4
2022-07-01,BOISSON 33CL,8.0,1.5,6
2022-07-02,BOISSON 33CL,4.0,1.5,4
2022-07-03,BOISSON 33CL,1.0,1.5,1
2022-07-04,BOISSON 33CL,5.0,1.5,5
2022-07-05,BOISSON 33CL,6.0,1.5,6
2022-07-06,BOISSON 33CL,7.0,1.5,4
2022-07-07,BOISSON 33CL,6.0,1.5,5
2022-07-08,BOISSON 33CL,8.0,1.5,8
2022-07-10,BOISSON 33CL,1.0,1.5,1
2022-07-11,BOISSON 33CL,9.0,1.5,8
2022-07-12,BOISSON 33CL,7.0,1.5,6
2022-07-13,BOISSON 33CL,7.0,1.5,6
2022-07-14,BOISSON 33CL,3.0,1.5,2
2022-07-15,BOISSON 33CL,3.0,1.5,3
2022-07-16,BOISSON 33CL,10.0,1.5,8
2022-07-17,BOISSON 33CL,3.0,1.5,3
2022-07-18,BOISSON 33CL,10.0,1.5,9
2022-07-19,BOISSON 33CL,2.0,1.5,2
2022-07-20,BOISSON 33CL,3.0,1.5,3
2022-07-21,BOISSON 33CL,6.0,1.5,4
2022-07-22,BOISSON 33CL,3.0,1.5,3
2022-07-23,BOISSON 33CL,2.0,1.5,1
2022-07-25,BOISSON 33CL,4.0,1.5,3
2022-07-26,BOISSON 33CL,7.0,1.5,7
2022-07-27,BOISSON 33CL,2.0,1.5,2
2022-07-28,BOISSON 33CL,6.0,1.5,6
2022-07-29,BOISSON 33CL,7.0,1.5,5
2022-07-30,BOISSON 33CL,4.0,1.5,3
2022-07-31,BOISSON 33CL,8.0,1.5,4
2022-08-01,BOISSON 33CL,8.0,1.5,7
2022-08-02,BOISSON 33CL,6.0,1.5,5
2022-08-03,BOISSON 33CL,7.0,1.5,6
2022-08-04,BOISSON 33CL,9.0,1.5,7
2022-08-05,BOISSON 33CL,6.0,1.5,5
2022-08-06,BOISSON 33CL,5.0,1.5,4
2022-08-07,BOISSON 33CL,3.0,1.5,2
2022-08-08,BOISSON 33CL,5.0,1.5,4
2022-08-09,BOISSON 33CL,15.0,1.5,11
2022-08-10,BOISSON 33CL,7.0,1.5,5
2022-08-11,BOISSON 33CL,6.0,1.5,5
2022-08-12,BOISSON 33CL,11.0,1.5,8
2022-08-13,BOISSON 33CL,6.0,1.5,4
2022-08-15,BOISSON 33CL,1.0,1.5,1
2022-08-16,BOISSON 33CL,5.0,1.5,3
2022-08-17,BOISSON 33CL,3.0,1.5,3
2022-08-18,BOISSON 33CL,4.0,1.5,3
2022-08-19,BOISSON 33CL,6.0,1.5,5
2022-08-20,BOISSON 33CL,5.0,1.5,3
2022-08-21,BOISSON 33CL,1.0,1.5,1
2022-08-23,BOISSON 33CL,2.0,1.5,2
2022-08-24,BOISSON 33CL,3.0,1.5,1
2022-08-25,BOISSON 33CL,5.0,1.5,3
2022-08-26,BOISSON 33CL,4.0,1.5,4
2022-08-27,BOISSON 33CL,4.0,1.5,4
2022-08-28,BOISSON 33CL,5.0,1.5,3
2022-08-29,BOISSON 33CL,2.0,1.5,2
2022-08-30,BOISSON 33CL,9.0,1.5,7
2022-08-31,BOISSON 33CL,3.0,1.5,3
2022-09-03,BOISSON 33CL,4.0,1.5,1
2022-09-04,BOISSON 33CL,1.0,1.5,1
2022-09-06,BOISSON 33CL,1.0,1.5,1
2022-09-07,BOISSON 33CL,5.0,1.5,4
2022-09-08,BOISSON 33CL,3.0,1.5,1
2022-09-11,BOISSON 33CL,1.0,1.5,1
2022-09-12,BOISSON 33CL,1.0,1.5,1
2022-09-13,BOISSON 33CL,2.0,1.5,1
2022-09-14,BOISSON 33CL,2.0,1.5,2
2022-09-15,BOISSON 33CL,8.0,1.5,6
2022-09-16,BOISSON 33CL,4.0,1.5,4
2022-09-17,BOISSON 33CL,1.0,1.5,1
2022-09-21,BOISSON 33CL,6.0,1.5,6
2022-09-22,BOISSON 33CL,4.0,1.5,4
2022-09-23,BOISSON 33CL,7.0,1.5,6
2022-09-24,BOISSON 33CL,2.0,1.5,1
2022-09-26,BOISSON 33CL,3.0,1.5,2
2022-09-27,BOISSON 33CL,2.0,1.5,2
2022-09-28,BOISSON 33CL,4.0,1.5,4
2022-09-29,BOISSON 33CL,9.0,1.5,7
2022-09-30,BOISSON 33CL,6.0,1.5,6
2022-02-08,BOTTEREAU,22.0,0.5,5
2022-02-12,BOTTEREAU,14.0,0.5,4
2022-02-13,BOTTEREAU,38.0,0.5,6
2022-02-14,BOTTEREAU,24.0,0.5,7
2022-02-17,BOTTEREAU,2.0,0.5,1
2022-02-18,BOTTEREAU,25.0,0.5,6
2022-02-19,BOTTEREAU,32.0,0.5,5
2022-02-20,BOTTEREAU,39.0,0.5,8
2022-02-21,BOTTEREAU,25.0,0.5,6
2022-02-22,BOTTEREAU,21.0,0.5,7
2022-02-24,BOTTEREAU,20.0,0.5,5
2022-02-25,BOTTEREAU,31.0,0.5,7
2022-02-26,BOTTEREAU,32.0,0.5,5
2022-02-27,BOTTEREAU,32.0,0.5,4
2022-02-28,BOTTEREAU,16.0,0.5,4
2022-03-01,BOTTEREAU,16.0,0.5,5
2021-01-02,BOULE 200G,6.0,1.1,6
2021-01-03,BOULE 200G,3.0,1.1,3
2021-01-04,BOULE 200G,4.0,1.1,4
2021-01-05,BOULE 200G,2.0,1.1,1
2021-01-07,BOULE 200G,5.0,1.1,3
2021-01-08,BOULE 200G,3.0,1.1,3
2021-01-09,BOULE 200G,1.0,1.1,1
2021-01-10,BOULE 200G,1.0,1.1,1
2021-01-11,BOULE 200G,6.0,1.1,4
2021-01-12,BOULE 200G,3.0,1.1,3
2021-01-14,BOULE 200G,2.0,1.1,2
2021-01-16,BOULE 200G,2.0,1.1,2
2021-01-17,BOULE 200G,3.0,1.1,3
2021-01-18,BOULE 200G,1.0,1.1,1
2021-01-19,BOULE 200G,5.0,1.1,4
2021-01-21,BOULE 200G,2.0,1.1,2
2021-01-22,BOULE 200G,1.0,1.1,1
2021-01-24,BOULE 200G,7.0,1.1,6
2021-01-25,BOULE 200G,3.0,1.1,3
2021-01-26,BOULE 200G,1.0,1.1,1
2021-01-28,BOULE 200G,2.0,1.1,2
2021-01-29,BOULE 200G,5.0,1.1,2
2021-01-30,BOULE 200G,5.0,1.1,3
2021-01-31,BOULE 200G,4.0,1.1,4
2021-02-01,BOULE 200G,1.0,1.1,1
2021-02-02,BOULE 200G,6.0,1.1,5
2021-02-04,BOULE 200G,6.0,1.1,5
2021-02-05,BOULE 200G,6.0,1.1,5
2021-02-06,BOULE 200G,3.0,1.1,1
2021-02-07,BOULE 200G,3.0,1.1,3
2021-02-08,BOULE 200G,3.0,1.1,3
2021-02-09,BOULE 200G,6.0,1.1,4
2021-02-11,BOULE 200G,6.0,1.1,3
2021-02-12,BOULE 200G,2.0,1.1,1
2021-02-13,BOULE 200G,6.0,1.1,6
2021-02-14,BOULE 200G,8.0,1.1,6
2021-02-15,BOULE 200G,4.0,1.1,2
2021-02-16,BOULE 200G,3.0,1.1,3
2021-02-18,BOULE 200G,3.0,1.1,3
2021-02-19,BOULE 200G,5.0,1.1,5
2021-02-20,BOULE 200G,6.0,1.1,6
2021-02-21,BOULE 200G,6.0,1.1,5
2021-02-22,BOULE 200G,6.0,1.1,5
2021-02-23,BOULE 200G,5.0,1.1,4
2021-02-25,BOULE 200G,1.0,1.1,1
2021-02-26,BOULE 200G,7.0,1.1,6
2021-02-27,BOULE 200G,8.0,1.1,7
2021-02-28,BOULE 200G,7.0,1.1,6
2021-03-01,BOULE 200G,1.0,1.1,1
2021-03-02,BOULE 200G,7.0,1.1,5
2021-03-04,BOULE 200G,8.0,1.1,8
2021-03-05,BOULE 200G,7.0,1.1,6
2021-03-06,BOULE 200G,6.0,1.1,4
2021-03-07,BOULE 200G,8.0,1.1,8
2021-03-08,BOULE 200G,4.0,1.1,4
2021-03-09,BOULE 200G,6.0,1.1,4
2021-03-11,BOULE 200G,7.0,1.1,7
2021-03-12,BOULE 200G,6.0,1.1,4
2021-03-13,BOULE 200G,3.0,1.1,3
2021-03-14,BOULE 200G,9.0,1.1,8
2021-03-15,BOULE 200G,3.0,1.1,3
2021-03-16,BOULE 200G,6.0,1.1,4
2021-03-18,BOULE 200G,6.0,1.1,3
2021-03-19,BOULE 200G,5.0,1.1,5
2021-03-20,BOULE 200G,6.0,1.1,3
2021-03-21,BOULE 200G,6.0,1.1,6
2021-03-23,BOULE 200G,6.0,1.1,4
2021-03-25,BOULE 200G,1.0,1.1,1
2021-03-26,BOULE 200G,1.0,1.1,1
2021-03-27,BOULE 200G,4.0,1.1,2
2021-03-28,BOULE 200G,6.0,1.1,5
2021-03-29,BOULE 200G,4.0,1.1,4
2021-03-30,BOULE 200G,3.0,1.1,2
2021-04-01,BOULE 200G,2.0,1.1,2
2021-04-02,BOULE 200G,6.0,1.1,3
2021-04-03,BOULE 200G,4.0,1.1,3
2021-04-04,BOULE 200G,6.0,1.1,5
2021-04-05,BOULE 200G,6.0,1.1,4
2021-04-06,BOULE 200G,2.0,1.1,2
2021-04-08,BOULE 200G,2.0,1.1,2
2021-04-09,BOULE 200G,5.0,1.1,5
2021-04-10,BOULE 200G,6.0,1.1,6
2021-04-11,BOULE 200G,6.0,1.1,4
2021-04-13,BOULE 200G,3.0,1.1,3
2021-04-14,BOULE 200G,3.0,1.1,3
2021-04-15,BOULE 200G,1.0,1.1,1
2021-04-16,BOULE 200G,6.0,1.1,4
2021-04-17,BOULE 200G,5.0,1.1,3
2021-04-18,BOULE 200G,4.0,1.1,4
2021-04-19,BOULE 200G,6.0,1.1,3
2021-04-20,BOULE 200G,4.0,1.1,4
2021-04-21,BOULE 200G,2.0,1.1,2
2021-04-22,BOULE 200G,6.0,1.1,4
2021-04-23,BOULE 200G,2.0,1.1,2
2021-04-24,BOULE 200G,1.0,1.1,1
2021-04-25,BOULE 200G,5.0,1.1,5
2021-04-26,BOULE 200G,6.0,1.1,4
2021-04-27,BOULE 200G,4.0,1.1,4
2021-04-29,BOULE 200G,1.0,1.1,1
2021-04-30,BOULE 200G,3.0,1.1,3
2021-05-02,BOULE 200G,6.0,1.1,6
2021-05-03,BOULE 200G,6.0,1.1,4
2021-05-04,BOULE 200G,2.0,1.1,2
2021-05-05,BOULE 200G,3.0,1.1,3
2021-05-06,BOULE 200G,4.0,1.1,3
2021-05-07,BOULE 200G,6.0,1.1,4
2021-05-08,BOULE 200G,3.0,1.1,3
2021-05-09,BOULE 200G,6.0,1.1,5
2021-05-10,BOULE 200G,5.0,1.1,5
2021-05-11,BOULE 200G,8.0,1.1,4
2021-05-12,BOULE 200G,5.0,1.1,5
2021-05-13,BOULE 200G,10.0,1.1,9
2021-05-14,BOULE 200G,6.0,1.1,6
2021-05-15,BOULE 200G,9.0,1.1,7
2021-05-16,BOULE 200G,10.0,1.1,10
2021-05-21,BOULE 200G,3.0,1.1,2
2021-05-22,BOULE 200G,4.0,1.1,4
2021-05-23,BOULE 200G,7.0,1.1,6
2021-05-24,BOULE 200G,6.0,1.1,5
2021-05-25,BOULE 200G,5.0,1.1,5
2021-05-26,BOULE 200G,2.0,1.1,2
2021-05-27,BOULE 200G,7.0,1.1,7
2021-05-28,BOULE 200G,1.0,1.1,1
2021-05-29,BOULE 200G,6.0,1.1,6
2021-05-30,BOULE 200G,7.0,1.1,6
2021-05-31,BOULE 200G,6.0,1.1,4
2021-06-01,BOULE 200G,1.0,1.1,1
2021-06-02,BOULE 200G,3.0,1.1,3
2021-06-03,BOULE 200G,5.0,1.1,3
2021-06-04,BOULE 200G,4.0,1.1,4
2021-06-05,BOULE 200G,5.0,1.1,4
2021-06-06,BOULE 200G,4.0,1.1,4
2021-06-07,BOULE 200G,5.0,1.1,4
2021-06-08,BOULE 200G,5.0,1.1,5
2021-06-09,BOULE 200G,4.0,1.1,4
2021-06-10,BOULE 200G,9.0,1.1,6
2021-06-11,BOULE 200G,6.0,1.1,4
2021-06-12,BOULE 200G,7.0,1.1,6
2021-06-13,BOULE 200G,7.0,1.1,5
2021-06-14,BOULE 200G,8.0,1.1,7
2021-06-15,BOULE 200G,5.0,1.1,5
2021-06-16,BOULE 200G,5.0,1.1,4
2021-06-17,BOULE 200G,6.0,1.1,3
2021-06-18,BOULE 200G,8.0,1.1,5
2021-06-19,BOULE 200G,6.0,1.1,5
2021-06-20,BOULE 200G,12.0,1.1,10
2021-06-21,BOULE 200G,7.0,1.1,5
2021-06-22,BOULE 200G,7.0,1.1,7
2021-06-23,BOULE 200G,5.0,1.1,4
2021-06-24,BOULE 200G,5.0,1.1,5
2021-06-25,BOULE 200G,4.0,1.1,4
2021-06-26,BOULE 200G,7.0,1.1,6
2021-06-27,BOULE 200G,8.0,1.1,8
2021-06-28,BOULE 200G,4.0,1.1,3
2021-06-29,BOULE 200G,3.0,1.1,3
2021-06-30,BOULE 200G,8.0,1.1,5
2021-07-01,BOULE 200G,2.0,1.1,2
2021-07-02,BOULE 200G,3.0,1.1,3
2021-07-03,BOULE 200G,9.0,1.1,8
2021-07-04,BOULE 200G,8.0,1.1,8
2021-07-05,BOULE 200G,8.0,1.1,6
2021-07-06,BOULE 200G,8.0,1.1,4
2021-07-07,BOULE 200G,5.0,1.1,5
2021-07-08,BOULE 200G,3.0,1.1,3
2021-07-09,BOULE 200G,2.0,1.1,2
2021-07-10,BOULE 200G,8.0,1.1,5
2021-07-11,BOULE 200G,11.0,1.1,11
2021-07-12,BOULE 200G,6.0,1.1,6
2021-07-13,BOULE 200G,10.0,1.1,9
2021-07-14,BOULE 200G,6.0,1.1,5
2021-07-15,BOULE 200G,6.0,1.1,5
2021-07-16,BOULE 200G,7.0,1.1,5
2021-07-17,BOULE 200G,4.0,1.1,4
2021-07-18,BOULE 200G,10.0,1.1,10
2021-07-19,BOULE 200G,8.0,1.1,8
2021-07-20,BOULE 200G,7.0,1.1,6
2021-07-21,BOULE 200G,5.0,1.1,5
2021-07-22,BOULE 200G,9.0,1.1,8
2021-07-23,BOULE 200G,12.0,1.1,6
2021-07-24,BOULE 200G,10.0,1.1,4
2021-07-25,BOULE 200G,8.0,1.1,8
2021-07-26,BOULE 200G,7.0,1.1,7
2021-07-27,BOULE 200G,7.0,1.1,7
2021-07-28,BOULE 200G,5.0,1.1,5
2021-07-29,BOULE 200G,4.0,1.1,4
2021-07-30,BOULE 200G,5.0,1.1,3
2021-07-31,BOULE 200G,6.0,1.1,6
2021-08-01,BOULE 200G,10.0,1.1,9
2021-08-02,BOULE 200G,2.0,1.1,1
2021-08-03,BOULE 200G,10.0,1.1,5
2021-08-04,BOULE 200G,2.0,1.1,1
2021-08-05,BOULE 200G,7.0,1.1,6
2021-08-06,BOULE 200G,5.0,1.1,3
2021-08-07,BOULE 200G,5.0,1.1,5
2021-08-08,BOULE 200G,8.0,1.1,8
2021-08-09,BOULE 200G,7.0,1.1,7
2021-08-10,BOULE 200G,13.0,1.1,6
2021-08-11,BOULE 200G,8.0,1.1,8
2021-08-12,BOULE 200G,10.0,1.1,8
2021-08-13,BOULE 200G,10.0,1.1,10
2021-08-14,BOULE 200G,10.0,1.1,9
2021-08-15,BOULE 200G,9.0,1.1,9
2021-08-16,BOULE 200G,9.0,1.1,7
2021-08-17,BOULE 200G,6.0,1.1,6
2021-08-18,BOULE 200G,9.0,1.1,9
2021-08-19,BOULE 200G,9.0,1.1,7
2021-08-20,BOULE 200G,5.0,1.1,3
2021-08-21,BOULE 200G,5.0,1.1,4
2021-08-22,BOULE 200G,8.0,1.1,8
2021-08-23,BOULE 200G,8.0,1.1,7
2021-08-24,BOULE 200G,3.0,1.1,3
2021-08-25,BOULE 200G,7.0,1.1,7
2021-08-26,BOULE 200G,4.0,1.1,3
2021-08-27,BOULE 200G,7.0,1.1,7
2021-08-28,BOULE 200G,10.0,1.1,8
2021-08-29,BOULE 200G,9.0,1.1,9
2021-08-30,BOULE 200G,8.0,1.1,8
2021-08-31,BOULE 200G,7.0,1.1,5
2021-09-01,BOULE 200G,4.0,1.1,4
2021-09-02,BOULE 200G,7.0,1.1,6
2021-09-03,BOULE 200G,8.0,1.1,8
2021-09-04,BOULE 200G,9.0,1.1,6
2021-09-05,BOULE 200G,7.0,1.1,7
2021-09-06,BOULE 200G,2.0,1.1,2
2021-09-07,BOULE 200G,8.0,1.1,8
2021-09-08,BOULE 200G,6.0,1.1,4
2021-09-09,BOULE 200G,3.0,1.1,3
2021-09-10,BOULE 200G,6.0,1.1,6
2021-09-11,BOULE 200G,3.0,1.1,3
2021-09-12,BOULE 200G,3.0,1.1,3
2021-09-13,BOULE 200G,2.0,1.1,1
2021-09-14,BOULE 200G,6.0,1.1,3
2021-09-15,BOULE 200G,2.0,1.1,2
2021-09-16,BOULE 200G,5.0,1.1,5
2021-09-17,BOULE 200G,5.0,1.1,4
2021-09-18,BOULE 200G,4.0,1.1,4
2021-09-19,BOULE 200G,7.0,1.1,7
2021-09-20,BOULE 200G,5.0,1.1,5
2021-09-21,BOULE 200G,5.0,1.1,5
2021-09-23,BOULE 200G,2.0,1.1,2
2021-09-24,BOULE 200G,3.0,1.1,2
2021-09-25,BOULE 200G,2.0,1.1,2
2021-09-26,BOULE 200G,8.0,1.1,6
2021-09-27,BOULE 200G,4.0,1.1,4
2021-09-28,BOULE 200G,1.0,1.1,1
2021-09-29,BOULE 200G,3.0,1.1,3
2021-09-30,BOULE 200G,4.0,1.1,4
2021-10-01,BOULE 200G,6.0,1.1,3
2021-10-02,BOULE 200G,8.0,1.1,3
2021-10-03,BOULE 200G,5.0,1.1,5
2021-10-04,BOULE 200G,2.0,1.1,2
2021-10-05,BOULE 200G,5.0,1.1,5
2021-10-06,BOULE 200G,3.0,1.1,3
2021-10-07,BOULE 200G,6.0,1.1,6
2021-10-08,BOULE 200G,6.0,1.1,6
2021-10-09,BOULE 200G,3.0,1.1,3
2021-10-10,BOULE 200G,6.0,1.1,6
2021-10-11,BOULE 200G,1.0,1.1,1
2021-10-12,BOULE 200G,2.0,1.1,2
2021-10-13,BOULE 200G,3.0,1.1,3
2021-10-14,BOULE 200G,3.0,1.1,2
2021-10-15,BOULE 200G,1.0,1.1,1
2021-10-16,BOULE 200G,6.0,1.1,5
2021-10-17,BOULE 200G,5.0,1.1,4
2021-10-18,BOULE 200G,5.0,1.1,5
2021-10-19,BOULE 200G,1.0,1.1,1
2021-10-20,BOULE 200G,3.0,1.1,3
2021-10-21,BOULE 200G,4.0,1.1,4
2021-10-22,BOULE 200G,2.0,1.1,2
2021-10-23,BOULE 200G,4.0,1.1,4
2021-10-24,BOULE 200G,6.0,1.1,4
2021-10-25,BOULE 200G,3.0,1.1,2
2021-10-26,BOULE 200G,6.0,1.1,4
2021-10-27,BOULE 200G,2.0,1.1,2
2021-10-28,BOULE 200G,3.0,1.1,3
2021-10-29,BOULE 200G,6.0,1.1,5
2021-10-30,BOULE 200G,6.0,1.1,5
2021-10-31,BOULE 200G,6.0,1.1,5
2021-11-01,BOULE 200G,6.0,1.1,4
2021-11-02,BOULE 200G,4.0,1.1,3
2021-11-03,BOULE 200G,1.0,1.1,1
2021-11-04,BOULE 200G,5.0,1.1,5
2021-11-05,BOULE 200G,2.0,1.1,1
2021-11-06,BOULE 200G,6.0,1.1,4
2021-11-07,BOULE 200G,6.0,1.1,4
2021-11-08,BOULE 200G,1.0,1.1,1
2021-11-09,BOULE 200G,1.0,1.1,1
2021-11-10,BOULE 200G,4.0,1.1,2
2021-11-11,BOULE 200G,4.0,1.1,2
2021-11-12,BOULE 200G,3.0,1.1,3
2021-11-13,BOULE 200G,1.0,1.1,1
2021-11-14,BOULE 200G,4.0,1.1,4
2021-11-15,BOULE 200G,5.0,1.1,3
2021-11-18,BOULE 200G,2.0,1.1,2
2021-11-19,BOULE 200G,1.0,1.1,1
2021-11-20,BOULE 200G,1.0,1.1,1
2021-11-21,BOULE 200G,5.0,1.1,5
2021-11-22,BOULE 200G,6.0,1.1,6
2021-11-23,BOULE 200G,6.0,1.1,4
2021-11-25,BOULE 200G,4.0,1.1,3
2021-11-26,BOULE 200G,1.0,1.1,1
2021-11-28,BOULE 200G,6.0,1.1,6
2021-11-29,BOULE 200G,6.0,1.1,4
2021-11-30,BOULE 200G,1.0,1.1,1
2021-12-02,BOULE 200G,1.0,1.1,1
2021-12-05,BOULE 200G,6.0,1.1,6
2021-12-09,BOULE 200G,2.0,1.1,2
2021-12-11,BOULE 200G,7.0,1.1,5
2021-12-12,BOULE 200G,6.0,1.1,6
2021-12-13,BOULE 200G,2.0,1.1,2
2021-12-14,BOULE 200G,1.0,1.1,1
2021-12-16,BOULE 200G,3.0,1.1,3
2021-12-17,BOULE 200G,2.0,1.1,2
2021-12-19,BOULE 200G,4.0,1.1,4
2021-12-21,BOULE 200G,1.0,1.1,1
2021-12-22,BOULE 200G,4.0,1.1,3
2021-12-23,BOULE 200G,2.0,1.1,2
2021-12-24,BOULE 200G,6.0,1.1,5
2021-12-25,BOULE 200G,4.0,1.1,3
2021-12-26,BOULE 200G,6.0,1.1,5
2021-12-27,BOULE 200G,3.0,1.1,3
2021-12-30,BOULE 200G,1.0,1.1,1
2021-12-31,BOULE 200G,6.0,1.1,5
2022-01-02,BOULE 200G,6.0,1.1,4
2022-01-03,BOULE 200G,3.0,1.1,3
2022-01-07,BOULE 200G,3.0,1.1,2
2022-01-08,BOULE 200G,1.0,1.1,1
2022-01-09,BOULE 200G,4.0,1.1,4
2022-01-10,BOULE 200G,3.0,1.1,3
2022-01-11,BOULE 200G,3.0,1.1,1
2022-01-13,BOULE 200G,2.0,1.1,2
2022-01-14,BOULE 200G,4.0,1.1,3
2022-01-15,BOULE 200G,2.0,1.1,2
2022-01-16,BOULE 200G,6.0,1.1,5
2022-01-17,BOULE 200G,3.0,1.1,3
2022-01-18,BOULE 200G,3.0,1.1,3
2022-01-20,BOULE 200G,3.0,1.1,2
2022-01-21,BOULE 200G,3.0,1.1,2
2022-01-22,BOULE 200G,2.0,1.1,2
2022-01-23,BOULE 200G,8.0,1.1,8
2022-01-24,BOULE 200G,3.0,1.1,3
2022-01-25,BOULE 200G,5.0,1.1,3
2022-01-27,BOULE 200G,2.0,1.1,2
2022-01-29,BOULE 200G,4.0,1.1,3
2022-01-30,BOULE 200G,6.0,1.1,6
2022-01-31,BOULE 200G,1.0,1.1,1
2022-02-01,BOULE 200G,4.0,1.1,2
2022-02-03,BOULE 200G,2.0,1.1,2
2022-02-05,BOULE 200G,3.0,1.1,1
2022-02-06,BOULE 200G,7.0,1.1,6
2022-02-07,BOULE 200G,3.0,1.15,3
2022-02-08,BOULE 200G,2.0,1.15,2
2022-02-10,BOULE 200G,6.0,1.15,4
2022-02-11,BOULE 200G,2.0,1.15,2
2022-02-12,BOULE 200G,3.0,1.15,3
2022-02-13,BOULE 200G,6.0,1.15,4
2022-02-14,BOULE 200G,2.0,1.15,2
2022-02-15,BOULE 200G,8.0,1.15,6
2022-02-17,BOULE 200G,6.0,1.15,5
2022-02-18,BOULE 200G,2.0,1.15,2
2022-02-19,BOULE 200G,6.0,1.15,6
2022-02-20,BOULE 200G,3.0,1.15,3
2022-02-21,BOULE 200G,6.0,1.15,4
2022-02-22,BOULE 200G,6.0,1.15,4
2022-02-24,BOULE 200G,6.0,1.15,5
2022-02-25,BOULE 200G,1.0,1.15,1
2022-02-26,BOULE 200G,3.0,1.15,3
2022-02-27,BOULE 200G,6.0,1.15,6
2022-02-28,BOULE 200G,4.0,1.15,4
2022-03-01,BOULE 200G,4.0,1.15,4
2022-03-02,BOULE 200G,6.0,1.15,6
2022-03-03,BOULE 200G,4.0,1.15,4
2022-03-04,BOULE 200G,6.0,1.15,4
2022-03-05,BOULE 200G,4.0,1.15,4
2022-03-06,BOULE 200G,6.0,1.15,5
2022-03-07,BOULE 200G,3.0,1.15,3
2022-03-09,BOULE 200G,1.0,1.15,1
2022-03-10,BOULE 200G,1.0,1.15,1
2022-03-11,BOULE 200G,2.0,1.15,2
2022-03-12,BOULE 200G,6.0,1.15,4
2022-03-13,BOULE 200G,6.0,1.15,5
2022-03-14,BOULE 200G,3.0,1.15,3
2022-03-15,BOULE 200G,3.0,1.15,3
2022-03-16,BOULE 200G,2.0,1.15,2
2022-03-17,BOULE 200G,4.0,1.15,3
2022-03-18,BOULE 200G,5.0,1.15,3
2022-03-19,BOULE 200G,3.0,1.15,3
2022-03-20,BOULE 200G,5.0,1.15,4
2022-03-21,BOULE 200G,6.0,1.15,5
2022-03-22,BOULE 200G,3.0,1.15,3
2022-03-23,BOULE 200G,1.0,1.15,1
2022-03-25,BOULE 200G,2.0,1.15,2
2022-03-26,BOULE 200G,2.0,1.15,1
2022-03-27,BOULE 200G,6.0,1.15,6
2022-03-28,BOULE 200G,5.0,1.15,3
2022-03-29,BOULE 200G,2.0,1.15,2
2022-03-30,BOULE 200G,2.0,1.15,2
2022-03-31,BOULE 200G,1.0,1.15,1
2022-04-01,BOULE 200G,2.0,1.15,2
2022-04-02,BOULE 200G,2.0,1.15,2
2022-04-03,BOULE 200G,6.0,1.15,5
2022-04-04,BOULE 200G,2.0,1.15,2
2022-04-05,BOULE 200G,5.0,1.15,3
2022-04-06,BOULE 200G,2.0,1.15,2
2022-04-07,BOULE 200G,4.0,1.15,4
2022-04-08,BOULE 200G,1.0,1.15,1
2022-04-09,BOULE 200G,4.0,1.15,4
2022-04-10,BOULE 200G,6.0,1.15,6
2022-04-11,BOULE 200G,5.0,1.15,3
2022-04-12,BOULE 200G,3.0,1.15,3
2022-04-13,BOULE 200G,4.0,1.15,4
2022-04-14,BOULE 200G,6.0,1.15,6
2022-04-15,BOULE 200G,6.0,1.15,5
2022-04-16,BOULE 200G,8.0,1.15,8
2022-04-17,BOULE 200G,1.0,1.15,1
2022-04-18,BOULE 200G,6.0,1.15,6
2022-04-19,BOULE 200G,6.0,1.15,6
2022-04-20,BOULE 200G,6.0,1.15,6
2022-04-21,BOULE 200G,6.0,1.15,5
2022-04-22,BOULE 200G,2.0,1.15,2
2022-04-23,BOULE 200G,2.0,1.15,2
2022-04-24,BOULE 200G,6.0,1.15,6
2022-04-25,BOULE 200G,2.0,1.15,2
2022-04-26,BOULE 200G,2.0,1.15,2
2022-04-27,BOULE 200G,4.0,1.15,4
2022-04-28,BOULE 200G,7.0,1.15,7
2022-04-29,BOULE 200G,6.0,1.15,4
2022-04-30,BOULE 200G,6.0,1.15,6
2022-05-01,BOULE 200G,6.0,1.15,6
2022-05-02,BOULE 200G,5.0,1.15,5
2022-05-03,BOULE 200G,3.0,1.15,3
2022-05-05,BOULE 200G,1.0,1.15,1
2022-05-06,BOULE 200G,5.0,1.15,3
2022-05-07,BOULE 200G,3.0,1.15,3
2022-05-08,BOULE 200G,6.0,1.15,6
2022-05-09,BOULE 200G,3.0,1.15,3
2022-05-10,BOULE 200G,2.0,1.15,2
2022-05-11,BOULE 200G,3.0,1.15,1
2022-05-12,BOULE 200G,3.0,1.15,3
2022-05-13,BOULE 200G,6.0,1.15,6
2022-05-14,BOULE 200G,4.0,1.15,4
2022-05-15,BOULE 200G,6.0,1.15,4
2022-05-16,BOULE 200G,3.0,1.15,3
2022-05-17,BOULE 200G,3.0,1.15,3
2022-05-18,BOULE 200G,1.0,1.15,1
2022-05-19,BOULE 200G,3.0,1.15,3
2022-05-20,BOULE 200G,5.0,1.15,4
2022-05-21,BOULE 200G,5.0,1.15,5
2022-05-22,BOULE 200G,6.0,1.15,6
2022-05-23,BOULE 200G,1.0,1.15,1
2022-05-24,BOULE 200G,6.0,1.15,4
2022-05-25,BOULE 200G,6.0,1.15,5
2022-05-26,BOULE 200G,6.0,1.15,6
2022-05-27,BOULE 200G,8.0,1.15,8
2022-05-28,BOULE 200G,7.0,1.15,5
2022-05-29,BOULE 200G,9.0,1.15,8
2022-05-30,BOULE 200G,6.0,1.15,6
2022-05-31,BOULE 200G,6.0,1.15,6
2022-06-01,BOULE 200G,3.0,1.15,3
2022-06-02,BOULE 200G,2.0,1.15,2
2022-06-03,BOULE 200G,6.0,1.15,6
2022-06-04,BOULE 200G,7.0,1.15,6
2022-06-05,BOULE 200G,8.0,1.15,8
2022-06-06,BOULE 200G,8.0,1.15,8
2022-06-07,BOULE 200G,2.0,1.15,2
2022-06-08,BOULE 200G,7.0,1.15,7
2022-06-09,BOULE 200G,4.0,1.15,4
2022-06-10,BOULE 200G,7.0,1.15,7
2022-06-11,BOULE 200G,8.0,1.15,5
2022-06-12,BOULE 200G,8.0,1.15,7
2022-06-13,BOULE 200G,8.0,1.15,8
2022-06-14,BOULE 200G,4.0,1.15,4
2022-06-15,BOULE 200G,3.0,1.15,3
2022-06-16,BOULE 200G,4.0,1.15,4
2022-06-17,BOULE 200G,6.0,1.15,5
2022-06-18,BOULE 200G,8.0,1.15,6
2022-06-19,BOULE 200G,8.0,1.15,8
2022-06-20,BOULE 200G,2.0,1.15,2
2022-06-21,BOULE 200G,8.0,1.15,8
2022-06-22,BOULE 200G,5.0,1.15,5
2022-06-23,BOULE 200G,7.0,1.15,5
2022-06-24,BOULE 200G,4.0,1.15,4
2022-06-25,BOULE 200G,4.0,1.15,4
2022-06-26,BOULE 200G,8.0,1.15,7
2022-06-27,BOULE 200G,7.0,1.15,7
2022-06-28,BOULE 200G,3.0,1.15,3
2022-06-29,BOULE 200G,1.0,1.2,1
2022-06-30,BOULE 200G,7.0,1.2,7
2022-07-01,BOULE 200G,8.0,1.2,6
2022-07-02,BOULE 200G,5.0,1.2,5
2022-07-03,BOULE 200G,8.0,1.2,8
2022-07-04,BOULE 200G,7.0,1.2,6
2022-07-05,BOULE 200G,8.0,1.2,6
2022-07-06,BOULE 200G,4.0,1.2,4
2022-07-07,BOULE 200G,9.0,1.2,7
2022-07-08,BOULE 200G,8.0,1.2,6
2022-07-09,BOULE 200G,7.0,1.2,7
2022-07-10,BOULE 200G,15.0,1.2,13
2022-07-11,BOULE 200G,11.0,1.2,10
2022-07-12,BOULE 200G,6.0,1.2,6
2022-07-13,BOULE 200G,9.0,1.2,9
2022-07-14,BOULE 200G,12.0,1.2,12
2022-07-15,BOULE 200G,20.0,1.2,8
2022-07-16,BOULE 200G,12.0,1.2,12
2022-07-17,BOULE 200G,15.0,1.2,12
2022-07-18,BOULE 200G,9.0,1.2,8
2022-07-19,BOULE 200G,11.0,1.2,7
2022-07-20,BOULE 200G,12.0,1.2,11
2022-07-21,BOULE 200G,8.0,1.2,5
2022-07-22,BOULE 200G,8.0,1.2,7
2022-07-23,BOULE 200G,9.0,1.2,8
2022-07-24,BOULE 200G,10.0,1.2,10
2022-07-25,BOULE 200G,12.0,1.2,11
2022-07-26,BOULE 200G,8.0,1.2,8
2022-07-27,BOULE 200G,11.0,1.2,7
2022-07-28,BOULE 200G,10.0,1.2,10
2022-07-29,BOULE 200G,1.0,1.2,1
2022-07-30,BOULE 200G,13.0,1.2,11
2022-07-31,BOULE 200G,11.0,1.2,11
2022-08-01,BOULE 200G,12.0,1.2,11
2022-08-02,BOULE 200G,11.0,1.2,7
2022-08-03,BOULE 200G,5.0,1.2,5
2022-08-04,BOULE 200G,6.0,1.2,4
2022-08-05,BOULE 200G,6.0,1.2,4
2022-08-06,BOULE 200G,12.0,1.2,11
2022-08-07,BOULE 200G,12.0,1.2,12
2022-08-08,BOULE 200G,12.0,1.2,12
2022-08-09,BOULE 200G,12.0,1.2,6
2022-08-10,BOULE 200G,7.0,1.2,7
2022-08-11,BOULE 200G,6.0,1.2,6
2022-08-12,BOULE 200G,12.0,1.2,7
2022-08-13,BOULE 200G,12.0,1.2,10
2022-08-14,BOULE 200G,12.0,1.2,12
2022-08-15,BOULE 200G,12.0,1.2,12
2022-08-16,BOULE 200G,11.0,1.2,11
2022-08-17,BOULE 200G,11.0,1.2,9
2022-08-18,BOULE 200G,12.0,1.2,11
2022-08-19,BOULE 200G,11.0,1.2,11
2022-08-20,BOULE 200G,12.0,1.2,12
2022-08-21,BOULE 200G,12.0,1.2,12
2022-08-22,BOULE 200G,9.0,1.2,8
2022-08-23,BOULE 200G,9.0,1.2,9
2022-08-24,BOULE 200G,10.0,1.2,9
2022-08-25,BOULE 200G,8.0,1.2,8
2022-08-26,BOULE 200G,7.0,1.2,5
2022-08-27,BOULE 200G,9.0,1.2,7
2022-08-28,BOULE 200G,12.0,1.2,11
2022-08-29,BOULE 200G,8.0,1.2,7
2022-08-30,BOULE 200G,8.0,1.2,7
2022-08-31,BOULE 200G,6.0,1.2,6
2022-09-02,BOULE 200G,5.0,1.2,5
2022-09-03,BOULE 200G,8.0,1.2,6
2022-09-04,BOULE 200G,7.0,1.2,7
2022-09-05,BOULE 200G,7.0,1.2,7
2022-09-06,BOULE 200G,8.0,1.2,8
2022-09-07,BOULE 200G,6.0,1.2,6
2022-09-08,BOULE 200G,5.0,1.2,5
2022-09-09,BOULE 200G,6.0,1.2,6
2022-09-10,BOULE 200G,8.0,1.2,8
2022-09-11,BOULE 200G,9.0,1.2,9
2022-09-12,BOULE 200G,4.0,1.2,4
2022-09-13,BOULE 200G,6.0,1.2,6
2022-09-14,BOULE 200G,7.0,1.2,7
2022-09-15,BOULE 200G,5.0,1.2,5
2022-09-16,BOULE 200G,3.0,1.2,3
2022-09-17,BOULE 200G,2.0,1.2,2
2022-09-18,BOULE 200G,8.0,1.2,7
2022-09-20,BOULE 200G,8.0,1.2,8
2022-09-21,BOULE 200G,1.0,1.2,1
2022-09-22,BOULE 200G,6.0,1.2,6
2022-09-23,BOULE 200G,6.0,1.2,5
2022-09-24,BOULE 200G,6.0,1.2,6
2022-09-25,BOULE 200G,8.0,1.2,7
2022-09-26,BOULE 200G,6.0,1.2,6
2022-09-27,BOULE 200G,8.0,1.2,7
2022-09-28,BOULE 200G,6.0,1.2,6
2022-09-29,BOULE 200G,7.0,1.2,7
2022-09-30,BOULE 200G,8.0,1.2,6
2021-01-02,BOULE 400G,11.0,1.5,9
2021-01-03,BOULE 400G,11.0,1.5,11
2021-01-04,BOULE 400G,5.0,1.5,5
2021-01-05,BOULE 400G,6.0,1.5,6
2021-01-07,BOULE 400G,3.0,1.5,3
2021-01-08,BOULE 400G,6.0,1.5,6
2021-01-09,BOULE 400G,6.0,1.5,6
2021-01-10,BOULE 400G,7.0,1.5,7
2021-01-11,BOULE 400G,7.0,1.5,6
2021-01-12,BOULE 400G,3.0,1.5,3
2021-01-14,BOULE 400G,4.0,1.5,3
2021-01-15,BOULE 400G,3.0,1.5,3
2021-01-16,BOULE 400G,2.0,1.5,2
2021-01-17,BOULE 400G,7.0,1.5,7
2021-01-18,BOULE 400G,7.0,1.5,4
2021-01-19,BOULE 400G,5.0,1.5,5
2021-01-21,BOULE 400G,4.0,1.5,4
2021-01-22,BOULE 400G,5.0,1.5,5
2021-01-23,BOULE 400G,2.0,1.5,2
2021-01-24,BOULE 400G,9.0,1.5,7
2021-01-25,BOULE 400G,6.0,1.5,6
2021-01-26,BOULE 400G,8.0,1.5,7
2021-01-28,BOULE 400G,5.0,1.5,4
2021-01-29,BOULE 400G,4.0,1.5,4
2021-01-30,BOULE 400G,5.0,1.5,4
2021-01-31,BOULE 400G,7.0,1.5,6
2021-02-01,BOULE 400G,3.0,1.5,3
2021-02-02,BOULE 400G,6.0,1.5,4
2021-02-04,BOULE 400G,7.0,1.5,6
2021-02-05,BOULE 400G,3.0,1.5,3
2021-02-06,BOULE 400G,5.0,1.5,3
2021-02-07,BOULE 400G,3.0,1.5,3
2021-02-08,BOULE 400G,7.0,1.5,6
2021-02-09,BOULE 400G,10.0,1.5,7
2021-02-11,BOULE 400G,6.0,1.5,5
2021-02-12,BOULE 400G,6.0,1.5,6
2021-02-13,BOULE 400G,7.0,1.5,7
2021-02-14,BOULE 400G,11.0,1.5,10
2021-02-15,BOULE 400G,6.0,1.5,5
2021-02-16,BOULE 400G,6.0,1.5,5
2021-02-18,BOULE 400G,3.0,1.5,3
2021-02-19,BOULE 400G,9.0,1.5,8
2021-02-20,BOULE 400G,10.0,1.5,9
2021-02-21,BOULE 400G,10.0,1.5,8
2021-02-22,BOULE 400G,8.0,1.5,7
2021-02-23,BOULE 400G,8.0,1.5,8
2021-02-25,BOULE 400G,8.0,1.5,8
2021-02-26,BOULE 400G,10.0,1.5,10
2021-02-27,BOULE 400G,15.0,1.5,8
2021-02-28,BOULE 400G,19.0,1.5,16
2021-03-01,BOULE 400G,4.0,1.5,4
2021-03-02,BOULE 400G,10.0,1.5,9
2021-03-04,BOULE 400G,11.0,1.5,9
2021-03-05,BOULE 400G,10.0,1.5,7
2021-03-06,BOULE 400G,10.0,1.5,7
2021-03-07,BOULE 400G,15.0,1.5,11
2021-03-08,BOULE 400G,6.0,1.5,4
2021-03-09,BOULE 400G,6.0,1.5,5
2021-03-11,BOULE 400G,7.0,1.5,6
2021-03-12,BOULE 400G,10.0,1.5,9
2021-03-13,BOULE 400G,9.0,1.5,7
2021-03-14,BOULE 400G,19.0,1.5,16
2021-03-15,BOULE 400G,5.0,1.5,5
2021-03-16,BOULE 400G,5.0,1.5,5
2021-03-18,BOULE 400G,7.0,1.5,7
2021-03-19,BOULE 400G,3.0,1.5,3
2021-03-20,BOULE 400G,10.0,1.5,7
2021-03-21,BOULE 400G,9.0,1.5,8
2021-03-22,BOULE 400G,6.0,1.5,5
2021-03-23,BOULE 400G,6.0,1.5,6
2021-03-25,BOULE 400G,6.0,1.5,6
2021-03-26,BOULE 400G,7.0,1.5,6
2021-03-27,BOULE 400G,6.0,1.5,6
2021-03-28,BOULE 400G,6.0,1.5,6
2021-03-29,BOULE 400G,5.0,1.5,5
2021-03-30,BOULE 400G,9.0,1.5,8
2021-04-01,BOULE 400G,5.0,1.5,4
2021-04-02,BOULE 400G,7.0,1.5,6
2021-04-03,BOULE 400G,8.0,1.5,8
2021-04-04,BOULE 400G,19.0,1.5,14
2021-04-05,BOULE 400G,9.0,1.5,9
2021-04-06,BOULE 400G,5.0,1.5,5
2021-04-08,BOULE 400G,4.0,1.5,4
2021-04-09,BOULE 400G,3.0,1.5,1
2021-04-10,BOULE 400G,6.0,1.5,5
2021-04-11,BOULE 400G,10.0,1.5,8
2021-04-12,BOULE 400G,4.0,1.5,4
2021-04-13,BOULE 400G,9.0,1.5,8
2021-04-14,BOULE 400G,3.0,1.5,3
2021-04-15,BOULE 400G,4.0,1.5,3
2021-04-16,BOULE 400G,8.0,1.5,6
2021-04-17,BOULE 400G,6.0,1.5,6
2021-04-18,BOULE 400G,21.0,1.5,18
2021-04-19,BOULE 400G,7.0,1.5,7
2021-04-20,BOULE 400G,8.0,1.5,8
2021-04-21,BOULE 400G,4.0,1.5,4
2021-04-22,BOULE 400G,10.0,1.5,9
2021-04-23,BOULE 400G,4.0,1.5,4
2021-04-24,BOULE 400G,7.0,1.5,5
2021-04-25,BOULE 400G,7.0,1.5,6
2021-04-26,BOULE 400G,8.0,1.5,7
2021-04-27,BOULE 400G,6.0,1.5,6
2021-04-28,BOULE 400G,4.0,1.5,4
2021-04-29,BOULE 400G,3.0,1.5,3
2021-04-30,BOULE 400G,6.0,1.5,5
2021-05-01,BOULE 400G,5.0,1.5,5
2021-05-02,BOULE 400G,13.0,1.5,11
2021-05-03,BOULE 400G,8.0,1.5,8
2021-05-04,BOULE 400G,5.0,1.5,5
2021-05-05,BOULE 400G,6.0,1.5,5
2021-05-06,BOULE 400G,3.0,1.5,1
2021-05-07,BOULE 400G,8.0,1.5,6
2021-05-08,BOULE 400G,14.0,1.5,12
2021-05-09,BOULE 400G,15.0,1.5,11
2021-05-10,BOULE 400G,12.0,1.5,9
2021-05-11,BOULE 400G,9.0,1.5,8
2021-05-12,BOULE 400G,9.0,1.5,9
2021-05-13,BOULE 400G,12.0,1.5,11
2021-05-14,BOULE 400G,8.0,1.5,8
2021-05-15,BOULE 400G,13.0,1.5,10
2021-05-16,BOULE 400G,16.0,1.5,11
2021-05-21,BOULE 400G,3.0,1.5,3
2021-05-22,BOULE 400G,2.0,1.5,2
2021-05-23,BOULE 400G,12.0,1.5,9
2021-05-24,BOULE 400G,8.0,1.5,8
2021-05-25,BOULE 400G,7.0,1.5,6
2021-05-26,BOULE 400G,6.0,1.5,4
2021-05-27,BOULE 400G,2.0,1.5,2
2021-05-28,BOULE 400G,7.0,1.5,4
2021-05-29,BOULE 400G,8.0,1.5,7
2021-05-30,BOULE 400G,13.0,1.5,10
2021-05-31,BOULE 400G,8.0,1.5,7
2021-06-01,BOULE 400G,7.0,1.5,5
2021-06-02,BOULE 400G,3.0,1.5,3
2021-06-03,BOULE 400G,1.0,1.5,1
2021-06-04,BOULE 400G,4.0,1.5,4
2021-06-05,BOULE 400G,7.0,1.5,5
2021-06-06,BOULE 400G,15.0,1.5,11
2021-06-07,BOULE 400G,8.0,1.5,8
2021-06-08,BOULE 400G,5.0,1.5,5
2021-06-09,BOULE 400G,8.0,1.5,6
2021-06-10,BOULE 400G,2.0,1.5,2
2021-06-11,BOULE 400G,6.0,1.5,6
2021-06-12,BOULE 400G,7.0,1.5,6
2021-06-13,BOULE 400G,15.0,1.5,12
2021-06-14,BOULE 400G,8.0,1.5,7
2021-06-15,BOULE 400G,5.0,1.5,5
2021-06-16,BOULE 400G,6.0,1.5,6
2021-06-17,BOULE 400G,8.0,1.5,7
2021-06-18,BOULE 400G,6.0,1.5,4
2021-06-19,BOULE 400G,3.0,1.5,3
2021-06-20,BOULE 400G,12.0,1.5,11
2021-06-21,BOULE 400G,8.0,1.5,7
2021-06-22,BOULE 400G,4.0,1.5,4
2021-06-23,BOULE 400G,8.0,1.5,6
2021-06-24,BOULE 400G,5.0,1.5,4
2021-06-25,BOULE 400G,8.0,1.5,8
2021-06-26,BOULE 400G,9.0,1.5,8
2021-06-27,BOULE 400G,11.0,1.5,8
2021-06-28,BOULE 400G,8.0,1.5,7
2021-06-29,BOULE 400G,4.0,1.5,4
2021-06-30,BOULE 400G,4.0,1.5,4
2021-07-01,BOULE 400G,7.0,1.5,5
2021-07-02,BOULE 400G,6.0,1.5,5
2021-07-03,BOULE 400G,8.0,1.5,6
2021-07-04,BOULE 400G,9.0,1.5,9
2021-07-05,BOULE 400G,5.0,1.5,5
2021-07-06,BOULE 400G,8.0,1.5,8
2021-07-07,BOULE 400G,5.0,1.5,5
2021-07-08,BOULE 400G,7.0,1.5,7
2021-07-09,BOULE 400G,11.0,1.5,9
2021-07-10,BOULE 400G,14.0,1.5,10
2021-07-11,BOULE 400G,19.0,1.5,16
2021-07-12,BOULE 400G,16.0,1.5,11
2021-07-13,BOULE 400G,8.0,1.5,8
2021-07-14,BOULE 400G,17.0,1.5,14
2021-07-15,BOULE 400G,14.0,1.5,11
2021-07-16,BOULE 400G,13.0,1.5,10
2021-07-17,BOULE 400G,13.0,1.5,10
2021-07-18,BOULE 400G,31.0,1.5,25
2021-07-19,BOULE 400G,24.0,1.5,23
2021-07-20,BOULE 400G,6.0,1.5,4
2021-07-21,BOULE 400G,6.0,1.5,6
2021-07-22,BOULE 400G,19.0,1.5,15
2021-07-23,BOULE 400G,8.0,1.5,7
2021-07-24,BOULE 400G,13.0,1.5,11
2021-07-25,BOULE 400G,19.0,1.5,15
2021-07-26,BOULE 400G,16.0,1.5,15
2021-07-27,BOULE 400G,18.0,1.5,17
2021-07-28,BOULE 400G,8.0,1.5,6
2021-07-29,BOULE 400G,12.0,1.5,8
2021-07-30,BOULE 400G,14.0,1.5,11
2021-07-31,BOULE 400G,12.0,1.5,11
2021-08-01,BOULE 400G,16.0,1.5,14
2021-08-02,BOULE 400G,16.0,1.5,13
2021-08-03,BOULE 400G,18.0,1.5,16
2021-08-04,BOULE 400G,9.0,1.5,5
2021-08-05,BOULE 400G,14.0,1.5,13
2021-08-06,BOULE 400G,3.0,1.5,3
2021-08-07,BOULE 400G,11.0,1.5,10
2021-08-08,BOULE 400G,20.0,1.5,17
2021-08-09,BOULE 400G,23.0,1.5,15
2021-08-10,BOULE 400G,15.0,1.5,13
2021-08-11,BOULE 400G,2.0,1.5,2
2021-08-12,BOULE 400G,16.0,1.5,10
2021-08-13,BOULE 400G,12.0,1.5,11
2021-08-14,BOULE 400G,8.0,1.5,8
2021-08-15,BOULE 400G,21.0,1.5,17
2021-08-16,BOULE 400G,15.0,1.5,14
2021-08-17,BOULE 400G,9.0,1.5,8
2021-08-18,BOULE 400G,7.0,1.5,7
2021-08-19,BOULE 400G,16.0,1.5,11
2021-08-20,BOULE 400G,2.0,1.5,2
2021-08-21,BOULE 400G,8.0,1.5,8
2021-08-22,BOULE 400G,14.0,1.5,11
2021-08-23,BOULE 400G,10.0,1.5,10
2021-08-24,BOULE 400G,10.0,1.5,10
2021-08-25,BOULE 400G,9.0,1.5,9
2021-08-26,BOULE 400G,13.0,1.5,10
2021-08-27,BOULE 400G,9.0,1.5,5
2021-08-28,BOULE 400G,15.0,1.5,10
2021-08-29,BOULE 400G,20.0,1.5,15
2021-08-30,BOULE 400G,8.0,1.5,7
2021-08-31,BOULE 400G,6.0,1.5,6
2021-09-01,BOULE 400G,8.0,1.5,8
2021-09-02,BOULE 400G,7.0,1.5,6
2021-09-03,BOULE 400G,7.0,1.5,7
2021-09-04,BOULE 400G,19.0,1.5,7
2021-09-05,BOULE 400G,11.0,1.5,10
2021-09-06,BOULE 400G,4.0,1.5,3
2021-09-07,BOULE 400G,2.0,1.5,2
2021-09-08,BOULE 400G,5.0,1.5,4
2021-09-09,BOULE 400G,1.0,1.5,1
2021-09-10,BOULE 400G,10.0,1.5,8
2021-09-11,BOULE 400G,15.0,1.5,13
2021-09-12,BOULE 400G,12.0,1.5,10
2021-09-13,BOULE 400G,7.0,1.5,6
2021-09-14,BOULE 400G,7.0,1.5,6
2021-09-15,BOULE 400G,4.0,1.5,4
2021-09-16,BOULE 400G,7.0,1.5,7
2021-09-17,BOULE 400G,1.0,1.5,1
2021-09-18,BOULE 400G,16.0,1.5,6
2021-09-19,BOULE 400G,9.0,1.5,8
2021-09-20,BOULE 400G,7.0,1.5,7
2021-09-21,BOULE 400G,7.0,1.5,6
2021-09-23,BOULE 400G,3.0,1.5,3
2021-09-24,BOULE 400G,8.0,1.5,6
2021-09-25,BOULE 400G,12.0,1.5,8
2021-09-26,BOULE 400G,14.0,1.5,8
2021-09-27,BOULE 400G,5.0,1.5,5
2021-09-28,BOULE 400G,3.0,1.5,3
2021-09-29,BOULE 400G,6.0,1.5,6
2021-09-30,BOULE 400G,3.0,1.5,3
2021-10-01,BOULE 400G,6.0,1.5,5
2021-10-02,BOULE 400G,7.0,1.5,6
2021-10-03,BOULE 400G,8.0,1.5,8
2021-10-04,BOULE 400G,6.0,1.5,6
2021-10-05,BOULE 400G,7.0,1.5,7
2021-10-06,BOULE 400G,3.0,1.5,3
2021-10-07,BOULE 400G,8.0,1.5,8
2021-10-08,BOULE 400G,8.0,1.5,8
2021-10-09,BOULE 400G,8.0,1.5,7
2021-10-10,BOULE 400G,9.0,1.5,7
2021-10-11,BOULE 400G,5.0,1.5,5
2021-10-12,BOULE 400G,2.0,1.5,2
2021-10-13,BOULE 400G,2.0,1.5,2
2021-10-14,BOULE 400G,5.0,1.5,4
2021-10-15,BOULE 400G,2.0,1.5,1
2021-10-16,BOULE 400G,25.0,1.5,5
2021-10-17,BOULE 400G,10.0,1.5,6
2021-10-18,BOULE 400G,4.0,1.5,2
2021-10-19,BOULE 400G,6.0,1.5,5
2021-10-20,BOULE 400G,5.0,1.5,4
2021-10-21,BOULE 400G,6.0,1.5,6
2021-10-22,BOULE 400G,2.0,1.5,1
2021-10-23,BOULE 400G,10.0,1.5,8
2021-10-24,BOULE 400G,8.0,1.5,7
2021-10-25,BOULE 400G,6.0,1.5,5
2021-10-26,BOULE 400G,8.0,1.5,7
2021-10-27,BOULE 400G,8.0,1.5,8
2021-10-28,BOULE 400G,13.0,1.5,11
2021-10-29,BOULE 400G,6.0,1.5,5
2021-10-30,BOULE 400G,11.0,1.5,8
2021-10-31,BOULE 400G,16.0,1.5,8
2021-11-01,BOULE 400G,14.0,1.5,12
2021-11-02,BOULE 400G,14.0,1.5,10
2021-11-03,BOULE 400G,3.0,1.5,3
2021-11-04,BOULE 400G,2.0,1.5,2
2021-11-05,BOULE 400G,5.0,1.5,4
2021-11-06,BOULE 400G,5.0,1.5,5
2021-11-07,BOULE 400G,4.0,1.5,3
2021-11-08,BOULE 400G,3.0,1.5,3
2021-11-09,BOULE 400G,2.0,1.5,2
2021-11-10,BOULE 400G,6.0,1.5,6
2021-11-11,BOULE 400G,7.0,1.5,6
2021-11-12,BOULE 400G,8.0,1.5,5
2021-11-13,BOULE 400G,5.0,1.5,5
2021-11-14,BOULE 400G,10.0,1.5,9
2021-11-15,BOULE 400G,5.0,1.5,5
2021-11-16,BOULE 400G,4.0,1.5,4
2021-11-18,BOULE 400G,1.0,1.5,1
2021-11-19,BOULE 400G,4.0,1.5,4
2021-11-20,BOULE 400G,3.0,1.5,2
2021-11-21,BOULE 400G,4.0,1.5,4
2021-11-23,BOULE 400G,4.0,1.5,3
2021-11-25,BOULE 400G,6.0,1.5,4
2021-11-26,BOULE 400G,4.0,1.5,3
2021-11-27,BOULE 400G,2.0,1.5,2
2021-11-28,BOULE 400G,6.0,1.5,5
2021-11-29,BOULE 400G,5.0,1.5,5
2021-11-30,BOULE 400G,5.0,1.5,5
2021-12-02,BOULE 400G,1.0,1.5,1
2021-12-03,BOULE 400G,4.0,1.5,4
2021-12-04,BOULE 400G,3.0,1.5,3
2021-12-05,BOULE 400G,10.0,1.5,9
2021-12-09,BOULE 400G,3.0,1.5,3
2021-12-10,BOULE 400G,1.0,1.5,1
2021-12-11,BOULE 400G,5.0,1.5,4
2021-12-12,BOULE 400G,7.0,1.5,7
2021-12-13,BOULE 400G,3.0,1.5,2
2021-12-14,BOULE 400G,6.0,1.5,5
2021-12-16,BOULE 400G,1.0,1.5,1
2021-12-17,BOULE 400G,6.0,1.5,5
2021-12-18,BOULE 400G,4.0,1.5,4
2021-12-19,BOULE 400G,4.0,1.5,4
2021-12-20,BOULE 400G,8.0,1.5,7
2021-12-21,BOULE 400G,5.0,1.5,4
2021-12-22,BOULE 400G,3.0,1.5,3
2021-12-23,BOULE 400G,3.0,1.5,3
2021-12-24,BOULE 400G,19.0,1.5,13
2021-12-25,BOULE 400G,12.0,1.5,8
2021-12-26,BOULE 400G,42.0,1.5,32
2021-12-27,BOULE 400G,6.0,1.5,6
2021-12-28,BOULE 400G,5.0,1.5,3
2021-12-29,BOULE 400G,3.0,1.5,3
2021-12-30,BOULE 400G,2.0,1.5,2
2021-12-31,BOULE 400G,15.0,1.5,14
2022-01-02,BOULE 400G,13.0,1.5,12
2022-01-03,BOULE 400G,5.0,1.5,5
2022-01-04,BOULE 400G,3.0,1.5,2
2022-01-06,BOULE 400G,4.0,1.5,4
2022-01-07,BOULE 400G,6.0,1.5,5
2022-01-08,BOULE 400G,7.0,1.5,7
2022-01-09,BOULE 400G,8.0,1.5,6
2022-01-10,BOULE 400G,1.0,1.5,1
2022-01-11,BOULE 400G,6.0,1.5,4
2022-01-13,BOULE 400G,2.0,1.5,2
2022-01-14,BOULE 400G,2.0,1.5,2
2022-01-15,BOULE 400G,5.0,1.5,4
2022-01-16,BOULE 400G,6.0,1.5,6
2022-01-17,BOULE 400G,1.0,1.5,1
2022-01-18,BOULE 400G,1.0,1.5,1
2022-01-20,BOULE 400G,3.0,1.5,3
2022-01-21,BOULE 400G,2.0,1.5,2
2022-01-22,BOULE 400G,2.0,1.5,2
2022-01-23,BOULE 400G,6.0,1.5,5
2022-01-24,BOULE 400G,6.0,1.5,6
2022-01-25,BOULE 400G,4.0,1.5,4
2022-01-27,BOULE 400G,4.0,1.5,4
2022-01-28,BOULE 400G,2.0,1.5,2
2022-01-29,BOULE 400G,1.0,1.5,1
2022-01-30,BOULE 400G,6.0,1.5,6
2022-01-31,BOULE 400G,3.0,1.5,3
2022-02-01,BOULE 400G,4.0,1.5,4
2022-02-03,BOULE 400G,4.0,1.5,4
2022-02-04,BOULE 400G,3.0,1.5,3
2022-02-05,BOULE 400G,7.0,1.5,4
2022-02-06,BOULE 400G,14.0,1.5,11
2022-02-07,BOULE 400G,6.0,1.6,5
2022-02-08,BOULE 400G,4.0,1.6,3
2022-02-10,BOULE 400G,6.0,1.6,3
2022-02-11,BOULE 400G,3.0,1.6,3
2022-02-12,BOULE 400G,6.0,1.6,6
2022-02-13,BOULE 400G,12.0,1.6,10
2022-02-14,BOULE 400G,2.0,1.6,2
2022-02-15,BOULE 400G,11.0,1.6,9
2022-02-17,BOULE 400G,8.0,1.6,5
2022-02-18,BOULE 400G,9.0,1.6,8
2022-02-19,BOULE 400G,10.0,1.6,10
2022-02-20,BOULE 400G,14.0,1.6,10
2022-02-21,BOULE 400G,8.0,1.6,8
2022-02-22,BOULE 400G,8.0,1.6,7
2022-02-24,BOULE 400G,12.0,1.6,11
2022-02-25,BOULE 400G,10.0,1.6,9
2022-02-26,BOULE 400G,9.0,1.6,8
2022-02-27,BOULE 400G,18.0,1.6,14
2022-02-28,BOULE 400G,8.0,1.6,8
2022-03-01,BOULE 400G,8.0,1.6,8
2022-03-02,BOULE 400G,2.0,1.6,2
2022-03-03,BOULE 400G,6.0,1.6,5
2022-03-04,BOULE 400G,7.0,1.6,6
2022-03-05,BOULE 400G,10.0,1.6,7
2022-03-06,BOULE 400G,13.0,1.6,11
2022-03-07,BOULE 400G,9.0,1.6,7
2022-03-08,BOULE 400G,6.0,1.6,6
2022-03-09,BOULE 400G,3.0,1.6,2
2022-03-10,BOULE 400G,4.0,1.6,3
2022-03-11,BOULE 400G,5.0,1.6,4
2022-03-12,BOULE 400G,6.0,1.6,6
2022-03-13,BOULE 400G,10.0,1.6,9
2022-03-14,BOULE 400G,3.0,1.6,3
2022-03-15,BOULE 400G,4.0,1.6,4
2022-03-16,BOULE 400G,3.0,1.6,3
2022-03-17,BOULE 400G,5.0,1.6,5
2022-03-18,BOULE 400G,3.0,1.6,3
2022-03-19,BOULE 400G,4.0,1.6,2
2022-03-20,BOULE 400G,6.0,1.6,6
2022-03-21,BOULE 400G,6.0,1.6,5
2022-03-22,BOULE 400G,6.0,1.6,4
2022-03-23,BOULE 400G,3.0,1.6,3
2022-03-24,BOULE 400G,5.0,1.6,4
2022-03-25,BOULE 400G,5.0,1.6,4
2022-03-26,BOULE 400G,8.0,1.6,8
2022-03-27,BOULE 400G,4.0,1.6,4
2022-03-28,BOULE 400G,6.0,1.6,5
2022-03-29,BOULE 400G,6.0,1.6,6
2022-03-30,BOULE 400G,1.0,1.6,1
2022-03-31,BOULE 400G,3.0,1.6,3
2022-04-01,BOULE 400G,3.0,1.6,3
2022-04-02,BOULE 400G,1.0,1.6,1
2022-04-03,BOULE 400G,8.0,1.6,5
2022-04-04,BOULE 400G,1.0,1.6,1
2022-04-05,BOULE 400G,4.0,1.6,4
2022-04-07,BOULE 400G,8.0,1.6,8
2022-04-08,BOULE 400G,5.0,1.6,5
2022-04-09,BOULE 400G,1.0,1.6,1
2022-04-10,BOULE 400G,6.0,1.6,6
2022-04-11,BOULE 400G,10.0,1.6,9
2022-04-12,BOULE 400G,5.0,1.6,5
2022-04-13,BOULE 400G,1.0,1.6,1
2022-04-14,BOULE 400G,9.0,1.6,6
2022-04-15,BOULE 400G,10.0,1.6,8
2022-04-16,BOULE 400G,15.0,1.6,12
2022-04-17,BOULE 400G,8.0,1.6,8
2022-04-18,BOULE 400G,15.0,1.6,15
2022-04-19,BOULE 400G,6.0,1.6,5
2022-04-20,BOULE 400G,4.0,1.6,4
2022-04-21,BOULE 400G,10.0,1.6,8
2022-04-22,BOULE 400G,8.0,1.6,8
2022-04-23,BOULE 400G,8.0,1.6,4
2022-04-24,BOULE 400G,10.0,1.6,8
2022-04-25,BOULE 400G,5.0,1.6,5
2022-04-26,BOULE 400G,2.0,1.6,2
2022-04-27,BOULE 400G,8.0,1.6,7
2022-04-28,BOULE 400G,6.0,1.6,6
2022-04-29,BOULE 400G,5.0,1.6,5
2022-04-30,BOULE 400G,10.0,1.6,9
2022-05-01,BOULE 400G,14.0,1.6,14
2022-05-02,BOULE 400G,7.0,1.6,7
2022-05-03,BOULE 400G,6.0,1.6,5
2022-05-05,BOULE 400G,9.0,1.6,7
2022-05-06,BOULE 400G,9.0,1.6,5
2022-05-07,BOULE 400G,10.0,1.6,10
2022-05-08,BOULE 400G,10.0,1.6,10
2022-05-09,BOULE 400G,2.0,1.6,2
2022-05-10,BOULE 400G,3.0,1.6,3
2022-05-11,BOULE 400G,5.0,1.6,5
2022-05-12,BOULE 400G,1.0,1.6,1
2022-05-13,BOULE 400G,8.0,1.6,5
2022-05-14,BOULE 400G,10.0,1.6,8
2022-05-15,BOULE 400G,10.0,1.6,8
2022-05-16,BOULE 400G,6.0,1.6,5
2022-05-17,BOULE 400G,4.0,1.6,4
2022-05-18,BOULE 400G,9.0,1.6,7
2022-05-19,BOULE 400G,7.0,1.6,6
2022-05-20,BOULE 400G,11.0,1.6,2
2022-05-21,BOULE 400G,3.0,1.6,3
2022-05-22,BOULE 400G,12.0,1.6,11
2022-05-23,BOULE 400G,3.0,1.6,2
2022-05-24,BOULE 400G,5.0,1.6,5
2022-05-25,BOULE 400G,9.0,1.6,8
2022-05-26,BOULE 400G,20.0,1.6,16
2022-05-27,BOULE 400G,20.0,1.6,15
2022-05-28,BOULE 400G,12.0,1.6,9
2022-05-29,BOULE 400G,18.0,1.6,16
2022-05-30,BOULE 400G,7.0,1.6,6
2022-05-31,BOULE 400G,8.0,1.6,7
2022-06-01,BOULE 400G,4.0,1.6,4
2022-06-02,BOULE 400G,7.0,1.6,6
2022-06-03,BOULE 400G,5.0,1.6,5
2022-06-04,BOULE 400G,14.0,1.6,13
2022-06-05,BOULE 400G,20.0,1.6,16
2022-06-06,BOULE 400G,16.0,1.6,16
2022-06-07,BOULE 400G,5.0,1.6,5
2022-06-08,BOULE 400G,7.0,1.6,7
2022-06-09,BOULE 400G,5.0,1.6,5
2022-06-10,BOULE 400G,4.0,1.6,4
2022-06-11,BOULE 400G,12.0,1.6,9
2022-06-12,BOULE 400G,8.0,1.6,8
2022-06-13,BOULE 400G,5.0,1.6,5
2022-06-14,BOULE 400G,3.0,1.6,3
2022-06-15,BOULE 400G,4.0,1.6,4
2022-06-16,BOULE 400G,6.0,1.6,6
2022-06-17,BOULE 400G,7.0,1.6,6
2022-06-18,BOULE 400G,12.0,1.6,12
2022-06-19,BOULE 400G,12.0,1.6,9
2022-06-20,BOULE 400G,5.0,1.6,5
2022-06-21,BOULE 400G,7.0,1.6,6
2022-06-22,BOULE 400G,5.0,1.6,5
2022-06-23,BOULE 400G,4.0,1.6,4
2022-06-24,BOULE 400G,7.0,1.6,7
2022-06-25,BOULE 400G,11.0,1.6,9
2022-06-26,BOULE 400G,12.0,1.6,11
2022-06-27,BOULE 400G,8.0,1.6,8
2022-06-28,BOULE 400G,6.0,1.6,4
2022-06-29,BOULE 400G,6.0,1.7,5
2022-06-30,BOULE 400G,2.0,1.7,2
2022-07-01,BOULE 400G,5.0,1.7,5
2022-07-02,BOULE 400G,7.0,1.7,7
2022-07-03,BOULE 400G,15.0,1.7,14
2022-07-04,BOULE 400G,10.0,1.7,10
2022-07-05,BOULE 400G,10.0,1.7,10
2022-07-06,BOULE 400G,8.0,1.7,8
2022-07-07,BOULE 400G,10.0,1.7,10
2022-07-08,BOULE 400G,6.0,1.7,6
2022-07-09,BOULE 400G,20.0,1.7,9
2022-07-10,BOULE 400G,22.0,1.7,16
2022-07-11,BOULE 400G,12.0,1.7,10
2022-07-12,BOULE 400G,7.0,1.7,7
2022-07-13,BOULE 400G,12.0,1.7,10
2022-07-14,BOULE 400G,19.0,1.7,16
2022-07-15,BOULE 400G,12.0,1.7,8
2022-07-16,BOULE 400G,47.0,1.7,14
2022-07-17,BOULE 400G,19.0,1.7,17
2022-07-18,BOULE 400G,12.0,1.7,12
2022-07-19,BOULE 400G,12.0,1.7,12
2022-07-20,BOULE 400G,11.0,1.7,11
2022-07-21,BOULE 400G,5.0,1.7,5
2022-07-22,BOULE 400G,5.0,1.7,5
2022-07-23,BOULE 400G,12.0,1.7,10
2022-07-24,BOULE 400G,18.0,1.7,14
2022-07-25,BOULE 400G,10.0,1.7,9
2022-07-26,BOULE 400G,15.0,1.7,13
2022-07-27,BOULE 400G,15.0,1.7,11
2022-07-28,BOULE 400G,11.0,1.7,10
2022-07-29,BOULE 400G,5.0,1.7,5
2022-07-30,BOULE 400G,19.0,1.7,15
2022-07-31,BOULE 400G,17.0,1.7,16
2022-08-01,BOULE 400G,15.0,1.7,14
2022-08-02,BOULE 400G,13.0,1.7,13
2022-08-03,BOULE 400G,12.0,1.7,10
2022-08-04,BOULE 400G,10.0,1.7,10
2022-08-05,BOULE 400G,10.0,1.7,9
2022-08-06,BOULE 400G,16.0,1.7,15
2022-08-07,BOULE 400G,17.0,1.7,15
2022-08-08,BOULE 400G,33.0,1.7,14
2022-08-09,BOULE 400G,14.0,1.7,12
2022-08-10,BOULE 400G,15.0,1.7,12
2022-08-11,BOULE 400G,10.0,1.7,7
2022-08-12,BOULE 400G,13.0,1.7,11
2022-08-13,BOULE 400G,19.0,1.7,15
2022-08-14,BOULE 400G,28.0,1.7,23
2022-08-15,BOULE 400G,20.0,1.7,15
2022-08-16,BOULE 400G,11.0,1.7,10
2022-08-17,BOULE 400G,13.0,1.7,9
2022-08-18,BOULE 400G,15.0,1.7,13
2022-08-19,BOULE 400G,7.0,1.7,5
2022-08-20,BOULE 400G,12.0,1.7,12
2022-08-21,BOULE 400G,12.0,1.7,11
2022-08-22,BOULE 400G,8.0,1.7,7
2022-08-23,BOULE 400G,8.0,1.7,5
2022-08-24,BOULE 400G,10.0,1.7,10
2022-08-25,BOULE 400G,8.0,1.7,8
2022-08-26,BOULE 400G,9.0,1.7,6
2022-08-27,BOULE 400G,10.0,1.7,9
2022-08-28,BOULE 400G,10.0,1.7,8
2022-08-29,BOULE 400G,8.0,1.7,8
2022-08-30,BOULE 400G,8.0,1.7,5
2022-08-31,BOULE 400G,2.0,1.7,2
2022-09-02,BOULE 400G,9.0,1.7,9
2022-09-03,BOULE 400G,6.0,1.7,5
2022-09-04,BOULE 400G,7.0,1.7,7
2022-09-05,BOULE 400G,5.0,1.7,5
2022-09-06,BOULE 400G,4.0,1.7,4
2022-09-07,BOULE 400G,5.0,1.7,4
2022-09-08,BOULE 400G,5.0,1.7,4
2022-09-09,BOULE 400G,6.0,1.7,5
2022-09-10,BOULE 400G,5.0,1.7,4
2022-09-11,BOULE 400G,10.0,1.7,8
2022-09-12,BOULE 400G,10.0,1.7,10
2022-09-13,BOULE 400G,2.0,1.7,2
2022-09-14,BOULE 400G,8.0,1.7,8
2022-09-15,BOULE 400G,7.0,1.7,4
2022-09-16,BOULE 400G,3.0,1.7,3
2022-09-17,BOULE 400G,7.0,1.7,6
2022-09-18,BOULE 400G,12.0,1.7,10
2022-09-20,BOULE 400G,7.0,1.7,6
2022-09-21,BOULE 400G,4.0,1.7,4
2022-09-22,BOULE 400G,2.0,1.7,2
2022-09-23,BOULE 400G,6.0,1.7,5
2022-09-24,BOULE 400G,4.0,1.7,4
2022-09-25,BOULE 400G,14.0,1.7,8
2022-09-26,BOULE 400G,4.0,1.7,4
2022-09-27,BOULE 400G,10.0,1.7,8
2022-09-28,BOULE 400G,2.0,1.7,2
2022-09-29,BOULE 400G,3.0,1.7,3
2022-09-30,BOULE 400G,10.0,1.7,7
2021-01-02,BOULE POLKA,2.0,1.6,2
2021-01-03,BOULE POLKA,2.0,1.6,1
2021-01-08,BOULE POLKA,2.0,1.6,1
2021-01-11,BOULE POLKA,2.0,1.6,1
2021-01-16,BOULE POLKA,3.0,1.6,3
2021-01-17,BOULE POLKA,1.0,1.6,1
2021-01-18,BOULE POLKA,1.0,1.6,1
2021-01-22,BOULE POLKA,1.0,1.6,1
2021-01-24,BOULE POLKA,1.0,1.6,1
2021-01-25,BOULE POLKA,2.0,1.6,1
2021-01-26,BOULE POLKA,1.0,1.6,1
2021-01-31,BOULE POLKA,2.0,1.6,2
2021-02-01,BOULE POLKA,2.0,1.6,1
2021-02-02,BOULE POLKA,1.0,1.6,1
2021-02-04,BOULE POLKA,2.0,1.6,1
2021-02-05,BOULE POLKA,2.0,1.6,2
2021-02-08,BOULE POLKA,1.0,1.6,1
2021-02-09,BOULE POLKA,2.0,1.6,2
2021-02-11,BOULE POLKA,1.0,1.6,1
2021-02-13,BOULE POLKA,2.0,1.6,2
2021-02-14,BOULE POLKA,2.0,1.6,2
2021-02-16,BOULE POLKA,1.0,1.6,1
2021-02-19,BOULE POLKA,2.0,1.6,2
2021-02-20,BOULE POLKA,1.0,1.6,1
2021-02-21,BOULE POLKA,1.0,1.6,1
2021-02-22,BOULE POLKA,2.0,1.6,2
2021-02-23,BOULE POLKA,1.0,1.6,1
2021-02-25,BOULE POLKA,2.0,1.6,2
2021-02-26,BOULE POLKA,2.0,1.6,2
2021-02-27,BOULE POLKA,2.0,1.6,2
2021-02-28,BOULE POLKA,2.0,1.6,1
2021-03-01,BOULE POLKA,1.0,1.6,1
2021-03-02,BOULE POLKA,2.0,1.6,2
2021-03-04,BOULE POLKA,1.0,1.6,1
2021-03-05,BOULE POLKA,2.0,1.6,2
2021-03-06,BOULE POLKA,2.0,1.6,2
2021-03-07,BOULE POLKA,2.0,1.6,2
2021-03-08,BOULE POLKA,2.0,1.6,2
2021-03-09,BOULE POLKA,2.0,1.6,2
2021-03-12,BOULE POLKA,1.0,1.6,1
2021-03-13,BOULE POLKA,2.0,1.6,1
2021-03-14,BOULE POLKA,2.0,1.6,1
2021-03-15,BOULE POLKA,1.0,1.6,1
2021-03-16,BOULE POLKA,1.0,1.6,1
2021-03-18,BOULE POLKA,1.0,1.6,1
2021-03-20,BOULE POLKA,1.0,1.6,1
2021-03-21,BOULE POLKA,2.0,1.6,2
2021-03-23,BOULE POLKA,2.0,1.6,2
2021-03-26,BOULE POLKA,1.0,1.6,1
2021-03-27,BOULE POLKA,1.0,1.6,1
2021-03-28,BOULE POLKA,1.0,1.6,1
2021-03-30,BOULE POLKA,1.0,1.6,1
2021-04-03,BOULE POLKA,1.0,1.6,1
2021-04-04,BOULE POLKA,1.0,1.6,1
2021-04-08,BOULE POLKA,1.0,1.6,1
2021-04-12,BOULE POLKA,1.0,1.6,1
2021-04-13,BOULE POLKA,1.0,1.6,1
2021-04-16,BOULE POLKA,1.0,1.6,1
2021-04-17,BOULE POLKA,1.0,1.6,1
2021-04-18,BOULE POLKA,2.0,1.6,2
2021-04-19,BOULE POLKA,1.0,1.6,1
2021-04-20,BOULE POLKA,2.0,1.6,2
2021-04-21,BOULE POLKA,1.0,1.6,1
2021-04-22,BOULE POLKA,1.0,1.6,1
2021-04-23,BOULE POLKA,1.0,1.6,1
2021-04-25,BOULE POLKA,1.0,1.6,1
2021-04-26,BOULE POLKA,1.0,1.6,1
2021-04-27,BOULE POLKA,1.0,1.6,1
2021-04-29,BOULE POLKA,1.0,1.6,1
2021-05-01,BOULE POLKA,2.0,1.6,2
2021-05-04,BOULE POLKA,1.0,1.6,1
2021-05-06,BOULE POLKA,1.0,1.6,1
2021-05-07,BOULE POLKA,1.0,1.6,1
2021-05-08,BOULE POLKA,1.0,1.6,1
2021-05-09,BOULE POLKA,1.0,1.6,1
2021-05-12,BOULE POLKA,1.0,1.6,1
2021-05-14,BOULE POLKA,1.0,1.6,1
2021-05-15,BOULE POLKA,1.0,1.6,1
2021-05-16,BOULE POLKA,2.0,1.6,1
2021-05-21,BOULE POLKA,1.0,1.6,1
2021-05-23,BOULE POLKA,2.0,1.6,1
2021-05-24,BOULE POLKA,2.0,1.6,2
2021-05-25,BOULE POLKA,1.0,1.6,1
2021-05-28,BOULE POLKA,2.0,1.6,2
2021-05-29,BOULE POLKA,2.0,1.6,2
2021-05-30,BOULE POLKA,2.0,1.6,2
2021-05-31,BOULE POLKA,1.0,1.6,1
2021-06-01,BOULE POLKA,2.0,1.6,2
2021-06-02,BOULE POLKA,1.0,1.6,1
2021-06-05,BOULE POLKA,1.0,1.6,1
2021-06-06,BOULE POLKA,1.0,1.6,1
2021-06-08,BOULE POLKA,2.0,1.6,2
2021-06-14,BOULE POLKA,1.0,1.6,1
2021-06-17,BOULE POLKA,1.0,1.6,1
2021-06-19,BOULE POLKA,1.0,1.6,1
2021-06-20,BOULE POLKA,2.0,1.6,2
2021-06-21,BOULE POLKA,2.0,1.6,2
2021-06-22,BOULE POLKA,1.0,1.6,1
2021-06-23,BOULE POLKA,2.0,1.6,2
2021-06-24,BOULE POLKA,2.0,1.6,2
2021-06-26,BOULE POLKA,1.0,1.6,1
2021-06-27,BOULE POLKA,2.0,1.6,2
2021-06-28,BOULE POLKA,2.0,1.6,2
2021-06-29,BOULE POLKA,2.0,1.6,2
2021-07-01,BOULE POLKA,2.0,1.6,2
2021-07-02,BOULE POLKA,1.0,1.6,1
2021-07-03,BOULE POLKA,2.0,1.6,2
2021-07-05,BOULE POLKA,2.0,1.6,2
2021-07-06,BOULE POLKA,2.0,1.6,2
2021-07-07,BOULE POLKA,2.0,1.6,2
2021-07-08,BOULE POLKA,2.0,1.6,2
2021-07-09,BOULE POLKA,1.0,1.6,1
2021-07-10,BOULE POLKA,2.0,1.6,2
2021-07-11,BOULE POLKA,2.0,1.6,2
2021-07-12,BOULE POLKA,1.0,1.6,1
2021-07-13,BOULE POLKA,1.0,1.6,1
2021-07-15,BOULE POLKA,2.0,1.6,2
2021-07-17,BOULE POLKA,2.0,1.6,2
2021-07-18,BOULE POLKA,2.0,1.6,2
2021-07-20,BOULE POLKA,1.0,1.6,1
2021-07-21,BOULE POLKA,1.0,1.6,1
2021-07-22,BOULE POLKA,2.0,1.6,2
2021-07-23,BOULE POLKA,2.0,1.6,2
2021-07-25,BOULE POLKA,2.0,1.6,2
2021-07-26,BOULE POLKA,2.0,1.6,2
2021-07-27,BOULE POLKA,2.0,1.6,2
2021-07-28,BOULE POLKA,1.0,1.6,1
2021-07-30,BOULE POLKA,2.0,1.6,2
2021-07-31,BOULE POLKA,2.0,1.6,2
2021-08-01,BOULE POLKA,2.0,1.6,1
2021-08-02,BOULE POLKA,1.0,1.6,1
2021-08-03,BOULE POLKA,2.0,1.6,2
2021-08-05,BOULE POLKA,2.0,1.6,2
2021-08-06,BOULE POLKA,2.0,1.6,2
2021-08-07,BOULE POLKA,2.0,1.6,2
2021-08-08,BOULE POLKA,2.0,1.6,2
2021-08-09,BOULE POLKA,2.0,1.6,2
2021-08-10,BOULE POLKA,2.0,1.6,2
2021-08-12,BOULE POLKA,2.0,1.6,2
2021-08-13,BOULE POLKA,1.0,1.6,1
2021-08-14,BOULE POLKA,2.0,1.6,2
2021-08-15,BOULE POLKA,2.0,1.6,2
2021-08-16,BOULE POLKA,2.0,1.6,2
2021-08-17,BOULE POLKA,2.0,1.6,2
2021-08-18,BOULE POLKA,2.0,1.6,1
2021-08-19,BOULE POLKA,1.0,1.6,1
2021-08-20,BOULE POLKA,2.0,1.6,1
2021-08-21,BOULE POLKA,2.0,1.6,2
2021-08-22,BOULE POLKA,1.0,1.6,1
2021-08-23,BOULE POLKA,2.0,1.6,2
2021-08-24,BOULE POLKA,1.0,1.6,1
2021-08-25,BOULE POLKA,2.0,1.6,2
2021-08-27,BOULE POLKA,1.0,1.6,1
2021-08-28,BOULE POLKA,2.0,1.6,1
2021-08-29,BOULE POLKA,1.0,1.6,1
2021-08-30,BOULE POLKA,2.0,1.6,2
2021-09-03,BOULE POLKA,1.0,1.6,1
2021-09-04,BOULE POLKA,1.0,1.6,1
2021-09-05,BOULE POLKA,1.0,1.6,1
2021-09-06,BOULE POLKA,1.0,1.6,1
2021-09-08,BOULE POLKA,1.0,1.6,1
2021-09-09,BOULE POLKA,1.0,1.6,1
2021-09-10,BOULE POLKA,1.0,1.6,1
2021-09-11,BOULE POLKA,2.0,1.6,2
2021-09-16,BOULE POLKA,1.0,1.6,1
2021-09-17,BOULE POLKA,1.0,1.6,1
2021-09-18,BOULE POLKA,11.0,1.6,2
2021-09-19,BOULE POLKA,1.0,1.6,1
2021-09-20,BOULE POLKA,1.0,1.6,1
2021-09-21,BOULE POLKA,1.0,1.6,1
2021-09-25,BOULE POLKA,1.0,1.6,1
2021-09-30,BOULE POLKA,1.0,1.6,1
2021-10-01,BOULE POLKA,1.0,1.6,1
2021-10-02,BOULE POLKA,1.0,1.6,1
2021-10-03,BOULE POLKA,1.0,1.6,1
2021-10-04,BOULE POLKA,1.0,1.6,1
2021-10-05,BOULE POLKA,1.0,1.6,1
2021-10-06,BOULE POLKA,1.0,1.6,1
2021-10-07,BOULE POLKA,1.0,1.6,1
2021-10-08,BOULE POLKA,1.0,1.6,1
2021-10-10,BOULE POLKA,1.0,1.6,1
2021-10-12,BOULE POLKA,1.0,1.6,1
2021-10-14,BOULE POLKA,1.0,1.6,1
2021-10-16,BOULE POLKA,1.0,1.6,1
2021-10-20,BOULE POLKA,1.0,1.6,1
2021-10-22,BOULE POLKA,1.0,1.6,1
2021-10-23,BOULE POLKA,1.0,1.6,1
2021-10-24,BOULE POLKA,1.0,1.6,1
2021-10-26,BOULE POLKA,1.0,1.6,1
2021-10-27,BOULE POLKA,1.0,1.6,1
2021-10-28,BOULE POLKA,1.0,1.6,1
2021-10-29,BOULE POLKA,1.0,1.6,1
2021-10-31,BOULE POLKA,1.0,1.6,1
2021-11-01,BOULE POLKA,1.0,1.6,1
2021-11-03,BOULE POLKA,1.0,1.6,1
2021-11-05,BOULE POLKA,1.0,1.6,1
2021-11-06,BOULE POLKA,1.0,1.6,1
2021-11-08,BOULE POLKA,1.0,1.6,1
2021-11-09,BOULE POLKA,1.0,1.6,1
2021-11-11,BOULE POLKA,1.0,1.6,1
2021-11-14,BOULE POLKA,1.0,1.6,1
2021-11-19,BOULE POLKA,1.0,1.6,1
2021-11-20,BOULE POLKA,1.0,1.6,1
2021-11-21,BOULE POLKA,1.0,1.6,1
2021-11-26,BOULE POLKA,1.0,1.6,1
2021-11-27,BOULE POLKA,1.0,1.6,1
2021-11-28,BOULE POLKA,1.0,1.6,1
2021-12-05,BOULE POLKA,1.0,1.6,1
2021-12-10,BOULE POLKA,1.0,1.6,1
2021-12-12,BOULE POLKA,1.0,1.6,1
2021-12-16,BOULE POLKA,1.0,1.6,1
2021-12-17,BOULE POLKA,1.0,1.6,1
2021-12-18,BOULE POLKA,1.0,1.6,1
2021-12-19,BOULE POLKA,1.0,1.6,1
2021-12-22,BOULE POLKA,1.0,1.6,1
2021-12-23,BOULE POLKA,1.0,1.6,1
2021-12-24,BOULE POLKA,1.0,1.6,1
2021-12-30,BOULE POLKA,1.0,1.6,1
2021-12-31,BOULE POLKA,3.0,1.6,2
2022-01-02,BOULE POLKA,1.0,1.6,1
2022-01-06,BOULE POLKA,1.0,1.6,1
2022-01-14,BOULE POLKA,1.0,1.6,1
2022-01-15,BOULE POLKA,1.0,1.6,1
2022-01-17,BOULE POLKA,1.0,1.6,1
2022-01-18,BOULE POLKA,1.0,1.6,1
2022-01-21,BOULE POLKA,1.0,1.6,1
2022-01-23,BOULE POLKA,1.0,1.6,1
2022-01-25,BOULE POLKA,1.0,1.6,1
2022-01-28,BOULE POLKA,1.0,1.6,1
2022-01-30,BOULE POLKA,1.0,1.6,1
2022-02-03,BOULE POLKA,1.0,1.6,1
2022-02-04,BOULE POLKA,1.0,1.6,1
2022-02-05,BOULE POLKA,1.0,1.6,1
2022-02-06,BOULE POLKA,1.0,1.6,1
2022-02-07,BOULE POLKA,1.0,1.7,1
2022-02-10,BOULE POLKA,1.0,1.7,1
2022-02-11,BOULE POLKA,1.0,1.7,1
2022-02-13,BOULE POLKA,1.0,1.7,1
2022-02-14,BOULE POLKA,1.0,1.7,1
2022-02-15,BOULE POLKA,1.0,1.7,1
2022-02-17,BOULE POLKA,1.0,1.7,1
2022-02-18,BOULE POLKA,1.0,1.7,1
2022-02-20,BOULE POLKA,1.0,1.7,1
2022-02-21,BOULE POLKA,1.0,1.7,1
2022-02-22,BOULE POLKA,1.0,1.7,1
2022-02-24,BOULE POLKA,1.0,1.7,1
2022-02-25,BOULE POLKA,1.0,1.7,1
2022-02-26,BOULE POLKA,1.0,1.7,1
2022-02-27,BOULE POLKA,1.0,1.7,1
2022-02-28,BOULE POLKA,1.0,1.7,1
2022-03-01,BOULE POLKA,1.0,1.7,1
2022-03-02,BOULE POLKA,1.0,1.7,1
2022-03-03,BOULE POLKA,1.0,1.7,1
2022-03-04,BOULE POLKA,1.0,1.7,1
2022-03-05,BOULE POLKA,1.0,1.7,1
2022-03-06,BOULE POLKA,1.0,1.7,1
2022-03-13,BOULE POLKA,1.0,1.7,1
2022-03-18,BOULE POLKA,1.0,1.7,1
2022-03-21,BOULE POLKA,1.0,1.7,1
2022-03-24,BOULE POLKA,1.0,1.7,1
2022-03-25,BOULE POLKA,1.0,1.7,1
2022-03-26,BOULE POLKA,1.0,1.7,1
2022-03-27,BOULE POLKA,1.0,1.7,1
2022-03-28,BOULE POLKA,1.0,1.7,1
2022-03-31,BOULE POLKA,1.0,1.7,1
2022-04-03,BOULE POLKA,1.0,1.7,1
2022-04-04,BOULE POLKA,1.0,1.7,1
2022-04-06,BOULE POLKA,1.0,1.7,1
2022-04-07,BOULE POLKA,1.0,1.7,1
2022-04-10,BOULE POLKA,1.0,1.7,1
2022-04-11,BOULE POLKA,1.0,1.7,1
2022-04-13,BOULE POLKA,1.0,1.7,1
2022-04-14,BOULE POLKA,1.0,1.7,1
2022-04-15,BOULE POLKA,1.0,1.7,1
2022-04-16,BOULE POLKA,1.0,1.7,1
2022-04-17,BOULE POLKA,1.0,1.7,1
2022-04-18,BOULE POLKA,1.0,1.7,1
2022-04-19,BOULE POLKA,1.0,1.7,1
2022-04-21,BOULE POLKA,1.0,1.7,1
2022-04-24,BOULE POLKA,1.0,1.7,1
2022-04-25,BOULE POLKA,1.0,1.7,1
2022-04-27,BOULE POLKA,1.0,1.7,1
2022-04-30,BOULE POLKA,1.0,1.7,1
2022-05-01,BOULE POLKA,1.0,1.7,1
2022-05-02,BOULE POLKA,1.0,1.7,1
2022-05-03,BOULE POLKA,1.0,1.7,1
2022-05-05,BOULE POLKA,1.0,1.7,1
2022-05-07,BOULE POLKA,1.0,1.7,1
2022-05-08,BOULE POLKA,1.0,1.7,1
2022-05-13,BOULE POLKA,1.0,1.7,1
2022-05-15,BOULE POLKA,1.0,1.7,1
2022-05-17,BOULE POLKA,1.0,1.7,1
2022-05-21,BOULE POLKA,1.0,1.7,1
2022-05-22,BOULE POLKA,1.0,1.7,1
2022-05-23,BOULE POLKA,1.0,1.7,1
2022-05-25,BOULE POLKA,1.0,1.7,1
2022-05-26,BOULE POLKA,1.0,1.7,1
2022-05-27,BOULE POLKA,1.0,1.7,1
2022-05-28,BOULE POLKA,1.0,1.7,1
2022-05-29,BOULE POLKA,1.0,1.7,1
2022-05-30,BOULE POLKA,1.0,1.7,1
2022-06-01,BOULE POLKA,1.0,1.7,1
2022-06-02,BOULE POLKA,1.0,1.7,1
2022-06-04,BOULE POLKA,1.0,1.7,1
2022-06-05,BOULE POLKA,1.0,1.7,1
2022-06-06,BOULE POLKA,1.0,1.7,1
2022-06-07,BOULE POLKA,1.0,1.7,1
2022-06-08,BOULE POLKA,1.0,1.7,1
2022-06-09,BOULE POLKA,1.0,1.7,1
2022-06-10,BOULE POLKA,1.0,1.7,1
2022-06-11,BOULE POLKA,1.0,1.7,1
2022-06-12,BOULE POLKA,1.0,1.7,1
2022-06-16,BOULE POLKA,1.0,1.7,1
2022-06-17,BOULE POLKA,1.0,1.7,1
2022-06-18,BOULE POLKA,1.0,1.7,1
2022-06-19,BOULE POLKA,1.0,1.7,1
2022-06-20,BOULE POLKA,1.0,1.7,1
2022-06-21,BOULE POLKA,1.0,1.7,1
2022-06-22,BOULE POLKA,1.0,1.7,1
2022-06-25,BOULE POLKA,1.0,1.7,1
2022-06-26,BOULE POLKA,1.0,1.7,1
2022-06-27,BOULE POLKA,1.0,1.7,1
2022-06-29,BOULE POLKA,1.0,1.8,1
2022-06-30,BOULE POLKA,1.0,1.8,1
2022-07-02,BOULE POLKA,1.0,1.8,1
2022-07-03,BOULE POLKA,1.0,1.8,1
2022-07-04,BOULE POLKA,1.0,1.8,1
2022-07-05,BOULE POLKA,1.0,1.8,1
2022-07-06,BOULE POLKA,1.0,1.8,1
2022-07-07,BOULE POLKA,1.0,1.8,1
2022-07-08,BOULE POLKA,1.0,1.8,1
2022-07-09,BOULE POLKA,1.0,1.8,1
2022-07-10,BOULE POLKA,1.0,1.8,1
2022-07-11,BOULE POLKA,3.0,1.8,3
2022-07-12,BOULE POLKA,2.0,1.8,2
2022-07-13,BOULE POLKA,2.0,1.8,2
2022-07-14,BOULE POLKA,2.0,1.8,2
2022-07-15,BOULE POLKA,1.0,1.8,1
2022-07-16,BOULE POLKA,1.0,1.8,1
2022-07-17,BOULE POLKA,1.0,1.8,1
2022-07-18,BOULE POLKA,2.0,1.8,1
2022-07-20,BOULE POLKA,2.0,1.8,2
2022-07-21,BOULE POLKA,1.0,1.8,1
2022-07-22,BOULE POLKA,2.0,1.8,2
2022-07-23,BOULE POLKA,2.0,1.8,2
2022-07-24,BOULE POLKA,2.0,1.8,2
2022-07-25,BOULE POLKA,1.0,1.8,1
2022-07-27,BOULE POLKA,2.0,1.8,2
2022-07-28,BOULE POLKA,2.0,1.8,2
2022-07-29,BOULE POLKA,2.0,1.8,2
2022-07-30,BOULE POLKA,1.0,1.8,1
2022-07-31,BOULE POLKA,2.0,1.8,2
2022-08-01,BOULE POLKA,2.0,1.8,2
2022-08-02,BOULE POLKA,2.0,1.8,1
2022-08-04,BOULE POLKA,1.0,1.8,1
2022-08-06,BOULE POLKA,2.0,1.8,2
2022-08-07,BOULE POLKA,2.0,1.8,2
2022-08-08,BOULE POLKA,3.0,1.8,3
2022-08-09,BOULE POLKA,2.0,1.8,1
2022-08-10,BOULE POLKA,2.0,1.8,2
2022-08-11,BOULE POLKA,2.0,1.8,1
2022-08-12,BOULE POLKA,4.0,1.8,4
2022-08-13,BOULE POLKA,2.0,1.8,1
2022-08-14,BOULE POLKA,2.0,1.8,1
2022-08-15,BOULE POLKA,2.0,1.8,2
2022-08-16,BOULE POLKA,2.0,1.8,1
2022-08-17,BOULE POLKA,1.0,1.8,1
2022-08-18,BOULE POLKA,2.0,1.8,2
2022-08-19,BOULE POLKA,1.0,1.8,1
2022-08-20,BOULE POLKA,2.0,1.8,2
2022-08-21,BOULE POLKA,2.0,1.8,2
2022-08-22,BOULE POLKA,2.0,1.8,2
2022-08-24,BOULE POLKA,1.0,1.8,1
2022-08-25,BOULE POLKA,2.0,1.8,1
2022-08-27,BOULE POLKA,2.0,1.8,2
2022-08-28,BOULE POLKA,1.0,1.8,1
2022-08-29,BOULE POLKA,2.0,1.8,2
2022-08-30,BOULE POLKA,1.0,1.8,1
2022-08-31,BOULE POLKA,1.0,1.8,1
2022-09-02,BOULE POLKA,1.0,1.8,1
2022-09-04,BOULE POLKA,1.0,1.8,1
2022-09-10,BOULE POLKA,1.0,1.8,1
2022-09-11,BOULE POLKA,1.0,1.8,1
2022-09-14,BOULE POLKA,1.0,1.8,1
2022-09-15,BOULE POLKA,1.0,1.8,1
2022-09-17,BOULE POLKA,1.0,1.8,1
2022-09-18,BOULE POLKA,1.0,1.8,1
2022-09-20,BOULE POLKA,1.0,1.8,1
2022-09-21,BOULE POLKA,1.0,1.8,1
2022-09-22,BOULE POLKA,1.0,1.8,1
2022-09-23,BOULE POLKA,1.0,1.8,1
2022-09-24,BOULE POLKA,1.0,1.8,1
2022-09-25,BOULE POLKA,1.0,1.8,1
2022-09-26,BOULE POLKA,1.0,1.8,1
2022-09-27,BOULE POLKA,1.0,1.8,1
2022-09-29,BOULE POLKA,1.0,1.8,1
2022-09-30,BOULE POLKA,1.0,1.8,1
2021-01-02,BRIOCHE,2.0,5.0,2
2021-01-03,BRIOCHE,3.0,5.0,3
2021-01-04,BRIOCHE,1.0,5.0,1
2021-01-05,BRIOCHE,2.0,5.0,2
2021-01-07,BRIOCHE,1.0,5.0,1
2021-01-08,BRIOCHE,1.0,5.0,1
2021-01-09,BRIOCHE,2.0,5.0,2
2021-01-10,BRIOCHE,2.0,5.0,2
2021-01-11,BRIOCHE,2.0,5.0,2
2021-01-14,BRIOCHE,1.0,5.0,1
2021-01-16,BRIOCHE,2.0,5.0,1
2021-01-17,BRIOCHE,1.0,5.0,1
2021-01-18,BRIOCHE,1.0,5.0,1
2021-01-19,BRIOCHE,1.0,5.0,1
2021-01-21,BRIOCHE,1.0,5.0,1
2021-01-23,BRIOCHE,1.0,5.0,1
2021-01-24,BRIOCHE,2.0,5.0,2
2021-01-26,BRIOCHE,1.0,5.0,1
2021-01-28,BRIOCHE,2.0,5.0,2
2021-01-29,BRIOCHE,2.0,5.0,2
2021-01-30,BRIOCHE,1.0,5.0,1
2021-01-31,BRIOCHE,3.0,5.0,3
2021-02-04,BRIOCHE,2.0,5.0,2
2021-02-05,BRIOCHE,1.0,5.0,1
2021-02-06,BRIOCHE,1.0,5.0,1
2021-02-07,BRIOCHE,2.0,5.0,2
2021-02-08,BRIOCHE,2.0,5.0,2
2021-02-12,BRIOCHE,2.0,5.0,2
2021-02-13,BRIOCHE,1.0,5.0,1
2021-02-14,BRIOCHE,3.0,5.0,3
2021-02-16,BRIOCHE,1.0,5.0,1
2021-02-18,BRIOCHE,2.0,5.0,2
2021-02-20,BRIOCHE,4.0,5.0,4
2021-02-21,BRIOCHE,3.0,5.0,3
2021-02-22,BRIOCHE,4.0,5.0,4
2021-02-23,BRIOCHE,3.0,5.0,3
2021-02-25,BRIOCHE,3.0,5.0,3
2021-02-26,BRIOCHE,7.0,5.0,5
2021-02-27,BRIOCHE,6.0,5.0,6
2021-02-28,BRIOCHE,5.0,5.0,5
2021-03-01,BRIOCHE,1.0,5.0,1
2021-03-02,BRIOCHE,4.0,5.0,3
2021-03-04,BRIOCHE,2.0,5.0,2
2021-03-05,BRIOCHE,3.0,5.0,3
2021-03-06,BRIOCHE,1.0,5.0,1
2021-03-07,BRIOCHE,5.0,5.0,5
2021-03-08,BRIOCHE,1.0,5.0,1
2021-03-09,BRIOCHE,1.0,5.0,1
2021-03-11,BRIOCHE,2.0,5.0,2
2021-03-12,BRIOCHE,2.0,5.0,2
2021-03-13,BRIOCHE,2.0,5.0,2
2021-03-14,BRIOCHE,3.0,5.0,3
2021-03-15,BRIOCHE,2.0,5.0,2
2021-03-16,BRIOCHE,1.0,5.0,1
2021-03-18,BRIOCHE,1.0,5.0,1
2021-03-20,BRIOCHE,2.0,5.0,2
2021-03-21,BRIOCHE,4.0,5.0,4
2021-03-23,BRIOCHE,1.0,5.0,1
2021-03-26,BRIOCHE,2.0,5.0,1
2021-03-28,BRIOCHE,2.0,5.0,2
2021-03-29,BRIOCHE,1.0,5.0,1
2021-03-30,BRIOCHE,1.0,5.0,1
2021-04-01,BRIOCHE,2.0,5.0,2
2021-04-02,BRIOCHE,1.0,5.0,1
2021-04-03,BRIOCHE,7.0,5.0,7
2021-04-04,BRIOCHE,5.0,5.0,5
2021-04-05,BRIOCHE,3.0,5.0,2
2021-04-06,BRIOCHE,1.0,5.0,1
2021-04-08,BRIOCHE,1.0,5.0,1
2021-04-09,BRIOCHE,2.0,5.0,2
2021-04-10,BRIOCHE,4.0,5.0,4
2021-04-11,BRIOCHE,3.0,5.0,3
2021-04-12,BRIOCHE,3.0,5.0,3
2021-04-13,BRIOCHE,2.0,5.0,2
2021-04-15,BRIOCHE,2.0,5.0,2
2021-04-16,BRIOCHE,1.0,5.0,1
2021-04-17,BRIOCHE,6.0,5.0,6
2021-04-18,BRIOCHE,6.0,5.0,6
2021-04-19,BRIOCHE,3.0,5.0,3
2021-04-20,BRIOCHE,3.0,5.0,2
2021-04-21,BRIOCHE,3.0,5.0,3
2021-04-22,BRIOCHE,1.0,5.0,1
2021-04-23,BRIOCHE,3.0,5.0,3
2021-04-24,BRIOCHE,3.0,5.0,3
2021-04-25,BRIOCHE,5.0,5.0,5
2021-04-27,BRIOCHE,1.0,5.0,1
2021-04-29,BRIOCHE,1.0,5.0,1
2021-04-30,BRIOCHE,2.0,5.0,2
2021-05-01,BRIOCHE,4.0,5.0,4
2021-05-02,BRIOCHE,3.0,5.0,3
2021-05-03,BRIOCHE,2.0,5.0,2
2021-05-05,BRIOCHE,1.0,5.0,1
2021-05-07,BRIOCHE,1.0,5.0,1
2021-05-08,BRIOCHE,3.0,5.0,3
2021-05-09,BRIOCHE,4.0,5.0,4
2021-05-10,BRIOCHE,4.0,5.0,3
2021-05-11,BRIOCHE,1.0,5.0,1
2021-05-12,BRIOCHE,3.0,5.0,3
2021-05-13,BRIOCHE,4.0,5.0,4
2021-05-14,BRIOCHE,9.0,5.0,6
2021-05-15,BRIOCHE,8.0,5.0,8
2021-05-16,BRIOCHE,11.0,5.0,9
2021-05-21,BRIOCHE,3.0,5.0,3
2021-05-22,BRIOCHE,5.0,5.0,5
2021-05-23,BRIOCHE,8.0,5.0,8
2021-05-24,BRIOCHE,2.0,5.0,2
2021-05-25,BRIOCHE,2.0,5.0,2
2021-05-27,BRIOCHE,2.0,5.0,2
2021-05-28,BRIOCHE,2.0,5.0,2
2021-05-29,BRIOCHE,2.0,5.0,2
2021-05-30,BRIOCHE,5.0,5.0,5
2021-05-31,BRIOCHE,1.0,5.0,1
2021-06-01,BRIOCHE,1.0,5.0,1
2021-06-02,BRIOCHE,1.0,5.0,1
2021-06-03,BRIOCHE,2.0,5.0,2
2021-06-04,BRIOCHE,3.0,5.0,3
2021-06-05,BRIOCHE,1.0,5.0,1
2021-06-06,BRIOCHE,3.0,5.0,3
2021-06-07,BRIOCHE,3.0,5.0,3
2021-06-08,BRIOCHE,2.0,5.0,2
2021-06-09,BRIOCHE,1.0,5.0,1
2021-06-10,BRIOCHE,1.0,5.0,1
2021-06-11,BRIOCHE,1.0,5.0,1
2021-06-12,BRIOCHE,3.0,5.0,3
2021-06-13,BRIOCHE,5.0,5.0,5
2021-06-15,BRIOCHE,3.0,5.0,3
2021-06-16,BRIOCHE,2.0,5.0,2
2021-06-17,BRIOCHE,1.0,5.0,1
2021-06-19,BRIOCHE,3.0,5.0,3
2021-06-20,BRIOCHE,3.0,5.0,3
2021-06-22,BRIOCHE,3.0,5.0,3
2021-06-24,BRIOCHE,2.0,5.0,2
2021-06-25,BRIOCHE,2.0,5.0,2
2021-06-26,BRIOCHE,2.0,5.0,2
2021-06-27,BRIOCHE,5.0,5.0,5
2021-06-28,BRIOCHE,2.0,5.0,2
2021-06-29,BRIOCHE,3.0,5.0,3
2021-06-30,BRIOCHE,2.0,5.0,2
2021-07-01,BRIOCHE,1.0,5.0,1
2021-07-02,BRIOCHE,1.0,5.0,1
2021-07-03,BRIOCHE,6.0,5.0,6
2021-07-04,BRIOCHE,4.0,5.0,4
2021-07-05,BRIOCHE,5.0,5.0,5
2021-07-06,BRIOCHE,2.0,5.0,2
2021-07-08,BRIOCHE,2.0,5.0,2
2021-07-09,BRIOCHE,4.0,5.0,3
2021-07-10,BRIOCHE,7.0,5.0,6
2021-07-11,BRIOCHE,10.0,5.0,10
2021-07-12,BRIOCHE,5.0,5.0,4
2021-07-13,BRIOCHE,6.0,5.0,6
2021-07-14,BRIOCHE,6.0,5.0,6
2021-07-15,BRIOCHE,7.0,5.0,7
2021-07-16,BRIOCHE,6.0,5.0,6
2021-07-17,BRIOCHE,11.0,5.0,11
2021-07-18,BRIOCHE,7.0,5.0,7
2021-07-19,BRIOCHE,5.0,5.0,5
2021-07-20,BRIOCHE,3.0,5.0,3
2021-07-21,BRIOCHE,6.0,5.0,6
2021-07-22,BRIOCHE,3.0,5.0,3
2021-07-23,BRIOCHE,9.0,5.0,9
2021-07-24,BRIOCHE,15.0,5.0,14
2021-07-25,BRIOCHE,8.0,5.0,8
2021-07-26,BRIOCHE,7.0,5.0,6
2021-07-27,BRIOCHE,9.0,5.0,8
2021-07-28,BRIOCHE,4.0,5.0,4
2021-07-29,BRIOCHE,7.0,5.0,7
2021-07-30,BRIOCHE,6.0,5.0,4
2021-07-31,BRIOCHE,14.0,5.0,12
2021-08-01,BRIOCHE,8.0,5.0,7
2021-08-02,BRIOCHE,6.0,5.0,6
2021-08-03,BRIOCHE,8.0,5.0,7
2021-08-04,BRIOCHE,4.0,5.0,4
2021-08-05,BRIOCHE,9.0,5.0,7
2021-08-06,BRIOCHE,2.0,5.0,2
2021-08-07,BRIOCHE,13.0,5.0,12
2021-08-08,BRIOCHE,12.0,5.0,11
2021-08-09,BRIOCHE,9.0,5.0,9
2021-08-10,BRIOCHE,6.0,5.0,4
2021-08-11,BRIOCHE,6.0,5.0,6
2021-08-12,BRIOCHE,6.0,5.0,6
2021-08-13,BRIOCHE,5.0,5.0,5
2021-08-14,BRIOCHE,12.0,5.0,11
2021-08-15,BRIOCHE,11.0,5.0,11
2021-08-16,BRIOCHE,5.0,5.0,5
2021-08-17,BRIOCHE,7.0,5.0,7
2021-08-18,BRIOCHE,4.0,5.0,4
2021-08-19,BRIOCHE,4.0,5.0,3
2021-08-20,BRIOCHE,5.0,5.0,5
2021-08-21,BRIOCHE,6.0,5.0,6
2021-08-22,BRIOCHE,10.0,5.0,10
2021-08-23,BRIOCHE,3.0,5.0,3
2021-08-24,BRIOCHE,4.0,5.0,4
2021-08-25,BRIOCHE,5.0,5.0,5
2021-08-26,BRIOCHE,5.0,5.0,5
2021-08-27,BRIOCHE,1.0,5.0,1
2021-08-28,BRIOCHE,5.0,5.0,5
2021-08-29,BRIOCHE,6.0,5.0,6
2021-08-30,BRIOCHE,1.0,5.0,1
2021-08-31,BRIOCHE,1.0,5.0,1
2021-09-01,BRIOCHE,2.0,5.0,2
2021-09-02,BRIOCHE,1.0,5.0,1
2021-09-03,BRIOCHE,1.0,5.0,1
2021-09-04,BRIOCHE,2.0,5.0,2
2021-09-05,BRIOCHE,4.0,5.0,4
2021-09-06,BRIOCHE,3.0,5.0,3
2021-09-07,BRIOCHE,1.0,5.0,1
2021-09-08,BRIOCHE,1.0,5.0,1
2021-09-09,BRIOCHE,1.0,5.0,1
2021-09-11,BRIOCHE,4.0,5.0,4
2021-09-12,BRIOCHE,4.0,5.0,4
2021-09-13,BRIOCHE,1.0,5.0,1
2021-09-14,BRIOCHE,2.0,5.0,2
2021-09-15,BRIOCHE,1.0,5.0,1
2021-09-17,BRIOCHE,2.0,5.0,2
2021-09-18,BRIOCHE,1.0,5.0,1
2021-09-19,BRIOCHE,9.0,5.0,9
2021-09-21,BRIOCHE,2.0,5.0,2
2021-09-23,BRIOCHE,1.0,5.0,1
2021-09-24,BRIOCHE,1.0,5.0,1
2021-09-25,BRIOCHE,3.0,5.0,3
2021-09-26,BRIOCHE,4.0,5.0,4
2021-09-28,BRIOCHE,1.0,5.0,1
2021-09-29,BRIOCHE,1.0,5.0,1
2021-10-01,BRIOCHE,2.0,5.0,2
2021-10-02,BRIOCHE,1.0,5.0,1
2021-10-03,BRIOCHE,6.0,5.0,5
2021-10-04,BRIOCHE,1.0,5.0,1
2021-10-08,BRIOCHE,1.0,5.0,1
2021-10-09,BRIOCHE,3.0,5.0,3
2021-10-10,BRIOCHE,3.0,5.0,3
2021-10-12,BRIOCHE,1.0,5.0,1
2021-10-13,BRIOCHE,1.0,5.0,1
2021-10-14,BRIOCHE,2.0,5.0,2
2021-10-16,BRIOCHE,4.0,5.0,3
2021-10-17,BRIOCHE,4.0,5.0,4
2021-10-18,BRIOCHE,1.0,5.0,1
2021-10-19,BRIOCHE,1.0,5.0,1
2021-10-20,BRIOCHE,2.0,5.0,2
2021-10-21,BRIOCHE,1.0,5.0,1
2021-10-22,BRIOCHE,1.0,5.0,1
2021-10-23,BRIOCHE,2.0,5.0,2
2021-10-24,BRIOCHE,5.0,5.0,5
2021-10-26,BRIOCHE,3.0,5.0,3
2021-10-27,BRIOCHE,2.0,5.0,2
2021-10-28,BRIOCHE,3.0,5.0,3
2021-10-30,BRIOCHE,5.0,5.0,5
2021-10-31,BRIOCHE,8.0,5.0,8
2021-11-01,BRIOCHE,6.0,5.0,6
2021-11-03,BRIOCHE,1.0,5.0,1
2021-11-04,BRIOCHE,2.0,5.0,2
2021-11-05,BRIOCHE,2.0,5.0,2
2021-11-06,BRIOCHE,2.0,5.0,2
2021-11-07,BRIOCHE,5.0,5.0,5
2021-11-08,BRIOCHE,1.0,5.0,1
2021-11-09,BRIOCHE,1.0,5.0,1
2021-11-10,BRIOCHE,2.0,5.0,2
2021-11-11,BRIOCHE,2.0,5.0,2
2021-11-12,BRIOCHE,2.0,5.0,2
2021-11-13,BRIOCHE,1.0,5.0,1
2021-11-14,BRIOCHE,3.0,5.0,3
2021-11-15,BRIOCHE,1.0,5.0,1
2021-11-16,BRIOCHE,1.0,5.0,1
2021-11-19,BRIOCHE,1.0,5.0,1
2021-11-20,BRIOCHE,1.0,5.0,1
2021-11-21,BRIOCHE,6.0,5.0,6
2021-11-22,BRIOCHE,2.0,5.0,2
2021-11-25,BRIOCHE,1.0,5.0,1
2021-11-26,BRIOCHE,1.0,5.0,1
2021-11-27,BRIOCHE,2.0,5.0,2
2021-11-28,BRIOCHE,3.0,5.0,3
2021-11-30,BRIOCHE,1.0,5.0,1
2021-12-02,BRIOCHE,2.0,5.0,2
2021-12-03,BRIOCHE,2.0,5.0,2
2021-12-04,BRIOCHE,1.0,5.0,1
2021-12-05,BRIOCHE,2.0,5.0,2
2021-12-09,BRIOCHE,1.0,5.0,1
2021-12-10,BRIOCHE,1.0,5.0,1
2021-12-11,BRIOCHE,2.0,5.0,2
2021-12-12,BRIOCHE,2.0,5.0,2
2021-12-14,BRIOCHE,2.0,5.0,2
2021-12-16,BRIOCHE,1.0,5.0,1
2021-12-18,BRIOCHE,2.0,5.0,2
2021-12-19,BRIOCHE,2.0,5.0,2
2021-12-20,BRIOCHE,2.0,5.0,2
2021-12-21,BRIOCHE,3.0,5.0,3
2021-12-22,BRIOCHE,2.0,5.0,2
2021-12-23,BRIOCHE,3.0,5.0,3
2021-12-24,BRIOCHE,2.0,5.0,2
2021-12-25,BRIOCHE,2.0,5.0,2
2021-12-26,BRIOCHE,4.0,5.0,4
2021-12-27,BRIOCHE,3.0,5.0,3
2021-12-28,BRIOCHE,3.0,5.0,3
2021-12-29,BRIOCHE,4.0,5.0,4
2021-12-30,BRIOCHE,4.0,5.0,3
2021-12-31,BRIOCHE,6.0,5.0,6
2022-01-02,BRIOCHE,3.0,5.0,3
2022-01-03,BRIOCHE,1.0,5.0,1
2022-01-06,BRIOCHE,2.0,5.0,2
2022-01-08,BRIOCHE,4.0,5.0,3
2022-01-09,BRIOCHE,2.0,5.0,2
2022-01-14,BRIOCHE,1.0,5.0,1
2022-01-15,BRIOCHE,1.0,5.0,1
2022-01-16,BRIOCHE,1.0,5.0,1
2022-01-17,BRIOCHE,1.0,5.0,1
2022-01-18,BRIOCHE,2.0,5.0,2
2022-01-21,BRIOCHE,2.0,5.0,2
2022-01-22,BRIOCHE,1.0,5.0,1
2022-01-23,BRIOCHE,1.0,5.0,1
2022-01-24,BRIOCHE,1.0,5.0,1
2022-01-25,BRIOCHE,1.0,5.0,1
2022-01-27,BRIOCHE,2.0,5.0,2
2022-01-28,BRIOCHE,1.0,5.0,1
2022-01-29,BRIOCHE,2.0,5.0,2
2022-01-30,BRIOCHE,3.0,5.0,3
2022-02-01,BRIOCHE,1.0,5.0,1
2022-02-04,BRIOCHE,1.0,5.0,1
2022-02-05,BRIOCHE,1.0,5.0,1
2022-02-06,BRIOCHE,3.0,5.0,3
2022-02-07,BRIOCHE,3.0,6.0,3
2022-02-11,BRIOCHE,3.0,6.0,3
2022-02-12,BRIOCHE,2.0,6.0,2
2022-02-13,BRIOCHE,3.0,6.0,3
2022-02-14,BRIOCHE,2.0,6.0,2
2022-02-15,BRIOCHE,2.0,6.0,2
2022-02-17,BRIOCHE,2.0,6.0,2
2022-02-19,BRIOCHE,1.0,6.0,1
2022-02-20,BRIOCHE,6.0,6.0,6
2022-02-25,BRIOCHE,2.0,6.0,2
2022-02-26,BRIOCHE,3.0,6.0,3
2022-02-27,BRIOCHE,7.0,6.0,7
2022-02-28,BRIOCHE,2.0,6.0,2
2022-03-01,BRIOCHE,1.0,6.0,1
2022-03-02,BRIOCHE,1.0,6.0,1
2022-03-03,BRIOCHE,1.0,6.0,1
2022-03-04,BRIOCHE,1.0,6.0,1
2022-03-05,BRIOCHE,1.0,6.0,1
2022-03-06,BRIOCHE,5.0,6.0,4
2022-03-11,BRIOCHE,2.0,6.0,2
2022-03-12,BRIOCHE,1.0,6.0,1
2022-03-13,BRIOCHE,3.0,6.0,3
2022-03-14,BRIOCHE,1.0,6.0,1
2022-03-17,BRIOCHE,1.0,6.0,1
2022-03-18,BRIOCHE,1.0,6.0,1
2022-03-19,BRIOCHE,2.0,6.0,2
2022-03-20,BRIOCHE,4.0,6.0,4
2022-03-21,BRIOCHE,1.0,6.0,1
2022-03-22,BRIOCHE,1.0,6.0,1
2022-03-25,BRIOCHE,1.0,6.0,1
2022-03-26,BRIOCHE,4.0,6.0,3
2022-03-27,BRIOCHE,4.0,6.0,4
2022-03-28,BRIOCHE,1.0,6.0,1
2022-04-02,BRIOCHE,1.0,6.0,1
2022-04-03,BRIOCHE,1.0,6.0,1
2022-04-05,BRIOCHE,1.0,6.0,1
2022-04-07,BRIOCHE,2.0,6.0,2
2022-04-10,BRIOCHE,3.0,6.0,3
2022-04-11,BRIOCHE,1.0,6.0,1
2022-04-12,BRIOCHE,1.0,6.0,1
2022-04-13,BRIOCHE,2.0,6.0,2
2022-04-15,BRIOCHE,2.0,6.0,2
2022-04-16,BRIOCHE,6.0,6.0,6
2022-04-17,BRIOCHE,8.0,6.0,7
2022-04-18,BRIOCHE,15.0,6.0,14
2022-04-19,BRIOCHE,1.0,6.0,1
2022-04-20,BRIOCHE,2.0,6.0,2
2022-04-21,BRIOCHE,3.0,6.0,3
2022-04-22,BRIOCHE,1.0,6.0,1
2022-04-23,BRIOCHE,3.0,6.0,3
2022-04-24,BRIOCHE,3.0,6.0,3
2022-04-25,BRIOCHE,3.0,6.0,3
2022-04-26,BRIOCHE,2.0,6.0,2
2022-04-27,BRIOCHE,2.0,6.0,2
2022-04-28,BRIOCHE,1.0,6.0,1
2022-04-29,BRIOCHE,3.0,6.0,2
2022-04-30,BRIOCHE,6.0,6.0,5
2022-05-01,BRIOCHE,3.0,6.0,3
2022-05-02,BRIOCHE,3.0,6.0,3
2022-05-03,BRIOCHE,2.0,6.0,2
2022-05-05,BRIOCHE,3.0,6.0,3
2022-05-06,BRIOCHE,1.0,6.0,1
2022-05-07,BRIOCHE,4.0,6.0,4
2022-05-08,BRIOCHE,5.0,6.0,5
2022-05-10,BRIOCHE,1.0,6.0,1
2022-05-12,BRIOCHE,1.0,6.0,1
2022-05-13,BRIOCHE,1.0,6.0,1
2022-05-14,BRIOCHE,3.0,6.0,3
2022-05-15,BRIOCHE,4.0,6.0,4
2022-05-16,BRIOCHE,2.0,6.0,2
2022-05-17,BRIOCHE,1.0,6.0,1
2022-05-18,BRIOCHE,1.0,6.0,1
2022-05-19,BRIOCHE,2.0,6.0,2
2022-05-20,BRIOCHE,1.0,6.0,1
2022-05-21,BRIOCHE,6.0,6.0,4
2022-05-22,BRIOCHE,4.0,6.0,4
2022-05-23,BRIOCHE,1.0,6.0,1
2022-05-24,BRIOCHE,1.0,6.0,1
2022-05-25,BRIOCHE,2.0,6.0,1
2022-05-26,BRIOCHE,7.0,6.0,7
2022-05-27,BRIOCHE,9.0,6.0,9
2022-05-28,BRIOCHE,13.0,6.0,11
2022-05-29,BRIOCHE,9.0,6.0,9
2022-05-30,BRIOCHE,2.0,6.0,2
2022-05-31,BRIOCHE,1.0,6.0,1
2022-06-01,BRIOCHE,2.0,6.0,2
2022-06-02,BRIOCHE,1.0,6.0,1
2022-06-03,BRIOCHE,4.0,6.0,4
2022-06-04,BRIOCHE,7.0,6.0,7
2022-06-05,BRIOCHE,3.0,6.0,3
2022-06-06,BRIOCHE,7.0,6.0,7
2022-06-07,BRIOCHE,1.0,6.0,1
2022-06-08,BRIOCHE,1.0,6.0,1
2022-06-09,BRIOCHE,4.0,6.0,4
2022-06-10,BRIOCHE,2.0,6.0,2
2022-06-11,BRIOCHE,4.0,6.0,4
2022-06-12,BRIOCHE,6.0,6.0,6
2022-06-14,BRIOCHE,1.0,6.0,1
2022-06-17,BRIOCHE,1.0,6.0,1
2022-06-18,BRIOCHE,3.0,6.0,3
2022-06-19,BRIOCHE,6.0,6.0,5
2022-06-20,BRIOCHE,2.0,6.0,2
2022-06-22,BRIOCHE,1.0,6.0,1
2022-06-23,BRIOCHE,3.0,6.0,3
2022-06-24,BRIOCHE,2.0,6.0,2
2022-06-25,BRIOCHE,2.0,6.0,2
2022-06-26,BRIOCHE,4.0,6.0,4
2022-06-27,BRIOCHE,2.0,6.0,2
2022-06-28,BRIOCHE,3.0,6.0,3
2022-06-29,BRIOCHE,2.0,6.0,2
2022-06-30,BRIOCHE,2.0,6.0,2
2022-07-01,BRIOCHE,1.0,6.0,1
2022-07-02,BRIOCHE,3.0,6.0,3
2022-07-03,BRIOCHE,6.0,6.0,6
2022-07-04,BRIOCHE,3.0,6.0,3
2022-07-05,BRIOCHE,1.0,6.0,1
2022-07-06,BRIOCHE,3.0,6.0,3
2022-07-07,BRIOCHE,4.0,6.0,3
2022-07-08,BRIOCHE,3.0,6.0,2
2022-07-09,BRIOCHE,3.0,6.0,2
2022-07-10,BRIOCHE,4.0,6.0,4
2022-07-11,BRIOCHE,1.0,6.0,1
2022-07-13,BRIOCHE,3.0,6.0,3
2022-07-14,BRIOCHE,11.0,6.0,10
2022-07-15,BRIOCHE,6.0,6.0,6
2022-07-16,BRIOCHE,8.0,6.0,8
2022-07-17,BRIOCHE,9.0,6.0,9
2022-07-18,BRIOCHE,2.0,6.0,2
2022-07-19,BRIOCHE,5.0,6.0,5
2022-07-20,BRIOCHE,3.0,6.0,3
2022-07-21,BRIOCHE,7.0,6.0,7
2022-07-22,BRIOCHE,5.0,6.0,5
2022-07-23,BRIOCHE,10.0,6.0,10
2022-07-24,BRIOCHE,10.0,6.0,10
2022-07-25,BRIOCHE,4.0,6.0,4
2022-07-26,BRIOCHE,2.0,6.0,2
2022-07-27,BRIOCHE,1.0,6.0,1
2022-07-28,BRIOCHE,1.0,6.0,1
2022-07-29,BRIOCHE,5.0,6.0,5
2022-07-30,BRIOCHE,7.0,6.0,7
2022-07-31,BRIOCHE,14.0,6.0,13
2022-08-01,BRIOCHE,9.0,6.0,9
2022-08-02,BRIOCHE,6.0,6.0,6
2022-08-03,BRIOCHE,10.0,6.0,9
2022-08-04,BRIOCHE,10.0,6.0,10
2022-08-05,BRIOCHE,6.0,6.0,6
2022-08-06,BRIOCHE,9.0,6.0,8
2022-08-07,BRIOCHE,10.0,6.0,9
2022-08-08,BRIOCHE,10.0,6.0,9
2022-08-09,BRIOCHE,6.0,6.0,6
2022-08-10,BRIOCHE,6.0,6.0,6
2022-08-11,BRIOCHE,5.0,6.0,5
2022-08-12,BRIOCHE,9.0,6.0,9
2022-08-13,BRIOCHE,5.0,6.0,5
2022-08-14,BRIOCHE,16.0,6.0,16
2022-08-15,BRIOCHE,8.0,6.0,8
2022-08-16,BRIOCHE,7.0,6.0,7
2022-08-17,BRIOCHE,5.0,6.0,5
2022-08-18,BRIOCHE,6.0,6.0,6
2022-08-19,BRIOCHE,5.0,6.0,5
2022-08-20,BRIOCHE,9.0,6.0,8
2022-08-21,BRIOCHE,11.0,6.0,10
2022-08-22,BRIOCHE,6.0,6.0,6
2022-08-23,BRIOCHE,1.0,6.0,1
2022-08-24,BRIOCHE,5.0,6.0,4
2022-08-25,BRIOCHE,4.0,6.0,4
2022-08-26,BRIOCHE,3.0,6.0,3
2022-08-27,BRIOCHE,4.0,6.0,4
2022-08-28,BRIOCHE,7.0,6.0,7
2022-08-29,BRIOCHE,1.0,6.0,1
2022-08-31,BRIOCHE,1.0,6.0,1
2022-09-02,BRIOCHE,1.0,6.0,1
2022-09-03,BRIOCHE,3.0,6.0,3
2022-09-04,BRIOCHE,3.0,6.0,3
2022-09-05,BRIOCHE,2.0,6.0,2
2022-09-06,BRIOCHE,1.0,6.0,1
2022-09-07,BRIOCHE,3.0,6.0,3
2022-09-09,BRIOCHE,3.0,6.0,3
2022-09-10,BRIOCHE,2.0,6.0,2
2022-09-11,BRIOCHE,5.0,6.0,5
2022-09-12,BRIOCHE,1.0,6.0,1
2022-09-13,BRIOCHE,1.0,6.0,1
2022-09-14,BRIOCHE,2.0,6.0,2
2022-09-17,BRIOCHE,4.0,6.0,3
2022-09-18,BRIOCHE,5.0,6.0,5
2022-09-20,BRIOCHE,1.0,6.0,1
2022-09-22,BRIOCHE,1.0,6.0,1
2022-09-23,BRIOCHE,2.0,6.0,2
2022-09-24,BRIOCHE,2.0,6.0,2
2022-09-25,BRIOCHE,4.0,6.0,4
2022-09-26,BRIOCHE,3.0,6.0,3
2022-09-27,BRIOCHE,3.0,6.0,3
2022-09-28,BRIOCHE,2.0,6.0,2
2022-09-29,BRIOCHE,2.0,6.0,2
2022-09-30,BRIOCHE,1.0,6.0,1
2021-12-16,BRIOCHE DE NOEL,1.0,6.0,1
2021-12-19,BRIOCHE DE NOEL,2.0,6.0,2
2021-12-20,BRIOCHE DE NOEL,1.0,6.0,1
2021-12-22,BRIOCHE DE NOEL,1.0,6.0,1
2021-12-23,BRIOCHE DE NOEL,1.0,6.0,1
2021-12-24,BRIOCHE DE NOEL,3.0,6.0,3
2021-12-25,BRIOCHE DE NOEL,2.0,6.0,2
2021-12-26,BRIOCHE DE NOEL,1.0,6.0,1
2021-12-30,BRIOCHE DE NOEL,1.0,6.0,1
2021-12-31,BRIOCHE DE NOEL,3.0,6.0,3
2022-01-02,BRIOCHE DE NOEL,2.0,6.0,2
2022-01-03,BRIOCHE DE NOEL,1.0,6.0,1
2021-02-21,BRIOCHETTE,1.0,0.8,1
2021-02-27,BRIOCHETTE,3.0,0.8,2
2021-02-28,BRIOCHETTE,2.0,0.8,2
2021-03-21,BRIOCHETTE,2.0,0.8,2
2021-03-28,BRIOCHETTE,1.0,0.8,1
2021-04-03,BRIOCHETTE,2.0,0.8,1
2021-04-10,BRIOCHETTE,2.0,0.8,1
2021-04-11,BRIOCHETTE,1.0,0.8,1
2021-04-17,BRIOCHETTE,2.0,0.8,1
2021-04-18,BRIOCHETTE,3.0,0.8,2
2021-04-23,BRIOCHETTE,2.0,0.8,2
2021-04-24,BRIOCHETTE,4.0,0.8,3
2021-04-25,BRIOCHETTE,4.0,0.8,3
2021-05-02,BRIOCHETTE,4.0,0.8,2
2021-05-08,BRIOCHETTE,4.0,0.8,2
2021-05-09,BRIOCHETTE,3.0,0.8,2
2021-05-13,BRIOCHETTE,1.0,0.8,1
2021-05-29,BRIOCHETTE,3.0,0.8,1
2021-07-11,BRIOCHETTE,3.0,0.8,2
2021-07-12,BRIOCHETTE,1.0,0.8,1
2021-07-16,BRIOCHETTE,1.0,0.8,1
2021-07-23,BRIOCHETTE,1.0,0.8,1
2021-07-24,BRIOCHETTE,4.0,0.8,3
2021-07-25,BRIOCHETTE,20.0,0.8,1
2021-10-31,BRIOCHETTE,1.0,0.8,1
2022-02-06,BRIOCHETTE,4.0,0.8,2
2022-04-17,BRIOCHETTE,7.0,1.0,4
2021-07-12,BROWNIES,1.0,2.5,1
2021-07-13,BROWNIES,1.0,2.5,1
2021-07-15,BROWNIES,1.0,2.5,1
2021-07-16,BROWNIES,4.0,2.5,3
2021-07-17,BROWNIES,4.0,2.5,2
2021-07-21,BROWNIES,1.0,2.5,1
2021-10-07,BROWNIES,1.0,2.5,1
2022-02-25,BROWNIES,1.0,2.5,1
2022-02-26,BROWNIES,2.0,2.5,1
2022-03-01,BROWNIES,2.0,2.5,1
2022-03-02,BROWNIES,2.0,2.5,1
2022-03-08,BROWNIES,1.0,2.5,1
2022-03-09,BROWNIES,1.0,2.5,1
2022-03-10,BROWNIES,2.0,2.5,2
2022-03-13,BROWNIES,1.0,2.5,1
2022-03-15,BROWNIES,3.0,2.5,2
2022-03-18,BROWNIES,2.0,2.5,2
2022-03-22,BROWNIES,1.0,2.5,1
2022-03-23,BROWNIES,1.0,2.5,1
2022-04-06,BROWNIES,2.0,2.5,1
2022-04-08,BROWNIES,2.0,2.5,2
2022-04-09,BROWNIES,3.0,2.5,2
2022-04-15,BROWNIES,1.0,2.5,1
2022-04-16,BROWNIES,2.0,2.5,2
2022-04-22,BROWNIES,1.0,2.5,1
2022-05-05,BROWNIES,1.0,2.5,1
2022-05-17,BROWNIES,1.0,2.5,1
2022-06-23,BROWNIES,1.0,2.5,1
2021-12-24,BUCHE 4PERS,5.0,14.0,5
2021-12-25,BUCHE 4PERS,5.0,14.0,4
2021-12-26,BUCHE 4PERS,1.0,14.0,1
2021-12-24,BUCHE 6PERS,4.0,21.0,4
2021-12-25,BUCHE 6PERS,3.0,21.0,3
2021-12-26,BUCHE 6PERS,1.0,21.0,1
2021-12-24,BUCHE 8PERS,2.0,28.0,1
2021-01-02,CAFE OU EAU,6.0,1.0,3
2021-01-04,CAFE OU EAU,3.0,1.0,2
2021-01-05,CAFE OU EAU,2.0,1.0,2
2021-01-07,CAFE OU EAU,3.0,1.0,3
2021-01-08,CAFE OU EAU,1.0,1.0,1
2021-01-09,CAFE OU EAU,4.0,1.0,4
2021-01-12,CAFE OU EAU,6.0,1.0,4
2021-01-14,CAFE OU EAU,3.0,1.0,1
2021-01-15,CAFE OU EAU,2.0,1.0,2
2021-01-16,CAFE OU EAU,1.0,1.0,1
2021-01-18,CAFE OU EAU,3.0,1.0,2
2021-01-19,CAFE OU EAU,8.0,1.0,6
2021-01-21,CAFE OU EAU,2.0,1.0,2
2021-01-22,CAFE OU EAU,1.0,1.0,1
2021-01-23,CAFE OU EAU,3.0,1.0,3
2021-01-26,CAFE OU EAU,8.0,1.0,6
2021-01-28,CAFE OU EAU,3.0,1.0,2
2021-01-29,CAFE OU EAU,4.0,1.0,3
2021-01-30,CAFE OU EAU,4.0,1.0,3
2021-02-04,CAFE OU EAU,3.0,1.0,2
2021-02-05,CAFE OU EAU,1.0,1.0,1
2021-02-06,CAFE OU EAU,9.0,1.0,6
2021-02-08,CAFE OU EAU,2.0,1.0,2
2021-02-09,CAFE OU EAU,8.0,1.0,2
2021-02-11,CAFE OU EAU,3.0,1.0,2
2021-02-13,CAFE OU EAU,7.0,1.0,4
2021-02-15,CAFE OU EAU,2.0,1.0,2
2021-02-16,CAFE OU EAU,1.0,1.0,1
2021-02-18,CAFE OU EAU,1.0,1.0,1
2021-02-19,CAFE OU EAU,2.0,1.0,2
2021-02-20,CAFE OU EAU,4.0,1.0,2
2021-02-22,CAFE OU EAU,2.0,1.0,2
2021-02-23,CAFE OU EAU,6.0,1.0,3
2021-02-25,CAFE OU EAU,2.0,1.0,2
2021-02-26,CAFE OU EAU,3.0,1.0,3
2021-02-27,CAFE OU EAU,6.0,1.0,2
2021-02-28,CAFE OU EAU,1.0,1.0,1
2021-03-01,CAFE OU EAU,2.0,1.0,2
2021-03-02,CAFE OU EAU,2.0,1.0,2
2021-03-04,CAFE OU EAU,2.0,1.0,1
2021-03-05,CAFE OU EAU,4.0,1.0,4
2021-03-06,CAFE OU EAU,3.0,1.0,2
2021-03-08,CAFE OU EAU,1.0,1.0,1
2021-03-09,CAFE OU EAU,5.0,1.0,4
2021-03-11,CAFE OU EAU,2.0,1.0,2
2021-03-12,CAFE OU EAU,1.0,1.0,1
2021-03-13,CAFE OU EAU,7.0,1.0,5
2021-03-15,CAFE OU EAU,1.0,1.0,1
2021-03-16,CAFE OU EAU,4.0,1.0,3
2021-03-18,CAFE OU EAU,1.0,1.0,1
2021-03-19,CAFE OU EAU,2.0,1.0,1
2021-03-20,CAFE OU EAU,8.0,1.0,5
2021-03-21,CAFE OU EAU,4.0,1.0,2
2021-03-22,CAFE OU EAU,5.0,1.0,3
2021-03-23,CAFE OU EAU,4.0,1.0,2
2021-03-25,CAFE OU EAU,3.0,1.0,3
2021-03-26,CAFE OU EAU,4.0,1.0,1
2021-03-27,CAFE OU EAU,9.0,1.0,5
2021-03-28,CAFE OU EAU,3.0,1.0,2
2021-03-29,CAFE OU EAU,2.0,1.0,1
2021-03-30,CAFE OU EAU,6.0,1.0,5
2021-04-01,CAFE OU EAU,2.0,1.0,1
2021-04-02,CAFE OU EAU,1.0,1.0,1
2021-04-03,CAFE OU EAU,1.0,1.0,1
2021-04-04,CAFE OU EAU,1.0,1.0,1
2021-04-05,CAFE OU EAU,6.0,1.0,2
2021-04-06,CAFE OU EAU,4.0,1.0,3
2021-04-08,CAFE OU EAU,5.0,1.0,4
2021-04-09,CAFE OU EAU,1.0,1.0,1
2021-04-10,CAFE OU EAU,4.0,1.0,3
2021-04-11,CAFE OU EAU,3.0,1.0,2
2021-04-12,CAFE OU EAU,4.0,1.0,3
2021-04-13,CAFE OU EAU,11.0,1.0,10
2021-04-14,CAFE OU EAU,3.0,1.0,3
2021-04-15,CAFE OU EAU,1.0,1.0,1
2021-04-16,CAFE OU EAU,2.0,1.0,2
2021-04-17,CAFE OU EAU,4.0,1.0,3
2021-04-18,CAFE OU EAU,2.0,1.0,2
2021-04-19,CAFE OU EAU,7.0,1.0,6
2021-04-20,CAFE OU EAU,6.0,1.0,5
2021-04-21,CAFE OU EAU,2.0,1.0,2
2021-04-22,CAFE OU EAU,2.0,1.0,2
2021-04-23,CAFE OU EAU,6.0,1.0,3
2021-04-24,CAFE OU EAU,9.0,1.0,7
2021-04-25,CAFE OU EAU,3.0,1.0,3
2021-04-27,CAFE OU EAU,7.0,1.0,5
2021-04-28,CAFE OU EAU,5.0,1.0,4
2021-04-29,CAFE OU EAU,3.0,1.0,3
2021-04-30,CAFE OU EAU,4.0,1.0,4
2021-05-01,CAFE OU EAU,4.0,1.0,3
2021-05-03,CAFE OU EAU,6.0,1.0,3
2021-05-04,CAFE OU EAU,7.0,1.0,5
2021-05-05,CAFE OU EAU,9.0,1.0,7
2021-05-06,CAFE OU EAU,3.0,1.0,2
2021-05-07,CAFE OU EAU,2.0,1.0,1
2021-05-08,CAFE OU EAU,10.0,1.0,5
2021-05-10,CAFE OU EAU,3.0,1.0,3
2021-05-11,CAFE OU EAU,9.0,1.0,5
2021-05-12,CAFE OU EAU,2.0,1.0,1
2021-05-13,CAFE OU EAU,4.0,1.0,3
2021-05-14,CAFE OU EAU,3.0,1.0,3
2021-05-15,CAFE OU EAU,2.0,1.0,1
2021-05-21,CAFE OU EAU,3.0,1.0,3
2021-05-22,CAFE OU EAU,3.0,1.0,2
2021-05-23,CAFE OU EAU,2.0,1.0,2
2021-05-25,CAFE OU EAU,9.0,1.0,5
2021-05-26,CAFE OU EAU,1.0,1.0,1
2021-05-27,CAFE OU EAU,7.0,1.0,4
2021-05-28,CAFE OU EAU,2.0,1.0,2
2021-05-29,CAFE OU EAU,5.0,1.0,2
2021-05-30,CAFE OU EAU,3.0,1.0,2
2021-05-31,CAFE OU EAU,6.0,1.0,5
2021-06-01,CAFE OU EAU,9.0,1.0,7
2021-06-02,CAFE OU EAU,5.0,1.0,4
2021-06-04,CAFE OU EAU,1.0,1.0,1
2021-06-05,CAFE OU EAU,5.0,1.0,3
2021-06-06,CAFE OU EAU,2.0,1.0,1
2021-06-07,CAFE OU EAU,2.0,1.0,2
2021-06-08,CAFE OU EAU,9.0,1.0,7
2021-06-10,CAFE OU EAU,3.0,1.0,2
2021-06-11,CAFE OU EAU,3.0,1.0,2
2021-06-12,CAFE OU EAU,203.0,1.0,4
2021-06-13,CAFE OU EAU,2.0,1.0,2
2021-06-14,CAFE OU EAU,3.0,1.0,2
2021-06-15,CAFE OU EAU,8.0,1.0,5
2021-06-16,CAFE OU EAU,2.0,1.0,1
2021-06-17,CAFE OU EAU,3.0,1.0,3
2021-06-19,CAFE OU EAU,6.0,1.0,3
2021-06-22,CAFE OU EAU,1.0,1.0,1
2021-06-23,CAFE OU EAU,6.0,1.0,4
2021-06-24,CAFE OU EAU,4.0,1.0,3
2021-06-25,CAFE OU EAU,5.0,1.0,4
2021-06-26,CAFE OU EAU,7.0,1.0,4
2021-06-28,CAFE OU EAU,3.0,1.0,3
2021-06-29,CAFE OU EAU,5.0,1.0,2
2021-06-30,CAFE OU EAU,2.0,1.0,1
2021-07-01,CAFE OU EAU,4.0,1.0,2
2021-07-03,CAFE OU EAU,4.0,1.0,3
2021-07-06,CAFE OU EAU,9.0,1.0,7
2021-07-08,CAFE OU EAU,7.0,1.0,4
2021-07-09,CAFE OU EAU,2.0,1.0,2
2021-07-10,CAFE OU EAU,6.0,1.0,3
2021-07-11,CAFE OU EAU,8.0,1.0,4
2021-07-12,CAFE OU EAU,3.0,1.0,3
2021-07-13,CAFE OU EAU,2.0,1.0,2
2021-07-14,CAFE OU EAU,2.0,1.0,2
2021-07-15,CAFE OU EAU,12.0,1.0,7
2021-07-16,CAFE OU EAU,3.0,1.0,2
2021-07-17,CAFE OU EAU,5.0,1.0,2
2021-07-18,CAFE OU EAU,4.0,1.0,3
2021-07-19,CAFE OU EAU,4.0,1.0,2
2021-07-20,CAFE OU EAU,14.0,1.0,10
2021-07-21,CAFE OU EAU,4.0,1.0,3
2021-07-22,CAFE OU EAU,8.0,1.0,6
2021-07-23,CAFE OU EAU,2.0,1.0,2
2021-07-24,CAFE OU EAU,5.0,1.0,4
2021-07-25,CAFE OU EAU,1.0,1.0,1
2021-07-26,CAFE OU EAU,7.0,1.0,6
2021-07-27,CAFE OU EAU,2.0,1.0,2
2021-07-28,CAFE OU EAU,1.0,1.0,1
2021-07-29,CAFE OU EAU,1.0,1.0,1
2021-07-30,CAFE OU EAU,1.0,1.0,1
2021-07-31,CAFE OU EAU,4.0,1.0,3
2021-08-02,CAFE OU EAU,1.0,1.0,1
2021-08-03,CAFE OU EAU,8.0,1.0,5
2021-08-04,CAFE OU EAU,1.0,1.0,1
2021-08-05,CAFE OU EAU,2.0,1.0,2
2021-08-06,CAFE OU EAU,11.0,1.0,7
2021-08-07,CAFE OU EAU,5.0,1.0,4
2021-08-08,CAFE OU EAU,2.0,1.0,1
2021-08-09,CAFE OU EAU,1.0,1.0,1
2021-08-10,CAFE OU EAU,7.0,1.0,5
2021-08-11,CAFE OU EAU,2.0,1.0,1
2021-08-12,CAFE OU EAU,1.0,1.0,1
2021-08-13,CAFE OU EAU,4.0,1.0,3
2021-08-14,CAFE OU EAU,4.0,1.0,2
2021-08-15,CAFE OU EAU,2.0,1.0,1
2021-08-16,CAFE OU EAU,4.0,1.0,3
2021-08-17,CAFE OU EAU,4.0,1.0,3
2021-08-19,CAFE OU EAU,1.0,1.0,1
2021-08-21,CAFE OU EAU,3.0,1.0,3
2021-08-22,CAFE OU EAU,4.0,1.0,3
2021-08-23,CAFE OU EAU,8.0,1.0,4
2021-08-24,CAFE OU EAU,15.0,1.0,10
2021-08-25,CAFE OU EAU,8.0,1.0,6
2021-08-26,CAFE OU EAU,2.0,1.0,2
2021-08-27,CAFE OU EAU,8.0,1.0,5
2021-08-28,CAFE OU EAU,5.0,1.0,4
2021-08-29,CAFE OU EAU,2.0,1.0,2
2021-08-30,CAFE OU EAU,4.0,1.0,3
2021-08-31,CAFE OU EAU,14.0,1.0,6
2021-09-02,CAFE OU EAU,4.0,1.0,2
2021-09-03,CAFE OU EAU,1.0,1.0,1
2021-09-04,CAFE OU EAU,7.0,1.0,4
2021-09-05,CAFE OU EAU,3.0,1.0,2
2021-09-06,CAFE OU EAU,3.0,1.0,3
2021-09-07,CAFE OU EAU,10.0,1.0,9
2021-09-08,CAFE OU EAU,5.0,1.0,4
2021-09-09,CAFE OU EAU,1.0,1.0,1
2021-09-10,CAFE OU EAU,6.0,1.0,6
2021-09-11,CAFE OU EAU,6.0,1.0,3
2021-09-12,CAFE OU EAU,2.0,1.0,2
2021-09-13,CAFE OU EAU,3.0,1.0,2
2021-09-14,CAFE OU EAU,5.0,1.0,4
2021-09-16,CAFE OU EAU,2.0,1.0,2
2021-09-17,CAFE OU EAU,2.0,1.0,2
2021-09-18,CAFE OU EAU,1.0,1.0,1
2021-09-19,CAFE OU EAU,3.0,1.0,1
2021-09-20,CAFE OU EAU,2.0,1.0,1
2021-09-21,CAFE OU EAU,6.0,1.0,5
2021-09-25,CAFE OU EAU,2.0,1.0,1
2021-09-26,CAFE OU EAU,1.0,1.0,1
2021-09-28,CAFE OU EAU,4.0,1.0,4
2021-09-29,CAFE OU EAU,2.0,1.0,1
2021-09-30,CAFE OU EAU,5.0,1.0,4
2021-10-01,CAFE OU EAU,2.0,1.0,1
2021-10-02,CAFE OU EAU,10.0,1.0,5
2021-10-03,CAFE OU EAU,1.0,1.0,1
2021-10-04,CAFE OU EAU,4.0,1.0,4
2021-10-05,CAFE OU EAU,8.0,1.0,6
2021-10-07,CAFE OU EAU,2.0,1.0,2
2021-10-08,CAFE OU EAU,4.0,1.0,2
2021-10-09,CAFE OU EAU,3.0,1.0,1
2021-10-10,CAFE OU EAU,3.0,1.0,2
2021-10-11,CAFE OU EAU,1.0,1.0,1
2021-10-14,CAFE OU EAU,1.0,1.0,1
2021-10-15,CAFE OU EAU,1.0,1.0,1
2021-10-16,CAFE OU EAU,3.0,1.0,2
2021-10-19,CAFE OU EAU,6.0,1.0,4
2021-10-20,CAFE OU EAU,1.0,1.0,1
2021-10-21,CAFE OU EAU,3.0,1.0,2
2021-10-22,CAFE OU EAU,8.0,1.0,5
2021-10-23,CAFE OU EAU,7.0,1.0,4
2021-10-24,CAFE OU EAU,1.0,1.0,1
2021-10-25,CAFE OU EAU,8.0,1.0,6
2021-10-26,CAFE OU EAU,10.0,1.0,4
2021-10-27,CAFE OU EAU,5.0,1.0,5
2021-10-28,CAFE OU EAU,4.0,1.0,3
2021-10-29,CAFE OU EAU,4.0,1.0,3
2021-10-30,CAFE OU EAU,4.0,1.0,2
2021-11-02,CAFE OU EAU,8.0,1.0,8
2021-11-04,CAFE OU EAU,2.0,1.0,1
2021-11-05,CAFE OU EAU,6.0,1.0,4
2021-11-06,CAFE OU EAU,4.0,1.0,3
2021-11-08,CAFE OU EAU,7.0,1.0,4
2021-11-09,CAFE OU EAU,10.0,1.0,6
2021-11-10,CAFE OU EAU,5.0,1.0,3
2021-11-11,CAFE OU EAU,2.0,1.0,1
2021-11-12,CAFE OU EAU,2.0,1.0,1
2021-11-13,CAFE OU EAU,7.0,1.0,4
2021-11-14,CAFE OU EAU,2.0,1.0,1
2021-11-15,CAFE OU EAU,1.0,1.0,1
2021-11-16,CAFE OU EAU,10.0,1.0,9
2021-11-18,CAFE OU EAU,2.0,1.0,1
2021-11-19,CAFE OU EAU,1.0,1.0,1
2021-11-20,CAFE OU EAU,4.0,1.0,2
2021-11-21,CAFE OU EAU,1.0,1.0,1
2021-11-23,CAFE OU EAU,9.0,1.0,9
2021-11-25,CAFE OU EAU,2.0,1.0,2
2021-11-27,CAFE OU EAU,4.0,1.0,3
2021-11-29,CAFE OU EAU,1.0,1.0,1
2021-11-30,CAFE OU EAU,12.0,1.0,10
2021-12-02,CAFE OU EAU,4.0,1.0,2
2021-12-03,CAFE OU EAU,2.0,1.0,2
2021-12-04,CAFE OU EAU,7.0,1.0,6
2021-12-05,CAFE OU EAU,1.0,1.0,1
2021-12-10,CAFE OU EAU,5.0,1.0,4
2021-12-11,CAFE OU EAU,2.0,1.0,1
2021-12-13,CAFE OU EAU,3.0,1.0,2
2021-12-14,CAFE OU EAU,9.0,1.0,7
2021-12-16,CAFE OU EAU,2.0,1.0,2
2021-12-17,CAFE OU EAU,1.0,1.0,1
2021-12-18,CAFE OU EAU,3.0,1.0,1
2021-12-20,CAFE OU EAU,2.0,1.0,2
2021-12-21,CAFE OU EAU,9.0,1.0,7
2021-12-22,CAFE OU EAU,5.0,1.0,4
2021-12-23,CAFE OU EAU,5.0,1.0,3
2021-12-24,CAFE OU EAU,3.0,1.0,2
2021-12-28,CAFE OU EAU,5.0,1.0,4
2021-12-29,CAFE OU EAU,9.0,1.0,5
2021-12-30,CAFE OU EAU,4.0,1.0,3
2021-12-31,CAFE OU EAU,2.0,1.0,1
2022-01-02,CAFE OU EAU,1.0,1.0,1
2022-01-03,CAFE OU EAU,2.0,1.0,1
2022-01-07,CAFE OU EAU,2.0,1.0,2
2022-01-10,CAFE OU EAU,4.0,1.0,3
2022-01-11,CAFE OU EAU,7.0,1.0,5
2022-01-14,CAFE OU EAU,2.0,1.0,2
2022-01-15,CAFE OU EAU,6.0,1.0,5
2022-01-16,CAFE OU EAU,1.0,1.0,1
2022-01-17,CAFE OU EAU,8.0,1.0,4
2022-01-18,CAFE OU EAU,8.0,1.0,6
2022-01-20,CAFE OU EAU,4.0,1.0,2
2022-01-21,CAFE OU EAU,4.0,1.0,2
2022-01-22,CAFE OU EAU,2.0,1.0,2
2022-01-25,CAFE OU EAU,6.0,1.0,5
2022-01-27,CAFE OU EAU,2.0,1.0,1
2022-01-29,CAFE OU EAU,6.0,1.0,4
2022-01-30,CAFE OU EAU,1.0,1.0,1
2022-01-31,CAFE OU EAU,4.0,1.0,2
2022-02-01,CAFE OU EAU,3.0,1.0,3
2022-02-03,CAFE OU EAU,4.0,1.0,1
2022-02-04,CAFE OU EAU,3.0,1.0,2
2022-02-05,CAFE OU EAU,2.0,1.0,1
2022-02-06,CAFE OU EAU,2.0,1.0,2
2022-02-08,CAFE OU EAU,6.0,1.0,5
2022-02-10,CAFE OU EAU,1.0,1.0,1
2022-02-11,CAFE OU EAU,2.0,1.0,2
2022-02-12,CAFE OU EAU,2.0,1.0,1
2022-02-13,CAFE OU EAU,1.0,1.0,1
2022-02-14,CAFE OU EAU,3.0,1.0,2
2022-02-15,CAFE OU EAU,8.0,1.0,7
2022-02-17,CAFE OU EAU,2.0,1.0,2
2022-02-18,CAFE OU EAU,2.0,1.0,1
2022-02-19,CAFE OU EAU,4.0,1.0,1
2022-02-21,CAFE OU EAU,1.0,1.0,1
2022-02-22,CAFE OU EAU,5.0,1.0,4
2022-02-24,CAFE OU EAU,2.0,1.0,2
2022-02-25,CAFE OU EAU,1.0,1.0,1
2022-02-26,CAFE OU EAU,7.0,1.0,3
2022-03-01,CAFE OU EAU,7.0,1.0,6
2022-03-04,CAFE OU EAU,4.0,1.0,3
2022-03-06,CAFE OU EAU,1.0,1.0,1
2022-03-07,CAFE OU EAU,2.0,1.0,2
2022-03-08,CAFE OU EAU,6.0,1.0,5
2022-03-09,CAFE OU EAU,2.0,1.0,1
2022-03-10,CAFE OU EAU,1.0,1.0,1
2022-03-11,CAFE OU EAU,4.0,1.0,2
2022-03-13,CAFE OU EAU,1.0,1.0,1
2022-03-15,CAFE OU EAU,6.0,1.0,5
2022-03-16,CAFE OU EAU,4.0,1.0,4
2022-03-17,CAFE OU EAU,2.0,1.0,2
2022-03-18,CAFE OU EAU,2.0,1.0,2
2022-03-19,CAFE OU EAU,8.0,1.0,5
2022-03-20,CAFE OU EAU,1.0,1.0,1
2022-03-21,CAFE OU EAU,1.0,1.0,1
2022-03-22,CAFE OU EAU,7.0,1.0,6
2022-03-23,CAFE OU EAU,3.0,1.0,3
2022-03-24,CAFE OU EAU,2.0,1.0,2
2022-03-26,CAFE OU EAU,6.0,1.0,5
2022-03-27,CAFE OU EAU,1.0,1.0,1
2022-03-28,CAFE OU EAU,5.0,1.0,4
2022-03-29,CAFE OU EAU,1.0,1.0,1
2022-03-30,CAFE OU EAU,1.0,1.0,1
2022-04-02,CAFE OU EAU,2.0,1.0,1
2022-04-04,CAFE OU EAU,3.0,1.0,2
2022-04-05,CAFE OU EAU,5.0,1.0,4
2022-04-06,CAFE OU EAU,4.0,1.0,4
2022-04-07,CAFE OU EAU,4.0,1.0,4
2022-04-09,CAFE OU EAU,5.0,1.0,5
2022-04-12,CAFE OU EAU,6.0,1.0,5
2022-04-13,CAFE OU EAU,3.0,1.0,2
2022-04-15,CAFE OU EAU,5.0,1.0,4
2022-04-19,CAFE OU EAU,8.0,1.0,5
2022-04-20,CAFE OU EAU,5.0,1.0,4
2022-04-21,CAFE OU EAU,3.0,1.0,2
2022-04-23,CAFE OU EAU,6.0,1.0,4
2022-04-25,CAFE OU EAU,6.0,1.0,4
2022-04-26,CAFE OU EAU,5.0,1.0,4
2022-04-27,CAFE OU EAU,2.0,1.0,2
2022-04-28,CAFE OU EAU,3.0,1.0,2
2022-04-29,CAFE OU EAU,3.0,1.0,2
2022-04-30,CAFE OU EAU,3.0,1.0,2
2022-05-01,CAFE OU EAU,2.0,1.0,1
2022-05-03,CAFE OU EAU,8.0,1.0,8
2022-05-07,CAFE OU EAU,4.0,1.0,2
2022-05-08,CAFE OU EAU,2.0,1.0,1
2022-05-09,CAFE OU EAU,1.0,1.0,1
2022-05-10,CAFE OU EAU,6.0,1.0,5
2022-05-11,CAFE OU EAU,2.0,1.0,2
2022-05-12,CAFE OU EAU,3.0,1.0,2
2022-05-13,CAFE OU EAU,7.0,1.0,4
2022-05-14,CAFE OU EAU,9.0,1.0,7
2022-05-15,CAFE OU EAU,1.0,1.0,1
2022-05-16,CAFE OU EAU,3.0,1.0,2
2022-05-17,CAFE OU EAU,10.0,1.0,6
2022-05-18,CAFE OU EAU,5.0,1.0,3
2022-05-19,CAFE OU EAU,3.0,1.0,2
2022-05-20,CAFE OU EAU,3.0,1.0,2
2022-05-21,CAFE OU EAU,4.0,1.0,3
2022-05-23,CAFE OU EAU,3.0,1.0,2
2022-05-24,CAFE OU EAU,2.0,1.0,2
2022-05-28,CAFE OU EAU,14.0,1.0,6
2022-05-29,CAFE OU EAU,1.0,1.0,1
2022-05-31,CAFE OU EAU,6.0,1.0,6
2022-06-01,CAFE OU EAU,2.0,1.0,2
2022-06-02,CAFE OU EAU,8.0,1.0,4
2022-06-03,CAFE OU EAU,3.0,1.0,3
2022-06-04,CAFE OU EAU,6.0,1.0,5
2022-06-05,CAFE OU EAU,7.0,1.0,4
2022-06-07,CAFE OU EAU,4.0,1.0,3
2022-06-08,CAFE OU EAU,5.0,1.0,4
2022-06-09,CAFE OU EAU,5.0,1.0,4
2022-06-10,CAFE OU EAU,5.0,1.0,5
2022-06-11,CAFE OU EAU,5.0,1.0,4
2022-06-14,CAFE OU EAU,11.0,1.0,6
2022-06-15,CAFE OU EAU,3.0,1.0,3
2022-06-16,CAFE OU EAU,2.0,1.0,2
2022-06-18,CAFE OU EAU,4.0,1.0,4
2022-06-20,CAFE OU EAU,5.0,1.0,2
2022-06-21,CAFE OU EAU,3.0,1.0,3
2022-06-22,CAFE OU EAU,2.0,1.0,2
2022-06-23,CAFE OU EAU,3.0,1.0,2
2022-06-24,CAFE OU EAU,2.0,1.0,1
2022-06-25,CAFE OU EAU,2.0,1.0,1
2022-06-26,CAFE OU EAU,4.0,1.0,4
2022-06-27,CAFE OU EAU,1.0,1.0,1
2022-06-28,CAFE OU EAU,10.0,1.0,6
2022-06-29,CAFE OU EAU,1.0,1.0,1
2022-06-30,CAFE OU EAU,1.0,1.0,1
2022-07-01,CAFE OU EAU,2.0,1.0,2
2022-07-02,CAFE OU EAU,3.0,1.0,2
2022-07-03,CAFE OU EAU,1.0,1.0,1
2022-07-04,CAFE OU EAU,2.0,1.0,1
2022-07-05,CAFE OU EAU,6.0,1.0,5
2022-07-06,CAFE OU EAU,3.0,1.0,3
2022-07-07,CAFE OU EAU,3.0,1.0,2
2022-07-08,CAFE OU EAU,6.0,1.0,5
2022-07-09,CAFE OU EAU,5.0,1.0,4
2022-07-11,CAFE OU EAU,4.0,1.0,4
2022-07-12,CAFE OU EAU,7.0,1.0,7
2022-07-13,CAFE OU EAU,9.0,1.0,6
2022-07-14,CAFE OU EAU,4.0,1.0,3
2022-07-15,CAFE OU EAU,2.0,1.0,2
2022-07-16,CAFE OU EAU,10.0,1.0,8
2022-07-17,CAFE OU EAU,1.0,1.0,1
2022-07-18,CAFE OU EAU,8.0,1.0,7
2022-07-19,CAFE OU EAU,5.0,1.0,2
2022-07-20,CAFE OU EAU,2.0,1.0,1
2022-07-21,CAFE OU EAU,4.0,1.0,3
2022-07-22,CAFE OU EAU,1.0,1.0,1
2022-07-23,CAFE OU EAU,2.0,1.0,2
2022-07-24,CAFE OU EAU,1.0,1.0,1
2022-07-25,CAFE OU EAU,1.0,1.0,1
2022-07-26,CAFE OU EAU,10.0,1.0,8
2022-07-27,CAFE OU EAU,3.0,1.0,3
2022-07-28,CAFE OU EAU,4.0,1.0,4
2022-07-29,CAFE OU EAU,1.0,1.0,1
2022-07-30,CAFE OU EAU,12.0,1.0,9
2022-08-01,CAFE OU EAU,1.0,1.0,1
2022-08-02,CAFE OU EAU,4.0,1.0,4
2022-08-03,CAFE OU EAU,6.0,1.0,4
2022-08-05,CAFE OU EAU,1.0,1.0,1
2022-08-06,CAFE OU EAU,5.0,1.0,4
2022-08-07,CAFE OU EAU,2.0,1.0,2
2022-08-08,CAFE OU EAU,7.0,1.0,5
2022-08-09,CAFE OU EAU,7.0,1.0,6
2022-08-10,CAFE OU EAU,13.0,1.0,8
2022-08-11,CAFE OU EAU,4.0,1.0,4
2022-08-12,CAFE OU EAU,2.0,1.0,1
2022-08-13,CAFE OU EAU,7.0,1.0,6
2022-08-14,CAFE OU EAU,2.0,1.0,2
2022-08-15,CAFE OU EAU,2.0,1.0,1
2022-08-16,CAFE OU EAU,7.0,1.0,5
2022-08-17,CAFE OU EAU,1.0,1.0,1
2022-08-18,CAFE OU EAU,1.0,1.0,1
2022-08-19,CAFE OU EAU,5.0,1.0,4
2022-08-20,CAFE OU EAU,4.0,1.0,4
2022-08-22,CAFE OU EAU,5.0,1.0,4
2022-08-23,CAFE OU EAU,3.0,1.0,2
2022-08-24,CAFE OU EAU,4.0,1.0,4
2022-08-25,CAFE OU EAU,3.0,1.0,3
2022-08-27,CAFE OU EAU,2.0,1.0,2
2022-08-28,CAFE OU EAU,6.0,1.0,4
2022-08-29,CAFE OU EAU,2.0,1.0,2
2022-08-30,CAFE OU EAU,11.0,1.0,7
2022-08-31,CAFE OU EAU,1.0,1.0,1
2022-09-02,CAFE OU EAU,5.0,1.0,3
2022-09-04,CAFE OU EAU,2.0,1.0,2
2022-09-06,CAFE OU EAU,3.0,1.0,2
2022-09-07,CAFE OU EAU,4.0,1.0,3
2022-09-08,CAFE OU EAU,1.0,1.0,1
2022-09-09,CAFE OU EAU,1.0,1.0,1
2022-09-12,CAFE OU EAU,1.0,1.0,1
2022-09-13,CAFE OU EAU,4.0,1.0,3
2022-09-14,CAFE OU EAU,2.0,1.0,1
2022-09-16,CAFE OU EAU,7.0,1.0,4
2022-09-17,CAFE OU EAU,6.0,1.0,3
2022-09-18,CAFE OU EAU,2.0,1.0,2
2022-09-20,CAFE OU EAU,5.0,1.0,3
2022-09-21,CAFE OU EAU,1.0,1.0,1
2022-09-22,CAFE OU EAU,1.0,1.0,1
2022-09-23,CAFE OU EAU,6.0,1.0,4
2022-09-24,CAFE OU EAU,1.0,1.0,1
2022-09-25,CAFE OU EAU,5.0,1.0,3
2022-09-27,CAFE OU EAU,1.0,1.0,1
2022-09-28,CAFE OU EAU,1.0,1.0,1
2022-09-30,CAFE OU EAU,2.0,1.0,2
2021-06-02,CAKE,1.0,3.0,1
2021-01-02,CAMPAGNE,10.0,1.8,10
2021-01-03,CAMPAGNE,9.0,1.8,6
2021-01-04,CAMPAGNE,6.0,1.8,6
2021-01-05,CAMPAGNE,3.0,1.8,3
2021-01-07,CAMPAGNE,3.0,1.8,2
2021-01-08,CAMPAGNE,3.0,1.8,3
2021-01-09,CAMPAGNE,5.0,1.8,5
2021-01-10,CAMPAGNE,5.0,1.8,5
2021-01-11,CAMPAGNE,5.0,1.8,5
2021-01-12,CAMPAGNE,2.0,1.8,2
2021-01-14,CAMPAGNE,5.0,1.8,3
2021-01-15,CAMPAGNE,5.0,1.8,4
2021-01-16,CAMPAGNE,5.0,1.8,5
2021-01-17,CAMPAGNE,8.0,1.8,8
2021-01-18,CAMPAGNE,5.0,1.8,3
2021-01-19,CAMPAGNE,1.0,1.8,1
2021-01-21,CAMPAGNE,5.0,1.8,4
2021-01-22,CAMPAGNE,4.0,1.8,4
2021-01-23,CAMPAGNE,5.0,1.8,5
2021-01-24,CAMPAGNE,5.0,1.8,5
2021-01-25,CAMPAGNE,6.0,1.8,4
2021-01-26,CAMPAGNE,3.0,1.8,3
2021-01-28,CAMPAGNE,6.0,1.8,4
2021-01-29,CAMPAGNE,4.0,1.8,4
2021-01-30,CAMPAGNE,8.0,1.8,8
2021-01-31,CAMPAGNE,4.0,1.8,4
2021-02-01,CAMPAGNE,3.0,1.8,3
2021-02-02,CAMPAGNE,1.0,1.8,1
2021-02-04,CAMPAGNE,4.0,1.8,3
2021-02-05,CAMPAGNE,5.0,1.8,4
2021-02-06,CAMPAGNE,4.0,1.8,4
2021-02-07,CAMPAGNE,6.0,1.8,6
2021-02-08,CAMPAGNE,2.0,1.8,2
2021-02-09,CAMPAGNE,5.0,1.8,5
2021-02-11,CAMPAGNE,5.0,1.8,4
2021-02-12,CAMPAGNE,4.0,1.8,3
2021-02-13,CAMPAGNE,5.0,1.8,5
2021-02-14,CAMPAGNE,11.0,1.8,10
2021-02-15,CAMPAGNE,1.0,1.8,1
2021-02-16,CAMPAGNE,5.0,1.8,5
2021-02-18,CAMPAGNE,6.0,1.8,5
2021-02-19,CAMPAGNE,6.0,1.8,5
2021-02-20,CAMPAGNE,10.0,1.8,8
2021-02-21,CAMPAGNE,10.0,1.8,8
2021-02-22,CAMPAGNE,11.0,1.8,11
2021-02-23,CAMPAGNE,11.0,1.8,11
2021-02-25,CAMPAGNE,10.0,1.8,8
2021-02-26,CAMPAGNE,9.0,1.8,8
2021-02-27,CAMPAGNE,10.0,1.8,9
2021-02-28,CAMPAGNE,18.0,1.8,17
2021-03-01,CAMPAGNE,9.0,1.8,8
2021-03-02,CAMPAGNE,11.0,1.8,11
2021-03-04,CAMPAGNE,10.0,1.8,9
2021-03-05,CAMPAGNE,9.0,1.8,8
2021-03-06,CAMPAGNE,10.0,1.8,8
2021-03-07,CAMPAGNE,9.0,1.8,8
2021-03-08,CAMPAGNE,2.0,1.8,2
2021-03-09,CAMPAGNE,6.0,1.8,5
2021-03-11,CAMPAGNE,5.0,1.8,3
2021-03-12,CAMPAGNE,8.0,1.8,8
2021-03-13,CAMPAGNE,6.0,1.8,6
2021-03-14,CAMPAGNE,10.0,1.8,10
2021-03-15,CAMPAGNE,6.0,1.8,5
2021-03-16,CAMPAGNE,5.0,1.8,5
2021-03-18,CAMPAGNE,3.0,1.8,2
2021-03-19,CAMPAGNE,4.0,1.8,4
2021-03-20,CAMPAGNE,8.0,1.8,8
2021-03-21,CAMPAGNE,10.0,1.8,8
2021-03-22,CAMPAGNE,5.0,1.8,3
2021-03-23,CAMPAGNE,4.0,1.8,4
2021-03-25,CAMPAGNE,6.0,1.8,5
2021-03-26,CAMPAGNE,6.0,1.8,4
2021-03-27,CAMPAGNE,6.0,1.8,6
2021-03-28,CAMPAGNE,8.0,1.8,6
2021-03-29,CAMPAGNE,5.0,1.8,5
2021-03-30,CAMPAGNE,8.0,1.8,7
2021-04-01,CAMPAGNE,6.0,1.8,5
2021-04-02,CAMPAGNE,2.0,1.8,2
2021-04-03,CAMPAGNE,7.0,1.8,7
2021-04-04,CAMPAGNE,20.0,1.8,17
2021-04-05,CAMPAGNE,11.0,1.8,10
2021-04-06,CAMPAGNE,6.0,1.8,6
2021-04-08,CAMPAGNE,7.0,1.8,5
2021-04-09,CAMPAGNE,3.0,1.8,3
2021-04-10,CAMPAGNE,7.0,1.8,7
2021-04-11,CAMPAGNE,6.0,1.8,5
2021-04-12,CAMPAGNE,9.0,1.8,7
2021-04-13,CAMPAGNE,7.0,1.8,7
2021-04-14,CAMPAGNE,2.0,1.8,2
2021-04-15,CAMPAGNE,10.0,1.8,9
2021-04-16,CAMPAGNE,9.0,1.8,8
2021-04-17,CAMPAGNE,8.0,1.8,8
2021-04-18,CAMPAGNE,16.0,1.8,14
2021-04-19,CAMPAGNE,4.0,1.8,4
2021-04-20,CAMPAGNE,10.0,1.8,10
2021-04-21,CAMPAGNE,6.0,1.8,4
2021-04-22,CAMPAGNE,10.0,1.8,8
2021-04-23,CAMPAGNE,7.0,1.8,6
2021-04-24,CAMPAGNE,4.0,1.8,4
2021-04-25,CAMPAGNE,10.0,1.8,9
2021-04-26,CAMPAGNE,5.0,1.8,5
2021-04-27,CAMPAGNE,3.0,1.8,3
2021-04-28,CAMPAGNE,8.0,1.8,7
2021-04-29,CAMPAGNE,10.0,1.8,9
2021-04-30,CAMPAGNE,4.0,1.8,4
2021-05-01,CAMPAGNE,12.0,1.8,10
2021-05-02,CAMPAGNE,11.0,1.8,11
2021-05-03,CAMPAGNE,5.0,1.8,5
2021-05-04,CAMPAGNE,7.0,1.8,7
2021-05-05,CAMPAGNE,5.0,1.8,4
2021-05-06,CAMPAGNE,7.0,1.8,7
2021-05-07,CAMPAGNE,8.0,1.8,6
2021-05-08,CAMPAGNE,9.0,1.8,8
2021-05-09,CAMPAGNE,15.0,1.8,13
2021-05-10,CAMPAGNE,4.0,1.8,4
2021-05-11,CAMPAGNE,1.0,1.8,1
2021-05-12,CAMPAGNE,11.0,1.8,9
2021-05-13,CAMPAGNE,16.0,1.8,12
2021-05-14,CAMPAGNE,11.0,1.8,10
2021-05-15,CAMPAGNE,6.0,1.8,6
2021-05-16,CAMPAGNE,15.0,1.8,14
2021-05-21,CAMPAGNE,9.0,1.8,9
2021-05-22,CAMPAGNE,10.0,1.8,10
2021-05-23,CAMPAGNE,15.0,1.8,14
2021-05-24,CAMPAGNE,15.0,1.8,14
2021-05-25,CAMPAGNE,5.0,1.8,5
2021-05-26,CAMPAGNE,5.0,1.8,5
2021-05-27,CAMPAGNE,5.0,1.8,4
2021-05-28,CAMPAGNE,6.0,1.8,6
2021-05-29,CAMPAGNE,11.0,1.8,10
2021-05-30,CAMPAGNE,15.0,1.8,11
2021-05-31,CAMPAGNE,8.0,1.8,6
2021-06-01,CAMPAGNE,2.0,1.8,2
2021-06-02,CAMPAGNE,5.0,1.8,5
2021-06-03,CAMPAGNE,4.0,1.8,3
2021-06-04,CAMPAGNE,8.0,1.8,7
2021-06-05,CAMPAGNE,4.0,1.8,4
2021-06-06,CAMPAGNE,6.0,1.8,6
2021-06-07,CAMPAGNE,4.0,1.8,4
2021-06-08,CAMPAGNE,3.0,1.8,3
2021-06-09,CAMPAGNE,1.0,1.8,1
2021-06-10,CAMPAGNE,7.0,1.8,6
2021-06-11,CAMPAGNE,2.0,1.8,2
2021-06-12,CAMPAGNE,8.0,1.8,8
2021-06-13,CAMPAGNE,10.0,1.8,10
2021-06-14,CAMPAGNE,8.0,1.8,6
2021-06-15,CAMPAGNE,5.0,1.8,5
2021-06-16,CAMPAGNE,7.0,1.8,6
2021-06-17,CAMPAGNE,3.0,1.8,3
2021-06-18,CAMPAGNE,6.0,1.8,6
2021-06-19,CAMPAGNE,10.0,1.8,8
2021-06-20,CAMPAGNE,10.0,1.8,9
2021-06-21,CAMPAGNE,6.0,1.8,6
2021-06-22,CAMPAGNE,6.0,1.8,6
2021-06-23,CAMPAGNE,5.0,1.8,5
2021-06-24,CAMPAGNE,9.0,1.8,8
2021-06-25,CAMPAGNE,7.0,1.8,7
2021-06-26,CAMPAGNE,4.0,1.8,4
2021-06-27,CAMPAGNE,12.0,1.8,9
2021-06-28,CAMPAGNE,5.0,1.8,5
2021-06-29,CAMPAGNE,6.0,1.8,6
2021-06-30,CAMPAGNE,7.0,1.8,7
2021-07-01,CAMPAGNE,11.0,1.8,9
2021-07-02,CAMPAGNE,4.0,1.8,4
2021-07-03,CAMPAGNE,21.0,1.8,6
2021-07-04,CAMPAGNE,14.0,1.8,12
2021-07-05,CAMPAGNE,9.0,1.8,8
2021-07-06,CAMPAGNE,6.0,1.8,6
2021-07-07,CAMPAGNE,4.0,1.8,4
2021-07-08,CAMPAGNE,10.0,1.8,9
2021-07-09,CAMPAGNE,11.0,1.8,8
2021-07-10,CAMPAGNE,16.0,1.8,9
2021-07-11,CAMPAGNE,15.0,1.8,13
2021-07-12,CAMPAGNE,10.0,1.8,9
2021-07-13,CAMPAGNE,8.0,1.8,8
2021-07-14,CAMPAGNE,14.0,1.8,13
2021-07-15,CAMPAGNE,13.0,1.8,9
2021-07-16,CAMPAGNE,10.0,1.8,10
2021-07-17,CAMPAGNE,15.0,1.8,14
2021-07-18,CAMPAGNE,19.0,1.8,16
2021-07-19,CAMPAGNE,23.0,1.8,21
2021-07-20,CAMPAGNE,5.0,1.8,5
2021-07-21,CAMPAGNE,18.0,1.8,17
2021-07-22,CAMPAGNE,14.0,1.8,13
2021-07-23,CAMPAGNE,8.0,1.8,8
2021-07-24,CAMPAGNE,14.0,1.8,13
2021-07-25,CAMPAGNE,20.0,1.8,19
2021-07-26,CAMPAGNE,12.0,1.8,11
2021-07-27,CAMPAGNE,17.0,1.8,15
2021-07-28,CAMPAGNE,7.0,1.8,6
2021-07-29,CAMPAGNE,10.0,1.8,7
2021-07-30,CAMPAGNE,9.0,1.8,8
2021-07-31,CAMPAGNE,14.0,1.8,12
2021-08-01,CAMPAGNE,14.0,1.8,13
2021-08-02,CAMPAGNE,17.0,1.8,15
2021-08-03,CAMPAGNE,19.0,1.8,16
2021-08-04,CAMPAGNE,10.0,1.8,10
2021-08-05,CAMPAGNE,15.0,1.8,14
2021-08-06,CAMPAGNE,14.0,1.8,14
2021-08-07,CAMPAGNE,15.0,1.8,15
2021-08-08,CAMPAGNE,16.0,1.8,16
2021-08-09,CAMPAGNE,15.0,1.8,14
2021-08-10,CAMPAGNE,12.0,1.8,12
2021-08-11,CAMPAGNE,14.0,1.8,12
2021-08-12,CAMPAGNE,15.0,1.8,13
2021-08-13,CAMPAGNE,9.0,1.8,8
2021-08-14,CAMPAGNE,15.0,1.8,15
2021-08-15,CAMPAGNE,18.0,1.8,17
2021-08-16,CAMPAGNE,13.0,1.8,13
2021-08-17,CAMPAGNE,12.0,1.8,12
2021-08-18,CAMPAGNE,13.0,1.8,12
2021-08-19,CAMPAGNE,14.0,1.8,11
2021-08-20,CAMPAGNE,11.0,1.8,11
2021-08-21,CAMPAGNE,20.0,1.8,12
2021-08-22,CAMPAGNE,13.0,1.8,9
2021-08-23,CAMPAGNE,13.0,1.8,12
2021-08-24,CAMPAGNE,11.0,1.8,6
2021-08-25,CAMPAGNE,11.0,1.8,11
2021-08-26,CAMPAGNE,15.0,1.8,12
2021-08-27,CAMPAGNE,9.0,1.8,7
2021-08-28,CAMPAGNE,13.0,1.8,11
2021-08-29,CAMPAGNE,15.0,1.8,15
2021-08-30,CAMPAGNE,10.0,1.8,9
2021-08-31,CAMPAGNE,5.0,1.8,5
2021-09-01,CAMPAGNE,3.0,1.8,3
2021-09-02,CAMPAGNE,6.0,1.8,5
2021-09-03,CAMPAGNE,5.0,1.8,5
2021-09-04,CAMPAGNE,21.0,1.8,6
2021-09-05,CAMPAGNE,11.0,1.8,11
2021-09-06,CAMPAGNE,8.0,1.8,8
2021-09-07,CAMPAGNE,8.0,1.8,8
2021-09-08,CAMPAGNE,4.0,1.8,4
2021-09-09,CAMPAGNE,6.0,1.8,5
2021-09-10,CAMPAGNE,7.0,1.8,7
2021-09-11,CAMPAGNE,11.0,1.8,11
2021-09-12,CAMPAGNE,14.0,1.8,10
2021-09-13,CAMPAGNE,10.0,1.8,10
2021-09-14,CAMPAGNE,4.0,1.8,3
2021-09-15,CAMPAGNE,3.0,1.8,2
2021-09-16,CAMPAGNE,5.0,1.8,4
2021-09-17,CAMPAGNE,5.0,1.8,5
2021-09-18,CAMPAGNE,6.0,1.8,5
2021-09-19,CAMPAGNE,7.0,1.8,7
2021-09-20,CAMPAGNE,7.0,1.8,6
2021-09-21,CAMPAGNE,6.0,1.8,6
2021-09-22,CAMPAGNE,1.0,1.8,1
2021-09-23,CAMPAGNE,6.0,1.8,5
2021-09-24,CAMPAGNE,9.0,1.8,6
2021-09-25,CAMPAGNE,24.0,1.8,10
2021-09-26,CAMPAGNE,7.0,1.8,5
2021-09-27,CAMPAGNE,3.0,1.8,3
2021-09-28,CAMPAGNE,4.0,1.8,4
2021-09-29,CAMPAGNE,4.0,1.8,3
2021-09-30,CAMPAGNE,3.0,1.8,2
2021-10-01,CAMPAGNE,2.0,1.8,2
2021-10-02,CAMPAGNE,4.0,1.8,4
2021-10-03,CAMPAGNE,5.0,1.8,4
2021-10-04,CAMPAGNE,3.0,1.8,3
2021-10-05,CAMPAGNE,2.0,1.8,2
2021-10-06,CAMPAGNE,4.0,1.8,4
2021-10-07,CAMPAGNE,5.0,1.8,4
2021-10-08,CAMPAGNE,10.0,1.8,5
2021-10-09,CAMPAGNE,5.0,1.8,5
2021-10-10,CAMPAGNE,9.0,1.8,7
2021-10-11,CAMPAGNE,5.0,1.8,3
2021-10-12,CAMPAGNE,2.0,1.8,2
2021-10-13,CAMPAGNE,2.0,1.8,2
2021-10-14,CAMPAGNE,5.0,1.8,4
2021-10-15,CAMPAGNE,3.0,1.8,3
2021-10-16,CAMPAGNE,5.0,1.8,5
2021-10-17,CAMPAGNE,7.0,1.8,7
2021-10-18,CAMPAGNE,5.0,1.8,4
2021-10-19,CAMPAGNE,2.0,1.8,2
2021-10-20,CAMPAGNE,1.0,1.8,1
2021-10-21,CAMPAGNE,5.0,1.8,3
2021-10-22,CAMPAGNE,2.0,1.8,2
2021-10-23,CAMPAGNE,9.0,1.8,9
2021-10-24,CAMPAGNE,11.0,1.8,11
2021-10-25,CAMPAGNE,6.0,1.8,6
2021-10-26,CAMPAGNE,8.0,1.8,7
2021-10-27,CAMPAGNE,6.0,1.8,6
2021-10-28,CAMPAGNE,9.0,1.8,9
2021-10-29,CAMPAGNE,10.0,1.8,9
2021-10-30,CAMPAGNE,13.0,1.8,8
2021-10-31,CAMPAGNE,10.0,1.8,10
2021-11-01,CAMPAGNE,9.0,1.8,9
2021-11-02,CAMPAGNE,4.0,1.8,4
2021-11-03,CAMPAGNE,13.0,1.8,11
2021-11-04,CAMPAGNE,2.0,1.8,2
2021-11-05,CAMPAGNE,5.0,1.8,5
2021-11-06,CAMPAGNE,4.0,1.8,4
2021-11-07,CAMPAGNE,7.0,1.8,7
2021-11-08,CAMPAGNE,23.0,1.8,3
2021-11-09,CAMPAGNE,5.0,1.8,5
2021-11-10,CAMPAGNE,5.0,1.8,5
2021-11-11,CAMPAGNE,8.0,1.8,8
2021-11-12,CAMPAGNE,5.0,1.8,5
2021-11-13,CAMPAGNE,5.0,1.8,5
2021-11-14,CAMPAGNE,8.0,1.8,8
2021-11-15,CAMPAGNE,1.0,1.8,1
2021-11-16,CAMPAGNE,3.0,1.8,3
2021-11-18,CAMPAGNE,5.0,1.8,4
2021-11-19,CAMPAGNE,3.0,1.8,3
2021-11-20,CAMPAGNE,2.0,1.8,2
2021-11-21,CAMPAGNE,2.0,1.8,2
2021-11-22,CAMPAGNE,4.0,1.8,4
2021-11-23,CAMPAGNE,5.0,1.8,5
2021-11-25,CAMPAGNE,3.0,1.8,2
2021-11-26,CAMPAGNE,1.0,1.8,1
2021-11-27,CAMPAGNE,3.0,1.8,3
2021-11-28,CAMPAGNE,1.0,1.8,1
2021-11-29,CAMPAGNE,4.0,1.8,4
2021-11-30,CAMPAGNE,4.0,1.8,4
2021-12-02,CAMPAGNE,4.0,1.8,3
2021-12-03,CAMPAGNE,1.0,1.8,1
2021-12-04,CAMPAGNE,4.0,1.8,4
2021-12-05,CAMPAGNE,10.0,1.8,10
2021-12-09,CAMPAGNE,3.0,1.8,2
2021-12-11,CAMPAGNE,5.0,1.8,5
2021-12-12,CAMPAGNE,1.0,1.8,1
2021-12-13,CAMPAGNE,3.0,1.8,3
2021-12-14,CAMPAGNE,4.0,1.8,4
2021-12-16,CAMPAGNE,5.0,1.8,4
2021-12-17,CAMPAGNE,5.0,1.8,3
2021-12-18,CAMPAGNE,5.0,1.8,5
2021-12-19,CAMPAGNE,5.0,1.8,5
2021-12-20,CAMPAGNE,3.0,1.8,3
2021-12-21,CAMPAGNE,5.0,1.8,5
2021-12-22,CAMPAGNE,5.0,1.8,4
2021-12-23,CAMPAGNE,7.0,1.8,7
2021-12-24,CAMPAGNE,23.0,1.8,18
2021-12-25,CAMPAGNE,5.0,1.8,5
2021-12-26,CAMPAGNE,15.0,1.8,15
2021-12-27,CAMPAGNE,4.0,1.8,4
2021-12-28,CAMPAGNE,9.0,1.8,8
2021-12-29,CAMPAGNE,8.0,1.8,8
2021-12-30,CAMPAGNE,8.0,1.8,7
2021-12-31,CAMPAGNE,11.0,1.8,11
2022-01-02,CAMPAGNE,11.0,1.8,11
2022-01-03,CAMPAGNE,2.0,1.8,2
2022-01-04,CAMPAGNE,1.0,1.8,1
2022-01-06,CAMPAGNE,5.0,1.8,4
2022-01-07,CAMPAGNE,1.0,1.8,1
2022-01-08,CAMPAGNE,2.0,1.8,2
2022-01-09,CAMPAGNE,1.0,1.8,1
2022-01-10,CAMPAGNE,1.0,1.8,1
2022-01-11,CAMPAGNE,2.0,1.8,2
2022-01-13,CAMPAGNE,4.0,1.8,3
2022-01-15,CAMPAGNE,2.0,1.8,2
2022-01-16,CAMPAGNE,5.0,1.8,5
2022-01-17,CAMPAGNE,1.0,1.8,1
2022-01-18,CAMPAGNE,4.0,1.8,4
2022-01-20,CAMPAGNE,4.0,1.8,4
2022-01-21,CAMPAGNE,5.0,1.8,3
2022-01-22,CAMPAGNE,3.0,1.8,3
2022-01-23,CAMPAGNE,5.0,1.8,5
2022-01-24,CAMPAGNE,5.0,1.8,5
2022-01-25,CAMPAGNE,4.0,1.8,4
2022-01-27,CAMPAGNE,5.0,1.8,4
2022-01-28,CAMPAGNE,5.0,1.8,5
2022-01-29,CAMPAGNE,2.0,1.8,2
2022-01-30,CAMPAGNE,5.0,1.8,5
2022-01-31,CAMPAGNE,2.0,1.8,2
2022-02-01,CAMPAGNE,1.0,1.8,1
2022-02-03,CAMPAGNE,5.0,1.8,4
2022-02-04,CAMPAGNE,2.0,1.8,2
2022-02-05,CAMPAGNE,6.0,1.8,6
2022-02-06,CAMPAGNE,6.0,1.8,5
2022-02-07,CAMPAGNE,2.0,1.9,2
2022-02-08,CAMPAGNE,5.0,1.9,4
2022-02-10,CAMPAGNE,5.0,1.9,5
2022-02-11,CAMPAGNE,3.0,1.9,3
2022-02-12,CAMPAGNE,5.0,1.9,5
2022-02-13,CAMPAGNE,12.0,1.9,9
2022-02-14,CAMPAGNE,4.0,1.9,4
2022-02-15,CAMPAGNE,5.0,1.9,4
2022-02-17,CAMPAGNE,5.0,1.9,3
2022-02-18,CAMPAGNE,5.0,1.9,5
2022-02-20,CAMPAGNE,9.0,1.9,8
2022-02-21,CAMPAGNE,5.0,1.9,4
2022-02-22,CAMPAGNE,6.0,1.9,5
2022-02-24,CAMPAGNE,5.0,1.9,4
2022-02-25,CAMPAGNE,7.0,1.9,6
2022-02-26,CAMPAGNE,10.0,1.9,10
2022-02-27,CAMPAGNE,13.0,1.9,11
2022-02-28,CAMPAGNE,4.0,1.9,4
2022-03-01,CAMPAGNE,8.0,1.9,7
2022-03-02,CAMPAGNE,5.0,1.9,5
2022-03-03,CAMPAGNE,6.0,1.9,5
2022-03-04,CAMPAGNE,8.0,1.9,8
2022-03-05,CAMPAGNE,10.0,1.9,9
2022-03-06,CAMPAGNE,12.0,1.9,12
2022-03-07,CAMPAGNE,4.0,1.9,3
2022-03-08,CAMPAGNE,5.0,1.9,5
2022-03-09,CAMPAGNE,1.0,1.9,1
2022-03-11,CAMPAGNE,4.0,1.9,3
2022-03-12,CAMPAGNE,5.0,1.9,5
2022-03-13,CAMPAGNE,5.0,1.9,5
2022-03-14,CAMPAGNE,4.0,1.9,4
2022-03-15,CAMPAGNE,4.0,1.9,3
2022-03-16,CAMPAGNE,1.0,1.9,1
2022-03-17,CAMPAGNE,4.0,1.9,4
2022-03-18,CAMPAGNE,1.0,1.9,1
2022-03-19,CAMPAGNE,5.0,1.9,5
2022-03-20,CAMPAGNE,3.0,1.9,3
2022-03-21,CAMPAGNE,5.0,1.9,5
2022-03-22,CAMPAGNE,5.0,1.9,5
2022-03-23,CAMPAGNE,4.0,1.9,4
2022-03-24,CAMPAGNE,1.0,1.9,1
2022-03-25,CAMPAGNE,2.0,1.9,2
2022-03-26,CAMPAGNE,5.0,1.9,5
2022-03-27,CAMPAGNE,12.0,1.9,12
2022-03-28,CAMPAGNE,1.0,1.9,1
2022-03-29,CAMPAGNE,4.0,1.9,4
2022-03-30,CAMPAGNE,2.0,1.9,2
2022-03-31,CAMPAGNE,2.0,1.9,2
2022-04-01,CAMPAGNE,4.0,1.9,4
2022-04-02,CAMPAGNE,2.0,1.9,2
2022-04-03,CAMPAGNE,5.0,1.9,5
2022-04-04,CAMPAGNE,3.0,1.9,3
2022-04-05,CAMPAGNE,2.0,1.9,2
2022-04-06,CAMPAGNE,4.0,1.9,3
2022-04-07,CAMPAGNE,1.0,1.9,1
2022-04-08,CAMPAGNE,5.0,1.9,4
2022-04-09,CAMPAGNE,2.0,1.9,2
2022-04-10,CAMPAGNE,8.0,1.9,7
2022-04-11,CAMPAGNE,4.0,1.9,4
2022-04-12,CAMPAGNE,5.0,1.9,5
2022-04-13,CAMPAGNE,1.0,1.9,1
2022-04-14,CAMPAGNE,6.0,1.9,6
2022-04-15,CAMPAGNE,10.0,1.9,9
2022-04-16,CAMPAGNE,13.0,1.9,10
2022-04-17,CAMPAGNE,13.0,1.9,12
2022-04-18,CAMPAGNE,12.0,1.9,10
2022-04-19,CAMPAGNE,10.0,1.9,10
2022-04-20,CAMPAGNE,4.0,1.9,4
2022-04-21,CAMPAGNE,10.0,1.9,10
2022-04-22,CAMPAGNE,5.0,1.9,5
2022-04-23,CAMPAGNE,5.0,1.9,5
2022-04-24,CAMPAGNE,10.0,1.9,10
2022-04-25,CAMPAGNE,2.0,1.9,2
2022-04-26,CAMPAGNE,4.0,1.9,4
2022-04-27,CAMPAGNE,10.0,1.9,9
2022-04-28,CAMPAGNE,3.0,1.9,3
2022-04-29,CAMPAGNE,6.0,1.9,4
2022-04-30,CAMPAGNE,10.0,1.9,7
2022-05-01,CAMPAGNE,10.0,1.9,10
2022-05-02,CAMPAGNE,4.0,1.9,4
2022-05-03,CAMPAGNE,5.0,1.9,4
2022-05-05,CAMPAGNE,8.0,1.9,6
2022-05-06,CAMPAGNE,7.0,1.9,5
2022-05-07,CAMPAGNE,5.0,1.9,5
2022-05-08,CAMPAGNE,10.0,1.9,10
2022-05-09,CAMPAGNE,4.0,1.9,4
2022-05-10,CAMPAGNE,2.0,1.9,2
2022-05-11,CAMPAGNE,4.0,1.9,4
2022-05-12,CAMPAGNE,2.0,1.9,2
2022-05-13,CAMPAGNE,5.0,1.9,5
2022-05-14,CAMPAGNE,5.0,1.9,5
2022-05-15,CAMPAGNE,10.0,1.9,9
2022-05-16,CAMPAGNE,4.0,1.9,4
2022-05-17,CAMPAGNE,5.0,1.9,3
2022-05-18,CAMPAGNE,5.0,1.9,5
2022-05-19,CAMPAGNE,6.0,1.9,6
2022-05-20,CAMPAGNE,1.0,1.9,1
2022-05-21,CAMPAGNE,2.0,1.9,2
2022-05-22,CAMPAGNE,10.0,1.9,10
2022-05-23,CAMPAGNE,3.0,1.9,3
2022-05-24,CAMPAGNE,4.0,1.9,4
2022-05-25,CAMPAGNE,10.0,1.9,9
2022-05-26,CAMPAGNE,10.0,1.9,10
2022-05-27,CAMPAGNE,7.0,1.9,6
2022-05-28,CAMPAGNE,12.0,1.9,12
2022-05-29,CAMPAGNE,12.0,1.9,10
2022-05-30,CAMPAGNE,5.0,1.9,4
2022-05-31,CAMPAGNE,5.0,1.9,5
2022-06-01,CAMPAGNE,3.0,1.9,3
2022-06-02,CAMPAGNE,3.0,1.9,3
2022-06-03,CAMPAGNE,5.0,1.9,5
2022-06-04,CAMPAGNE,14.0,1.9,11
2022-06-05,CAMPAGNE,16.0,1.9,11
2022-06-06,CAMPAGNE,14.0,1.9,12
2022-06-07,CAMPAGNE,5.0,1.9,5
2022-06-08,CAMPAGNE,6.0,1.9,5
2022-06-09,CAMPAGNE,4.0,1.9,4
2022-06-10,CAMPAGNE,3.0,1.9,3
2022-06-11,CAMPAGNE,4.0,1.9,1
2022-06-12,CAMPAGNE,10.0,1.9,10
2022-06-13,CAMPAGNE,5.0,1.9,3
2022-06-14,CAMPAGNE,4.0,1.9,4
2022-06-15,CAMPAGNE,5.0,1.9,5
2022-06-16,CAMPAGNE,1.0,1.9,1
2022-06-17,CAMPAGNE,5.0,1.9,5
2022-06-18,CAMPAGNE,10.0,1.9,8
2022-06-19,CAMPAGNE,10.0,1.9,10
2022-06-20,CAMPAGNE,3.0,1.9,3
2022-06-21,CAMPAGNE,5.0,1.9,5
2022-06-22,CAMPAGNE,2.0,1.9,2
2022-06-23,CAMPAGNE,5.0,1.9,5
2022-06-24,CAMPAGNE,5.0,1.9,5
2022-06-25,CAMPAGNE,8.0,1.9,7
2022-06-26,CAMPAGNE,10.0,1.9,10
2022-06-27,CAMPAGNE,5.0,1.9,5
2022-06-28,CAMPAGNE,4.0,1.9,4
2022-06-30,CAMPAGNE,5.0,2.0,5
2022-07-01,CAMPAGNE,5.0,2.0,5
2022-07-02,CAMPAGNE,8.0,2.0,7
2022-07-03,CAMPAGNE,9.0,2.0,7
2022-07-04,CAMPAGNE,10.0,2.0,10
2022-07-05,CAMPAGNE,4.0,2.0,4
2022-07-06,CAMPAGNE,5.0,2.0,5
2022-07-07,CAMPAGNE,6.0,2.0,6
2022-07-08,CAMPAGNE,6.0,2.0,6
2022-07-09,CAMPAGNE,8.0,2.0,8
2022-07-10,CAMPAGNE,13.0,2.0,12
2022-07-11,CAMPAGNE,11.0,2.0,10
2022-07-12,CAMPAGNE,10.0,2.0,8
2022-07-13,CAMPAGNE,15.0,2.0,12
2022-07-14,CAMPAGNE,19.0,2.0,16
2022-07-15,CAMPAGNE,14.0,2.0,14
2022-07-16,CAMPAGNE,12.0,2.0,11
2022-07-17,CAMPAGNE,14.0,2.0,14
2022-07-18,CAMPAGNE,8.0,2.0,6
2022-07-19,CAMPAGNE,10.0,2.0,9
2022-07-20,CAMPAGNE,10.0,2.0,9
2022-07-21,CAMPAGNE,7.0,2.0,7
2022-07-22,CAMPAGNE,10.0,2.0,8
2022-07-23,CAMPAGNE,13.0,2.0,12
2022-07-24,CAMPAGNE,14.0,2.0,11
2022-07-25,CAMPAGNE,9.0,2.0,9
2022-07-26,CAMPAGNE,11.0,2.0,10
2022-07-27,CAMPAGNE,8.0,2.0,8
2022-07-28,CAMPAGNE,12.0,2.0,10
2022-07-29,CAMPAGNE,7.0,2.0,6
2022-07-30,CAMPAGNE,14.0,2.0,13
2022-07-31,CAMPAGNE,19.0,2.0,19
2022-08-01,CAMPAGNE,14.0,2.0,12
2022-08-02,CAMPAGNE,12.0,2.0,11
2022-08-03,CAMPAGNE,13.0,2.0,12
2022-08-04,CAMPAGNE,8.0,2.0,8
2022-08-05,CAMPAGNE,6.0,2.0,6
2022-08-06,CAMPAGNE,15.0,2.0,13
2022-08-07,CAMPAGNE,14.0,2.0,9
2022-08-08,CAMPAGNE,15.0,2.0,14
2022-08-09,CAMPAGNE,14.0,2.0,13
2022-08-10,CAMPAGNE,14.0,2.0,14
2022-08-11,CAMPAGNE,15.0,2.0,12
2022-08-12,CAMPAGNE,15.0,2.0,13
2022-08-13,CAMPAGNE,15.0,2.0,15
2022-08-14,CAMPAGNE,15.0,2.0,13
2022-08-15,CAMPAGNE,16.0,2.0,16
2022-08-16,CAMPAGNE,18.0,2.0,16
2022-08-17,CAMPAGNE,12.0,2.0,10
2022-08-18,CAMPAGNE,12.0,2.0,11
2022-08-19,CAMPAGNE,17.0,2.0,16
2022-08-20,CAMPAGNE,16.0,2.0,14
2022-08-21,CAMPAGNE,27.0,2.0,20
2022-08-22,CAMPAGNE,10.0,2.0,8
2022-08-23,CAMPAGNE,8.0,2.0,8
2022-08-24,CAMPAGNE,10.0,2.0,10
2022-08-25,CAMPAGNE,10.0,2.0,10
2022-08-26,CAMPAGNE,6.0,2.0,5
2022-08-27,CAMPAGNE,6.0,2.0,6
2022-08-28,CAMPAGNE,9.0,2.0,8
2022-08-29,CAMPAGNE,5.0,2.0,5
2022-08-30,CAMPAGNE,6.0,2.0,6
2022-08-31,CAMPAGNE,5.0,2.0,5
2022-09-02,CAMPAGNE,5.0,2.0,5
2022-09-03,CAMPAGNE,7.0,2.0,6
2022-09-04,CAMPAGNE,10.0,2.0,9
2022-09-05,CAMPAGNE,4.0,2.0,4
2022-09-06,CAMPAGNE,6.0,2.0,6
2022-09-07,CAMPAGNE,4.0,2.0,4
2022-09-08,CAMPAGNE,5.0,2.0,5
2022-09-09,CAMPAGNE,3.0,2.0,3
2022-09-10,CAMPAGNE,10.0,2.0,9
2022-09-11,CAMPAGNE,10.0,2.0,10
2022-09-12,CAMPAGNE,8.0,2.0,8
2022-09-13,CAMPAGNE,5.0,2.0,5
2022-09-14,CAMPAGNE,5.0,2.0,5
2022-09-15,CAMPAGNE,5.0,2.0,5
2022-09-16,CAMPAGNE,5.0,2.0,4
2022-09-17,CAMPAGNE,7.0,2.0,6
2022-09-18,CAMPAGNE,9.0,2.0,9
2022-09-20,CAMPAGNE,5.0,2.0,5
2022-09-21,CAMPAGNE,4.0,2.0,4
2022-09-22,CAMPAGNE,2.0,2.0,2
2022-09-23,CAMPAGNE,3.0,2.0,3
2022-09-24,CAMPAGNE,5.0,2.0,5
2022-09-25,CAMPAGNE,10.0,2.0,10
2022-09-26,CAMPAGNE,3.0,2.0,3
2022-09-27,CAMPAGNE,5.0,2.0,5
2022-09-28,CAMPAGNE,5.0,2.0,5
2022-09-29,CAMPAGNE,5.0,2.0,5
2022-09-30,CAMPAGNE,10.0,2.0,9
2022-07-02,CARAMEL NOIX,1.0,2.4,1
2022-07-08,CARAMEL NOIX,1.0,2.4,1
2022-07-10,CARAMEL NOIX,1.0,2.4,1
2022-07-11,CARAMEL NOIX,1.0,2.4,1
2022-07-13,CARAMEL NOIX,3.0,2.4,1
2022-07-19,CARAMEL NOIX,1.0,2.4,1
2022-07-20,CARAMEL NOIX,1.0,2.4,1
2022-07-23,CARAMEL NOIX,2.0,2.4,2
2022-07-24,CARAMEL NOIX,1.0,2.4,1
2022-07-25,CARAMEL NOIX,1.0,2.4,1
2022-07-27,CARAMEL NOIX,2.0,2.4,1
2022-07-28,CARAMEL NOIX,1.0,2.4,1
2022-07-29,CARAMEL NOIX,1.0,2.4,1
2022-07-30,CARAMEL NOIX,3.0,2.4,3
2022-07-31,CARAMEL NOIX,3.0,2.4,2
2022-08-01,CARAMEL NOIX,1.0,2.4,1
2022-08-04,CARAMEL NOIX,7.0,2.4,2
2022-08-05,CARAMEL NOIX,3.0,2.4,2
2022-08-06,CARAMEL NOIX,2.0,2.4,1
2022-08-07,CARAMEL NOIX,4.0,2.4,2
2022-08-09,CARAMEL NOIX,2.0,2.4,2
2022-08-11,CARAMEL NOIX,3.0,2.4,2
2022-08-14,CARAMEL NOIX,2.0,2.4,1
2022-08-15,CARAMEL NOIX,8.0,2.4,2
2022-08-16,CARAMEL NOIX,3.0,2.4,1
2022-08-18,CARAMEL NOIX,2.0,2.4,2
2022-08-19,CARAMEL NOIX,1.0,2.4,1
2022-08-20,CARAMEL NOIX,2.0,2.4,1
2022-08-21,CARAMEL NOIX,3.0,2.4,2
2022-08-24,CARAMEL NOIX,1.0,2.4,1
2022-08-25,CARAMEL NOIX,1.0,2.4,1
2022-08-27,CARAMEL NOIX,3.0,2.4,2
2022-08-28,CARAMEL NOIX,5.0,2.4,2
2022-08-31,CARAMEL NOIX,3.0,2.4,1
2022-09-03,CARAMEL NOIX,1.0,2.4,1
2022-09-04,CARAMEL NOIX,1.0,2.4,1
2022-09-08,CARAMEL NOIX,3.0,2.4,3
2022-09-09,CARAMEL NOIX,1.0,2.4,1
2022-09-10,CARAMEL NOIX,1.0,2.4,1
2022-09-11,CARAMEL NOIX,1.0,2.4,1
2022-09-14,CARAMEL NOIX,2.0,2.4,2
2022-09-17,CARAMEL NOIX,2.0,2.4,2
2022-09-18,CARAMEL NOIX,3.0,2.4,3
2022-09-23,CARAMEL NOIX,1.0,2.4,1
2022-09-25,CARAMEL NOIX,3.0,2.4,3
2022-09-29,CARAMEL NOIX,1.0,2.4,1
2022-09-30,CARAMEL NOIX,1.0,2.4,1
2021-01-02,CEREAL BAGUETTE,19.0,1.25,10
2021-01-03,CEREAL BAGUETTE,16.0,1.25,10
2021-01-04,CEREAL BAGUETTE,7.0,1.25,6
2021-01-05,CEREAL BAGUETTE,7.0,1.25,7
2021-01-07,CEREAL BAGUETTE,7.0,1.25,6
2021-01-08,CEREAL BAGUETTE,7.0,1.25,4
2021-01-09,CEREAL BAGUETTE,10.0,1.25,5
2021-01-10,CEREAL BAGUETTE,9.0,1.25,7
2021-01-11,CEREAL BAGUETTE,8.0,1.25,2
2021-01-12,CEREAL BAGUETTE,4.0,1.25,3
2021-01-14,CEREAL BAGUETTE,2.0,1.25,2
2021-01-15,CEREAL BAGUETTE,9.0,1.25,6
2021-01-16,CEREAL BAGUETTE,14.0,1.25,9
2021-01-17,CEREAL BAGUETTE,11.0,1.25,8
2021-01-18,CEREAL BAGUETTE,5.0,1.25,5
2021-01-19,CEREAL BAGUETTE,3.0,1.25,2
2021-01-21,CEREAL BAGUETTE,6.0,1.25,5
2021-01-22,CEREAL BAGUETTE,6.0,1.25,5
2021-01-23,CEREAL BAGUETTE,7.0,1.25,5
2021-01-24,CEREAL BAGUETTE,10.0,1.25,6
2021-01-25,CEREAL BAGUETTE,6.0,1.25,5
2021-01-26,CEREAL BAGUETTE,8.0,1.25,5
2021-01-28,CEREAL BAGUETTE,5.0,1.25,3
2021-01-29,CEREAL BAGUETTE,12.0,1.25,7
2021-01-30,CEREAL BAGUETTE,9.0,1.25,5
2021-01-31,CEREAL BAGUETTE,10.0,1.25,7
2021-02-01,CEREAL BAGUETTE,10.0,1.25,7
2021-02-02,CEREAL BAGUETTE,1.0,1.25,1
2021-02-04,CEREAL BAGUETTE,10.0,1.25,3
2021-02-05,CEREAL BAGUETTE,6.0,1.25,3
2021-02-06,CEREAL BAGUETTE,9.0,1.25,9
2021-02-07,CEREAL BAGUETTE,7.0,1.25,6
2021-02-08,CEREAL BAGUETTE,2.0,1.25,2
2021-02-09,CEREAL BAGUETTE,3.0,1.25,2
2021-02-11,CEREAL BAGUETTE,5.0,1.25,4
2021-02-12,CEREAL BAGUETTE,7.0,1.25,3
2021-02-13,CEREAL BAGUETTE,9.0,1.25,7
2021-02-14,CEREAL BAGUETTE,9.0,1.25,7
2021-02-15,CEREAL BAGUETTE,10.0,1.25,7
2021-02-16,CEREAL BAGUETTE,5.0,1.25,4
2021-02-18,CEREAL BAGUETTE,8.0,1.25,5
2021-02-19,CEREAL BAGUETTE,10.0,1.25,8
2021-02-20,CEREAL BAGUETTE,20.0,1.25,11
2021-02-21,CEREAL BAGUETTE,19.0,1.25,15
2021-02-22,CEREAL BAGUETTE,20.0,1.25,12
2021-02-23,CEREAL BAGUETTE,19.0,1.25,11
2021-02-25,CEREAL BAGUETTE,19.0,1.25,12
2021-02-26,CEREAL BAGUETTE,20.0,1.25,5
2021-02-27,CEREAL BAGUETTE,19.0,1.25,9
2021-02-28,CEREAL BAGUETTE,21.0,1.25,9
2021-03-01,CEREAL BAGUETTE,24.0,1.25,14
2021-03-02,CEREAL BAGUETTE,20.0,1.25,13
2021-03-04,CEREAL BAGUETTE,17.0,1.25,10
2021-03-05,CEREAL BAGUETTE,23.0,1.25,10
2021-03-06,CEREAL BAGUETTE,11.0,1.25,8
2021-03-07,CEREAL BAGUETTE,18.0,1.25,13
2021-03-08,CEREAL BAGUETTE,8.0,1.25,8
2021-03-09,CEREAL BAGUETTE,7.0,1.25,4
2021-03-11,CEREAL BAGUETTE,10.0,1.25,9
2021-03-12,CEREAL BAGUETTE,7.0,1.25,6
2021-03-13,CEREAL BAGUETTE,9.0,1.25,7
2021-03-14,CEREAL BAGUETTE,10.0,1.25,6
2021-03-15,CEREAL BAGUETTE,7.0,1.25,6
2021-03-16,CEREAL BAGUETTE,9.0,1.25,8
2021-03-18,CEREAL BAGUETTE,5.0,1.25,5
2021-03-19,CEREAL BAGUETTE,10.0,1.25,6
2021-03-20,CEREAL BAGUETTE,7.0,1.25,6
2021-03-21,CEREAL BAGUETTE,10.0,1.25,6
2021-03-22,CEREAL BAGUETTE,7.0,1.25,6
2021-03-23,CEREAL BAGUETTE,10.0,1.25,7
2021-03-25,CEREAL BAGUETTE,10.0,1.25,5
2021-03-26,CEREAL BAGUETTE,12.0,1.25,5
2021-03-27,CEREAL BAGUETTE,9.0,1.25,4
2021-03-28,CEREAL BAGUETTE,14.0,1.25,12
2021-03-29,CEREAL BAGUETTE,6.0,1.25,5
2021-03-30,CEREAL BAGUETTE,9.0,1.25,6
2021-04-01,CEREAL BAGUETTE,10.0,1.25,9
2021-04-02,CEREAL BAGUETTE,21.0,1.25,13
2021-04-03,CEREAL BAGUETTE,20.0,1.25,12
2021-04-04,CEREAL BAGUETTE,28.0,1.25,14
2021-04-05,CEREAL BAGUETTE,31.0,1.25,16
2021-04-06,CEREAL BAGUETTE,19.0,1.25,12
2021-04-08,CEREAL BAGUETTE,20.0,1.25,14
2021-04-09,CEREAL BAGUETTE,14.0,1.25,10
2021-04-10,CEREAL BAGUETTE,20.0,1.25,13
2021-04-11,CEREAL BAGUETTE,18.0,1.25,10
2021-04-12,CEREAL BAGUETTE,21.0,1.25,11
2021-04-13,CEREAL BAGUETTE,20.0,1.25,15
2021-04-14,CEREAL BAGUETTE,19.0,1.25,12
2021-04-15,CEREAL BAGUETTE,14.0,1.25,10
2021-04-16,CEREAL BAGUETTE,20.0,1.25,7
2021-04-17,CEREAL BAGUETTE,20.0,1.25,11
2021-04-18,CEREAL BAGUETTE,20.0,1.25,11
2021-04-19,CEREAL BAGUETTE,24.0,1.25,14
2021-04-20,CEREAL BAGUETTE,21.0,1.25,14
2021-04-21,CEREAL BAGUETTE,15.0,1.25,10
2021-04-22,CEREAL BAGUETTE,20.0,1.25,7
2021-04-23,CEREAL BAGUETTE,15.0,1.25,11
2021-04-24,CEREAL BAGUETTE,17.0,1.25,9
2021-04-25,CEREAL BAGUETTE,28.0,1.25,19
2021-04-26,CEREAL BAGUETTE,11.0,1.25,9
2021-04-27,CEREAL BAGUETTE,6.0,1.25,6
2021-04-28,CEREAL BAGUETTE,10.0,1.25,5
2021-04-29,CEREAL BAGUETTE,10.0,1.25,10
2021-04-30,CEREAL BAGUETTE,10.0,1.25,7
2021-05-01,CEREAL BAGUETTE,19.0,1.25,14
2021-05-02,CEREAL BAGUETTE,15.0,1.25,14
2021-05-03,CEREAL BAGUETTE,10.0,1.25,6
2021-05-04,CEREAL BAGUETTE,9.0,1.25,8
2021-05-05,CEREAL BAGUETTE,6.0,1.25,6
2021-05-06,CEREAL BAGUETTE,10.0,1.25,8
2021-05-07,CEREAL BAGUETTE,10.0,1.25,8
2021-05-08,CEREAL BAGUETTE,28.0,1.25,20
2021-05-09,CEREAL BAGUETTE,28.0,1.25,18
2021-05-10,CEREAL BAGUETTE,10.0,1.25,9
2021-05-11,CEREAL BAGUETTE,9.0,1.25,7
2021-05-12,CEREAL BAGUETTE,17.0,1.25,10
2021-05-13,CEREAL BAGUETTE,21.0,1.25,12
2021-05-14,CEREAL BAGUETTE,31.0,1.25,18
2021-05-15,CEREAL BAGUETTE,20.0,1.25,12
2021-05-16,CEREAL BAGUETTE,19.0,1.25,8
2021-05-21,CEREAL BAGUETTE,8.0,1.25,7
2021-05-22,CEREAL BAGUETTE,16.0,1.25,8
2021-05-23,CEREAL BAGUETTE,16.0,1.25,12
2021-05-24,CEREAL BAGUETTE,18.0,1.25,14
2021-05-25,CEREAL BAGUETTE,17.0,1.25,8
2021-05-26,CEREAL BAGUETTE,11.0,1.25,7
2021-05-27,CEREAL BAGUETTE,6.0,1.25,4
2021-05-28,CEREAL BAGUETTE,9.0,1.25,6
2021-05-29,CEREAL BAGUETTE,1.0,1.25,1
2021-05-30,CEREAL BAGUETTE,15.0,1.25,11
2021-05-31,CEREAL BAGUETTE,10.0,1.25,9
2021-06-01,CEREAL BAGUETTE,9.0,1.25,7
2021-06-02,CEREAL BAGUETTE,13.0,1.25,11
2021-06-03,CEREAL BAGUETTE,6.0,1.25,6
2021-06-04,CEREAL BAGUETTE,11.0,1.25,7
2021-06-05,CEREAL BAGUETTE,16.0,1.25,12
2021-06-06,CEREAL BAGUETTE,24.0,1.25,19
2021-06-07,CEREAL BAGUETTE,17.0,1.25,12
2021-06-08,CEREAL BAGUETTE,8.0,1.25,7
2021-06-09,CEREAL BAGUETTE,15.0,1.25,7
2021-06-10,CEREAL BAGUETTE,10.0,1.25,7
2021-06-11,CEREAL BAGUETTE,11.0,1.25,8
2021-06-12,CEREAL BAGUETTE,14.0,1.25,10
2021-06-13,CEREAL BAGUETTE,24.0,1.25,17
2021-06-14,CEREAL BAGUETTE,20.0,1.25,14
2021-06-15,CEREAL BAGUETTE,14.0,1.25,8
2021-06-16,CEREAL BAGUETTE,7.0,1.25,7
2021-06-17,CEREAL BAGUETTE,12.0,1.25,10
2021-06-18,CEREAL BAGUETTE,13.0,1.25,11
2021-06-19,CEREAL BAGUETTE,26.0,1.25,16
2021-06-20,CEREAL BAGUETTE,26.0,1.25,16
2021-06-21,CEREAL BAGUETTE,16.0,1.25,11
2021-06-22,CEREAL BAGUETTE,14.0,1.25,11
2021-06-23,CEREAL BAGUETTE,13.0,1.25,8
2021-06-24,CEREAL BAGUETTE,19.0,1.25,11
2021-06-25,CEREAL BAGUETTE,13.0,1.25,7
2021-06-26,CEREAL BAGUETTE,30.0,1.25,14
2021-06-27,CEREAL BAGUETTE,32.0,1.25,19
2021-06-28,CEREAL BAGUETTE,15.0,1.25,10
2021-06-29,CEREAL BAGUETTE,6.0,1.25,5
2021-06-30,CEREAL BAGUETTE,10.0,1.25,9
2021-07-01,CEREAL BAGUETTE,12.0,1.25,8
2021-07-02,CEREAL BAGUETTE,10.0,1.25,9
2021-07-03,CEREAL BAGUETTE,17.0,1.25,12
2021-07-04,CEREAL BAGUETTE,21.0,1.25,14
2021-07-05,CEREAL BAGUETTE,19.0,1.25,11
2021-07-06,CEREAL BAGUETTE,19.0,1.25,14
2021-07-07,CEREAL BAGUETTE,11.0,1.25,8
2021-07-08,CEREAL BAGUETTE,15.0,1.25,11
2021-07-09,CEREAL BAGUETTE,11.0,1.25,8
2021-07-10,CEREAL BAGUETTE,25.0,1.25,14
2021-07-11,CEREAL BAGUETTE,21.0,1.25,11
2021-07-12,CEREAL BAGUETTE,27.0,1.25,19
2021-07-13,CEREAL BAGUETTE,24.0,1.25,16
2021-07-14,CEREAL BAGUETTE,30.0,1.25,13
2021-07-15,CEREAL BAGUETTE,30.0,1.25,18
2021-07-16,CEREAL BAGUETTE,22.0,1.25,12
2021-07-17,CEREAL BAGUETTE,30.0,1.25,16
2021-07-18,CEREAL BAGUETTE,19.0,1.25,9
2021-07-19,CEREAL BAGUETTE,31.0,1.25,18
2021-07-20,CEREAL BAGUETTE,19.0,1.25,9
2021-07-21,CEREAL BAGUETTE,25.0,1.25,13
2021-07-22,CEREAL BAGUETTE,24.0,1.25,12
2021-07-23,CEREAL BAGUETTE,16.0,1.25,10
2021-07-24,CEREAL BAGUETTE,25.0,1.25,12
2021-07-25,CEREAL BAGUETTE,25.0,1.25,13
2021-07-26,CEREAL BAGUETTE,24.0,1.25,12
2021-07-27,CEREAL BAGUETTE,28.0,1.25,17
2021-07-28,CEREAL BAGUETTE,25.0,1.25,14
2021-07-29,CEREAL BAGUETTE,21.0,1.25,14
2021-07-30,CEREAL BAGUETTE,17.0,1.25,10
2021-07-31,CEREAL BAGUETTE,21.0,1.25,16
2021-08-01,CEREAL BAGUETTE,22.0,1.25,12
2021-08-02,CEREAL BAGUETTE,21.0,1.25,9
2021-08-03,CEREAL BAGUETTE,30.0,1.25,15
2021-08-04,CEREAL BAGUETTE,25.0,1.25,14
2021-08-05,CEREAL BAGUETTE,23.0,1.25,14
2021-08-06,CEREAL BAGUETTE,19.0,1.25,15
2021-08-07,CEREAL BAGUETTE,20.0,1.25,10
2021-08-08,CEREAL BAGUETTE,24.0,1.25,12
2021-08-09,CEREAL BAGUETTE,25.0,1.25,17
2021-08-10,CEREAL BAGUETTE,24.0,1.25,14
2021-08-11,CEREAL BAGUETTE,24.0,1.25,16
2021-08-12,CEREAL BAGUETTE,26.0,1.25,13
2021-08-13,CEREAL BAGUETTE,22.0,1.25,14
2021-08-14,CEREAL BAGUETTE,27.0,1.25,15
2021-08-15,CEREAL BAGUETTE,22.0,1.25,16
2021-08-16,CEREAL BAGUETTE,22.0,1.25,16
2021-08-17,CEREAL BAGUETTE,23.0,1.25,18
2021-08-18,CEREAL BAGUETTE,19.0,1.25,14
2021-08-19,CEREAL BAGUETTE,25.0,1.25,15
2021-08-20,CEREAL BAGUETTE,16.0,1.25,11
2021-08-21,CEREAL BAGUETTE,20.0,1.25,16
2021-08-22,CEREAL BAGUETTE,20.0,1.25,14
2021-08-23,CEREAL BAGUETTE,20.0,1.25,14
2021-08-24,CEREAL BAGUETTE,14.0,1.25,10
2021-08-25,CEREAL BAGUETTE,20.0,1.25,15
2021-08-26,CEREAL BAGUETTE,18.0,1.25,11
2021-08-27,CEREAL BAGUETTE,16.0,1.25,13
2021-08-28,CEREAL BAGUETTE,22.0,1.25,13
2021-08-29,CEREAL BAGUETTE,23.0,1.25,14
2021-08-30,CEREAL BAGUETTE,19.0,1.25,13
2021-08-31,CEREAL BAGUETTE,12.0,1.25,11
2021-09-01,CEREAL BAGUETTE,16.0,1.25,11
2021-09-02,CEREAL BAGUETTE,19.0,1.25,12
2021-09-03,CEREAL BAGUETTE,14.0,1.25,8
2021-09-04,CEREAL BAGUETTE,15.0,1.25,10
2021-09-05,CEREAL BAGUETTE,31.0,1.25,20
2021-09-06,CEREAL BAGUETTE,10.0,1.25,9
2021-09-07,CEREAL BAGUETTE,12.0,1.25,12
2021-09-08,CEREAL BAGUETTE,11.0,1.25,7
2021-09-09,CEREAL BAGUETTE,5.0,1.25,5
2021-09-10,CEREAL BAGUETTE,10.0,1.25,5
2021-09-11,CEREAL BAGUETTE,18.0,1.25,15
2021-09-12,CEREAL BAGUETTE,12.0,1.25,10
2021-09-13,CEREAL BAGUETTE,17.0,1.25,12
2021-09-14,CEREAL BAGUETTE,7.0,1.25,7
2021-09-15,CEREAL BAGUETTE,12.0,1.25,10
2021-09-16,CEREAL BAGUETTE,10.0,1.25,7
2021-09-17,CEREAL BAGUETTE,11.0,1.25,9
2021-09-18,CEREAL BAGUETTE,30.0,1.25,19
2021-09-19,CEREAL BAGUETTE,28.0,1.25,17
2021-09-20,CEREAL BAGUETTE,12.0,1.25,8
2021-09-21,CEREAL BAGUETTE,11.0,1.25,7
2021-09-22,CEREAL BAGUETTE,2.0,1.25,2
2021-09-23,CEREAL BAGUETTE,8.0,1.25,7
2021-09-24,CEREAL BAGUETTE,20.0,1.25,16
2021-09-25,CEREAL BAGUETTE,20.0,1.25,14
2021-09-26,CEREAL BAGUETTE,16.0,1.25,11
2021-09-27,CEREAL BAGUETTE,5.0,1.25,5
2021-09-28,CEREAL BAGUETTE,16.0,1.25,6
2021-09-29,CEREAL BAGUETTE,7.0,1.25,6
2021-09-30,CEREAL BAGUETTE,11.0,1.25,8
2021-10-01,CEREAL BAGUETTE,10.0,1.25,7
2021-10-02,CEREAL BAGUETTE,9.0,1.25,6
2021-10-03,CEREAL BAGUETTE,9.0,1.25,8
2021-10-04,CEREAL BAGUETTE,5.0,1.25,4
2021-10-05,CEREAL BAGUETTE,3.0,1.25,3
2021-10-06,CEREAL BAGUETTE,3.0,1.25,2
2021-10-07,CEREAL BAGUETTE,3.0,1.25,3
2021-10-08,CEREAL BAGUETTE,8.0,1.25,4
2021-10-09,CEREAL BAGUETTE,8.0,1.25,5
2021-10-10,CEREAL BAGUETTE,8.0,1.25,7
2021-10-11,CEREAL BAGUETTE,4.0,1.25,4
2021-10-12,CEREAL BAGUETTE,9.0,1.25,3
2021-10-13,CEREAL BAGUETTE,6.0,1.25,4
2021-10-14,CEREAL BAGUETTE,8.0,1.25,7
2021-10-15,CEREAL BAGUETTE,3.0,1.25,3
2021-10-16,CEREAL BAGUETTE,7.0,1.25,5
2021-10-17,CEREAL BAGUETTE,7.0,1.25,3
2021-10-18,CEREAL BAGUETTE,9.0,1.25,5
2021-10-19,CEREAL BAGUETTE,4.0,1.25,4
2021-10-20,CEREAL BAGUETTE,4.0,1.25,4
2021-10-21,CEREAL BAGUETTE,4.0,1.25,4
2021-10-22,CEREAL BAGUETTE,2.0,1.25,2
2021-10-23,CEREAL BAGUETTE,15.0,1.25,11
2021-10-24,CEREAL BAGUETTE,15.0,1.25,10
2021-10-25,CEREAL BAGUETTE,17.0,1.25,13
2021-10-26,CEREAL BAGUETTE,11.0,1.25,7
2021-10-27,CEREAL BAGUETTE,13.0,1.25,7
2021-10-28,CEREAL BAGUETTE,15.0,1.25,6
2021-10-29,CEREAL BAGUETTE,17.0,1.25,9
2021-10-30,CEREAL BAGUETTE,15.0,1.25,8
2021-10-31,CEREAL BAGUETTE,18.0,1.25,11
2021-11-01,CEREAL BAGUETTE,19.0,1.25,10
2021-11-02,CEREAL BAGUETTE,17.0,1.25,8
2021-11-03,CEREAL BAGUETTE,18.0,1.25,7
2021-11-04,CEREAL BAGUETTE,10.0,1.25,6
2021-11-05,CEREAL BAGUETTE,16.0,1.25,11
2021-11-06,CEREAL BAGUETTE,12.0,1.25,10
2021-11-07,CEREAL BAGUETTE,12.0,1.25,10
2021-11-08,CEREAL BAGUETTE,4.0,1.25,4
2021-11-09,CEREAL BAGUETTE,8.0,1.25,7
2021-11-10,CEREAL BAGUETTE,11.0,1.25,8
2021-11-11,CEREAL BAGUETTE,9.0,1.25,7
2021-11-12,CEREAL BAGUETTE,10.0,1.25,5
2021-11-13,CEREAL BAGUETTE,10.0,1.25,7
2021-11-14,CEREAL BAGUETTE,9.0,1.25,8
2021-11-15,CEREAL BAGUETTE,9.0,1.25,3
2021-11-16,CEREAL BAGUETTE,4.0,1.25,4
2021-11-18,CEREAL BAGUETTE,10.0,1.25,7
2021-11-19,CEREAL BAGUETTE,1.0,1.25,1
2021-11-20,CEREAL BAGUETTE,3.0,1.25,2
2021-11-21,CEREAL BAGUETTE,5.0,1.25,5
2021-11-22,CEREAL BAGUETTE,8.0,1.25,7
2021-11-23,CEREAL BAGUETTE,5.0,1.25,3
2021-11-25,CEREAL BAGUETTE,10.0,1.25,8
2021-11-26,CEREAL BAGUETTE,9.0,1.25,6
2021-11-27,CEREAL BAGUETTE,4.0,1.25,4
2021-11-28,CEREAL BAGUETTE,9.0,1.25,8
2021-11-29,CEREAL BAGUETTE,5.0,1.25,4
2021-11-30,CEREAL BAGUETTE,7.0,1.25,6
2021-12-02,CEREAL BAGUETTE,6.0,1.25,4
2021-12-03,CEREAL BAGUETTE,6.0,1.25,4
2021-12-04,CEREAL BAGUETTE,7.0,1.25,4
2021-12-05,CEREAL BAGUETTE,10.0,1.25,7
2021-12-09,CEREAL BAGUETTE,8.0,1.25,5
2021-12-10,CEREAL BAGUETTE,10.0,1.25,6
2021-12-11,CEREAL BAGUETTE,2.0,1.25,2
2021-12-12,CEREAL BAGUETTE,10.0,1.25,8
2021-12-13,CEREAL BAGUETTE,8.0,1.25,7
2021-12-14,CEREAL BAGUETTE,9.0,1.25,8
2021-12-16,CEREAL BAGUETTE,5.0,1.25,2
2021-12-17,CEREAL BAGUETTE,3.0,1.25,3
2021-12-18,CEREAL BAGUETTE,3.0,1.25,2
2021-12-19,CEREAL BAGUETTE,20.0,1.25,10
2021-12-20,CEREAL BAGUETTE,14.0,1.25,9
2021-12-21,CEREAL BAGUETTE,11.0,1.25,9
2021-12-22,CEREAL BAGUETTE,20.0,1.25,8
2021-12-23,CEREAL BAGUETTE,18.0,1.25,11
2021-12-24,CEREAL BAGUETTE,16.0,1.25,10
2021-12-25,CEREAL BAGUETTE,8.0,1.25,5
2021-12-26,CEREAL BAGUETTE,20.0,1.25,13
2021-12-27,CEREAL BAGUETTE,19.0,1.25,13
2021-12-28,CEREAL BAGUETTE,17.0,1.25,11
2021-12-29,CEREAL BAGUETTE,9.0,1.25,6
2021-12-30,CEREAL BAGUETTE,13.0,1.25,7
2021-12-31,CEREAL BAGUETTE,20.0,1.25,8
2022-01-02,CEREAL BAGUETTE,16.0,1.25,9
2022-01-03,CEREAL BAGUETTE,9.0,1.25,6
2022-01-04,CEREAL BAGUETTE,3.0,1.25,2
2022-01-06,CEREAL BAGUETTE,4.0,1.25,3
2022-01-07,CEREAL BAGUETTE,6.0,1.25,5
2022-01-08,CEREAL BAGUETTE,9.0,1.25,5
2022-01-09,CEREAL BAGUETTE,5.0,1.25,4
2022-01-10,CEREAL BAGUETTE,4.0,1.25,4
2022-01-11,CEREAL BAGUETTE,3.0,1.25,2
2022-01-13,CEREAL BAGUETTE,10.0,1.25,7
2022-01-14,CEREAL BAGUETTE,8.0,1.25,6
2022-01-15,CEREAL BAGUETTE,3.0,1.25,3
2022-01-16,CEREAL BAGUETTE,9.0,1.25,8
2022-01-17,CEREAL BAGUETTE,8.0,1.25,6
2022-01-18,CEREAL BAGUETTE,3.0,1.25,3
2022-01-20,CEREAL BAGUETTE,7.0,1.25,6
2022-01-21,CEREAL BAGUETTE,9.0,1.25,8
2022-01-22,CEREAL BAGUETTE,7.0,1.25,5
2022-01-23,CEREAL BAGUETTE,9.0,1.25,7
2022-01-24,CEREAL BAGUETTE,8.0,1.25,4
2022-01-25,CEREAL BAGUETTE,5.0,1.25,4
2022-01-27,CEREAL BAGUETTE,8.0,1.25,6
2022-01-28,CEREAL BAGUETTE,3.0,1.25,2
2022-01-29,CEREAL BAGUETTE,8.0,1.25,5
2022-01-30,CEREAL BAGUETTE,10.0,1.25,6
2022-01-31,CEREAL BAGUETTE,8.0,1.25,8
2022-02-01,CEREAL BAGUETTE,6.0,1.25,6
2022-02-03,CEREAL BAGUETTE,5.0,1.25,5
2022-02-04,CEREAL BAGUETTE,3.0,1.25,3
2022-02-05,CEREAL BAGUETTE,6.0,1.25,6
2022-02-06,CEREAL BAGUETTE,9.0,1.25,6
2022-02-07,CEREAL BAGUETTE,9.0,1.3,9
2022-02-08,CEREAL BAGUETTE,7.0,1.3,4
2022-02-10,CEREAL BAGUETTE,7.0,1.3,4
2022-02-11,CEREAL BAGUETTE,4.0,1.3,4
2022-02-12,CEREAL BAGUETTE,10.0,1.3,9
2022-02-13,CEREAL BAGUETTE,17.0,1.3,8
2022-02-14,CEREAL BAGUETTE,10.0,1.3,6
2022-02-15,CEREAL BAGUETTE,10.0,1.3,6
2022-02-17,CEREAL BAGUETTE,10.0,1.3,7
2022-02-18,CEREAL BAGUETTE,10.0,1.3,5
2022-02-19,CEREAL BAGUETTE,10.0,1.3,7
2022-02-20,CEREAL BAGUETTE,10.0,1.3,7
2022-02-21,CEREAL BAGUETTE,4.0,1.3,4
2022-02-22,CEREAL BAGUETTE,10.0,1.3,7
2022-02-24,CEREAL BAGUETTE,10.0,1.3,7
2022-02-25,CEREAL BAGUETTE,10.0,1.3,7
2022-02-26,CEREAL BAGUETTE,10.0,1.3,9
2022-02-27,CEREAL BAGUETTE,9.0,1.3,7
2022-02-28,CEREAL BAGUETTE,7.0,1.3,7
2022-03-01,CEREAL BAGUETTE,9.0,1.3,6
2022-03-02,CEREAL BAGUETTE,11.0,1.3,9
2022-03-03,CEREAL BAGUETTE,4.0,1.3,4
2022-03-04,CEREAL BAGUETTE,10.0,1.3,9
2022-03-05,CEREAL BAGUETTE,10.0,1.3,8
2022-03-06,CEREAL BAGUETTE,10.0,1.3,7
2022-03-07,CEREAL BAGUETTE,3.0,1.3,3
2022-03-08,CEREAL BAGUETTE,8.0,1.3,6
2022-03-09,CEREAL BAGUETTE,1.0,1.3,1
2022-03-10,CEREAL BAGUETTE,6.0,1.3,4
2022-03-11,CEREAL BAGUETTE,3.0,1.3,3
2022-03-12,CEREAL BAGUETTE,8.0,1.3,6
2022-03-13,CEREAL BAGUETTE,10.0,1.3,6
2022-03-14,CEREAL BAGUETTE,5.0,1.3,3
2022-03-15,CEREAL BAGUETTE,2.0,1.3,2
2022-03-17,CEREAL BAGUETTE,6.0,1.3,5
2022-03-18,CEREAL BAGUETTE,11.0,1.3,8
2022-03-19,CEREAL BAGUETTE,4.0,1.3,3
2022-03-20,CEREAL BAGUETTE,8.0,1.3,8
2022-03-21,CEREAL BAGUETTE,9.0,1.3,8
2022-03-22,CEREAL BAGUETTE,5.0,1.3,3
2022-03-23,CEREAL BAGUETTE,3.0,1.3,3
2022-03-24,CEREAL BAGUETTE,9.0,1.3,5
2022-03-25,CEREAL BAGUETTE,2.0,1.3,2
2022-03-26,CEREAL BAGUETTE,10.0,1.3,7
2022-03-27,CEREAL BAGUETTE,10.0,1.3,5
2022-03-28,CEREAL BAGUETTE,10.0,1.3,8
2022-03-29,CEREAL BAGUETTE,5.0,1.3,5
2022-03-30,CEREAL BAGUETTE,2.0,1.3,2
2022-03-31,CEREAL BAGUETTE,2.0,1.3,2
2022-04-01,CEREAL BAGUETTE,8.0,1.3,5
2022-04-02,CEREAL BAGUETTE,6.0,1.3,5
2022-04-03,CEREAL BAGUETTE,10.0,1.3,7
2022-04-04,CEREAL BAGUETTE,5.0,1.3,5
2022-04-05,CEREAL BAGUETTE,10.0,1.3,8
2022-04-06,CEREAL BAGUETTE,6.0,1.3,5
2022-04-07,CEREAL BAGUETTE,5.0,1.3,3
2022-04-08,CEREAL BAGUETTE,3.0,1.3,3
2022-04-09,CEREAL BAGUETTE,7.0,1.3,4
2022-04-10,CEREAL BAGUETTE,12.0,1.3,8
2022-04-11,CEREAL BAGUETTE,6.0,1.3,5
2022-04-12,CEREAL BAGUETTE,10.0,1.3,6
2022-04-13,CEREAL BAGUETTE,6.0,1.3,6
2022-04-14,CEREAL BAGUETTE,11.0,1.3,8
2022-04-15,CEREAL BAGUETTE,10.0,1.3,6
2022-04-16,CEREAL BAGUETTE,19.0,1.3,9
2022-04-17,CEREAL BAGUETTE,11.0,1.3,8
2022-04-18,CEREAL BAGUETTE,20.0,1.3,14
2022-04-19,CEREAL BAGUETTE,8.0,1.3,5
2022-04-20,CEREAL BAGUETTE,17.0,1.3,11
2022-04-21,CEREAL BAGUETTE,20.0,1.3,14
2022-04-22,CEREAL BAGUETTE,18.0,1.3,10
2022-04-23,CEREAL BAGUETTE,11.0,1.3,6
2022-04-24,CEREAL BAGUETTE,20.0,1.3,16
2022-04-25,CEREAL BAGUETTE,10.0,1.3,6
2022-04-26,CEREAL BAGUETTE,8.0,1.3,6
2022-04-27,CEREAL BAGUETTE,15.0,1.3,9
2022-04-28,CEREAL BAGUETTE,11.0,1.3,8
2022-04-29,CEREAL BAGUETTE,16.0,1.3,8
2022-04-30,CEREAL BAGUETTE,21.0,1.3,14
2022-05-01,CEREAL BAGUETTE,20.0,1.3,13
2022-05-02,CEREAL BAGUETTE,19.0,1.3,12
2022-05-03,CEREAL BAGUETTE,4.0,1.3,4
2022-05-05,CEREAL BAGUETTE,11.0,1.3,7
2022-05-06,CEREAL BAGUETTE,11.0,1.3,8
2022-05-07,CEREAL BAGUETTE,16.0,1.3,12
2022-05-08,CEREAL BAGUETTE,20.0,1.3,17
2022-05-09,CEREAL BAGUETTE,6.0,1.3,6
2022-05-10,CEREAL BAGUETTE,11.0,1.3,10
2022-05-11,CEREAL BAGUETTE,7.0,1.3,5
2022-05-12,CEREAL BAGUETTE,9.0,1.3,5
2022-05-13,CEREAL BAGUETTE,6.0,1.3,6
2022-05-14,CEREAL BAGUETTE,9.0,1.3,6
2022-05-15,CEREAL BAGUETTE,18.0,1.3,12
2022-05-16,CEREAL BAGUETTE,9.0,1.3,7
2022-05-17,CEREAL BAGUETTE,2.0,1.3,1
2022-05-18,CEREAL BAGUETTE,8.0,1.3,4
2022-05-19,CEREAL BAGUETTE,6.0,1.3,6
2022-05-20,CEREAL BAGUETTE,2.0,1.3,2
2022-05-21,CEREAL BAGUETTE,10.0,1.3,8
2022-05-22,CEREAL BAGUETTE,21.0,1.3,14
2022-05-23,CEREAL BAGUETTE,5.0,1.3,4
2022-05-24,CEREAL BAGUETTE,10.0,1.3,7
2022-05-25,CEREAL BAGUETTE,10.0,1.3,8
2022-05-26,CEREAL BAGUETTE,19.0,1.3,14
2022-05-27,CEREAL BAGUETTE,20.0,1.3,11
2022-05-28,CEREAL BAGUETTE,20.0,1.3,8
2022-05-29,CEREAL BAGUETTE,20.0,1.3,14
2022-05-30,CEREAL BAGUETTE,11.0,1.3,11
2022-05-31,CEREAL BAGUETTE,10.0,1.3,4
2022-06-01,CEREAL BAGUETTE,10.0,1.3,8
2022-06-02,CEREAL BAGUETTE,9.0,1.3,7
2022-06-03,CEREAL BAGUETTE,9.0,1.3,6
2022-06-04,CEREAL BAGUETTE,20.0,1.3,8
2022-06-05,CEREAL BAGUETTE,14.0,1.3,8
2022-06-06,CEREAL BAGUETTE,17.0,1.3,9
2022-06-07,CEREAL BAGUETTE,10.0,1.3,6
2022-06-08,CEREAL BAGUETTE,4.0,1.3,4
2022-06-09,CEREAL BAGUETTE,5.0,1.3,4
2022-06-10,CEREAL BAGUETTE,7.0,1.3,7
2022-06-12,CEREAL BAGUETTE,13.0,1.3,9
2022-06-13,CEREAL BAGUETTE,8.0,1.3,5
2022-06-14,CEREAL BAGUETTE,6.0,1.3,6
2022-06-15,CEREAL BAGUETTE,4.0,1.3,3
2022-06-16,CEREAL BAGUETTE,8.0,1.3,8
2022-06-17,CEREAL BAGUETTE,10.0,1.3,6
2022-06-18,CEREAL BAGUETTE,10.0,1.3,7
2022-06-19,CEREAL BAGUETTE,20.0,1.3,11
2022-06-20,CEREAL BAGUETTE,4.0,1.3,3
2022-06-21,CEREAL BAGUETTE,6.0,1.3,4
2022-06-22,CEREAL BAGUETTE,7.0,1.3,6
2022-06-23,CEREAL BAGUETTE,5.0,1.3,4
2022-06-24,CEREAL BAGUETTE,10.0,1.3,9
2022-06-25,CEREAL BAGUETTE,9.0,1.3,7
2022-06-26,CEREAL BAGUETTE,16.0,1.3,7
2022-06-27,CEREAL BAGUETTE,8.0,1.3,7
2022-06-30,CEREAL BAGUETTE,9.0,1.35,8
2022-07-01,CEREAL BAGUETTE,7.0,1.35,4
2022-07-02,CEREAL BAGUETTE,8.0,1.35,5
2022-07-03,CEREAL BAGUETTE,15.0,1.35,12
2022-07-04,CEREAL BAGUETTE,8.0,1.35,6
2022-07-05,CEREAL BAGUETTE,8.0,1.35,8
2022-07-06,CEREAL BAGUETTE,11.0,1.35,9
2022-07-07,CEREAL BAGUETTE,15.0,1.35,12
2022-07-08,CEREAL BAGUETTE,12.0,1.35,8
2022-07-09,CEREAL BAGUETTE,19.0,1.35,9
2022-07-10,CEREAL BAGUETTE,20.0,1.35,9
2022-07-11,CEREAL BAGUETTE,20.0,1.35,12
2022-07-12,CEREAL BAGUETTE,19.0,1.35,11
2022-07-13,CEREAL BAGUETTE,18.0,1.35,10
2022-07-14,CEREAL BAGUETTE,33.0,1.35,17
2022-07-15,CEREAL BAGUETTE,9.0,1.35,8
2022-07-16,CEREAL BAGUETTE,20.0,1.35,11
2022-07-17,CEREAL BAGUETTE,19.0,1.35,11
2022-07-18,CEREAL BAGUETTE,20.0,1.35,14
2022-07-19,CEREAL BAGUETTE,27.0,1.35,14
2022-07-20,CEREAL BAGUETTE,18.0,1.35,11
2022-07-21,CEREAL BAGUETTE,20.0,1.35,12
2022-07-22,CEREAL BAGUETTE,19.0,1.35,11
2022-07-23,CEREAL BAGUETTE,21.0,1.35,13
2022-07-24,CEREAL BAGUETTE,20.0,1.35,10
2022-07-25,CEREAL BAGUETTE,20.0,1.35,11
2022-07-26,CEREAL BAGUETTE,16.0,1.35,11
2022-07-27,CEREAL BAGUETTE,19.0,1.35,12
2022-07-28,CEREAL BAGUETTE,20.0,1.35,13
2022-07-29,CEREAL BAGUETTE,17.0,1.35,9
2022-07-30,CEREAL BAGUETTE,20.0,1.35,10
2022-07-31,CEREAL BAGUETTE,10.0,1.35,7
2022-08-01,CEREAL BAGUETTE,19.0,1.35,11
2022-08-02,CEREAL BAGUETTE,20.0,1.35,10
2022-08-03,CEREAL BAGUETTE,18.0,1.35,9
2022-08-04,CEREAL BAGUETTE,20.0,1.35,8
2022-08-05,CEREAL BAGUETTE,18.0,1.35,9
2022-08-06,CEREAL BAGUETTE,19.0,1.35,9
2022-08-07,CEREAL BAGUETTE,19.0,1.35,14
2022-08-08,CEREAL BAGUETTE,21.0,1.35,12
2022-08-09,CEREAL BAGUETTE,17.0,1.35,11
2022-08-10,CEREAL BAGUETTE,19.0,1.35,12
2022-08-11,CEREAL BAGUETTE,20.0,1.35,11
2022-08-12,CEREAL BAGUETTE,20.0,1.35,14
2022-08-13,CEREAL BAGUETTE,20.0,1.35,15
2022-08-14,CEREAL BAGUETTE,20.0,1.35,12
2022-08-15,CEREAL BAGUETTE,20.0,1.35,13
2022-08-16,CEREAL BAGUETTE,20.0,1.35,12
2022-08-17,CEREAL BAGUETTE,16.0,1.35,9
2022-08-18,CEREAL BAGUETTE,19.0,1.35,13
2022-08-19,CEREAL BAGUETTE,13.0,1.35,12
2022-08-20,CEREAL BAGUETTE,8.0,1.35,6
2022-08-21,CEREAL BAGUETTE,17.0,1.35,13
2022-08-22,CEREAL BAGUETTE,20.0,1.35,15
2022-08-23,CEREAL BAGUETTE,13.0,1.35,8
2022-08-24,CEREAL BAGUETTE,10.0,1.35,8
2022-08-25,CEREAL BAGUETTE,14.0,1.35,7
2022-08-26,CEREAL BAGUETTE,11.0,1.35,8
2022-08-27,CEREAL BAGUETTE,12.0,1.35,6
2022-08-28,CEREAL BAGUETTE,20.0,1.35,14
2022-08-29,CEREAL BAGUETTE,10.0,1.35,8
2022-08-30,CEREAL BAGUETTE,10.0,1.35,7
2022-08-31,CEREAL BAGUETTE,1.0,1.35,1
2022-09-02,CEREAL BAGUETTE,10.0,1.35,8
2022-09-03,CEREAL BAGUETTE,8.0,1.35,7
2022-09-04,CEREAL BAGUETTE,10.0,1.35,9
2022-09-05,CEREAL BAGUETTE,8.0,1.35,5
2022-09-06,CEREAL BAGUETTE,9.0,1.35,8
2022-09-07,CEREAL BAGUETTE,7.0,1.35,5
2022-09-08,CEREAL BAGUETTE,4.0,1.35,3
2022-09-09,CEREAL BAGUETTE,8.0,1.35,6
2022-09-10,CEREAL BAGUETTE,9.0,1.35,6
2022-09-11,CEREAL BAGUETTE,8.0,1.35,6
2022-09-12,CEREAL BAGUETTE,8.0,1.35,8
2022-09-13,CEREAL BAGUETTE,9.0,1.35,6
2022-09-14,CEREAL BAGUETTE,6.0,1.35,5
2022-09-15,CEREAL BAGUETTE,4.0,1.35,3
2022-09-16,CEREAL BAGUETTE,5.0,1.35,5
2022-09-17,CEREAL BAGUETTE,5.0,1.35,4
2022-09-18,CEREAL BAGUETTE,8.0,1.35,3
2022-09-20,CEREAL BAGUETTE,11.0,1.35,8
2022-09-21,CEREAL BAGUETTE,4.0,1.35,4
2022-09-22,CEREAL BAGUETTE,6.0,1.35,5
2022-09-23,CEREAL BAGUETTE,8.0,1.35,5
2022-09-24,CEREAL BAGUETTE,7.0,1.35,5
2022-09-25,CEREAL BAGUETTE,10.0,1.35,6
2022-09-26,CEREAL BAGUETTE,8.0,1.35,7
2022-09-27,CEREAL BAGUETTE,13.0,1.35,8
2022-09-28,CEREAL BAGUETTE,3.0,1.35,3
2022-09-30,CEREAL BAGUETTE,14.0,1.35,9
2021-01-03,CHAUSSON AUX POMMES,4.0,1.4,3
2021-01-07,CHAUSSON AUX POMMES,1.0,1.4,1
2021-01-08,CHAUSSON AUX POMMES,1.0,1.4,1
2021-01-10,CHAUSSON AUX POMMES,4.0,1.4,3
2021-01-11,CHAUSSON AUX POMMES,2.0,1.4,2
2021-01-12,CHAUSSON AUX POMMES,4.0,1.4,2
2021-01-14,CHAUSSON AUX POMMES,2.0,1.4,1
2021-01-15,CHAUSSON AUX POMMES,3.0,1.4,2
2021-01-16,CHAUSSON AUX POMMES,4.0,1.4,3
2021-01-17,CHAUSSON AUX POMMES,2.0,1.4,2
2021-01-18,CHAUSSON AUX POMMES,1.0,1.4,1
2021-01-19,CHAUSSON AUX POMMES,1.0,1.4,1
2021-01-22,CHAUSSON AUX POMMES,2.0,1.4,1
2021-01-23,CHAUSSON AUX POMMES,6.0,1.4,4
2021-01-25,CHAUSSON AUX POMMES,2.0,1.4,2
2021-01-26,CHAUSSON AUX POMMES,3.0,1.4,2
2021-01-29,CHAUSSON AUX POMMES,2.0,1.4,1
2021-01-30,CHAUSSON AUX POMMES,5.0,1.4,3
2021-01-31,CHAUSSON AUX POMMES,2.0,1.4,2
2021-02-01,CHAUSSON AUX POMMES,4.0,1.4,3
2021-02-02,CHAUSSON AUX POMMES,1.0,1.4,1
2021-02-04,CHAUSSON AUX POMMES,1.0,1.4,1
2021-02-05,CHAUSSON AUX POMMES,1.0,1.4,1
2021-02-06,CHAUSSON AUX POMMES,3.0,1.4,2
2021-02-07,CHAUSSON AUX POMMES,3.0,1.4,3
2021-02-08,CHAUSSON AUX POMMES,4.0,1.4,3
2021-02-09,CHAUSSON AUX POMMES,4.0,1.4,3
2021-02-11,CHAUSSON AUX POMMES,2.0,1.4,1
2021-02-12,CHAUSSON AUX POMMES,2.0,1.4,2
2021-02-13,CHAUSSON AUX POMMES,1.0,1.4,1
2021-02-14,CHAUSSON AUX POMMES,5.0,1.4,3
2021-02-15,CHAUSSON AUX POMMES,2.0,1.4,1
2021-02-16,CHAUSSON AUX POMMES,2.0,1.4,2
2021-02-19,CHAUSSON AUX POMMES,1.0,1.4,1
2021-02-20,CHAUSSON AUX POMMES,4.0,1.4,4
2021-02-21,CHAUSSON AUX POMMES,1.0,1.4,1
2021-02-23,CHAUSSON AUX POMMES,5.0,1.4,3
2021-02-25,CHAUSSON AUX POMMES,5.0,1.4,3
2021-02-26,CHAUSSON AUX POMMES,6.0,1.4,4
2021-02-27,CHAUSSON AUX POMMES,2.0,1.4,2
2021-02-28,CHAUSSON AUX POMMES,11.0,1.4,5
2021-03-01,CHAUSSON AUX POMMES,1.0,1.4,1
2021-03-02,CHAUSSON AUX POMMES,5.0,1.4,5
2021-03-04,CHAUSSON AUX POMMES,6.0,1.4,4
2021-03-05,CHAUSSON AUX POMMES,2.0,1.4,2
2021-03-06,CHAUSSON AUX POMMES,5.0,1.4,4
2021-03-09,CHAUSSON AUX POMMES,3.0,1.4,2
2021-03-11,CHAUSSON AUX POMMES,1.0,1.4,1
2021-03-12,CHAUSSON AUX POMMES,2.0,1.4,2
2021-03-13,CHAUSSON AUX POMMES,3.0,1.4,1
2021-03-14,CHAUSSON AUX POMMES,7.0,1.4,4
2021-03-15,CHAUSSON AUX POMMES,1.0,1.4,1
2021-03-16,CHAUSSON AUX POMMES,4.0,1.4,3
2021-03-18,CHAUSSON AUX POMMES,3.0,1.4,2
2021-03-19,CHAUSSON AUX POMMES,3.0,1.4,2
2021-03-20,CHAUSSON AUX POMMES,6.0,1.4,4
2021-03-21,CHAUSSON AUX POMMES,2.0,1.4,1
2021-03-23,CHAUSSON AUX POMMES,3.0,1.4,2
2021-03-26,CHAUSSON AUX POMMES,4.0,1.4,3
2021-03-28,CHAUSSON AUX POMMES,2.0,1.4,2
2021-03-29,CHAUSSON AUX POMMES,1.0,1.4,1
2021-03-30,CHAUSSON AUX POMMES,1.0,1.4,1
2021-04-01,CHAUSSON AUX POMMES,5.0,1.4,3
2021-04-02,CHAUSSON AUX POMMES,4.0,1.4,4
2021-04-03,CHAUSSON AUX POMMES,1.0,1.4,1
2021-04-04,CHAUSSON AUX POMMES,3.0,1.4,3
2021-04-05,CHAUSSON AUX POMMES,3.0,1.4,3
2021-04-06,CHAUSSON AUX POMMES,5.0,1.4,4
2021-04-08,CHAUSSON AUX POMMES,5.0,1.4,4
2021-04-09,CHAUSSON AUX POMMES,5.0,1.4,3
2021-04-11,CHAUSSON AUX POMMES,2.0,1.4,2
2021-04-12,CHAUSSON AUX POMMES,1.0,1.4,1
2021-04-13,CHAUSSON AUX POMMES,4.0,1.4,3
2021-04-14,CHAUSSON AUX POMMES,4.0,1.4,3
2021-04-15,CHAUSSON AUX POMMES,1.0,1.4,1
2021-04-16,CHAUSSON AUX POMMES,4.0,1.4,4
2021-04-17,CHAUSSON AUX POMMES,2.0,1.4,2
2021-04-18,CHAUSSON AUX POMMES,1.0,1.4,1
2021-04-19,CHAUSSON AUX POMMES,4.0,1.4,2
2021-04-20,CHAUSSON AUX POMMES,7.0,1.4,5
2021-04-21,CHAUSSON AUX POMMES,2.0,1.4,1
2021-04-22,CHAUSSON AUX POMMES,4.0,1.4,1
2021-04-23,CHAUSSON AUX POMMES,2.0,1.4,1
2021-04-24,CHAUSSON AUX POMMES,1.0,1.4,1
2021-04-25,CHAUSSON AUX POMMES,7.0,1.4,5
2021-04-26,CHAUSSON AUX POMMES,2.0,1.4,2
2021-04-27,CHAUSSON AUX POMMES,1.0,1.4,1
2021-04-28,CHAUSSON AUX POMMES,2.0,1.4,2
2021-04-29,CHAUSSON AUX POMMES,4.0,1.4,1
2021-04-30,CHAUSSON AUX POMMES,5.0,1.4,4
2021-05-01,CHAUSSON AUX POMMES,6.0,1.4,5
2021-05-02,CHAUSSON AUX POMMES,5.0,1.4,4
2021-05-03,CHAUSSON AUX POMMES,4.0,1.4,4
2021-05-04,CHAUSSON AUX POMMES,3.0,1.4,2
2021-05-05,CHAUSSON AUX POMMES,4.0,1.4,3
2021-05-06,CHAUSSON AUX POMMES,1.0,1.4,1
2021-05-07,CHAUSSON AUX POMMES,5.0,1.4,4
2021-05-08,CHAUSSON AUX POMMES,9.0,1.4,4
2021-05-09,CHAUSSON AUX POMMES,5.0,1.4,5
2021-05-10,CHAUSSON AUX POMMES,3.0,1.4,2
2021-05-11,CHAUSSON AUX POMMES,1.0,1.4,1
2021-05-12,CHAUSSON AUX POMMES,2.0,1.4,2
2021-05-13,CHAUSSON AUX POMMES,6.0,1.4,5
2021-05-14,CHAUSSON AUX POMMES,3.0,1.4,3
2021-05-15,CHAUSSON AUX POMMES,9.0,1.4,5
2021-05-16,CHAUSSON AUX POMMES,4.0,1.4,3
2021-05-21,CHAUSSON AUX POMMES,2.0,1.4,1
2021-05-22,CHAUSSON AUX POMMES,4.0,1.4,3
2021-05-23,CHAUSSON AUX POMMES,4.0,1.4,4
2021-05-24,CHAUSSON AUX POMMES,6.0,1.4,3
2021-05-25,CHAUSSON AUX POMMES,4.0,1.4,3
2021-05-26,CHAUSSON AUX POMMES,3.0,1.4,2
2021-05-27,CHAUSSON AUX POMMES,1.0,1.4,1
2021-05-28,CHAUSSON AUX POMMES,2.0,1.4,2
2021-05-29,CHAUSSON AUX POMMES,4.0,1.4,3
2021-05-30,CHAUSSON AUX POMMES,1.0,1.4,1
2021-05-31,CHAUSSON AUX POMMES,2.0,1.4,1
2021-06-01,CHAUSSON AUX POMMES,1.0,1.4,1
2021-06-02,CHAUSSON AUX POMMES,2.0,1.4,2
2021-06-03,CHAUSSON AUX POMMES,1.0,1.4,1
2021-06-04,CHAUSSON AUX POMMES,2.0,1.4,2
2021-06-05,CHAUSSON AUX POMMES,4.0,1.4,3
2021-06-06,CHAUSSON AUX POMMES,5.0,1.4,4
2021-06-07,CHAUSSON AUX POMMES,2.0,1.4,2
2021-06-08,CHAUSSON AUX POMMES,2.0,1.4,1
2021-06-09,CHAUSSON AUX POMMES,3.0,1.4,2
2021-06-10,CHAUSSON AUX POMMES,1.0,1.4,1
2021-06-12,CHAUSSON AUX POMMES,4.0,1.4,2
2021-06-13,CHAUSSON AUX POMMES,2.0,1.4,1
2021-06-14,CHAUSSON AUX POMMES,1.0,1.4,1
2021-06-15,CHAUSSON AUX POMMES,6.0,1.4,4
2021-06-16,CHAUSSON AUX POMMES,4.0,1.4,3
2021-06-18,CHAUSSON AUX POMMES,3.0,1.4,2
2021-06-19,CHAUSSON AUX POMMES,3.0,1.4,3
2021-06-20,CHAUSSON AUX POMMES,5.0,1.4,3
2021-06-21,CHAUSSON AUX POMMES,2.0,1.4,2
2021-06-22,CHAUSSON AUX POMMES,9.0,1.4,5
2021-06-23,CHAUSSON AUX POMMES,4.0,1.4,4
2021-06-24,CHAUSSON AUX POMMES,4.0,1.4,4
2021-06-25,CHAUSSON AUX POMMES,6.0,1.4,4
2021-06-26,CHAUSSON AUX POMMES,4.0,1.4,3
2021-06-27,CHAUSSON AUX POMMES,7.0,1.4,4
2021-06-28,CHAUSSON AUX POMMES,6.0,1.4,4
2021-06-29,CHAUSSON AUX POMMES,4.0,1.4,3
2021-06-30,CHAUSSON AUX POMMES,5.0,1.4,3
2021-07-01,CHAUSSON AUX POMMES,6.0,1.4,5
2021-07-02,CHAUSSON AUX POMMES,1.0,1.4,1
2021-07-04,CHAUSSON AUX POMMES,5.0,1.4,3
2021-07-05,CHAUSSON AUX POMMES,5.0,1.4,3
2021-07-06,CHAUSSON AUX POMMES,2.0,1.4,2
2021-07-07,CHAUSSON AUX POMMES,6.0,1.4,4
2021-07-08,CHAUSSON AUX POMMES,7.0,1.4,4
2021-07-09,CHAUSSON AUX POMMES,7.0,1.4,5
2021-07-10,CHAUSSON AUX POMMES,4.0,1.4,3
2021-07-11,CHAUSSON AUX POMMES,5.0,1.4,3
2021-07-12,CHAUSSON AUX POMMES,8.0,1.4,4
2021-07-15,CHAUSSON AUX POMMES,5.0,1.4,4
2021-07-16,CHAUSSON AUX POMMES,7.0,1.4,5
2021-07-17,CHAUSSON AUX POMMES,2.0,1.4,2
2021-07-18,CHAUSSON AUX POMMES,2.0,1.4,1
2021-07-19,CHAUSSON AUX POMMES,1.0,1.4,1
2021-07-20,CHAUSSON AUX POMMES,2.0,1.4,2
2021-07-21,CHAUSSON AUX POMMES,4.0,1.4,3
2021-07-22,CHAUSSON AUX POMMES,4.0,1.4,4
2021-07-23,CHAUSSON AUX POMMES,5.0,1.4,4
2021-07-24,CHAUSSON AUX POMMES,7.0,1.4,5
2021-07-25,CHAUSSON AUX POMMES,10.0,1.4,8
2021-07-26,CHAUSSON AUX POMMES,5.0,1.4,4
2021-07-27,CHAUSSON AUX POMMES,4.0,1.4,3
2021-07-28,CHAUSSON AUX POMMES,2.0,1.4,2
2021-07-29,CHAUSSON AUX POMMES,1.0,1.4,1
2021-07-30,CHAUSSON AUX POMMES,5.0,1.4,4
2021-07-31,CHAUSSON AUX POMMES,11.0,1.4,4
2021-08-01,CHAUSSON AUX POMMES,4.0,1.4,3
2021-08-02,CHAUSSON AUX POMMES,2.0,1.4,1
2021-08-03,CHAUSSON AUX POMMES,6.0,1.4,4
2021-08-04,CHAUSSON AUX POMMES,9.0,1.4,7
2021-08-06,CHAUSSON AUX POMMES,11.0,1.4,8
2021-08-07,CHAUSSON AUX POMMES,3.0,1.4,2
2021-08-08,CHAUSSON AUX POMMES,6.0,1.4,5
2021-08-09,CHAUSSON AUX POMMES,6.0,1.4,4
2021-08-10,CHAUSSON AUX POMMES,2.0,1.4,2
2021-08-11,CHAUSSON AUX POMMES,4.0,1.4,4
2021-08-12,CHAUSSON AUX POMMES,6.0,1.4,6
2021-08-13,CHAUSSON AUX POMMES,5.0,1.4,3
2021-08-14,CHAUSSON AUX POMMES,15.0,1.4,9
2021-08-15,CHAUSSON AUX POMMES,6.0,1.4,4
2021-08-16,CHAUSSON AUX POMMES,7.0,1.4,5
2021-08-17,CHAUSSON AUX POMMES,3.0,1.4,3
2021-08-18,CHAUSSON AUX POMMES,5.0,1.4,4
2021-08-19,CHAUSSON AUX POMMES,3.0,1.4,2
2021-08-20,CHAUSSON AUX POMMES,3.0,1.4,3
2021-08-21,CHAUSSON AUX POMMES,7.0,1.4,6
2021-08-22,CHAUSSON AUX POMMES,3.0,1.4,3
2021-08-23,CHAUSSON AUX POMMES,8.0,1.4,6
2021-08-24,CHAUSSON AUX POMMES,5.0,1.4,3
2021-08-25,CHAUSSON AUX POMMES,4.0,1.4,4
2021-08-26,CHAUSSON AUX POMMES,6.0,1.4,2
2021-08-27,CHAUSSON AUX POMMES,5.0,1.4,3
2021-08-28,CHAUSSON AUX POMMES,10.0,1.4,8
2021-08-29,CHAUSSON AUX POMMES,6.0,1.4,3
2021-08-30,CHAUSSON AUX POMMES,4.0,1.4,4
2021-08-31,CHAUSSON AUX POMMES,7.0,1.4,6
2021-09-01,CHAUSSON AUX POMMES,4.0,1.4,3
2021-09-02,CHAUSSON AUX POMMES,5.0,1.4,5
2021-09-03,CHAUSSON AUX POMMES,5.0,1.4,3
2021-09-04,CHAUSSON AUX POMMES,4.0,1.4,3
2021-09-05,CHAUSSON AUX POMMES,7.0,1.4,5
2021-09-06,CHAUSSON AUX POMMES,3.0,1.4,2
2021-09-07,CHAUSSON AUX POMMES,1.0,1.4,1
2021-09-08,CHAUSSON AUX POMMES,2.0,1.4,2
2021-09-09,CHAUSSON AUX POMMES,2.0,1.4,2
2021-09-10,CHAUSSON AUX POMMES,4.0,1.4,2
2021-09-11,CHAUSSON AUX POMMES,5.0,1.4,3
2021-09-12,CHAUSSON AUX POMMES,2.0,1.4,2
2021-09-13,CHAUSSON AUX POMMES,6.0,1.4,6
2021-09-14,CHAUSSON AUX POMMES,1.0,1.4,1
2021-09-15,CHAUSSON AUX POMMES,1.0,1.4,1
2021-09-16,CHAUSSON AUX POMMES,2.0,1.4,2
2021-09-19,CHAUSSON AUX POMMES,2.0,1.4,1
2021-09-20,CHAUSSON AUX POMMES,2.0,1.4,2
2021-09-21,CHAUSSON AUX POMMES,4.0,1.4,3
2021-09-24,CHAUSSON AUX POMMES,1.0,1.4,1
2021-09-25,CHAUSSON AUX POMMES,3.0,1.4,3
2021-09-26,CHAUSSON AUX POMMES,5.0,1.4,5
2021-09-27,CHAUSSON AUX POMMES,2.0,1.4,1
2021-09-28,CHAUSSON AUX POMMES,2.0,1.4,1
2021-09-29,CHAUSSON AUX POMMES,4.0,1.4,2
2021-09-30,CHAUSSON AUX POMMES,4.0,1.4,2
2021-10-01,CHAUSSON AUX POMMES,1.0,1.4,1
2021-10-02,CHAUSSON AUX POMMES,4.0,1.4,3
2021-10-03,CHAUSSON AUX POMMES,8.0,1.4,4
2021-10-05,CHAUSSON AUX POMMES,1.0,1.4,1
2021-10-06,CHAUSSON AUX POMMES,2.0,1.4,2
2021-10-07,CHAUSSON AUX POMMES,5.0,1.4,3
2021-10-08,CHAUSSON AUX POMMES,3.0,1.4,2
2021-10-09,CHAUSSON AUX POMMES,2.0,1.4,1
2021-10-10,CHAUSSON AUX POMMES,5.0,1.4,5
2021-10-13,CHAUSSON AUX POMMES,4.0,1.4,4
2021-10-15,CHAUSSON AUX POMMES,6.0,1.4,3
2021-10-16,CHAUSSON AUX POMMES,3.0,1.4,2
2021-10-17,CHAUSSON AUX POMMES,4.0,1.4,3
2021-10-18,CHAUSSON AUX POMMES,3.0,1.4,2
2021-10-19,CHAUSSON AUX POMMES,5.0,1.4,3
2021-10-20,CHAUSSON AUX POMMES,4.0,1.4,3
2021-10-21,CHAUSSON AUX POMMES,4.0,1.4,3
2021-10-22,CHAUSSON AUX POMMES,3.0,1.4,3
2021-10-23,CHAUSSON AUX POMMES,9.0,1.4,7
2021-10-24,CHAUSSON AUX POMMES,7.0,1.4,4
2021-10-26,CHAUSSON AUX POMMES,6.0,1.4,4
2021-10-27,CHAUSSON AUX POMMES,1.0,1.4,1
2021-10-28,CHAUSSON AUX POMMES,4.0,1.4,4
2021-10-29,CHAUSSON AUX POMMES,3.0,1.4,3
2021-10-30,CHAUSSON AUX POMMES,7.0,1.4,5
2021-10-31,CHAUSSON AUX POMMES,4.0,1.4,4
2021-11-01,CHAUSSON AUX POMMES,2.0,1.4,1
2021-11-02,CHAUSSON AUX POMMES,4.0,1.4,2
2021-11-03,CHAUSSON AUX POMMES,1.0,1.4,1
2021-11-04,CHAUSSON AUX POMMES,3.0,1.4,3
2021-11-05,CHAUSSON AUX POMMES,4.0,1.4,3
2021-11-06,CHAUSSON AUX POMMES,2.0,1.4,2
2021-11-07,CHAUSSON AUX POMMES,1.0,1.4,1
2021-11-09,CHAUSSON AUX POMMES,3.0,1.4,2
2021-11-10,CHAUSSON AUX POMMES,2.0,1.4,2
2021-11-11,CHAUSSON AUX POMMES,3.0,1.4,3
2021-11-14,CHAUSSON AUX POMMES,4.0,1.4,3
2021-11-15,CHAUSSON AUX POMMES,3.0,1.4,3
2021-11-16,CHAUSSON AUX POMMES,3.0,1.4,2
2021-11-18,CHAUSSON AUX POMMES,2.0,1.4,1
2021-11-19,CHAUSSON AUX POMMES,5.0,1.4,4
2021-11-20,CHAUSSON AUX POMMES,5.0,1.4,3
2021-11-21,CHAUSSON AUX POMMES,5.0,1.4,3
2021-11-22,CHAUSSON AUX POMMES,3.0,1.4,2
2021-11-23,CHAUSSON AUX POMMES,1.0,1.4,1
2021-11-25,CHAUSSON AUX POMMES,5.0,1.4,4
2021-11-26,CHAUSSON AUX POMMES,4.0,1.4,2
2021-11-27,CHAUSSON AUX POMMES,3.0,1.4,3
2021-11-28,CHAUSSON AUX POMMES,2.0,1.4,1
2021-11-29,CHAUSSON AUX POMMES,2.0,1.4,2
2021-11-30,CHAUSSON AUX POMMES,3.0,1.4,3
2021-12-02,CHAUSSON AUX POMMES,4.0,1.4,3
2021-12-04,CHAUSSON AUX POMMES,2.0,1.4,2
2021-12-05,CHAUSSON AUX POMMES,5.0,1.4,4
2021-12-09,CHAUSSON AUX POMMES,1.0,1.4,1
2021-12-10,CHAUSSON AUX POMMES,3.0,1.4,2
2021-12-11,CHAUSSON AUX POMMES,5.0,1.4,4
2021-12-12,CHAUSSON AUX POMMES,4.0,1.4,4
2021-12-13,CHAUSSON AUX POMMES,2.0,1.4,2
2021-12-14,CHAUSSON AUX POMMES,2.0,1.4,2
2021-12-16,CHAUSSON AUX POMMES,4.0,1.4,2
2021-12-17,CHAUSSON AUX POMMES,7.0,1.4,5
2021-12-18,CHAUSSON AUX POMMES,1.0,1.4,1
2021-12-19,CHAUSSON AUX POMMES,2.0,1.4,2
2021-12-21,CHAUSSON AUX POMMES,4.0,1.4,3
2021-12-22,CHAUSSON AUX POMMES,2.0,1.4,2
2021-12-23,CHAUSSON AUX POMMES,1.0,1.4,1
2021-12-24,CHAUSSON AUX POMMES,2.0,1.4,2
2021-12-25,CHAUSSON AUX POMMES,2.0,1.4,1
2021-12-26,CHAUSSON AUX POMMES,2.0,1.4,2
2021-12-27,CHAUSSON AUX POMMES,3.0,1.4,3
2021-12-28,CHAUSSON AUX POMMES,6.0,1.4,4
2021-12-29,CHAUSSON AUX POMMES,1.0,1.4,1
2021-12-30,CHAUSSON AUX POMMES,3.0,1.4,2
2021-12-31,CHAUSSON AUX POMMES,1.0,1.4,1
2022-01-02,CHAUSSON AUX POMMES,5.0,1.4,3
2022-01-03,CHAUSSON AUX POMMES,1.0,1.4,1
2022-01-06,CHAUSSON AUX POMMES,4.0,1.4,3
2022-01-07,CHAUSSON AUX POMMES,2.0,1.4,2
2022-01-08,CHAUSSON AUX POMMES,1.0,1.4,1
2022-01-21,CHAUSSON AUX POMMES,4.0,1.4,3
2022-01-24,CHAUSSON AUX POMMES,3.0,1.4,3
2022-01-25,CHAUSSON AUX POMMES,4.0,1.4,3
2022-01-27,CHAUSSON AUX POMMES,2.0,1.4,1
2022-01-28,CHAUSSON AUX POMMES,1.0,1.4,1
2022-01-30,CHAUSSON AUX POMMES,2.0,1.4,2
2022-01-31,CHAUSSON AUX POMMES,1.0,1.4,1
2022-02-01,CHAUSSON AUX POMMES,3.0,1.4,3
2022-02-03,CHAUSSON AUX POMMES,2.0,1.4,2
2022-02-04,CHAUSSON AUX POMMES,1.0,1.4,1
2022-02-05,CHAUSSON AUX POMMES,1.0,1.4,1
2022-02-07,CHAUSSON AUX POMMES,3.0,1.5,3
2022-02-08,CHAUSSON AUX POMMES,4.0,1.5,3
2022-02-10,CHAUSSON AUX POMMES,3.0,1.5,3
2022-02-11,CHAUSSON AUX POMMES,2.0,1.5,2
2022-02-13,CHAUSSON AUX POMMES,1.0,1.5,1
2022-02-14,CHAUSSON AUX POMMES,1.0,1.5,1
2022-02-15,CHAUSSON AUX POMMES,3.0,1.5,2
2022-02-17,CHAUSSON AUX POMMES,1.0,1.5,1
2022-02-18,CHAUSSON AUX POMMES,4.0,1.5,2
2022-02-19,CHAUSSON AUX POMMES,3.0,1.5,1
2022-02-20,CHAUSSON AUX POMMES,5.0,1.5,4
2022-02-21,CHAUSSON AUX POMMES,5.0,1.5,4
2022-02-22,CHAUSSON AUX POMMES,1.0,1.5,1
2022-02-24,CHAUSSON AUX POMMES,4.0,1.5,3
2022-02-25,CHAUSSON AUX POMMES,5.0,1.5,3
2022-02-26,CHAUSSON AUX POMMES,6.0,1.5,5
2022-02-27,CHAUSSON AUX POMMES,2.0,1.5,2
2022-02-28,CHAUSSON AUX POMMES,6.0,1.5,3
2022-03-02,CHAUSSON AUX POMMES,3.0,1.5,3
2022-03-03,CHAUSSON AUX POMMES,6.0,1.5,3
2022-03-05,CHAUSSON AUX POMMES,8.0,1.5,5
2022-03-06,CHAUSSON AUX POMMES,4.0,1.5,2
2022-03-07,CHAUSSON AUX POMMES,2.0,1.5,2
2022-03-08,CHAUSSON AUX POMMES,1.0,1.5,1
2022-03-09,CHAUSSON AUX POMMES,1.0,1.5,1
2022-03-10,CHAUSSON AUX POMMES,2.0,1.5,2
2022-03-11,CHAUSSON AUX POMMES,3.0,1.5,2
2022-03-12,CHAUSSON AUX POMMES,3.0,1.5,3
2022-03-13,CHAUSSON AUX POMMES,4.0,1.5,4
2022-03-14,CHAUSSON AUX POMMES,3.0,1.5,2
2022-03-15,CHAUSSON AUX POMMES,3.0,1.5,2
2022-03-17,CHAUSSON AUX POMMES,2.0,1.5,2
2022-03-18,CHAUSSON AUX POMMES,1.0,1.5,1
2022-03-19,CHAUSSON AUX POMMES,6.0,1.5,4
2022-03-22,CHAUSSON AUX POMMES,2.0,1.5,2
2022-03-24,CHAUSSON AUX POMMES,4.0,1.5,3
2022-03-25,CHAUSSON AUX POMMES,3.0,1.5,3
2022-03-26,CHAUSSON AUX POMMES,6.0,1.5,5
2022-03-27,CHAUSSON AUX POMMES,1.0,1.5,1
2022-03-28,CHAUSSON AUX POMMES,1.0,1.5,1
2022-03-29,CHAUSSON AUX POMMES,3.0,1.5,2
2022-03-30,CHAUSSON AUX POMMES,3.0,1.5,2
2022-03-31,CHAUSSON AUX POMMES,1.0,1.5,1
2022-04-01,CHAUSSON AUX POMMES,3.0,1.5,2
2022-04-02,CHAUSSON AUX POMMES,3.0,1.5,2
2022-04-03,CHAUSSON AUX POMMES,3.0,1.5,2
2022-04-04,CHAUSSON AUX POMMES,1.0,1.5,1
2022-04-05,CHAUSSON AUX POMMES,1.0,1.5,1
2022-04-06,CHAUSSON AUX POMMES,3.0,1.5,2
2022-04-07,CHAUSSON AUX POMMES,2.0,1.5,2
2022-04-08,CHAUSSON AUX POMMES,1.0,1.5,1
2022-04-09,CHAUSSON AUX POMMES,4.0,1.5,2
2022-04-10,CHAUSSON AUX POMMES,2.0,1.5,1
2022-04-11,CHAUSSON AUX POMMES,3.0,1.5,3
2022-04-12,CHAUSSON AUX POMMES,3.0,1.5,3
2022-04-13,CHAUSSON AUX POMMES,3.0,1.5,2
2022-04-14,CHAUSSON AUX POMMES,5.0,1.5,4
2022-04-15,CHAUSSON AUX POMMES,3.0,1.5,2
2022-04-16,CHAUSSON AUX POMMES,3.0,1.5,2
2022-04-17,CHAUSSON AUX POMMES,1.0,1.5,1
2022-04-19,CHAUSSON AUX POMMES,3.0,1.5,2
2022-04-20,CHAUSSON AUX POMMES,2.0,1.5,2
2022-04-21,CHAUSSON AUX POMMES,3.0,1.5,3
2022-04-22,CHAUSSON AUX POMMES,1.0,1.5,1
2022-04-27,CHAUSSON AUX POMMES,4.0,1.5,3
2022-04-28,CHAUSSON AUX POMMES,3.0,1.5,3
2022-04-29,CHAUSSON AUX POMMES,4.0,1.5,2
2022-04-30,CHAUSSON AUX POMMES,1.0,1.5,1
2022-05-01,CHAUSSON AUX POMMES,8.0,1.5,6
2022-05-02,CHAUSSON AUX POMMES,2.0,1.5,2
2022-05-03,CHAUSSON AUX POMMES,6.0,1.5,4
2022-05-05,CHAUSSON AUX POMMES,6.0,1.5,5
2022-05-06,CHAUSSON AUX POMMES,2.0,1.5,2
2022-05-07,CHAUSSON AUX POMMES,3.0,1.5,2
2022-05-09,CHAUSSON AUX POMMES,2.0,1.5,1
2022-05-10,CHAUSSON AUX POMMES,1.0,1.5,1
2022-05-13,CHAUSSON AUX POMMES,3.0,1.5,3
2022-05-14,CHAUSSON AUX POMMES,5.0,1.5,3
2022-05-15,CHAUSSON AUX POMMES,4.0,1.5,3
2022-05-16,CHAUSSON AUX POMMES,1.0,1.5,1
2022-05-17,CHAUSSON AUX POMMES,3.0,1.5,3
2022-05-18,CHAUSSON AUX POMMES,4.0,1.5,3
2022-05-19,CHAUSSON AUX POMMES,2.0,1.5,2
2022-05-20,CHAUSSON AUX POMMES,2.0,1.5,2
2022-05-22,CHAUSSON AUX POMMES,6.0,1.5,5
2022-05-23,CHAUSSON AUX POMMES,6.0,1.5,5
2022-05-24,CHAUSSON AUX POMMES,4.0,1.5,3
2022-05-25,CHAUSSON AUX POMMES,3.0,1.5,3
2022-05-26,CHAUSSON AUX POMMES,4.0,1.5,4
2022-05-27,CHAUSSON AUX POMMES,5.0,1.5,4
2022-05-28,CHAUSSON AUX POMMES,5.0,1.5,3
2022-05-29,CHAUSSON AUX POMMES,7.0,1.5,6
2022-05-30,CHAUSSON AUX POMMES,3.0,1.5,3
2022-05-31,CHAUSSON AUX POMMES,2.0,1.5,2
2022-06-01,CHAUSSON AUX POMMES,1.0,1.5,1
2022-06-02,CHAUSSON AUX POMMES,2.0,1.5,2
2022-06-03,CHAUSSON AUX POMMES,4.0,1.5,2
2022-06-04,CHAUSSON AUX POMMES,4.0,1.5,3
2022-06-05,CHAUSSON AUX POMMES,5.0,1.5,5
2022-06-06,CHAUSSON AUX POMMES,8.0,1.5,6
2022-06-07,CHAUSSON AUX POMMES,4.0,1.5,3
2022-06-08,CHAUSSON AUX POMMES,3.0,1.5,3
2022-06-09,CHAUSSON AUX POMMES,5.0,1.5,3
2022-06-10,CHAUSSON AUX POMMES,3.0,1.5,1
2022-06-11,CHAUSSON AUX POMMES,5.0,1.5,4
2022-06-12,CHAUSSON AUX POMMES,3.0,1.5,3
2022-06-13,CHAUSSON AUX POMMES,2.0,1.5,2
2022-06-15,CHAUSSON AUX POMMES,3.0,1.5,2
2022-06-16,CHAUSSON AUX POMMES,1.0,1.5,1
2022-06-17,CHAUSSON AUX POMMES,1.0,1.5,1
2022-06-18,CHAUSSON AUX POMMES,2.0,1.5,1
2022-06-19,CHAUSSON AUX POMMES,8.0,1.5,6
2022-06-20,CHAUSSON AUX POMMES,2.0,1.5,1
2022-06-21,CHAUSSON AUX POMMES,1.0,1.5,1
2022-06-22,CHAUSSON AUX POMMES,4.0,1.5,3
2022-06-23,CHAUSSON AUX POMMES,1.0,1.5,1
2022-06-24,CHAUSSON AUX POMMES,3.0,1.5,2
2022-06-25,CHAUSSON AUX POMMES,6.0,1.5,5
2022-06-26,CHAUSSON AUX POMMES,7.0,1.5,5
2022-06-27,CHAUSSON AUX POMMES,2.0,1.5,1
2022-06-28,CHAUSSON AUX POMMES,4.0,1.5,2
2022-06-29,CHAUSSON AUX POMMES,2.0,1.6,2
2022-06-30,CHAUSSON AUX POMMES,2.0,1.6,2
2022-07-01,CHAUSSON AUX POMMES,2.0,1.6,2
2022-07-02,CHAUSSON AUX POMMES,8.0,1.6,5
2022-07-03,CHAUSSON AUX POMMES,7.0,1.6,3
2022-07-04,CHAUSSON AUX POMMES,1.0,1.6,1
2022-07-05,CHAUSSON AUX POMMES,2.0,1.6,1
2022-07-06,CHAUSSON AUX POMMES,1.0,1.6,1
2022-07-07,CHAUSSON AUX POMMES,2.0,1.6,2
2022-07-08,CHAUSSON AUX POMMES,5.0,1.6,2
2022-07-09,CHAUSSON AUX POMMES,1.0,1.6,1
2022-07-10,CHAUSSON AUX POMMES,4.0,1.6,3
2022-07-11,CHAUSSON AUX POMMES,1.0,1.6,1
2022-07-12,CHAUSSON AUX POMMES,6.0,1.6,4
2022-07-13,CHAUSSON AUX POMMES,5.0,1.6,2
2022-07-14,CHAUSSON AUX POMMES,4.0,1.6,3
2022-07-15,CHAUSSON AUX POMMES,3.0,1.6,2
2022-07-16,CHAUSSON AUX POMMES,5.0,1.6,3
2022-07-17,CHAUSSON AUX POMMES,11.0,1.6,7
2022-07-18,CHAUSSON AUX POMMES,10.0,1.6,4
2022-07-19,CHAUSSON AUX POMMES,4.0,1.6,3
2022-07-20,CHAUSSON AUX POMMES,3.0,1.6,3
2022-07-21,CHAUSSON AUX POMMES,8.0,1.6,4
2022-07-22,CHAUSSON AUX POMMES,9.0,1.6,5
2022-07-24,CHAUSSON AUX POMMES,5.0,1.6,4
2022-07-25,CHAUSSON AUX POMMES,4.0,1.6,4
2022-07-26,CHAUSSON AUX POMMES,6.0,1.6,3
2022-07-27,CHAUSSON AUX POMMES,1.0,1.6,1
2022-07-28,CHAUSSON AUX POMMES,5.0,1.6,4
2022-07-29,CHAUSSON AUX POMMES,1.0,1.6,1
2022-07-30,CHAUSSON AUX POMMES,3.0,1.6,3
2022-07-31,CHAUSSON AUX POMMES,7.0,1.6,7
2022-08-01,CHAUSSON AUX POMMES,10.0,1.6,7
2022-08-02,CHAUSSON AUX POMMES,1.0,1.6,1
2022-08-03,CHAUSSON AUX POMMES,2.0,1.6,2
2022-08-04,CHAUSSON AUX POMMES,4.0,1.6,3
2022-08-05,CHAUSSON AUX POMMES,9.0,1.6,6
2022-08-06,CHAUSSON AUX POMMES,3.0,1.6,3
2022-08-07,CHAUSSON AUX POMMES,5.0,1.6,4
2022-08-08,CHAUSSON AUX POMMES,15.0,1.6,6
2022-08-09,CHAUSSON AUX POMMES,3.0,1.6,3
2022-08-10,CHAUSSON AUX POMMES,6.0,1.6,3
2022-08-11,CHAUSSON AUX POMMES,7.0,1.6,4
2022-08-12,CHAUSSON AUX POMMES,13.0,1.6,8
2022-08-13,CHAUSSON AUX POMMES,9.0,1.6,8
2022-08-14,CHAUSSON AUX POMMES,4.0,1.6,4
2022-08-15,CHAUSSON AUX POMMES,1.0,1.6,1
2022-08-16,CHAUSSON AUX POMMES,4.0,1.6,3
2022-08-17,CHAUSSON AUX POMMES,6.0,1.6,3
2022-08-18,CHAUSSON AUX POMMES,8.0,1.6,6
2022-08-19,CHAUSSON AUX POMMES,5.0,1.6,2
2022-08-20,CHAUSSON AUX POMMES,5.0,1.6,3
2022-08-21,CHAUSSON AUX POMMES,5.0,1.6,3
2022-08-22,CHAUSSON AUX POMMES,1.0,1.6,1
2022-08-23,CHAUSSON AUX POMMES,3.0,1.6,2
2022-08-24,CHAUSSON AUX POMMES,7.0,1.6,4
2022-08-25,CHAUSSON AUX POMMES,6.0,1.6,3
2022-08-26,CHAUSSON AUX POMMES,6.0,1.6,5
2022-08-27,CHAUSSON AUX POMMES,9.0,1.6,6
2022-08-28,CHAUSSON AUX POMMES,7.0,1.6,5
2022-08-29,CHAUSSON AUX POMMES,2.0,1.6,2
2022-08-31,CHAUSSON AUX POMMES,1.0,1.6,1
2022-09-02,CHAUSSON AUX POMMES,3.0,1.6,1
2022-09-03,CHAUSSON AUX POMMES,2.0,1.6,2
2022-09-04,CHAUSSON AUX POMMES,8.0,1.6,5
2022-09-05,CHAUSSON AUX POMMES,6.0,1.6,5
2022-09-07,CHAUSSON AUX POMMES,4.0,1.6,2
2022-09-08,CHAUSSON AUX POMMES,1.0,1.6,1
2022-09-09,CHAUSSON AUX POMMES,1.0,1.6,1
2022-09-10,CHAUSSON AUX POMMES,4.0,1.6,3
2022-09-11,CHAUSSON AUX POMMES,6.0,1.6,6
2022-09-12,CHAUSSON AUX POMMES,5.0,1.6,4
2022-09-13,CHAUSSON AUX POMMES,3.0,1.6,3
2022-09-15,CHAUSSON AUX POMMES,3.0,1.6,3
2022-09-16,CHAUSSON AUX POMMES,4.0,1.6,2
2022-09-17,CHAUSSON AUX POMMES,4.0,1.6,3
2022-09-18,CHAUSSON AUX POMMES,1.0,1.6,1
2022-09-20,CHAUSSON AUX POMMES,5.0,1.6,5
2022-09-22,CHAUSSON AUX POMMES,3.0,1.6,3
2022-09-23,CHAUSSON AUX POMMES,1.0,1.6,1
2022-09-24,CHAUSSON AUX POMMES,6.0,1.6,4
2022-09-25,CHAUSSON AUX POMMES,6.0,1.6,4
2022-09-26,CHAUSSON AUX POMMES,1.0,1.6,1
2022-09-27,CHAUSSON AUX POMMES,1.0,1.6,1
2022-09-28,CHAUSSON AUX POMMES,3.0,1.6,2
2022-09-29,CHAUSSON AUX POMMES,4.0,1.6,3
2021-01-07,CHOCOLAT,1.0,1.5,1
2021-01-09,CHOCOLAT,1.0,1.5,1
2021-01-26,CHOCOLAT,1.0,1.5,1
2021-02-23,CHOCOLAT,1.0,1.5,1
2021-04-03,CHOCOLAT,1.0,1.5,1
2021-04-19,CHOCOLAT,1.0,1.5,1
2021-04-20,CHOCOLAT,3.0,1.5,1
2021-04-27,CHOCOLAT,2.0,1.5,2
2021-05-21,CHOCOLAT,1.0,1.5,1
2021-05-29,CHOCOLAT,1.0,1.5,1
2021-06-28,CHOCOLAT,2.0,1.5,2
2021-07-20,CHOCOLAT,4.0,1.5,3
2021-07-26,CHOCOLAT,1.0,1.5,1
2021-07-29,CHOCOLAT,2.0,1.5,2
2021-08-02,CHOCOLAT,1.0,1.5,1
2021-08-07,CHOCOLAT,1.0,1.5,1
2021-08-09,CHOCOLAT,1.0,1.5,1
2021-08-16,CHOCOLAT,1.0,1.5,1
2021-08-19,CHOCOLAT,1.0,1.5,1
2021-08-23,CHOCOLAT,1.0,1.5,1
2021-08-25,CHOCOLAT,2.0,1.5,2
2021-08-26,CHOCOLAT,1.0,1.5,1
2021-08-27,CHOCOLAT,3.0,1.5,1
2021-08-28,CHOCOLAT,2.0,1.5,1
2021-09-02,CHOCOLAT,2.0,1.5,2
2021-09-08,CHOCOLAT,2.0,1.5,1
2021-09-09,CHOCOLAT,1.0,1.5,1
2021-09-12,CHOCOLAT,1.0,1.5,1
2021-09-14,CHOCOLAT,1.0,1.5,1
2021-09-16,CHOCOLAT,2.0,1.5,1
2021-09-17,CHOCOLAT,1.0,1.5,1
2021-09-20,CHOCOLAT,1.0,1.5,1
2021-09-24,CHOCOLAT,1.0,1.5,1
2021-09-26,CHOCOLAT,1.0,1.5,1
2021-10-03,CHOCOLAT,1.0,1.5,1
2021-10-10,CHOCOLAT,1.0,1.5,1
2021-10-14,CHOCOLAT,1.0,1.5,1
2021-10-17,CHOCOLAT,1.0,1.5,1
2021-10-24,CHOCOLAT,1.0,1.5,1
2021-11-07,CHOCOLAT,1.0,1.5,1
2021-11-14,CHOCOLAT,1.0,1.5,1
2021-11-28,CHOCOLAT,1.0,1.5,1
2021-12-03,CHOCOLAT,1.0,1.5,1
2021-12-05,CHOCOLAT,1.0,1.5,1
2021-12-12,CHOCOLAT,1.0,1.5,1
2021-12-13,CHOCOLAT,1.0,1.5,1
2021-12-19,CHOCOLAT,1.0,1.5,1
2022-02-07,CHOCOLAT,2.0,1.5,2
2022-02-21,CHOCOLAT,1.0,1.5,1
2022-02-27,CHOCOLAT,1.0,1.5,1
2022-03-06,CHOCOLAT,1.0,1.5,1
2022-03-20,CHOCOLAT,1.0,1.5,1
2022-03-25,CHOCOLAT,1.0,1.5,1
2022-04-20,CHOCOLAT,1.0,1.5,1
2022-04-23,CHOCOLAT,1.0,1.5,1
2022-04-24,CHOCOLAT,1.0,1.5,1
2022-04-25,CHOCOLAT,1.0,1.5,1
2022-04-30,CHOCOLAT,1.0,1.5,1
2022-05-03,CHOCOLAT,1.0,1.5,1
2022-05-21,CHOCOLAT,2.0,1.5,1
2022-07-19,CHOCOLAT,2.0,1.5,2
2022-07-22,CHOCOLAT,1.0,1.5,1
2022-07-28,CHOCOLAT,1.0,1.5,1
2022-07-29,CHOCOLAT,1.0,1.5,1
2021-01-23,CHOU CHANTILLY,2.0,2.0,1
2021-01-24,CHOU CHANTILLY,2.0,2.0,2
2021-01-25,CHOU CHANTILLY,2.0,2.0,2
2021-01-31,CHOU CHANTILLY,3.0,2.0,2
2021-02-01,CHOU CHANTILLY,2.0,2.0,1
2021-02-05,CHOU CHANTILLY,1.0,2.0,1
2021-02-07,CHOU CHANTILLY,6.0,2.0,4
2021-02-11,CHOU CHANTILLY,1.0,2.0,1
2021-02-12,CHOU CHANTILLY,2.0,2.0,2
2021-02-13,CHOU CHANTILLY,1.0,2.0,1
2021-02-14,CHOU CHANTILLY,2.0,2.0,2
2021-02-20,CHOU CHANTILLY,1.0,2.0,1
2021-02-21,CHOU CHANTILLY,6.0,2.0,3
2021-02-27,CHOU CHANTILLY,3.0,2.0,3
2021-02-28,CHOU CHANTILLY,11.0,2.0,7
2021-03-01,CHOU CHANTILLY,2.0,2.0,1
2021-03-02,CHOU CHANTILLY,1.0,2.0,1
2021-03-05,CHOU CHANTILLY,3.0,2.0,3
2021-03-06,CHOU CHANTILLY,3.0,2.0,3
2021-03-07,CHOU CHANTILLY,8.0,2.0,6
2021-03-21,CHOU CHANTILLY,7.0,2.0,4
2021-03-29,CHOU CHANTILLY,1.0,2.0,1
2021-03-30,CHOU CHANTILLY,4.0,2.0,3
2021-04-04,CHOU CHANTILLY,2.0,2.0,2
2021-04-05,CHOU CHANTILLY,3.0,2.0,2
2021-04-10,CHOU CHANTILLY,1.0,2.0,1
2021-04-11,CHOU CHANTILLY,4.0,2.0,2
2021-04-12,CHOU CHANTILLY,2.0,2.0,1
2021-04-17,CHOU CHANTILLY,1.0,2.0,1
2021-04-18,CHOU CHANTILLY,5.0,2.0,3
2021-04-23,CHOU CHANTILLY,5.0,2.0,2
2021-04-25,CHOU CHANTILLY,3.0,2.0,3
2021-04-26,CHOU CHANTILLY,3.0,2.0,2
2021-05-01,CHOU CHANTILLY,1.0,2.0,1
2021-05-02,CHOU CHANTILLY,5.0,2.0,3
2021-05-03,CHOU CHANTILLY,2.0,2.0,2
2021-05-04,CHOU CHANTILLY,3.0,2.0,2
2021-05-07,CHOU CHANTILLY,3.0,2.0,3
2021-05-08,CHOU CHANTILLY,2.0,2.0,2
2021-05-09,CHOU CHANTILLY,9.0,2.0,8
2021-05-16,CHOU CHANTILLY,3.0,2.0,3
2021-05-21,CHOU CHANTILLY,2.0,2.0,1
2021-05-22,CHOU CHANTILLY,4.0,2.0,4
2021-05-23,CHOU CHANTILLY,3.0,2.0,2
2021-05-27,CHOU CHANTILLY,2.0,2.0,2
2021-05-28,CHOU CHANTILLY,1.0,2.0,1
2021-06-05,CHOU CHANTILLY,1.0,2.0,1
2021-06-06,CHOU CHANTILLY,3.0,2.0,2
2021-06-13,CHOU CHANTILLY,4.0,2.0,3
2021-06-19,CHOU CHANTILLY,2.0,2.0,1
2021-06-20,CHOU CHANTILLY,3.0,2.0,3
2021-06-21,CHOU CHANTILLY,5.0,2.0,3
2021-06-26,CHOU CHANTILLY,1.0,2.0,1
2021-06-27,CHOU CHANTILLY,4.0,2.0,4
2021-06-30,CHOU CHANTILLY,1.0,2.0,1
2021-07-03,CHOU CHANTILLY,2.0,2.0,1
2021-07-04,CHOU CHANTILLY,2.0,2.0,2
2021-07-09,CHOU CHANTILLY,2.0,2.0,1
2021-07-11,CHOU CHANTILLY,4.0,2.0,3
2021-07-25,CHOU CHANTILLY,4.0,2.0,1
2021-10-03,CHOU CHANTILLY,2.0,2.0,1
2021-10-10,CHOU CHANTILLY,1.0,2.0,1
2021-10-12,CHOU CHANTILLY,1.0,2.0,1
2021-10-17,CHOU CHANTILLY,2.0,2.0,1
2021-10-19,CHOU CHANTILLY,3.0,2.0,2
2021-10-24,CHOU CHANTILLY,4.0,2.0,3
2021-10-31,CHOU CHANTILLY,5.0,2.0,4
2021-11-01,CHOU CHANTILLY,5.0,2.0,4
2021-11-02,CHOU CHANTILLY,1.0,2.0,1
2021-11-03,CHOU CHANTILLY,1.0,2.0,1
2021-11-04,CHOU CHANTILLY,2.0,2.0,1
2021-11-06,CHOU CHANTILLY,1.0,2.0,1
2021-11-07,CHOU CHANTILLY,1.0,2.0,1
2021-11-14,CHOU CHANTILLY,1.0,2.0,1
2021-11-15,CHOU CHANTILLY,1.0,2.0,1
2021-11-20,CHOU CHANTILLY,1.0,2.0,1
2021-11-21,CHOU CHANTILLY,1.0,2.0,1
2021-11-22,CHOU CHANTILLY,1.0,2.0,1
2021-12-12,CHOU CHANTILLY,4.0,2.0,3
2021-12-27,CHOU CHANTILLY,1.0,2.0,1
2021-12-28,CHOU CHANTILLY,2.0,2.0,2
2021-12-31,CHOU CHANTILLY,2.0,2.0,1
2022-01-31,CHOU CHANTILLY,1.0,2.0,1
2022-02-07,CHOU CHANTILLY,1.0,2.1,1
2022-02-27,CHOU CHANTILLY,1.0,2.1,1
2022-03-06,CHOU CHANTILLY,2.0,2.1,2
2022-03-07,CHOU CHANTILLY,1.0,2.1,1
2022-03-19,CHOU CHANTILLY,3.0,2.1,3
2022-03-20,CHOU CHANTILLY,2.0,2.1,1
2022-03-27,CHOU CHANTILLY,1.0,2.1,1
2022-04-17,CHOU CHANTILLY,4.0,2.1,2
2022-04-18,CHOU CHANTILLY,2.0,2.1,2
2022-04-22,CHOU CHANTILLY,1.0,2.1,1
2022-04-23,CHOU CHANTILLY,1.0,2.1,1
2022-04-24,CHOU CHANTILLY,2.0,2.1,1
2022-05-27,CHOU CHANTILLY,1.0,2.1,1
2022-05-28,CHOU CHANTILLY,1.0,2.1,1
2022-05-29,CHOU CHANTILLY,6.0,2.1,5
2022-06-15,CHOU CHANTILLY,1.0,2.1,1
2022-06-16,CHOU CHANTILLY,2.0,2.1,1
2022-06-27,CHOU CHANTILLY,1.0,2.1,1
2022-07-03,CHOU CHANTILLY,2.0,2.2,1
2022-07-14,CHOU CHANTILLY,1.0,2.2,1
2022-07-17,CHOU CHANTILLY,2.0,2.2,2
2022-07-18,CHOU CHANTILLY,3.0,2.2,2
2022-09-04,CHOU CHANTILLY,3.0,2.2,1
2022-09-11,CHOU CHANTILLY,2.0,2.2,2
2021-01-02,COMPLET,10.0,1.5,9
2021-01-03,COMPLET,6.0,1.5,6
2021-01-04,COMPLET,4.0,1.5,4
2021-01-05,COMPLET,2.0,1.5,2
2021-01-07,COMPLET,4.0,1.5,2
2021-01-08,COMPLET,5.0,1.5,3
2021-01-09,COMPLET,4.0,1.5,3
2021-01-10,COMPLET,3.0,1.5,3
2021-01-11,COMPLET,1.0,1.5,1
2021-01-12,COMPLET,3.0,1.5,3
2021-01-14,COMPLET,3.0,1.5,3
2021-01-15,COMPLET,4.0,1.5,2
2021-01-16,COMPLET,3.0,1.5,3
2021-01-17,COMPLET,4.0,1.5,3
2021-01-18,COMPLET,5.0,1.5,4
2021-01-19,COMPLET,3.0,1.5,3
2021-01-21,COMPLET,2.0,1.5,2
2021-01-22,COMPLET,3.0,1.5,2
2021-01-23,COMPLET,5.0,1.5,5
2021-01-24,COMPLET,5.0,1.5,3
2021-01-25,COMPLET,3.0,1.5,3
2021-01-26,COMPLET,5.0,1.5,3
2021-01-28,COMPLET,5.0,1.5,3
2021-01-29,COMPLET,2.0,1.5,2
2021-01-30,COMPLET,4.0,1.5,3
2021-01-31,COMPLET,5.0,1.5,4
2021-02-01,COMPLET,2.0,1.5,2
2021-02-02,COMPLET,1.0,1.5,1
2021-02-04,COMPLET,7.0,1.5,6
2021-02-06,COMPLET,5.0,1.5,4
2021-02-07,COMPLET,4.0,1.5,3
2021-02-08,COMPLET,1.0,1.5,1
2021-02-09,COMPLET,4.0,1.5,4
2021-02-11,COMPLET,4.0,1.5,3
2021-02-12,COMPLET,4.0,1.5,4
2021-02-13,COMPLET,4.0,1.5,4
2021-02-14,COMPLET,5.0,1.5,4
2021-02-15,COMPLET,2.0,1.5,1
2021-02-16,COMPLET,4.0,1.5,3
2021-02-18,COMPLET,3.0,1.5,3
2021-02-19,COMPLET,4.0,1.5,2
2021-02-20,COMPLET,5.0,1.5,5
2021-02-21,COMPLET,10.0,1.5,9
2021-02-22,COMPLET,10.0,1.5,10
2021-02-23,COMPLET,11.0,1.5,10
2021-02-25,COMPLET,10.0,1.5,7
2021-02-26,COMPLET,7.0,1.5,5
2021-02-27,COMPLET,10.0,1.5,10
2021-02-28,COMPLET,10.0,1.5,10
2021-03-01,COMPLET,8.0,1.5,8
2021-03-02,COMPLET,10.0,1.5,10
2021-03-04,COMPLET,9.0,1.5,9
2021-03-05,COMPLET,8.0,1.5,8
2021-03-06,COMPLET,6.0,1.5,6
2021-03-07,COMPLET,8.0,1.5,8
2021-03-08,COMPLET,5.0,1.5,5
2021-03-09,COMPLET,5.0,1.5,5
2021-03-11,COMPLET,5.0,1.5,5
2021-03-12,COMPLET,5.0,1.5,5
2021-03-13,COMPLET,5.0,1.5,5
2021-03-14,COMPLET,7.0,1.5,7
2021-03-15,COMPLET,3.0,1.5,2
2021-03-16,COMPLET,5.0,1.5,5
2021-03-18,COMPLET,5.0,1.5,4
2021-03-19,COMPLET,6.0,1.5,6
2021-03-20,COMPLET,6.0,1.5,6
2021-03-21,COMPLET,7.0,1.5,6
2021-03-22,COMPLET,7.0,1.5,7
2021-03-23,COMPLET,8.0,1.5,6
2021-03-25,COMPLET,5.0,1.5,5
2021-03-26,COMPLET,6.0,1.5,6
2021-03-27,COMPLET,6.0,1.5,5
2021-03-28,COMPLET,6.0,1.5,6
2021-03-29,COMPLET,8.0,1.5,6
2021-03-30,COMPLET,6.0,1.5,6
2021-04-01,COMPLET,4.0,1.5,2
2021-04-02,COMPLET,7.0,1.5,5
2021-04-03,COMPLET,9.0,1.5,8
2021-04-04,COMPLET,11.0,1.5,10
2021-04-05,COMPLET,8.0,1.5,8
2021-04-06,COMPLET,6.0,1.5,6
2021-04-08,COMPLET,8.0,1.5,5
2021-04-09,COMPLET,8.0,1.5,7
2021-04-10,COMPLET,8.0,1.5,7
2021-04-11,COMPLET,6.0,1.5,6
2021-04-12,COMPLET,7.0,1.5,7
2021-04-13,COMPLET,6.0,1.5,6
2021-04-14,COMPLET,3.0,1.5,3
2021-04-15,COMPLET,6.0,1.5,6
2021-04-16,COMPLET,5.0,1.5,4
2021-04-17,COMPLET,6.0,1.5,6
2021-04-18,COMPLET,8.0,1.5,8
2021-04-19,COMPLET,5.0,1.5,5
2021-04-20,COMPLET,4.0,1.5,4
2021-04-21,COMPLET,3.0,1.5,3
2021-04-22,COMPLET,10.0,1.5,7
2021-04-23,COMPLET,5.0,1.5,4
2021-04-24,COMPLET,7.0,1.5,7
2021-04-25,COMPLET,10.0,1.5,9
2021-04-26,COMPLET,6.0,1.5,6
2021-04-27,COMPLET,8.0,1.5,6
2021-04-28,COMPLET,2.0,1.5,2
2021-04-29,COMPLET,8.0,1.5,7
2021-04-30,COMPLET,7.0,1.5,4
2021-05-01,COMPLET,5.0,1.5,5
2021-05-02,COMPLET,8.0,1.5,8
2021-05-03,COMPLET,5.0,1.5,3
2021-05-04,COMPLET,8.0,1.5,8
2021-05-05,COMPLET,6.0,1.5,5
2021-05-06,COMPLET,6.0,1.5,5
2021-05-07,COMPLET,13.0,1.5,12
2021-05-08,COMPLET,5.0,1.5,5
2021-05-09,COMPLET,10.0,1.5,9
2021-05-10,COMPLET,6.0,1.5,6
2021-05-11,COMPLET,4.0,1.5,3
2021-05-12,COMPLET,6.0,1.5,4
2021-05-13,COMPLET,16.0,1.5,14
2021-05-14,COMPLET,14.0,1.5,13
2021-05-15,COMPLET,13.0,1.5,12
2021-05-16,COMPLET,5.0,1.5,5
2021-05-21,COMPLET,3.0,1.5,3
2021-05-22,COMPLET,10.0,1.5,9
2021-05-23,COMPLET,2.0,1.5,2
2021-05-24,COMPLET,10.0,1.5,8
2021-05-25,COMPLET,6.0,1.5,6
2021-05-26,COMPLET,3.0,1.5,2
2021-05-27,COMPLET,3.0,1.5,3
2021-05-28,COMPLET,2.0,1.5,2
2021-05-29,COMPLET,8.0,1.5,6
2021-05-30,COMPLET,6.0,1.5,6
2021-05-31,COMPLET,6.0,1.5,6
2021-06-01,COMPLET,4.0,1.5,3
2021-06-02,COMPLET,4.0,1.5,4
2021-06-03,COMPLET,6.0,1.5,5
2021-06-04,COMPLET,7.0,1.5,6
2021-06-05,COMPLET,8.0,1.5,7
2021-06-06,COMPLET,6.0,1.5,6
2021-06-07,COMPLET,7.0,1.5,6
2021-06-08,COMPLET,4.0,1.5,3
2021-06-09,COMPLET,6.0,1.5,5
2021-06-10,COMPLET,6.0,1.5,6
2021-06-11,COMPLET,5.0,1.5,4
2021-06-12,COMPLET,7.0,1.5,6
2021-06-13,COMPLET,10.0,1.5,9
2021-06-14,COMPLET,6.0,1.5,6
2021-06-15,COMPLET,8.0,1.5,2
2021-06-16,COMPLET,4.0,1.5,3
2021-06-17,COMPLET,3.0,1.5,3
2021-06-18,COMPLET,7.0,1.5,7
2021-06-19,COMPLET,5.0,1.5,5
2021-06-20,COMPLET,8.0,1.5,8
2021-06-21,COMPLET,9.0,1.5,6
2021-06-22,COMPLET,8.0,1.5,8
2021-06-23,COMPLET,7.0,1.5,6
2021-06-24,COMPLET,8.0,1.5,6
2021-06-25,COMPLET,8.0,1.5,8
2021-06-26,COMPLET,7.0,1.5,5
2021-06-27,COMPLET,8.0,1.5,8
2021-06-28,COMPLET,8.0,1.5,5
2021-06-29,COMPLET,6.0,1.5,6
2021-06-30,COMPLET,8.0,1.5,8
2021-07-01,COMPLET,4.0,1.5,4
2021-07-02,COMPLET,4.0,1.5,4
2021-07-03,COMPLET,10.0,1.5,9
2021-07-04,COMPLET,10.0,1.5,7
2021-07-05,COMPLET,8.0,1.5,5
2021-07-06,COMPLET,6.0,1.5,6
2021-07-07,COMPLET,7.0,1.5,7
2021-07-08,COMPLET,7.0,1.5,7
2021-07-09,COMPLET,8.0,1.5,6
2021-07-10,COMPLET,9.0,1.5,9
2021-07-11,COMPLET,10.0,1.5,9
2021-07-12,COMPLET,8.0,1.5,8
2021-07-13,COMPLET,8.0,1.5,8
2021-07-14,COMPLET,8.0,1.5,8
2021-07-15,COMPLET,6.0,1.5,6
2021-07-16,COMPLET,8.0,1.5,8
2021-07-17,COMPLET,7.0,1.5,7
2021-07-18,COMPLET,8.0,1.5,8
2021-07-19,COMPLET,9.0,1.5,8
2021-07-20,COMPLET,8.0,1.5,8
2021-07-21,COMPLET,8.0,1.5,8
2021-07-22,COMPLET,8.0,1.5,4
2021-07-23,COMPLET,7.0,1.5,7
2021-07-24,COMPLET,9.0,1.5,6
2021-07-25,COMPLET,4.0,1.5,4
2021-07-26,COMPLET,8.0,1.5,7
2021-07-27,COMPLET,8.0,1.5,7
2021-07-28,COMPLET,8.0,1.5,6
2021-07-29,COMPLET,6.0,1.5,5
2021-07-30,COMPLET,6.0,1.5,6
2021-07-31,COMPLET,9.0,1.5,9
2021-08-01,COMPLET,7.0,1.5,7
2021-08-02,COMPLET,7.0,1.5,5
2021-08-03,COMPLET,8.0,1.5,7
2021-08-04,COMPLET,8.0,1.5,8
2021-08-05,COMPLET,8.0,1.5,8
2021-08-06,COMPLET,8.0,1.5,7
2021-08-07,COMPLET,8.0,1.5,7
2021-08-08,COMPLET,8.0,1.5,8
2021-08-09,COMPLET,7.0,1.5,7
2021-08-10,COMPLET,8.0,1.5,8
2021-08-11,COMPLET,9.0,1.5,8
2021-08-12,COMPLET,6.0,1.5,4
2021-08-13,COMPLET,8.0,1.5,8
2021-08-14,COMPLET,10.0,1.5,8
2021-08-15,COMPLET,10.0,1.5,10
2021-08-16,COMPLET,8.0,1.5,6
2021-08-17,COMPLET,9.0,1.5,8
2021-08-18,COMPLET,10.0,1.5,8
2021-08-19,COMPLET,10.0,1.5,8
2021-08-20,COMPLET,7.0,1.5,7
2021-08-21,COMPLET,10.0,1.5,10
2021-08-22,COMPLET,10.0,1.5,10
2021-08-23,COMPLET,8.0,1.5,8
2021-08-24,COMPLET,10.0,1.5,9
2021-08-25,COMPLET,7.0,1.5,6
2021-08-26,COMPLET,8.0,1.5,8
2021-08-27,COMPLET,8.0,1.5,7
2021-08-28,COMPLET,10.0,1.5,10
2021-08-29,COMPLET,10.0,1.5,10
2021-08-30,COMPLET,10.0,1.5,10
2021-08-31,COMPLET,9.0,1.5,7
2021-09-01,COMPLET,6.0,1.5,4
2021-09-02,COMPLET,5.0,1.5,4
2021-09-03,COMPLET,9.0,1.5,5
2021-09-04,COMPLET,8.0,1.5,8
2021-09-05,COMPLET,8.0,1.5,8
2021-09-06,COMPLET,5.0,1.5,4
2021-09-07,COMPLET,7.0,1.5,7
2021-09-08,COMPLET,5.0,1.5,5
2021-09-09,COMPLET,6.0,1.5,3
2021-09-10,COMPLET,6.0,1.5,5
2021-09-11,COMPLET,6.0,1.5,5
2021-09-12,COMPLET,6.0,1.5,6
2021-09-13,COMPLET,6.0,1.5,6
2021-09-14,COMPLET,5.0,1.5,5
2021-09-15,COMPLET,5.0,1.5,5
2021-09-16,COMPLET,1.0,1.5,1
2021-09-17,COMPLET,2.0,1.5,1
2021-09-18,COMPLET,6.0,1.5,4
2021-09-19,COMPLET,6.0,1.5,6
2021-09-20,COMPLET,6.0,1.5,6
2021-09-21,COMPLET,6.0,1.5,6
2021-09-23,COMPLET,4.0,1.5,4
2021-09-24,COMPLET,1.0,1.5,1
2021-09-25,COMPLET,8.0,1.5,7
2021-09-26,COMPLET,4.0,1.5,4
2021-09-27,COMPLET,4.0,1.5,4
2021-09-28,COMPLET,2.0,1.5,2
2021-09-29,COMPLET,1.0,1.5,1
2021-09-30,COMPLET,1.0,1.5,1
2021-10-01,COMPLET,6.0,1.5,5
2021-10-02,COMPLET,4.0,1.5,4
2021-10-03,COMPLET,4.0,1.5,4
2021-10-04,COMPLET,4.0,1.5,4
2021-10-05,COMPLET,3.0,1.5,3
2021-10-06,COMPLET,5.0,1.5,3
2021-10-07,COMPLET,5.0,1.5,4
2021-10-08,COMPLET,6.0,1.5,6
2021-10-09,COMPLET,7.0,1.5,6
2021-10-10,COMPLET,6.0,1.5,5
2021-10-11,COMPLET,6.0,1.5,6
2021-10-12,COMPLET,5.0,1.5,3
2021-10-13,COMPLET,2.0,1.5,2
2021-10-14,COMPLET,4.0,1.5,4
2021-10-15,COMPLET,7.0,1.5,5
2021-10-16,COMPLET,8.0,1.5,7
2021-10-17,COMPLET,6.0,1.5,6
2021-10-18,COMPLET,6.0,1.5,2
2021-10-19,COMPLET,4.0,1.5,4
2021-10-20,COMPLET,3.0,1.5,3
2021-10-21,COMPLET,5.0,1.5,5
2021-10-22,COMPLET,6.0,1.5,5
2021-10-23,COMPLET,6.0,1.5,6
2021-10-24,COMPLET,6.0,1.5,6
2021-10-25,COMPLET,6.0,1.5,6
2021-10-26,COMPLET,6.0,1.5,5
2021-10-27,COMPLET,5.0,1.5,4
2021-10-28,COMPLET,8.0,1.5,7
2021-10-29,COMPLET,6.0,1.5,6
2021-10-30,COMPLET,6.0,1.5,5
2021-10-31,COMPLET,6.0,1.5,6
2021-11-01,COMPLET,7.0,1.5,7
2021-11-02,COMPLET,2.0,1.5,2
2021-11-03,COMPLET,8.0,1.5,7
2021-11-04,COMPLET,3.0,1.5,3
2021-11-05,COMPLET,4.0,1.5,4
2021-11-06,COMPLET,8.0,1.5,8
2021-11-07,COMPLET,5.0,1.5,5
2021-11-08,COMPLET,2.0,1.5,2
2021-11-09,COMPLET,4.0,1.5,3
2021-11-10,COMPLET,4.0,1.5,3
2021-11-11,COMPLET,6.0,1.5,5
2021-11-12,COMPLET,3.0,1.5,3
2021-11-13,COMPLET,6.0,1.5,5
2021-11-14,COMPLET,6.0,1.5,4
2021-11-15,COMPLET,3.0,1.5,3
2021-11-16,COMPLET,3.0,1.5,3
2021-11-18,COMPLET,4.0,1.5,2
2021-11-19,COMPLET,4.0,1.5,1
2021-11-20,COMPLET,3.0,1.5,3
2021-11-21,COMPLET,2.0,1.5,2
2021-11-23,COMPLET,4.0,1.5,4
2021-11-25,COMPLET,4.0,1.5,3
2021-11-26,COMPLET,4.0,1.5,4
2021-11-27,COMPLET,4.0,1.5,4
2021-11-28,COMPLET,3.0,1.5,2
2021-11-29,COMPLET,2.0,1.5,2
2021-11-30,COMPLET,4.0,1.5,4
2021-12-02,COMPLET,1.0,1.5,1
2021-12-03,COMPLET,5.0,1.5,2
2021-12-04,COMPLET,5.0,1.5,4
2021-12-05,COMPLET,6.0,1.5,5
2021-12-09,COMPLET,2.0,1.5,2
2021-12-10,COMPLET,4.0,1.5,4
2021-12-11,COMPLET,2.0,1.5,2
2021-12-12,COMPLET,5.0,1.5,5
2021-12-13,COMPLET,5.0,1.5,5
2021-12-14,COMPLET,1.0,1.5,1
2021-12-16,COMPLET,3.0,1.5,3
2021-12-17,COMPLET,5.0,1.5,4
2021-12-18,COMPLET,7.0,1.5,5
2021-12-19,COMPLET,4.0,1.5,3
2021-12-20,COMPLET,2.0,1.5,2
2021-12-21,COMPLET,5.0,1.5,5
2021-12-22,COMPLET,3.0,1.5,2
2021-12-23,COMPLET,6.0,1.5,5
2021-12-24,COMPLET,10.0,1.5,8
2021-12-25,COMPLET,7.0,1.5,4
2021-12-27,COMPLET,5.0,1.5,5
2021-12-28,COMPLET,5.0,1.5,5
2021-12-29,COMPLET,3.0,1.5,3
2021-12-30,COMPLET,4.0,1.5,3
2021-12-31,COMPLET,7.0,1.5,7
2022-01-02,COMPLET,6.0,1.5,4
2022-01-03,COMPLET,7.0,1.5,6
2022-01-04,COMPLET,1.0,1.5,1
2022-01-06,COMPLET,5.0,1.5,5
2022-01-07,COMPLET,3.0,1.5,3
2022-01-08,COMPLET,4.0,1.5,3
2022-01-09,COMPLET,5.0,1.5,5
2022-01-10,COMPLET,5.0,1.5,4
2022-01-11,COMPLET,5.0,1.5,3
2022-01-13,COMPLET,3.0,1.5,2
2022-01-14,COMPLET,5.0,1.5,3
2022-01-15,COMPLET,1.0,1.5,1
2022-01-16,COMPLET,5.0,1.5,5
2022-01-17,COMPLET,4.0,1.5,3
2022-01-18,COMPLET,4.0,1.5,3
2022-01-20,COMPLET,2.0,1.5,2
2022-01-21,COMPLET,3.0,1.5,3
2022-01-22,COMPLET,5.0,1.5,5
2022-01-23,COMPLET,5.0,1.5,5
2022-01-24,COMPLET,3.0,1.5,3
2022-01-25,COMPLET,5.0,1.5,2
2022-01-27,COMPLET,6.0,1.5,4
2022-01-28,COMPLET,3.0,1.5,2
2022-01-29,COMPLET,3.0,1.5,3
2022-01-30,COMPLET,3.0,1.5,3
2022-01-31,COMPLET,3.0,1.5,2
2022-02-03,COMPLET,3.0,1.5,2
2022-02-04,COMPLET,2.0,1.5,2
2022-02-05,COMPLET,3.0,1.5,3
2022-02-06,COMPLET,6.0,1.5,5
2022-02-07,COMPLET,5.0,1.8,4
2022-02-08,COMPLET,5.0,1.8,4
2022-02-10,COMPLET,6.0,1.8,5
2022-02-11,COMPLET,2.0,1.8,2
2022-02-12,COMPLET,3.0,1.8,3
2022-02-13,COMPLET,7.0,1.8,7
2022-02-14,COMPLET,6.0,1.8,5
2022-02-15,COMPLET,6.0,1.8,6
2022-02-17,COMPLET,6.0,1.8,6
2022-02-18,COMPLET,3.0,1.8,3
2022-02-19,COMPLET,6.0,1.8,6
2022-02-20,COMPLET,7.0,1.8,7
2022-02-21,COMPLET,9.0,1.8,5
2022-02-22,COMPLET,5.0,1.8,5
2022-02-24,COMPLET,6.0,1.8,5
2022-02-25,COMPLET,6.0,1.8,6
2022-02-26,COMPLET,7.0,1.8,6
2022-02-27,COMPLET,8.0,1.8,6
2022-02-28,COMPLET,3.0,1.8,3
2022-03-01,COMPLET,6.0,1.8,6
2022-03-02,COMPLET,6.0,1.8,6
2022-03-03,COMPLET,6.0,1.8,6
2022-03-04,COMPLET,7.0,1.8,6
2022-03-05,COMPLET,6.0,1.8,4
2022-03-06,COMPLET,6.0,1.8,6
2022-03-08,COMPLET,4.0,1.8,3
2022-03-09,COMPLET,7.0,1.8,4
2022-03-10,COMPLET,3.0,1.8,3
2022-03-11,COMPLET,3.0,1.8,2
2022-03-12,COMPLET,5.0,1.8,4
2022-03-13,COMPLET,5.0,1.8,5
2022-03-14,COMPLET,7.0,1.8,7
2022-03-15,COMPLET,4.0,1.8,3
2022-03-18,COMPLET,2.0,1.8,2
2022-03-19,COMPLET,4.0,1.8,4
2022-03-20,COMPLET,4.0,1.8,4
2022-03-21,COMPLET,6.0,1.8,5
2022-03-22,COMPLET,4.0,1.8,4
2022-03-23,COMPLET,5.0,1.8,2
2022-03-24,COMPLET,2.0,1.8,2
2022-03-25,COMPLET,5.0,1.8,5
2022-03-26,COMPLET,6.0,1.8,5
2022-03-27,COMPLET,6.0,1.8,6
2022-03-28,COMPLET,3.0,1.8,3
2022-03-29,COMPLET,6.0,1.8,5
2022-03-30,COMPLET,3.0,1.8,3
2022-03-31,COMPLET,6.0,1.8,5
2022-04-01,COMPLET,4.0,1.8,3
2022-04-02,COMPLET,6.0,1.8,5
2022-04-03,COMPLET,6.0,1.8,6
2022-04-04,COMPLET,4.0,1.8,4
2022-04-05,COMPLET,4.0,1.8,4
2022-04-06,COMPLET,6.0,1.8,4
2022-04-07,COMPLET,4.0,1.8,2
2022-04-08,COMPLET,4.0,1.8,3
2022-04-09,COMPLET,5.0,1.8,5
2022-04-10,COMPLET,2.0,1.8,2
2022-04-11,COMPLET,6.0,1.8,2
2022-04-12,COMPLET,6.0,1.8,6
2022-04-13,COMPLET,4.0,1.8,4
2022-04-14,COMPLET,9.0,1.8,9
2022-04-15,COMPLET,7.0,1.8,7
2022-04-16,COMPLET,10.0,1.8,10
2022-04-17,COMPLET,5.0,1.8,5
2022-04-18,COMPLET,7.0,1.8,7
2022-04-19,COMPLET,6.0,1.8,6
2022-04-20,COMPLET,7.0,1.8,6
2022-04-21,COMPLET,8.0,1.8,7
2022-04-22,COMPLET,7.0,1.8,4
2022-04-23,COMPLET,5.0,1.8,4
2022-04-24,COMPLET,9.0,1.8,9
2022-04-25,COMPLET,6.0,1.8,5
2022-04-26,COMPLET,8.0,1.8,6
2022-04-27,COMPLET,4.0,1.8,3
2022-04-28,COMPLET,7.0,1.8,6
2022-04-29,COMPLET,10.0,1.8,5
2022-04-30,COMPLET,8.0,1.8,8
2022-05-01,COMPLET,7.0,1.8,6
2022-05-02,COMPLET,4.0,1.8,4
2022-05-03,COMPLET,5.0,1.8,5
2022-05-05,COMPLET,4.0,1.8,4
2022-05-06,COMPLET,10.0,1.8,3
2022-05-07,COMPLET,5.0,1.8,4
2022-05-08,COMPLET,7.0,1.8,7
2022-05-09,COMPLET,6.0,1.8,5
2022-05-10,COMPLET,3.0,1.8,3
2022-05-11,COMPLET,6.0,1.8,6
2022-05-12,COMPLET,8.0,1.8,4
2022-05-13,COMPLET,4.0,1.8,4
2022-05-14,COMPLET,5.0,1.8,5
2022-05-15,COMPLET,6.0,1.8,6
2022-05-16,COMPLET,6.0,1.8,5
2022-05-17,COMPLET,6.0,1.8,5
2022-05-18,COMPLET,6.0,1.8,5
2022-05-19,COMPLET,6.0,1.8,5
2022-05-20,COMPLET,6.0,1.8,4
2022-05-21,COMPLET,6.0,1.8,6
2022-05-22,COMPLET,5.0,1.8,4
2022-05-23,COMPLET,3.0,1.8,3
2022-05-24,COMPLET,6.0,1.8,6
2022-05-25,COMPLET,6.0,1.8,3
2022-05-26,COMPLET,11.0,1.8,10
2022-05-27,COMPLET,6.0,1.8,6
2022-05-28,COMPLET,10.0,1.8,9
2022-05-29,COMPLET,8.0,1.8,8
2022-05-30,COMPLET,6.0,1.8,1
2022-05-31,COMPLET,6.0,1.8,6
2022-06-01,COMPLET,6.0,1.8,6
2022-06-02,COMPLET,2.0,1.8,2
2022-06-03,COMPLET,6.0,1.8,2
2022-06-04,COMPLET,8.0,1.8,7
2022-06-05,COMPLET,7.0,1.8,7
2022-06-06,COMPLET,8.0,1.8,6
2022-06-07,COMPLET,3.0,1.8,3
2022-06-08,COMPLET,5.0,1.8,4
2022-06-09,COMPLET,5.0,1.8,4
2022-06-10,COMPLET,4.0,1.8,3
2022-06-11,COMPLET,5.0,1.8,5
2022-06-12,COMPLET,6.0,1.8,6
2022-06-13,COMPLET,6.0,1.8,6
2022-06-14,COMPLET,4.0,1.8,4
2022-06-15,COMPLET,6.0,1.8,6
2022-06-16,COMPLET,6.0,1.8,5
2022-06-17,COMPLET,6.0,1.8,4
2022-06-18,COMPLET,6.0,1.8,5
2022-06-19,COMPLET,6.0,1.8,5
2022-06-20,COMPLET,1.0,1.8,1
2022-06-21,COMPLET,6.0,1.8,6
2022-06-22,COMPLET,2.0,1.8,2
2022-06-23,COMPLET,6.0,1.8,6
2022-06-24,COMPLET,6.0,1.8,4
2022-06-25,COMPLET,6.0,1.8,3
2022-06-26,COMPLET,6.0,1.8,6
2022-06-27,COMPLET,6.0,1.8,6
2022-06-28,COMPLET,6.0,1.8,6
2022-06-29,COMPLET,5.0,1.9,5
2022-06-30,COMPLET,5.0,1.9,5
2022-07-01,COMPLET,6.0,1.9,6
2022-07-02,COMPLET,6.0,1.9,6
2022-07-03,COMPLET,7.0,1.9,6
2022-07-04,COMPLET,6.0,1.9,5
2022-07-05,COMPLET,6.0,1.9,6
2022-07-06,COMPLET,7.0,1.9,6
2022-07-07,COMPLET,6.0,1.9,6
2022-07-08,COMPLET,9.0,1.9,4
2022-07-09,COMPLET,6.0,1.9,6
2022-07-10,COMPLET,7.0,1.9,7
2022-07-11,COMPLET,6.0,1.9,3
2022-07-12,COMPLET,5.0,1.9,4
2022-07-13,COMPLET,9.0,1.9,9
2022-07-14,COMPLET,9.0,1.9,9
2022-07-15,COMPLET,7.0,1.9,7
2022-07-16,COMPLET,14.0,1.9,11
2022-07-17,COMPLET,15.0,1.9,14
2022-07-18,COMPLET,10.0,1.9,9
2022-07-19,COMPLET,5.0,1.9,5
2022-07-20,COMPLET,8.0,1.9,7
2022-07-21,COMPLET,10.0,1.9,10
2022-07-22,COMPLET,9.0,1.9,7
2022-07-23,COMPLET,11.0,1.9,10
2022-07-24,COMPLET,10.0,1.9,10
2022-07-25,COMPLET,8.0,1.9,8
2022-07-26,COMPLET,10.0,1.9,10
2022-07-27,COMPLET,10.0,1.9,9
2022-07-28,COMPLET,8.0,1.9,8
2022-07-29,COMPLET,9.0,1.9,9
2022-07-30,COMPLET,10.0,1.9,10
2022-07-31,COMPLET,9.0,1.9,9
2022-08-01,COMPLET,13.0,1.9,6
2022-08-02,COMPLET,9.0,1.9,7
2022-08-03,COMPLET,10.0,1.9,9
2022-08-04,COMPLET,9.0,1.9,8
2022-08-05,COMPLET,1.0,1.9,1
2022-08-06,COMPLET,10.0,1.9,9
2022-08-07,COMPLET,10.0,1.9,7
2022-08-08,COMPLET,10.0,1.9,9
2022-08-09,COMPLET,10.0,1.9,9
2022-08-10,COMPLET,11.0,1.9,9
2022-08-11,COMPLET,10.0,1.9,10
2022-08-12,COMPLET,8.0,1.9,8
2022-08-13,COMPLET,10.0,1.9,9
2022-08-14,COMPLET,10.0,1.9,10
2022-08-15,COMPLET,10.0,1.9,9
2022-08-16,COMPLET,10.0,1.9,10
2022-08-17,COMPLET,6.0,1.9,6
2022-08-18,COMPLET,9.0,1.9,9
2022-08-19,COMPLET,10.0,1.9,9
2022-08-20,COMPLET,10.0,1.9,8
2022-08-21,COMPLET,9.0,1.9,9
2022-08-22,COMPLET,10.0,1.9,10
2022-08-23,COMPLET,7.0,1.9,6
2022-08-24,COMPLET,11.0,1.9,8
2022-08-25,COMPLET,3.0,1.9,3
2022-08-26,COMPLET,4.0,1.9,3
2022-08-27,COMPLET,6.0,1.9,6
2022-08-28,COMPLET,10.0,1.9,9
2022-08-29,COMPLET,6.0,1.9,6
2022-08-30,COMPLET,6.0,1.9,6
2022-08-31,COMPLET,5.0,1.9,5
2022-09-02,COMPLET,7.0,1.9,2
2022-09-03,COMPLET,8.0,1.9,7
2022-09-04,COMPLET,8.0,1.9,8
2022-09-05,COMPLET,5.0,1.9,5
2022-09-06,COMPLET,3.0,1.9,3
2022-09-07,COMPLET,4.0,1.9,4
2022-09-08,COMPLET,5.0,1.9,5
2022-09-09,COMPLET,3.0,1.9,3
2022-09-10,COMPLET,6.0,1.9,6
2022-09-11,COMPLET,6.0,1.9,6
2022-09-12,COMPLET,3.0,1.9,2
2022-09-13,COMPLET,6.0,1.9,5
2022-09-14,COMPLET,3.0,1.9,3
2022-09-15,COMPLET,6.0,1.9,6
2022-09-16,COMPLET,5.0,1.9,5
2022-09-17,COMPLET,6.0,1.9,6
2022-09-18,COMPLET,5.0,1.9,5
2022-09-20,COMPLET,4.0,1.9,3
2022-09-21,COMPLET,4.0,1.9,4
2022-09-22,COMPLET,4.0,1.9,4
2022-09-23,COMPLET,4.0,1.9,1
2022-09-24,COMPLET,4.0,1.9,4
2022-09-25,COMPLET,4.0,1.9,4
2022-09-26,COMPLET,4.0,1.9,3
2022-09-27,COMPLET,4.0,1.9,4
2022-09-28,COMPLET,3.0,1.9,3
2022-09-29,COMPLET,4.0,1.9,3
2022-09-30,COMPLET,5.0,1.9,5
2021-01-02,COOKIE,8.0,1.0,4
2021-01-03,COOKIE,2.0,1.0,2
2021-01-04,COOKIE,2.0,1.0,1
2021-01-05,COOKIE,6.0,1.0,2
2021-01-07,COOKIE,3.0,1.0,2
2021-01-08,COOKIE,5.0,1.0,3
2021-01-09,COOKIE,2.0,1.0,2
2021-01-10,COOKIE,4.0,1.0,1
2021-01-11,COOKIE,7.0,1.0,2
2021-01-12,COOKIE,6.0,1.0,2
2021-01-14,COOKIE,3.0,1.0,3
2021-01-15,COOKIE,2.0,1.0,1
2021-01-16,COOKIE,7.0,1.0,5
2021-01-17,COOKIE,10.0,1.0,2
2021-01-18,COOKIE,6.0,1.0,4
2021-01-19,COOKIE,8.0,1.0,3
2021-01-21,COOKIE,3.0,1.0,2
2021-01-22,COOKIE,4.0,1.0,3
2021-01-23,COOKIE,3.0,1.0,3
2021-01-24,COOKIE,7.0,1.0,3
2021-01-26,COOKIE,16.0,1.0,6
2021-01-28,COOKIE,6.0,1.0,5
2021-01-29,COOKIE,3.0,1.0,2
2021-01-30,COOKIE,1.0,1.0,1
2021-01-31,COOKIE,4.0,1.0,1
2021-02-01,COOKIE,5.0,1.0,4
2021-02-02,COOKIE,4.0,1.0,2
2021-02-04,COOKIE,1.0,1.0,1
2021-02-05,COOKIE,6.0,1.0,4
2021-02-06,COOKIE,1.0,1.0,1
2021-02-07,COOKIE,1.0,1.0,1
2021-02-08,COOKIE,3.0,1.0,3
2021-02-09,COOKIE,2.0,1.0,2
2021-02-11,COOKIE,1.0,1.0,1
2021-02-12,COOKIE,1.0,1.0,1
2021-02-13,COOKIE,1.0,1.0,1
2021-02-14,COOKIE,10.0,1.0,7
2021-02-15,COOKIE,4.0,1.0,4
2021-02-18,COOKIE,4.0,1.0,1
2021-02-19,COOKIE,8.0,1.0,2
2021-02-20,COOKIE,4.0,1.0,3
2021-02-21,COOKIE,6.0,1.0,4
2021-02-22,COOKIE,2.0,1.0,2
2021-02-23,COOKIE,8.0,1.0,5
2021-02-25,COOKIE,2.0,1.0,2
2021-02-26,COOKIE,11.0,1.0,4
2021-02-28,COOKIE,9.0,1.0,4
2021-03-01,COOKIE,3.0,1.0,2
2021-03-02,COOKIE,6.0,1.0,5
2021-03-04,COOKIE,5.0,1.0,2
2021-03-05,COOKIE,9.0,1.0,3
2021-03-06,COOKIE,6.0,1.0,2
2021-03-07,COOKIE,5.0,1.0,3
2021-03-08,COOKIE,5.0,1.0,2
2021-03-09,COOKIE,6.0,1.0,4
2021-03-11,COOKIE,4.0,1.0,3
2021-03-12,COOKIE,7.0,1.0,5
2021-03-13,COOKIE,2.0,1.0,1
2021-03-14,COOKIE,5.0,1.0,2
2021-03-15,COOKIE,11.0,1.0,5
2021-03-16,COOKIE,3.0,1.0,2
2021-03-18,COOKIE,3.0,1.0,3
2021-03-19,COOKIE,6.0,1.0,2
2021-03-20,COOKIE,4.0,1.0,2
2021-03-21,COOKIE,2.0,1.0,1
2021-03-22,COOKIE,8.0,1.0,5
2021-03-23,COOKIE,6.0,1.0,3
2021-03-25,COOKIE,5.0,1.0,4
2021-03-26,COOKIE,6.0,1.0,1
2021-03-27,COOKIE,3.0,1.0,1
2021-03-28,COOKIE,3.0,1.0,2
2021-03-29,COOKIE,3.0,1.0,2
2021-03-30,COOKIE,2.0,1.0,2
2021-04-01,COOKIE,3.0,1.0,2
2021-04-02,COOKIE,9.0,1.0,4
2021-04-03,COOKIE,8.0,1.0,2
2021-04-04,COOKIE,2.0,1.0,2
2021-04-05,COOKIE,3.0,1.0,2
2021-04-06,COOKIE,3.0,1.0,2
2021-04-08,COOKIE,3.0,1.0,1
2021-04-09,COOKIE,3.0,1.0,3
2021-04-10,COOKIE,10.0,1.0,6
2021-04-11,COOKIE,3.0,1.0,2
2021-04-12,COOKIE,8.0,1.0,5
2021-04-13,COOKIE,5.0,1.0,2
2021-04-14,COOKIE,8.0,1.0,5
2021-04-15,COOKIE,9.0,1.0,5
2021-04-16,COOKIE,6.0,1.0,4
2021-04-17,COOKIE,8.0,1.0,3
2021-04-18,COOKIE,6.0,1.0,4
2021-04-19,COOKIE,5.0,1.0,2
2021-04-20,COOKIE,4.0,1.0,4
2021-04-21,COOKIE,6.0,1.0,3
2021-04-22,COOKIE,11.0,1.0,4
2021-04-23,COOKIE,3.0,1.0,2
2021-04-24,COOKIE,6.0,1.0,4
2021-04-25,COOKIE,4.0,1.0,3
2021-04-26,COOKIE,10.0,1.0,6
2021-04-27,COOKIE,5.0,1.0,2
2021-04-28,COOKIE,8.0,1.0,4
2021-04-29,COOKIE,5.0,1.0,3
2021-04-30,COOKIE,7.0,1.0,4
2021-05-01,COOKIE,5.0,1.0,3
2021-05-02,COOKIE,7.0,1.0,3
2021-05-03,COOKIE,7.0,1.0,4
2021-05-04,COOKIE,6.0,1.0,4
2021-05-05,COOKIE,6.0,1.0,4
2021-05-06,COOKIE,3.0,1.0,2
2021-05-07,COOKIE,7.0,1.0,3
2021-05-08,COOKIE,8.0,1.0,6
2021-05-09,COOKIE,8.0,1.0,7
2021-05-10,COOKIE,6.0,1.0,4
2021-05-11,COOKIE,5.0,1.0,4
2021-05-12,COOKIE,5.0,1.0,2
2021-05-13,COOKIE,3.0,1.0,1
2021-05-14,COOKIE,8.0,1.0,4
2021-05-15,COOKIE,9.0,1.0,3
2021-05-16,COOKIE,8.0,1.0,5
2021-05-21,COOKIE,5.0,1.0,2
2021-05-22,COOKIE,5.0,1.0,2
2021-05-23,COOKIE,12.0,1.0,7
2021-05-24,COOKIE,9.0,1.0,3
2021-05-25,COOKIE,5.0,1.0,2
2021-05-26,COOKIE,2.0,1.0,2
2021-05-27,COOKIE,4.0,1.0,3
2021-05-28,COOKIE,12.0,1.0,7
2021-05-29,COOKIE,10.0,1.0,4
2021-05-30,COOKIE,6.0,1.0,4
2021-05-31,COOKIE,3.0,1.0,2
2021-06-01,COOKIE,2.0,1.0,2
2021-06-02,COOKIE,4.0,1.0,3
2021-06-03,COOKIE,4.0,1.0,3
2021-06-04,COOKIE,3.0,1.0,2
2021-06-05,COOKIE,5.0,1.0,2
2021-06-06,COOKIE,15.0,1.0,6
2021-06-07,COOKIE,5.0,1.0,1
2021-06-08,COOKIE,9.0,1.0,3
2021-06-09,COOKIE,1.0,1.0,1
2021-06-10,COOKIE,7.0,1.0,4
2021-06-11,COOKIE,3.0,1.0,1
2021-06-12,COOKIE,2.0,1.0,1
2021-06-13,COOKIE,11.0,1.0,3
2021-06-14,COOKIE,2.0,1.0,2
2021-06-15,COOKIE,11.0,1.0,5
2021-06-16,COOKIE,10.0,1.0,3
2021-06-17,COOKIE,6.0,1.0,5
2021-06-18,COOKIE,11.0,1.0,4
2021-06-19,COOKIE,2.0,1.0,2
2021-06-20,COOKIE,9.0,1.0,2
2021-06-21,COOKIE,8.0,1.0,4
2021-06-22,COOKIE,10.0,1.0,6
2021-06-23,COOKIE,8.0,1.0,5
2021-06-24,COOKIE,9.0,1.0,4
2021-06-25,COOKIE,5.0,1.0,4
2021-06-26,COOKIE,7.0,1.0,4
2021-06-27,COOKIE,11.0,1.0,7
2021-06-28,COOKIE,1.0,1.0,1
2021-06-29,COOKIE,4.0,1.0,3
2021-06-30,COOKIE,2.0,1.0,1
2021-07-01,COOKIE,6.0,1.0,3
2021-07-02,COOKIE,3.0,1.0,2
2021-07-03,COOKIE,9.0,1.0,4
2021-07-04,COOKIE,7.0,1.0,3
2021-07-05,COOKIE,10.0,1.0,4
2021-07-06,COOKIE,11.0,1.0,6
2021-07-07,COOKIE,4.0,1.0,2
2021-07-08,COOKIE,10.0,1.0,8
2021-07-09,COOKIE,8.0,1.0,5
2021-07-10,COOKIE,7.0,1.0,6
2021-07-11,COOKIE,5.0,1.0,5
2021-07-12,COOKIE,15.0,1.0,9
2021-07-13,COOKIE,11.0,1.0,6
2021-07-14,COOKIE,5.0,1.0,3
2021-07-15,COOKIE,13.0,1.0,7
2021-07-16,COOKIE,3.0,1.0,2
2021-07-17,COOKIE,7.0,1.0,3
2021-07-18,COOKIE,1.0,1.0,1
2021-07-19,COOKIE,1.0,1.0,1
2021-07-20,COOKIE,11.0,1.0,6
2021-07-21,COOKIE,8.0,1.0,6
2021-07-22,COOKIE,13.0,1.0,5
2021-07-23,COOKIE,10.0,1.0,6
2021-07-24,COOKIE,12.0,1.0,6
2021-07-25,COOKIE,7.0,1.0,4
2021-07-26,COOKIE,8.0,1.0,6
2021-07-27,COOKIE,10.0,1.0,7
2021-07-28,COOKIE,13.0,1.0,4
2021-07-29,COOKIE,9.0,1.0,3
2021-07-30,COOKIE,5.0,1.0,4
2021-07-31,COOKIE,10.0,1.0,5
2021-08-01,COOKIE,6.0,1.0,2
2021-08-02,COOKIE,3.0,1.0,2
2021-08-03,COOKIE,11.0,1.0,4
2021-08-04,COOKIE,16.0,1.0,5
2021-08-05,COOKIE,10.0,1.0,4
2021-08-06,COOKIE,21.0,1.0,10
2021-08-07,COOKIE,11.0,1.0,6
2021-08-08,COOKIE,7.0,1.0,4
2021-08-09,COOKIE,13.0,1.0,7
2021-08-10,COOKIE,15.0,1.0,6
2021-08-11,COOKIE,13.0,1.0,4
2021-08-12,COOKIE,18.0,1.0,5
2021-08-13,COOKIE,17.0,1.0,8
2021-08-14,COOKIE,24.0,1.0,8
2021-08-15,COOKIE,19.0,1.0,9
2021-08-16,COOKIE,17.0,1.0,9
2021-08-17,COOKIE,11.0,1.0,7
2021-08-18,COOKIE,14.0,1.0,10
2021-08-19,COOKIE,8.0,1.0,4
2021-08-20,COOKIE,10.0,1.0,5
2021-08-21,COOKIE,10.0,1.0,3
2021-08-22,COOKIE,10.0,1.0,5
2021-08-23,COOKIE,5.0,1.0,5
2021-08-24,COOKIE,13.0,1.0,8
2021-08-25,COOKIE,10.0,1.0,4
2021-08-26,COOKIE,14.0,1.0,3
2021-08-27,COOKIE,12.0,1.0,8
2021-08-28,COOKIE,19.0,1.0,8
2021-08-29,COOKIE,12.0,1.0,5
2021-08-30,COOKIE,9.0,1.0,4
2021-08-31,COOKIE,6.0,1.0,3
2021-09-01,COOKIE,3.0,1.0,2
2021-09-02,COOKIE,4.0,1.0,2
2021-09-03,COOKIE,5.0,1.0,2
2021-09-04,COOKIE,11.0,1.0,4
2021-09-05,COOKIE,9.0,1.0,4
2021-09-06,COOKIE,3.0,1.0,2
2021-09-07,COOKIE,6.0,1.0,4
2021-09-08,COOKIE,1.0,1.0,1
2021-09-09,COOKIE,2.0,1.0,2
2021-09-10,COOKIE,4.0,1.0,2
2021-09-11,COOKIE,4.0,1.0,1
2021-09-12,COOKIE,5.0,1.0,3
2021-09-13,COOKIE,10.0,1.0,6
2021-09-14,COOKIE,9.0,1.0,8
2021-09-15,COOKIE,8.0,1.0,4
2021-09-16,COOKIE,4.0,1.0,3
2021-09-17,COOKIE,6.0,1.0,3
2021-09-18,COOKIE,1.0,1.0,1
2021-09-19,COOKIE,7.0,1.0,2
2021-09-21,COOKIE,10.0,1.0,5
2021-09-23,COOKIE,2.0,1.0,2
2021-09-24,COOKIE,3.0,1.0,2
2021-09-25,COOKIE,7.0,1.0,4
2021-09-26,COOKIE,7.0,1.0,4
2021-09-27,COOKIE,8.0,1.0,6
2021-09-28,COOKIE,1.0,1.0,1
2021-09-29,COOKIE,1.0,1.0,1
2021-09-30,COOKIE,1.0,1.0,1
2021-10-01,COOKIE,4.0,1.0,3
2021-10-02,COOKIE,5.0,1.0,4
2021-10-03,COOKIE,11.0,1.0,5
2021-10-04,COOKIE,7.0,1.0,2
2021-10-05,COOKIE,5.0,1.0,3
2021-10-06,COOKIE,9.0,1.0,3
2021-10-07,COOKIE,7.0,1.0,6
2021-10-08,COOKIE,10.0,1.0,5
2021-10-09,COOKIE,3.0,1.0,2
2021-10-10,COOKIE,7.0,1.0,4
2021-10-12,COOKIE,4.0,1.0,3
2021-10-14,COOKIE,2.0,1.0,1
2021-10-15,COOKIE,2.0,1.0,1
2021-10-16,COOKIE,6.0,1.0,1
2021-10-17,COOKIE,5.0,1.0,4
2021-10-18,COOKIE,1.0,1.0,1
2021-10-19,COOKIE,7.0,1.0,3
2021-10-20,COOKIE,4.0,1.0,3
2021-10-21,COOKIE,5.0,1.0,3
2021-10-22,COOKIE,1.0,1.0,1
2021-10-23,COOKIE,14.0,1.0,3
2021-10-24,COOKIE,6.0,1.0,3
2021-10-25,COOKIE,10.0,1.0,4
2021-10-26,COOKIE,10.0,1.0,4
2021-10-27,COOKIE,9.0,1.0,3
2021-10-28,COOKIE,8.0,1.0,4
2021-10-29,COOKIE,3.0,1.0,1
2021-10-30,COOKIE,8.0,1.0,4
2021-10-31,COOKIE,7.0,1.0,2
2021-11-01,COOKIE,3.0,1.0,3
2021-11-02,COOKIE,4.0,1.0,2
2021-11-03,COOKIE,8.0,1.0,3
2021-11-04,COOKIE,4.0,1.0,2
2021-11-05,COOKIE,2.0,1.0,2
2021-11-06,COOKIE,3.0,1.0,1
2021-11-07,COOKIE,2.0,1.0,1
2021-11-08,COOKIE,2.0,1.0,2
2021-11-09,COOKIE,5.0,1.0,2
2021-11-10,COOKIE,5.0,1.0,4
2021-11-11,COOKIE,5.0,1.0,4
2021-11-12,COOKIE,6.0,1.0,3
2021-11-13,COOKIE,6.0,1.0,2
2021-11-14,COOKIE,3.0,1.0,1
2021-11-15,COOKIE,3.0,1.0,3
2021-11-16,COOKIE,5.0,1.0,3
2021-11-18,COOKIE,1.0,1.0,1
2021-11-19,COOKIE,7.0,1.0,2
2021-11-20,COOKIE,2.0,1.0,2
2021-11-21,COOKIE,3.0,1.0,1
2021-11-22,COOKIE,4.0,1.0,3
2021-11-23,COOKIE,1.0,1.0,1
2021-11-25,COOKIE,4.0,1.0,3
2021-11-26,COOKIE,5.0,1.0,2
2021-11-27,COOKIE,3.0,1.0,2
2021-11-28,COOKIE,2.0,1.0,2
2021-11-29,COOKIE,6.0,1.0,4
2021-11-30,COOKIE,1.0,1.0,1
2021-12-02,COOKIE,4.0,1.0,3
2021-12-03,COOKIE,12.0,1.0,2
2021-12-04,COOKIE,8.0,1.0,3
2021-12-05,COOKIE,4.0,1.0,1
2021-12-09,COOKIE,2.0,1.0,1
2021-12-10,COOKIE,6.0,1.0,2
2021-12-11,COOKIE,7.0,1.0,3
2021-12-12,COOKIE,6.0,1.0,1
2021-12-13,COOKIE,3.0,1.0,1
2021-12-14,COOKIE,4.0,1.0,3
2021-12-16,COOKIE,5.0,1.0,4
2021-12-17,COOKIE,3.0,1.0,3
2021-12-18,COOKIE,8.0,1.0,3
2021-12-19,COOKIE,2.0,1.0,2
2021-12-20,COOKIE,3.0,1.0,2
2021-12-21,COOKIE,10.0,1.0,7
2021-12-22,COOKIE,8.0,1.0,3
2021-12-23,COOKIE,10.0,1.0,4
2021-12-24,COOKIE,9.0,1.0,4
2021-12-25,COOKIE,4.0,1.0,1
2021-12-26,COOKIE,10.0,1.0,3
2021-12-27,COOKIE,1.0,1.0,1
2021-12-28,COOKIE,7.0,1.0,5
2021-12-29,COOKIE,1.0,1.0,1
2021-12-30,COOKIE,7.0,1.0,2
2021-12-31,COOKIE,8.0,1.0,2
2022-01-02,COOKIE,6.0,1.0,4
2022-01-03,COOKIE,10.0,1.0,5
2022-01-04,COOKIE,2.0,1.0,2
2022-01-06,COOKIE,11.0,1.0,4
2022-01-07,COOKIE,6.0,1.0,5
2022-01-08,COOKIE,4.0,1.0,2
2022-01-09,COOKIE,2.0,1.0,1
2022-01-10,COOKIE,2.0,1.0,2
2022-01-11,COOKIE,8.0,1.0,4
2022-01-13,COOKIE,6.0,1.0,2
2022-01-14,COOKIE,5.0,1.0,4
2022-01-15,COOKIE,4.0,1.0,2
2022-01-16,COOKIE,3.0,1.0,1
2022-01-17,COOKIE,3.0,1.0,3
2022-01-18,COOKIE,2.0,1.0,2
2022-01-20,COOKIE,5.0,1.0,2
2022-01-21,COOKIE,5.0,1.0,3
2022-01-22,COOKIE,6.0,1.0,4
2022-01-23,COOKIE,7.0,1.0,3
2022-01-24,COOKIE,3.0,1.0,3
2022-01-25,COOKIE,2.0,1.0,2
2022-01-27,COOKIE,6.0,1.0,5
2022-01-28,COOKIE,7.0,1.0,2
2022-01-29,COOKIE,4.0,1.0,2
2022-01-30,COOKIE,5.0,1.0,4
2022-01-31,COOKIE,5.0,1.0,2
2022-02-03,COOKIE,3.0,1.0,3
2022-02-04,COOKIE,14.0,1.0,6
2022-02-05,COOKIE,3.0,1.0,3
2022-02-06,COOKIE,8.0,1.0,3
2022-02-07,COOKIE,3.0,1.1,3
2022-02-08,COOKIE,7.0,1.1,4
2022-02-10,COOKIE,5.0,1.1,2
2022-02-11,COOKIE,9.0,1.1,3
2022-02-12,COOKIE,5.0,1.1,3
2022-02-13,COOKIE,4.0,1.1,1
2022-02-14,COOKIE,8.0,1.1,3
2022-02-15,COOKIE,8.0,1.1,3
2022-02-17,COOKIE,5.0,1.1,3
2022-02-18,COOKIE,8.0,1.1,2
2022-02-19,COOKIE,12.0,1.1,3
2022-02-20,COOKIE,8.0,1.1,3
2022-02-21,COOKIE,5.0,1.1,3
2022-02-22,COOKIE,1.0,1.1,1
2022-02-24,COOKIE,7.0,1.1,4
2022-02-25,COOKIE,8.0,1.1,2
2022-02-26,COOKIE,12.0,1.1,6
2022-02-27,COOKIE,6.0,1.1,3
2022-02-28,COOKIE,8.0,1.1,4
2022-03-01,COOKIE,5.0,1.1,3
2022-03-02,COOKIE,6.0,1.1,3
2022-03-03,COOKIE,2.0,1.1,2
2022-03-04,COOKIE,7.0,1.1,3
2022-03-05,COOKIE,5.0,1.1,3
2022-03-06,COOKIE,2.0,1.1,1
2022-03-07,COOKIE,4.0,1.1,3
2022-03-08,COOKIE,10.0,1.1,5
2022-03-09,COOKIE,1.0,1.1,1
2022-03-10,COOKIE,3.0,1.1,2
2022-03-11,COOKIE,3.0,1.1,2
2022-03-12,COOKIE,4.0,1.1,1
2022-03-13,COOKIE,7.0,1.1,3
2022-03-14,COOKIE,5.0,1.1,3
2022-03-15,COOKIE,5.0,1.1,3
2022-03-17,COOKIE,6.0,1.1,5
2022-03-18,COOKIE,9.0,1.1,6
2022-03-19,COOKIE,1.0,1.1,1
2022-03-20,COOKIE,3.0,1.1,3
2022-03-22,COOKIE,3.0,1.1,2
2022-03-23,COOKIE,2.0,1.1,2
2022-03-24,COOKIE,2.0,1.1,1
2022-03-25,COOKIE,5.0,1.1,2
2022-03-26,COOKIE,8.0,1.1,3
2022-03-27,COOKIE,2.0,1.1,1
2022-03-28,COOKIE,1.0,1.1,1
2022-03-29,COOKIE,4.0,1.1,3
2022-03-30,COOKIE,4.0,1.1,3
2022-04-01,COOKIE,5.0,1.1,3
2022-04-02,COOKIE,10.0,1.1,3
2022-04-04,COOKIE,1.0,1.1,1
2022-04-05,COOKIE,5.0,1.1,4
2022-04-06,COOKIE,2.0,1.1,2
2022-04-07,COOKIE,1.0,1.1,1
2022-04-09,COOKIE,2.0,1.1,1
2022-04-10,COOKIE,5.0,1.1,2
2022-04-11,COOKIE,8.0,1.1,3
2022-04-12,COOKIE,4.0,1.1,2
2022-04-13,COOKIE,5.0,1.1,2
2022-04-14,COOKIE,3.0,1.1,2
2022-04-15,COOKIE,8.0,1.1,3
2022-04-16,COOKIE,6.0,1.1,5
2022-04-17,COOKIE,2.0,1.1,1
2022-04-18,COOKIE,2.0,1.1,1
2022-04-19,COOKIE,10.0,1.1,4
2022-04-20,COOKIE,7.0,1.1,4
2022-04-21,COOKIE,9.0,1.1,3
2022-04-22,COOKIE,16.0,1.1,5
2022-04-23,COOKIE,11.0,1.1,6
2022-04-24,COOKIE,5.0,1.1,3
2022-04-25,COOKIE,6.0,1.1,5
2022-04-26,COOKIE,4.0,1.1,4
2022-04-27,COOKIE,4.0,1.1,2
2022-04-28,COOKIE,4.0,1.1,3
2022-04-29,COOKIE,5.0,1.1,2
2022-04-30,COOKIE,4.0,1.1,4
2022-05-01,COOKIE,9.0,1.1,5
2022-05-02,COOKIE,5.0,1.1,3
2022-05-03,COOKIE,9.0,1.1,3
2022-05-05,COOKIE,5.0,1.1,2
2022-05-07,COOKIE,2.0,1.1,1
2022-05-08,COOKIE,9.0,1.1,5
2022-05-09,COOKIE,3.0,1.1,2
2022-05-10,COOKIE,6.0,1.1,4
2022-05-11,COOKIE,7.0,1.1,3
2022-05-12,COOKIE,9.0,1.1,3
2022-05-13,COOKIE,2.0,1.1,1
2022-05-14,COOKIE,3.0,1.1,2
2022-05-16,COOKIE,5.0,1.1,4
2022-05-17,COOKIE,2.0,1.1,1
2022-05-18,COOKIE,7.0,1.1,4
2022-05-19,COOKIE,5.0,1.1,2
2022-05-20,COOKIE,4.0,1.1,3
2022-05-21,COOKIE,10.0,1.1,3
2022-05-22,COOKIE,6.0,1.1,1
2022-05-23,COOKIE,3.0,1.1,3
2022-05-24,COOKIE,2.0,1.1,1
2022-05-25,COOKIE,4.0,1.1,3
2022-05-26,COOKIE,4.0,1.1,3
2022-05-27,COOKIE,10.0,1.1,7
2022-05-28,COOKIE,15.0,1.1,8
2022-05-29,COOKIE,10.0,1.1,5
2022-05-30,COOKIE,6.0,1.1,5
2022-05-31,COOKIE,2.0,1.1,2
2022-06-01,COOKIE,6.0,1.1,5
2022-06-02,COOKIE,1.0,1.1,1
2022-06-03,COOKIE,1.0,1.1,1
2022-06-04,COOKIE,1.0,1.1,1
2022-06-05,COOKIE,12.0,1.1,4
2022-06-06,COOKIE,9.0,1.1,7
2022-06-07,COOKIE,9.0,1.1,3
2022-06-08,COOKIE,1.0,1.1,1
2022-06-10,COOKIE,1.0,1.1,1
2022-06-11,COOKIE,11.0,1.1,5
2022-06-12,COOKIE,9.0,1.1,5
2022-06-13,COOKIE,9.0,1.1,5
2022-06-15,COOKIE,3.0,1.1,2
2022-06-16,COOKIE,1.0,1.1,1
2022-06-17,COOKIE,6.0,1.1,4
2022-06-18,COOKIE,6.0,1.1,4
2022-06-19,COOKIE,8.0,1.1,5
2022-06-20,COOKIE,3.0,1.1,1
2022-06-21,COOKIE,5.0,1.1,4
2022-06-22,COOKIE,3.0,1.1,2
2022-06-23,COOKIE,2.0,1.1,2
2022-06-24,COOKIE,7.0,1.1,4
2022-06-25,COOKIE,11.0,1.1,6
2022-06-26,COOKIE,3.0,1.1,1
2022-06-27,COOKIE,2.0,1.1,2
2022-06-28,COOKIE,4.0,1.1,3
2022-06-29,COOKIE,5.0,1.1,5
2022-06-30,COOKIE,4.0,1.1,2
2022-07-01,COOKIE,8.0,1.1,3
2022-07-02,COOKIE,10.0,1.1,6
2022-07-03,COOKIE,7.0,1.1,4
2022-07-04,COOKIE,2.0,1.1,1
2022-07-05,COOKIE,16.0,1.1,7
2022-07-06,COOKIE,5.0,1.15,2
2022-07-07,COOKIE,13.0,1.15,8
2022-07-08,COOKIE,2.0,1.15,1
2022-07-10,COOKIE,11.0,1.15,6
2022-07-11,COOKIE,3.0,1.15,1
2022-07-12,COOKIE,7.0,1.15,4
2022-07-13,COOKIE,10.0,1.15,6
2022-07-14,COOKIE,6.0,1.15,4
2022-07-15,COOKIE,12.0,1.15,6
2022-07-16,COOKIE,18.0,1.15,8
2022-07-17,COOKIE,29.0,1.15,13
2022-07-18,COOKIE,21.0,1.15,6
2022-07-19,COOKIE,15.0,1.15,4
2022-07-20,COOKIE,14.0,1.15,7
2022-07-21,COOKIE,13.0,1.15,7
2022-07-22,COOKIE,16.0,1.15,10
2022-07-23,COOKIE,15.0,1.15,5
2022-07-24,COOKIE,4.0,1.15,3
2022-07-25,COOKIE,11.0,1.15,5
2022-07-26,COOKIE,6.0,1.15,5
2022-07-27,COOKIE,9.0,1.15,6
2022-07-28,COOKIE,7.0,1.15,4
2022-07-29,COOKIE,9.0,1.15,3
2022-07-30,COOKIE,7.0,1.15,4
2022-07-31,COOKIE,9.0,1.15,6
2022-08-01,COOKIE,12.0,1.15,7
2022-08-02,COOKIE,2.0,1.15,2
2022-08-03,COOKIE,5.0,1.15,3
2022-08-04,COOKIE,7.0,1.15,5
2022-08-05,COOKIE,9.0,1.15,8
2022-08-06,COOKIE,12.0,1.15,7
2022-08-07,COOKIE,20.0,1.15,10
2022-08-08,COOKIE,17.0,1.15,6
2022-08-09,COOKIE,11.0,1.15,7
2022-08-10,COOKIE,9.0,1.15,7
2022-08-11,COOKIE,16.0,1.15,7
2022-08-12,COOKIE,25.0,1.15,11
2022-08-13,COOKIE,8.0,1.15,4
2022-08-14,COOKIE,24.0,1.15,11
2022-08-15,COOKIE,11.0,1.15,6
2022-08-16,COOKIE,16.0,1.15,8
2022-08-17,COOKIE,15.0,1.15,9
2022-08-18,COOKIE,18.0,1.15,7
2022-08-19,COOKIE,20.0,1.15,8
2022-08-20,COOKIE,21.0,1.15,8
2022-08-21,COOKIE,15.0,1.15,5
2022-08-22,COOKIE,14.0,1.15,5
2022-08-23,COOKIE,10.0,1.15,4
2022-08-24,COOKIE,9.0,1.15,4
2022-08-25,COOKIE,16.0,1.15,7
2022-08-26,COOKIE,11.0,1.15,8
2022-08-27,COOKIE,7.0,1.15,5
2022-08-28,COOKIE,12.0,1.15,7
2022-08-29,COOKIE,5.0,1.15,4
2022-08-30,COOKIE,8.0,1.15,4
2022-08-31,COOKIE,10.0,1.15,5
2022-09-02,COOKIE,13.0,1.15,7
2022-09-03,COOKIE,4.0,1.15,2
2022-09-04,COOKIE,10.0,1.15,6
2022-09-05,COOKIE,4.0,1.15,2
2022-09-06,COOKIE,6.0,1.15,5
2022-09-07,COOKIE,4.0,1.15,3
2022-09-08,COOKIE,9.0,1.15,4
2022-09-09,COOKIE,1.0,1.15,1
2022-09-10,COOKIE,7.0,1.15,3
2022-09-11,COOKIE,2.0,1.15,2
2022-09-12,COOKIE,2.0,1.15,1
2022-09-13,COOKIE,2.0,1.15,1
2022-09-14,COOKIE,1.0,1.15,1
2022-09-15,COOKIE,6.0,1.15,5
2022-09-16,COOKIE,2.0,1.15,1
2022-09-17,COOKIE,2.0,1.15,2
2022-09-18,COOKIE,3.0,1.15,2
2022-09-20,COOKIE,7.0,1.15,3
2022-09-21,COOKIE,3.0,1.15,2
2022-09-22,COOKIE,1.0,1.15,1
2022-09-23,COOKIE,1.0,1.15,1
2022-09-24,COOKIE,4.0,1.15,1
2022-09-25,COOKIE,8.0,1.15,3
2022-09-27,COOKIE,4.0,1.15,3
2022-09-28,COOKIE,4.0,1.15,2
2022-09-29,COOKIE,7.0,1.15,3
2022-09-30,COOKIE,6.0,1.15,4
2021-01-02,COUPE,55.0,0.15,46
2021-01-03,COUPE,43.0,0.15,38
2021-01-04,COUPE,22.0,0.15,22
2021-01-05,COUPE,19.0,0.15,17
2021-01-07,COUPE,23.0,0.15,16
2021-01-08,COUPE,26.0,0.15,24
2021-01-09,COUPE,32.0,0.15,29
2021-01-10,COUPE,23.0,0.15,23
2021-01-11,COUPE,20.0,0.15,15
2021-01-12,COUPE,16.0,0.15,15
2021-01-14,COUPE,20.0,0.15,17
2021-01-15,COUPE,26.0,0.15,21
2021-01-16,COUPE,30.0,0.15,27
2021-01-17,COUPE,35.0,0.15,30
2021-01-18,COUPE,24.0,0.15,19
2021-01-19,COUPE,19.0,0.15,18
2021-01-21,COUPE,17.0,0.15,15
2021-01-22,COUPE,22.0,0.15,18
2021-01-23,COUPE,25.0,0.15,24
2021-01-24,COUPE,44.0,0.15,36
2021-01-25,COUPE,29.0,0.15,26
2021-01-26,COUPE,25.0,0.15,21
2021-01-28,COUPE,30.0,0.15,24
2021-01-29,COUPE,20.0,0.15,16
2021-01-30,COUPE,33.0,0.15,29
2021-01-31,COUPE,44.0,0.15,37
2021-02-01,COUPE,18.0,0.15,16
2021-02-02,COUPE,19.0,0.15,15
2021-02-04,COUPE,33.0,0.15,26
2021-02-05,COUPE,26.0,0.15,23
2021-02-06,COUPE,30.0,0.15,24
2021-02-07,COUPE,34.0,0.15,29
2021-02-08,COUPE,20.0,0.15,17
2021-02-09,COUPE,39.0,0.15,32
2021-02-11,COUPE,26.0,0.15,20
2021-02-12,COUPE,26.0,0.15,24
2021-02-13,COUPE,38.0,0.15,38
2021-02-14,COUPE,52.0,0.15,48
2021-02-15,COUPE,18.0,0.15,14
2021-02-16,COUPE,22.0,0.15,21
2021-02-18,COUPE,20.0,0.15,19
2021-02-19,COUPE,34.0,0.15,27
2021-02-20,COUPE,34.0,0.15,31
2021-02-21,COUPE,57.0,0.15,47
2021-02-22,COUPE,37.0,0.15,35
2021-02-23,COUPE,44.0,0.15,40
2021-02-25,COUPE,39.0,0.15,33
2021-02-26,COUPE,54.0,0.15,45
2021-02-27,COUPE,70.0,0.15,54
2021-02-28,COUPE,74.0,0.15,62
2021-03-01,COUPE,31.0,0.15,28
2021-03-02,COUPE,50.0,0.15,43
2021-03-04,COUPE,46.0,0.15,44
2021-03-05,COUPE,56.0,0.15,43
2021-03-06,COUPE,46.0,0.15,37
2021-03-07,COUPE,62.0,0.15,55
2021-03-08,COUPE,23.0,0.15,21
2021-03-09,COUPE,25.0,0.15,22
2021-03-11,COUPE,30.0,0.15,25
2021-03-12,COUPE,50.0,0.15,42
2021-03-13,COUPE,39.0,0.15,29
2021-03-14,COUPE,55.0,0.15,48
2021-03-15,COUPE,24.0,0.15,22
2021-03-16,COUPE,30.0,0.15,26
2021-03-18,COUPE,22.0,0.15,17
2021-03-19,COUPE,29.0,0.15,27
2021-03-20,COUPE,42.0,0.15,32
2021-03-21,COUPE,53.0,0.15,48
2021-03-22,COUPE,26.0,0.15,23
2021-03-23,COUPE,28.0,0.15,23
2021-03-25,COUPE,23.0,0.15,21
2021-03-26,COUPE,34.0,0.15,27
2021-03-27,COUPE,35.0,0.15,32
2021-03-28,COUPE,40.0,0.15,34
2021-03-29,COUPE,26.0,0.15,23
2021-03-30,COUPE,36.0,0.15,34
2021-04-01,COUPE,21.0,0.15,17
2021-04-02,COUPE,40.0,0.15,26
2021-04-03,COUPE,49.0,0.15,40
2021-04-04,COUPE,85.0,0.15,70
2021-04-05,COUPE,54.0,0.15,43
2021-04-06,COUPE,30.0,0.15,28
2021-04-08,COUPE,32.0,0.15,27
2021-04-09,COUPE,31.0,0.15,27
2021-04-10,COUPE,44.0,0.15,39
2021-04-11,COUPE,44.0,0.15,39
2021-04-12,COUPE,31.0,0.15,29
2021-04-13,COUPE,28.0,0.15,25
2021-04-14,COUPE,20.0,0.15,20
2021-04-15,COUPE,25.0,0.15,23
2021-04-16,COUPE,46.0,0.15,36
2021-04-17,COUPE,40.0,0.15,36
2021-04-18,COUPE,68.0,0.15,62
2021-04-19,COUPE,25.0,0.15,21
2021-04-20,COUPE,41.0,0.15,39
2021-04-21,COUPE,21.0,0.15,19
2021-04-22,COUPE,50.0,0.15,39
2021-04-23,COUPE,39.0,0.15,33
2021-04-24,COUPE,35.0,0.15,28
2021-04-25,COUPE,52.0,0.15,48
2021-04-26,COUPE,26.0,0.15,23
2021-04-27,COUPE,25.0,0.15,19
2021-04-28,COUPE,16.0,0.15,15
2021-04-29,COUPE,32.0,0.15,26
2021-04-30,COUPE,33.0,0.15,26
2021-05-01,COUPE,35.0,0.15,33
2021-05-02,COUPE,51.0,0.15,46
2021-05-03,COUPE,26.0,0.15,23
2021-05-04,COUPE,28.0,0.15,28
2021-05-05,COUPE,23.0,0.15,18
2021-05-06,COUPE,33.0,0.15,28
2021-05-07,COUPE,46.0,0.15,36
2021-05-08,COUPE,49.0,0.15,44
2021-05-09,COUPE,64.0,0.15,54
2021-05-10,COUPE,34.0,0.15,31
2021-05-11,COUPE,28.0,0.15,23
2021-05-12,COUPE,43.0,0.15,39
2021-05-13,COUPE,87.0,0.15,73
2021-05-14,COUPE,76.0,0.15,66
2021-05-15,COUPE,65.0,0.15,55
2021-05-16,COUPE,74.0,0.15,68
2021-05-21,COUPE,27.0,0.15,22
2021-05-22,COUPE,48.0,0.15,43
2021-05-23,COUPE,64.0,0.15,59
2021-05-24,COUPE,63.0,0.15,58
2021-05-25,COUPE,30.0,0.15,29
2021-05-26,COUPE,23.0,0.15,19
2021-05-27,COUPE,27.0,0.15,23
2021-05-28,COUPE,32.0,0.15,25
2021-05-29,COUPE,47.0,0.15,41
2021-05-30,COUPE,55.0,0.15,46
2021-05-31,COUPE,28.0,0.15,23
2021-06-01,COUPE,21.0,0.15,19
2021-06-02,COUPE,21.0,0.15,20
2021-06-03,COUPE,27.0,0.15,21
2021-06-04,COUPE,40.0,0.15,33
2021-06-05,COUPE,36.0,0.15,32
2021-06-06,COUPE,51.0,0.15,43
2021-06-07,COUPE,29.0,0.15,26
2021-06-08,COUPE,24.0,0.15,22
2021-06-09,COUPE,24.0,0.15,19
2021-06-10,COUPE,32.0,0.15,27
2021-06-11,COUPE,30.0,0.15,27
2021-06-12,COUPE,43.0,0.15,36
2021-06-13,COUPE,68.0,0.15,59
2021-06-14,COUPE,39.0,0.15,36
2021-06-15,COUPE,31.0,0.15,25
2021-06-16,COUPE,28.0,0.15,25
2021-06-17,COUPE,25.0,0.15,18
2021-06-18,COUPE,36.0,0.15,28
2021-06-19,COUPE,51.0,0.15,36
2021-06-20,COUPE,63.0,0.15,56
2021-06-21,COUPE,42.0,0.15,36
2021-06-22,COUPE,30.0,0.15,28
2021-06-23,COUPE,25.0,0.15,22
2021-06-24,COUPE,39.0,0.15,31
2021-06-25,COUPE,38.0,0.15,35
2021-06-26,COUPE,37.0,0.15,31
2021-06-27,COUPE,55.0,0.15,49
2021-06-28,COUPE,28.0,0.15,22
2021-06-29,COUPE,28.0,0.15,28
2021-06-30,COUPE,33.0,0.15,29
2021-07-01,COUPE,37.0,0.15,32
2021-07-02,COUPE,31.0,0.15,30
2021-07-03,COUPE,74.0,0.15,50
2021-07-04,COUPE,58.0,0.15,51
2021-07-05,COUPE,46.0,0.15,36
2021-07-06,COUPE,39.0,0.15,32
2021-07-07,COUPE,31.0,0.15,30
2021-07-08,COUPE,42.0,0.15,38
2021-07-09,COUPE,57.0,0.15,49
2021-07-10,COUPE,66.0,0.15,51
2021-07-11,COUPE,90.0,0.15,83
2021-07-12,COUPE,61.0,0.15,53
2021-07-13,COUPE,68.0,0.15,61
2021-07-14,COUPE,81.0,0.15,70
2021-07-15,COUPE,65.0,0.15,53
2021-07-16,COUPE,62.0,0.15,54
2021-07-17,COUPE,63.0,0.15,58
2021-07-18,COUPE,110.0,0.15,95
2021-07-19,COUPE,75.0,0.15,69
2021-07-20,COUPE,47.0,0.15,45
2021-07-21,COUPE,62.0,0.15,57
2021-07-22,COUPE,71.0,0.15,61
2021-07-23,COUPE,69.0,0.15,55
2021-07-24,COUPE,71.0,0.15,50
2021-07-25,COUPE,94.0,0.15,76
2021-07-26,COUPE,63.0,0.15,56
2021-07-27,COUPE,78.0,0.15,73
2021-07-28,COUPE,55.0,0.15,48
2021-07-29,COUPE,56.0,0.15,39
2021-07-30,COUPE,97.0,0.15,54
2021-07-31,COUPE,69.0,0.15,64
2021-08-01,COUPE,85.0,0.15,74
2021-08-02,COUPE,56.0,0.15,47
2021-08-03,COUPE,87.0,0.15,72
2021-08-04,COUPE,42.0,0.15,38
2021-08-05,COUPE,78.0,0.15,65
2021-08-06,COUPE,59.0,0.15,54
2021-08-07,COUPE,74.0,0.15,67
2021-08-08,COUPE,78.0,0.15,71
2021-08-09,COUPE,75.0,0.15,63
2021-08-10,COUPE,79.0,0.15,68
2021-08-11,COUPE,62.0,0.15,58
2021-08-12,COUPE,77.0,0.15,65
2021-08-13,COUPE,48.0,0.15,43
2021-08-14,COUPE,74.0,0.15,64
2021-08-15,COUPE,91.0,0.15,81
2021-08-16,COUPE,73.0,0.15,66
2021-08-17,COUPE,55.0,0.15,52
2021-08-18,COUPE,71.0,0.15,67
2021-08-19,COUPE,66.0,0.15,54
2021-08-20,COUPE,54.0,0.15,50
2021-08-21,COUPE,72.0,0.15,62
2021-08-22,COUPE,66.0,0.15,58
2021-08-23,COUPE,59.0,0.15,57
2021-08-24,COUPE,62.0,0.15,53
2021-08-25,COUPE,55.0,0.15,54
2021-08-26,COUPE,55.0,0.15,47
2021-08-27,COUPE,47.0,0.15,40
2021-08-28,COUPE,68.0,0.15,56
2021-08-29,COUPE,91.0,0.15,79
2021-08-30,COUPE,47.0,0.15,44
2021-08-31,COUPE,34.0,0.15,29
2021-09-01,COUPE,32.0,0.15,30
2021-09-02,COUPE,27.0,0.15,23
2021-09-03,COUPE,49.0,0.15,39
2021-09-04,COUPE,78.0,0.15,47
2021-09-05,COUPE,54.0,0.15,50
2021-09-06,COUPE,30.0,0.15,27
2021-09-07,COUPE,34.0,0.15,34
2021-09-08,COUPE,35.0,0.15,28
2021-09-09,COUPE,36.0,0.15,30
2021-09-10,COUPE,37.0,0.15,35
2021-09-11,COUPE,57.0,0.15,51
2021-09-12,COUPE,51.0,0.15,45
2021-09-13,COUPE,40.0,0.15,36
2021-09-14,COUPE,26.0,0.15,21
2021-09-15,COUPE,23.0,0.15,21
2021-09-16,COUPE,21.0,0.15,20
2021-09-17,COUPE,22.0,0.15,20
2021-09-18,COUPE,58.0,0.15,32
2021-09-19,COUPE,50.0,0.15,45
2021-09-20,COUPE,35.0,0.15,34
2021-09-21,COUPE,30.0,0.15,29
2021-09-22,COUPE,3.0,0.15,3
2021-09-23,COUPE,18.0,0.15,17
2021-09-24,COUPE,33.0,0.15,28
2021-09-25,COUPE,77.0,0.15,44
2021-09-26,COUPE,52.0,0.15,41
2021-09-27,COUPE,19.0,0.15,19
2021-09-28,COUPE,14.0,0.15,14
2021-09-29,COUPE,17.0,0.15,15
2021-09-30,COUPE,16.0,0.15,14
2021-10-01,COUPE,28.0,0.15,22
2021-10-02,COUPE,35.0,0.15,26
2021-10-03,COUPE,37.0,0.15,34
2021-10-04,COUPE,20.0,0.15,20
2021-10-05,COUPE,19.0,0.15,19
2021-10-06,COUPE,29.0,0.15,27
2021-10-07,COUPE,35.0,0.15,32
2021-10-08,COUPE,45.0,0.15,36
2021-10-09,COUPE,40.0,0.15,35
2021-10-10,COUPE,42.0,0.15,37
2021-10-11,COUPE,21.0,0.15,19
2021-10-12,COUPE,10.0,0.15,10
2021-10-13,COUPE,14.0,0.15,14
2021-10-14,COUPE,19.0,0.15,17
2021-10-15,COUPE,24.0,0.15,20
2021-10-16,COUPE,52.0,0.15,28
2021-10-17,COUPE,44.0,0.15,36
2021-10-18,COUPE,26.0,0.15,18
2021-10-19,COUPE,13.0,0.15,12
2021-10-20,COUPE,14.0,0.15,12
2021-10-21,COUPE,24.0,0.15,21
2021-10-22,COUPE,25.0,0.15,22
2021-10-23,COUPE,37.0,0.15,33
2021-10-24,COUPE,46.0,0.15,41
2021-10-25,COUPE,28.0,0.15,25
2021-10-26,COUPE,24.0,0.15,20
2021-10-27,COUPE,25.0,0.15,25
2021-10-28,COUPE,40.0,0.15,36
2021-10-29,COUPE,43.0,0.15,37
2021-10-30,COUPE,54.0,0.15,42
2021-10-31,COUPE,56.0,0.15,45
2021-11-01,COUPE,59.0,0.15,52
2021-11-02,COUPE,35.0,0.15,30
2021-11-03,COUPE,35.0,0.15,32
2021-11-04,COUPE,22.0,0.15,22
2021-11-05,COUPE,28.0,0.15,26
2021-11-06,COUPE,35.0,0.15,32
2021-11-07,COUPE,34.0,0.15,27
2021-11-08,COUPE,36.0,0.15,15
2021-11-09,COUPE,15.0,0.15,14
2021-11-10,COUPE,22.0,0.15,18
2021-11-11,COUPE,31.0,0.15,25
2021-11-12,COUPE,32.0,0.15,27
2021-11-13,COUPE,26.0,0.15,24
2021-11-14,COUPE,47.0,0.15,41
2021-11-15,COUPE,16.0,0.15,13
2021-11-16,COUPE,14.0,0.15,14
2021-11-18,COUPE,20.0,0.15,15
2021-11-19,COUPE,19.0,0.15,14
2021-11-20,COUPE,23.0,0.15,17
2021-11-21,COUPE,22.0,0.15,20
2021-11-22,COUPE,13.0,0.15,13
2021-11-23,COUPE,28.0,0.15,24
2021-11-25,COUPE,23.0,0.15,16
2021-11-26,COUPE,18.0,0.15,17
2021-11-27,COUPE,17.0,0.15,15
2021-11-28,COUPE,35.0,0.15,29
2021-11-29,COUPE,19.0,0.15,17
2021-11-30,COUPE,18.0,0.15,17
2021-12-02,COUPE,10.0,0.15,9
2021-12-03,COUPE,22.0,0.15,17
2021-12-04,COUPE,18.0,0.15,15
2021-12-05,COUPE,51.0,0.15,47
2021-12-09,COUPE,15.0,0.15,13
2021-12-10,COUPE,17.0,0.15,12
2021-12-11,COUPE,28.0,0.15,23
2021-12-12,COUPE,39.0,0.15,37
2021-12-13,COUPE,18.0,0.15,16
2021-12-14,COUPE,17.0,0.15,16
2021-12-16,COUPE,21.0,0.15,16
2021-12-17,COUPE,30.0,0.15,23
2021-12-18,COUPE,26.0,0.15,22
2021-12-19,COUPE,28.0,0.15,25
2021-12-20,COUPE,26.0,0.15,24
2021-12-21,COUPE,27.0,0.15,24
2021-12-22,COUPE,27.0,0.15,21
2021-12-23,COUPE,29.0,0.15,26
2021-12-24,COUPE,165.0,0.15,119
2021-12-25,COUPE,65.0,0.15,53
2021-12-26,COUPE,63.0,0.15,52
2021-12-27,COUPE,31.0,0.15,28
2021-12-28,COUPE,38.0,0.15,34
2021-12-29,COUPE,29.0,0.15,29
2021-12-30,COUPE,29.0,0.15,27
2021-12-31,COUPE,119.0,0.15,97
2022-01-02,COUPE,64.0,0.15,58
2022-01-03,COUPE,26.0,0.15,25
2022-01-04,COUPE,6.0,0.15,5
2022-01-06,COUPE,22.0,0.15,20
2022-01-07,COUPE,29.0,0.15,21
2022-01-08,COUPE,21.0,0.15,19
2022-01-09,COUPE,30.0,0.15,27
2022-01-10,COUPE,19.0,0.15,17
2022-01-11,COUPE,23.0,0.15,18
2022-01-13,COUPE,11.0,0.15,9
2022-01-14,COUPE,18.0,0.15,15
2022-01-15,COUPE,17.0,0.15,14
2022-01-16,COUPE,32.0,0.15,29
2022-01-17,COUPE,10.0,0.15,10
2022-01-18,COUPE,16.0,0.15,14
2022-01-20,COUPE,16.0,0.15,14
2022-01-21,COUPE,21.0,0.15,18
2022-01-22,COUPE,18.0,0.15,18
2022-01-23,COUPE,38.0,0.15,31
2022-01-24,COUPE,25.0,0.15,23
2022-01-25,COUPE,23.0,0.15,17
2022-01-27,COUPE,23.0,0.15,19
2022-01-28,COUPE,16.0,0.15,15
2022-01-29,COUPE,25.0,0.15,18
2022-01-30,COUPE,35.0,0.15,33
2022-01-31,COUPE,13.0,0.15,11
2022-02-01,COUPE,9.0,0.15,9
2022-02-03,COUPE,20.0,0.15,16
2022-02-04,COUPE,14.0,0.15,13
2022-02-05,COUPE,23.0,0.15,18
2022-02-06,COUPE,51.0,0.15,45
2022-02-07,COUPE,17.0,0.15,16
2022-02-08,COUPE,27.0,0.15,23
2022-02-10,COUPE,30.0,0.15,24
2022-02-11,COUPE,22.0,0.15,19
2022-02-12,COUPE,35.0,0.15,34
2022-02-13,COUPE,53.0,0.15,43
2022-02-14,COUPE,23.0,0.15,22
2022-02-15,COUPE,37.0,0.15,32
2022-02-17,COUPE,31.0,0.15,26
2022-02-18,COUPE,28.0,0.15,26
2022-02-19,COUPE,45.0,0.15,41
2022-02-20,COUPE,48.0,0.15,43
2022-02-21,COUPE,39.0,0.15,32
2022-02-22,COUPE,33.0,0.15,30
2022-02-24,COUPE,36.0,0.15,30
2022-02-25,COUPE,31.0,0.15,29
2022-02-26,COUPE,49.0,0.15,42
2022-02-27,COUPE,70.0,0.15,57
2022-02-28,COUPE,29.0,0.15,29
2022-03-01,COUPE,34.0,0.15,31
2022-03-02,COUPE,25.0,0.15,25
2022-03-03,COUPE,24.0,0.15,21
2022-03-04,COUPE,41.0,0.15,37
2022-03-05,COUPE,47.0,0.15,39
2022-03-06,COUPE,56.0,0.15,47
2022-03-07,COUPE,21.0,0.15,19
2022-03-08,COUPE,16.0,0.15,14
2022-03-09,COUPE,11.0,0.15,8
2022-03-10,COUPE,9.0,0.15,8
2022-03-11,COUPE,14.0,0.15,12
2022-03-12,COUPE,27.0,0.15,24
2022-03-13,COUPE,44.0,0.15,42
2022-03-14,COUPE,25.0,0.15,23
2022-03-15,COUPE,21.0,0.15,18
2022-03-16,COUPE,8.0,0.15,8
2022-03-17,COUPE,16.0,0.15,14
2022-03-18,COUPE,15.0,0.15,12
2022-03-19,COUPE,28.0,0.15,24
2022-03-20,COUPE,37.0,0.15,33
2022-03-21,COUPE,25.0,0.15,23
2022-03-22,COUPE,22.0,0.15,20
2022-03-23,COUPE,11.0,0.15,8
2022-03-24,COUPE,15.0,0.15,14
2022-03-25,COUPE,21.0,0.15,20
2022-03-26,COUPE,26.0,0.15,24
2022-03-27,COUPE,37.0,0.15,35
2022-03-28,COUPE,18.0,0.15,15
2022-03-29,COUPE,19.0,0.15,17
2022-03-30,COUPE,10.0,0.15,10
2022-03-31,COUPE,19.0,0.15,17
2022-04-01,COUPE,21.0,0.15,20
2022-04-02,COUPE,32.0,0.15,27
2022-04-03,COUPE,32.0,0.15,28
2022-04-04,COUPE,13.0,0.15,13
2022-04-05,COUPE,17.0,0.15,14
2022-04-06,COUPE,12.0,0.15,10
2022-04-07,COUPE,20.0,0.15,18
2022-04-08,COUPE,20.0,0.15,18
2022-04-09,COUPE,25.0,0.15,24
2022-04-10,COUPE,34.0,0.15,30
2022-04-11,COUPE,35.0,0.15,28
2022-04-12,COUPE,20.0,0.15,19
2022-04-13,COUPE,16.0,0.15,16
2022-04-14,COUPE,33.0,0.15,30
2022-04-15,COUPE,45.0,0.15,39
2022-04-16,COUPE,66.0,0.15,58
2022-04-17,COUPE,38.0,0.15,32
2022-04-18,COUPE,58.0,0.15,54
2022-04-19,COUPE,30.0,0.15,27
2022-04-20,COUPE,26.0,0.15,24
2022-04-21,COUPE,43.0,0.15,38
2022-04-22,COUPE,34.0,0.15,28
2022-04-23,COUPE,27.0,0.15,24
2022-04-24,COUPE,42.0,0.15,39
2022-04-25,COUPE,25.0,0.15,25
2022-04-26,COUPE,14.0,0.15,14
2022-04-27,COUPE,34.0,0.15,30
2022-04-28,COUPE,32.0,0.15,30
2022-04-29,COUPE,32.0,0.15,27
2022-04-30,COUPE,56.0,0.15,47
2022-05-01,COUPE,47.0,0.15,45
2022-05-02,COUPE,36.0,0.15,35
2022-05-03,COUPE,22.0,0.15,20
2022-05-05,COUPE,27.0,0.15,23
2022-05-06,COUPE,44.0,0.15,30
2022-05-07,COUPE,41.0,0.15,39
2022-05-08,COUPE,54.0,0.15,51
2022-05-09,COUPE,19.0,0.15,18
2022-05-10,COUPE,22.0,0.15,21
2022-05-11,COUPE,23.0,0.15,19
2022-05-12,COUPE,21.0,0.15,20
2022-05-13,COUPE,23.0,0.15,20
2022-05-14,COUPE,43.0,0.15,36
2022-05-15,COUPE,53.0,0.15,46
2022-05-16,COUPE,20.0,0.15,19
2022-05-17,COUPE,17.0,0.15,13
2022-05-18,COUPE,27.0,0.15,24
2022-05-19,COUPE,29.0,0.15,27
2022-05-20,COUPE,37.0,0.15,22
2022-05-21,COUPE,25.0,0.15,25
2022-05-22,COUPE,58.0,0.15,53
2022-05-23,COUPE,20.0,0.15,19
2022-05-24,COUPE,26.0,0.15,24
2022-05-25,COUPE,36.0,0.15,32
2022-05-26,COUPE,73.0,0.15,64
2022-05-27,COUPE,64.0,0.15,56
2022-05-28,COUPE,65.0,0.15,57
2022-05-29,COUPE,72.0,0.15,64
2022-05-30,COUPE,32.0,0.15,26
2022-05-31,COUPE,32.0,0.15,31
2022-06-01,COUPE,29.0,0.15,24
2022-06-02,COUPE,20.0,0.15,18
2022-06-03,COUPE,25.0,0.15,24
2022-06-04,COUPE,64.0,0.15,55
2022-06-05,COUPE,63.0,0.15,49
2022-06-06,COUPE,64.0,0.15,59
2022-06-07,COUPE,28.0,0.15,27
2022-06-08,COUPE,30.0,0.15,25
2022-06-09,COUPE,16.0,0.15,16
2022-06-10,COUPE,19.0,0.15,17
2022-06-11,COUPE,48.0,0.15,32
2022-06-12,COUPE,46.0,0.15,43
2022-06-13,COUPE,32.0,0.15,30
2022-06-14,COUPE,19.0,0.15,18
2022-06-15,COUPE,21.0,0.15,21
2022-06-16,COUPE,24.0,0.15,22
2022-06-17,COUPE,32.0,0.15,30
2022-06-18,COUPE,46.0,0.15,39
2022-06-19,COUPE,49.0,0.15,44
2022-06-20,COUPE,25.0,0.15,25
2022-06-21,COUPE,23.0,0.15,23
2022-06-22,COUPE,17.0,0.15,16
2022-06-23,COUPE,28.0,0.15,24
2022-06-24,COUPE,31.0,0.15,26
2022-06-25,COUPE,47.0,0.15,41
2022-06-26,COUPE,55.0,0.15,52
2022-06-27,COUPE,33.0,0.15,30
2022-06-28,COUPE,22.0,0.15,19
2022-06-29,COUPE,17.0,0.15,15
2022-06-30,COUPE,27.0,0.15,27
2022-07-01,COUPE,39.0,0.15,35
2022-07-02,COUPE,49.0,0.15,42
2022-07-03,COUPE,52.0,0.15,48
2022-07-04,COUPE,51.0,0.15,44
2022-07-05,COUPE,29.0,0.15,25
2022-07-06,COUPE,28.0,0.15,26
2022-07-07,COUPE,39.0,0.15,36
2022-07-08,COUPE,40.0,0.15,35
2022-07-09,COUPE,65.0,0.15,50
2022-07-10,COUPE,82.0,0.15,71
2022-07-11,COUPE,59.0,0.15,52
2022-07-12,COUPE,50.0,0.15,45
2022-07-13,COUPE,76.0,0.15,62
2022-07-14,COUPE,94.0,0.15,84
2022-07-15,COUPE,80.0,0.15,54
2022-07-16,COUPE,106.0,0.15,65
2022-07-17,COUPE,83.0,0.15,76
2022-07-18,COUPE,56.0,0.15,48
2022-07-19,COUPE,57.0,0.15,48
2022-07-20,COUPE,70.0,0.15,65
2022-07-21,COUPE,53.0,0.15,44
2022-07-22,COUPE,52.0,0.15,48
2022-07-23,COUPE,73.0,0.15,68
2022-07-24,COUPE,77.0,0.15,67
2022-07-25,COUPE,65.0,0.15,59
2022-07-26,COUPE,57.0,0.15,52
2022-07-27,COUPE,51.0,0.15,42
2022-07-28,COUPE,64.0,0.15,57
2022-07-29,COUPE,47.0,0.15,39
2022-07-30,COUPE,78.0,0.15,69
2022-07-31,COUPE,78.0,0.15,75
2022-08-01,COUPE,86.0,0.15,73
2022-08-02,COUPE,66.0,0.15,55
2022-08-03,COUPE,68.0,0.15,61
2022-08-04,COUPE,51.0,0.15,45
2022-08-05,COUPE,53.0,0.15,45
2022-08-06,COUPE,82.0,0.15,73
2022-08-07,COUPE,65.0,0.15,57
2022-08-08,COUPE,103.0,0.15,78
2022-08-09,COUPE,68.0,0.15,52
2022-08-10,COUPE,77.0,0.15,68
2022-08-11,COUPE,69.0,0.15,62
2022-08-12,COUPE,81.0,0.15,66
2022-08-13,COUPE,71.0,0.15,60
2022-08-14,COUPE,86.0,0.15,75
2022-08-15,COUPE,75.0,0.15,68
2022-08-16,COUPE,67.0,0.15,60
2022-08-17,COUPE,69.0,0.15,56
2022-08-18,COUPE,64.0,0.15,59
2022-08-19,COUPE,53.0,0.15,50
2022-08-20,COUPE,73.0,0.15,60
2022-08-21,COUPE,73.0,0.15,68
2022-08-22,COUPE,59.0,0.15,53
2022-08-23,COUPE,57.0,0.15,48
2022-08-24,COUPE,54.0,0.15,50
2022-08-25,COUPE,40.0,0.15,39
2022-08-26,COUPE,34.0,0.15,27
2022-08-27,COUPE,47.0,0.15,41
2022-08-28,COUPE,55.0,0.15,46
2022-08-29,COUPE,36.0,0.15,34
2022-08-30,COUPE,30.0,0.15,27
2022-08-31,COUPE,18.0,0.15,18
2022-09-02,COUPE,26.0,0.15,26
2022-09-03,COUPE,45.0,0.15,35
2022-09-04,COUPE,45.0,0.15,38
2022-09-05,COUPE,20.0,0.15,20
2022-09-06,COUPE,31.0,0.15,31
2022-09-07,COUPE,24.0,0.15,22
2022-09-08,COUPE,20.0,0.15,20
2022-09-09,COUPE,27.0,0.15,25
2022-09-10,COUPE,47.0,0.15,33
2022-09-11,COUPE,48.0,0.15,44
2022-09-12,COUPE,27.0,0.15,27
2022-09-13,COUPE,23.0,0.15,21
2022-09-14,COUPE,27.0,0.15,27
2022-09-15,COUPE,29.0,0.15,25
2022-09-16,COUPE,28.0,0.15,24
2022-09-17,COUPE,48.0,0.15,40
2022-09-18,COUPE,47.0,0.15,44
2022-09-20,COUPE,27.0,0.15,23
2022-09-21,COUPE,15.0,0.15,15
2022-09-22,COUPE,18.0,0.15,18
2022-09-23,COUPE,34.0,0.15,30
2022-09-24,COUPE,32.0,0.15,31
2022-09-25,COUPE,47.0,0.15,38
2022-09-26,COUPE,17.0,0.15,16
2022-09-27,COUPE,31.0,0.15,28
2022-09-28,COUPE,16.0,0.15,16
2022-09-29,COUPE,27.0,0.15,24
2022-09-30,COUPE,55.0,0.15,41
2021-01-02,CROISSANT,66.0,1.1,24
2021-01-03,CROISSANT,59.0,1.1,23
2021-01-04,CROISSANT,17.0,1.1,5
2021-01-05,CROISSANT,12.0,1.1,8
2021-01-07,CROISSANT,15.0,1.1,5
2021-01-08,CROISSANT,40.0,1.1,12
2021-01-09,CROISSANT,33.0,1.1,10
2021-01-10,CROISSANT,48.0,1.1,17
2021-01-11,CROISSANT,14.0,1.1,9
2021-01-12,CROISSANT,24.0,1.1,11
2021-01-14,CROISSANT,24.0,1.1,11
2021-01-15,CROISSANT,37.0,1.1,9
2021-01-16,CROISSANT,27.0,1.1,13
2021-01-17,CROISSANT,42.0,1.1,14
2021-01-18,CROISSANT,16.0,1.1,10
2021-01-19,CROISSANT,23.0,1.1,10
2021-01-21,CROISSANT,8.0,1.1,4
2021-01-22,CROISSANT,30.0,1.1,11
2021-01-23,CROISSANT,23.0,1.1,12
2021-01-24,CROISSANT,39.0,1.1,15
2021-01-25,CROISSANT,26.0,1.1,13
2021-01-26,CROISSANT,19.0,1.1,11
2021-01-28,CROISSANT,11.0,1.1,5
2021-01-29,CROISSANT,22.0,1.1,9
2021-01-30,CROISSANT,39.0,1.1,13
2021-01-31,CROISSANT,77.0,1.1,25
2021-02-01,CROISSANT,6.0,1.1,4
2021-02-02,CROISSANT,9.0,1.1,6
2021-02-04,CROISSANT,29.0,1.1,13
2021-02-05,CROISSANT,19.0,1.1,11
2021-02-06,CROISSANT,38.0,1.1,16
2021-02-07,CROISSANT,78.0,1.1,25
2021-02-08,CROISSANT,28.0,1.1,8
2021-02-09,CROISSANT,11.0,1.1,5
2021-02-11,CROISSANT,16.0,1.1,11
2021-02-12,CROISSANT,20.0,1.1,6
2021-02-13,CROISSANT,33.0,1.1,11
2021-02-14,CROISSANT,77.0,1.1,27
2021-02-15,CROISSANT,20.0,1.1,8
2021-02-16,CROISSANT,16.0,1.1,11
2021-02-18,CROISSANT,11.0,1.1,4
2021-02-19,CROISSANT,28.0,1.1,13
2021-02-20,CROISSANT,22.0,1.1,11
2021-02-21,CROISSANT,100.0,1.1,34
2021-02-22,CROISSANT,51.0,1.1,17
2021-02-23,CROISSANT,64.0,1.1,28
2021-02-25,CROISSANT,53.0,1.1,17
2021-02-26,CROISSANT,47.0,1.1,18
2021-02-27,CROISSANT,57.0,1.1,21
2021-02-28,CROISSANT,133.0,1.1,43
2021-03-01,CROISSANT,41.0,1.1,14
2021-03-02,CROISSANT,19.0,1.1,9
2021-03-04,CROISSANT,26.0,1.1,14
2021-03-05,CROISSANT,35.0,1.1,13
2021-03-06,CROISSANT,44.0,1.1,21
2021-03-07,CROISSANT,83.0,1.1,28
2021-03-08,CROISSANT,13.0,1.1,8
2021-03-09,CROISSANT,21.0,1.1,13
2021-03-11,CROISSANT,39.0,1.1,19
2021-03-12,CROISSANT,30.0,1.1,14
2021-03-13,CROISSANT,66.0,1.1,24
2021-03-14,CROISSANT,96.0,1.1,30
2021-03-15,CROISSANT,21.0,1.1,12
2021-03-16,CROISSANT,26.0,1.1,14
2021-03-18,CROISSANT,9.0,1.1,4
2021-03-19,CROISSANT,27.0,1.1,11
2021-03-20,CROISSANT,40.0,1.1,16
2021-03-21,CROISSANT,71.0,1.1,29
2021-03-22,CROISSANT,28.0,1.1,14
2021-03-23,CROISSANT,22.0,1.1,14
2021-03-25,CROISSANT,25.0,1.1,11
2021-03-26,CROISSANT,34.0,1.1,17
2021-03-27,CROISSANT,21.0,1.1,9
2021-03-28,CROISSANT,75.0,1.1,25
2021-03-29,CROISSANT,10.0,1.1,6
2021-03-30,CROISSANT,31.0,1.1,9
2021-04-01,CROISSANT,20.0,1.1,9
2021-04-02,CROISSANT,20.0,1.1,11
2021-04-03,CROISSANT,60.0,1.1,24
2021-04-04,CROISSANT,125.0,1.1,38
2021-04-05,CROISSANT,45.0,1.1,20
2021-04-06,CROISSANT,21.0,1.1,10
2021-04-08,CROISSANT,27.0,1.1,10
2021-04-09,CROISSANT,16.0,1.1,11
2021-04-10,CROISSANT,45.0,1.1,19
2021-04-11,CROISSANT,64.0,1.1,26
2021-04-12,CROISSANT,23.0,1.1,13
2021-04-13,CROISSANT,30.0,1.1,13
2021-04-14,CROISSANT,27.0,1.1,14
2021-04-15,CROISSANT,12.0,1.1,5
2021-04-16,CROISSANT,33.0,1.1,15
2021-04-17,CROISSANT,71.0,1.1,24
2021-04-18,CROISSANT,95.0,1.1,29
2021-04-19,CROISSANT,28.0,1.1,12
2021-04-20,CROISSANT,37.0,1.1,16
2021-04-21,CROISSANT,31.0,1.1,14
2021-04-22,CROISSANT,26.0,1.1,15
2021-04-23,CROISSANT,28.0,1.1,13
2021-04-24,CROISSANT,66.0,1.1,26
2021-04-25,CROISSANT,114.0,1.1,36
2021-04-26,CROISSANT,36.0,1.1,19
2021-04-27,CROISSANT,29.0,1.1,11
2021-04-28,CROISSANT,28.0,1.1,11
2021-04-29,CROISSANT,23.0,1.1,9
2021-04-30,CROISSANT,30.0,1.1,14
2021-05-01,CROISSANT,55.0,1.1,23
2021-05-02,CROISSANT,79.0,1.1,36
2021-05-03,CROISSANT,40.0,1.1,19
2021-05-04,CROISSANT,16.0,1.1,9
2021-05-05,CROISSANT,47.0,1.1,15
2021-05-06,CROISSANT,19.0,1.1,11
2021-05-07,CROISSANT,32.0,1.1,17
2021-05-08,CROISSANT,64.0,1.1,21
2021-05-09,CROISSANT,86.0,1.1,34
2021-05-10,CROISSANT,26.0,1.1,13
2021-05-11,CROISSANT,19.0,1.1,6
2021-05-12,CROISSANT,28.0,1.1,14
2021-05-13,CROISSANT,66.0,1.1,26
2021-05-14,CROISSANT,109.0,1.1,33
2021-05-15,CROISSANT,112.0,1.1,35
2021-05-16,CROISSANT,189.0,1.1,55
2021-05-21,CROISSANT,22.0,1.1,10
2021-05-22,CROISSANT,87.0,1.1,31
2021-05-23,CROISSANT,149.0,1.1,43
2021-05-24,CROISSANT,112.0,1.1,38
2021-05-25,CROISSANT,32.0,1.1,17
2021-05-26,CROISSANT,8.0,1.1,6
2021-05-27,CROISSANT,21.0,1.1,14
2021-05-28,CROISSANT,12.0,1.1,7
2021-05-29,CROISSANT,68.0,1.1,30
2021-05-30,CROISSANT,106.0,1.1,38
2021-05-31,CROISSANT,22.0,1.1,12
2021-06-01,CROISSANT,30.0,1.1,12
2021-06-02,CROISSANT,23.0,1.1,10
2021-06-03,CROISSANT,14.0,1.1,9
2021-06-04,CROISSANT,45.0,1.1,13
2021-06-05,CROISSANT,72.0,1.1,20
2021-06-06,CROISSANT,112.0,1.1,40
2021-06-07,CROISSANT,23.0,1.1,14
2021-06-08,CROISSANT,38.0,1.1,14
2021-06-09,CROISSANT,30.0,1.1,13
2021-06-10,CROISSANT,23.0,1.1,9
2021-06-11,CROISSANT,40.0,1.1,17
2021-06-12,CROISSANT,62.0,1.1,24
2021-06-13,CROISSANT,110.0,1.1,31
2021-06-14,CROISSANT,27.0,1.1,12
2021-06-15,CROISSANT,32.0,1.1,13
2021-06-16,CROISSANT,38.0,1.1,16
2021-06-17,CROISSANT,17.0,1.1,9
2021-06-18,CROISSANT,27.0,1.1,12
2021-06-19,CROISSANT,46.0,1.1,19
2021-06-20,CROISSANT,122.0,1.1,42
2021-06-21,CROISSANT,34.0,1.1,14
2021-06-22,CROISSANT,13.0,1.1,8
2021-06-23,CROISSANT,18.0,1.1,7
2021-06-24,CROISSANT,32.0,1.1,17
2021-06-25,CROISSANT,33.0,1.1,16
2021-06-26,CROISSANT,67.0,1.1,29
2021-06-27,CROISSANT,123.0,1.1,55
2021-06-28,CROISSANT,29.0,1.1,12
2021-06-29,CROISSANT,22.0,1.1,11
2021-06-30,CROISSANT,19.0,1.1,8
2021-07-01,CROISSANT,29.0,1.1,13
2021-07-02,CROISSANT,28.0,1.1,12
2021-07-03,CROISSANT,62.0,1.1,25
2021-07-04,CROISSANT,102.0,1.1,35
2021-07-05,CROISSANT,35.0,1.1,15
2021-07-06,CROISSANT,47.0,1.1,14
2021-07-07,CROISSANT,29.0,1.1,13
2021-07-08,CROISSANT,42.0,1.1,17
2021-07-09,CROISSANT,50.0,1.1,21
2021-07-10,CROISSANT,77.0,1.1,25
2021-07-11,CROISSANT,133.0,1.1,46
2021-07-12,CROISSANT,63.0,1.1,26
2021-07-13,CROISSANT,55.0,1.1,20
2021-07-14,CROISSANT,91.0,1.1,30
2021-07-15,CROISSANT,82.0,1.1,26
2021-07-16,CROISSANT,64.0,1.1,19
2021-07-17,CROISSANT,142.0,1.1,37
2021-07-18,CROISSANT,186.0,1.1,55
2021-07-19,CROISSANT,116.0,1.1,37
2021-07-20,CROISSANT,85.0,1.1,25
2021-07-21,CROISSANT,66.0,1.1,24
2021-07-22,CROISSANT,58.0,1.1,23
2021-07-23,CROISSANT,73.0,1.1,29
2021-07-24,CROISSANT,118.0,1.1,33
2021-07-25,CROISSANT,149.0,1.1,48
2021-07-26,CROISSANT,73.0,1.1,35
2021-07-27,CROISSANT,59.0,1.1,23
2021-07-28,CROISSANT,93.0,1.1,29
2021-07-29,CROISSANT,53.0,1.1,20
2021-07-30,CROISSANT,53.0,1.1,21
2021-07-31,CROISSANT,83.0,1.1,27
2021-08-01,CROISSANT,137.0,1.1,51
2021-08-02,CROISSANT,113.0,1.1,41
2021-08-03,CROISSANT,103.0,1.1,34
2021-08-04,CROISSANT,58.0,1.1,23
2021-08-05,CROISSANT,62.0,1.1,19
2021-08-06,CROISSANT,71.0,1.1,31
2021-08-07,CROISSANT,78.0,1.1,34
2021-08-08,CROISSANT,162.0,1.1,58
2021-08-09,CROISSANT,113.0,1.1,40
2021-08-10,CROISSANT,71.0,1.1,27
2021-08-11,CROISSANT,109.0,1.1,36
2021-08-12,CROISSANT,112.0,1.1,37
2021-08-13,CROISSANT,93.0,1.1,34
2021-08-14,CROISSANT,106.0,1.1,47
2021-08-15,CROISSANT,186.0,1.1,59
2021-08-16,CROISSANT,75.0,1.1,27
2021-08-17,CROISSANT,76.0,1.1,26
2021-08-18,CROISSANT,77.0,1.1,22
2021-08-19,CROISSANT,68.0,1.1,24
2021-08-20,CROISSANT,84.0,1.1,34
2021-08-21,CROISSANT,137.0,1.1,47
2021-08-22,CROISSANT,144.0,1.1,39
2021-08-23,CROISSANT,74.0,1.1,30
2021-08-24,CROISSANT,76.0,1.1,29
2021-08-25,CROISSANT,37.0,1.1,13
2021-08-26,CROISSANT,81.0,1.1,35
2021-08-27,CROISSANT,43.0,1.1,21
2021-08-28,CROISSANT,78.0,1.1,29
2021-08-29,CROISSANT,100.0,1.1,38
2021-08-30,CROISSANT,60.0,1.1,25
2021-08-31,CROISSANT,48.0,1.1,20
2021-09-01,CROISSANT,37.0,1.1,15
2021-09-02,CROISSANT,47.0,1.1,20
2021-09-03,CROISSANT,38.0,1.1,19
2021-09-04,CROISSANT,70.0,1.1,26
2021-09-05,CROISSANT,112.0,1.1,42
2021-09-06,CROISSANT,40.0,1.1,22
2021-09-07,CROISSANT,26.0,1.1,13
2021-09-08,CROISSANT,33.0,1.1,16
2021-09-09,CROISSANT,41.0,1.1,16
2021-09-10,CROISSANT,31.0,1.1,13
2021-09-11,CROISSANT,71.0,1.1,25
2021-09-12,CROISSANT,118.0,1.1,41
2021-09-13,CROISSANT,23.0,1.1,13
2021-09-14,CROISSANT,24.0,1.1,12
2021-09-15,CROISSANT,28.0,1.1,12
2021-09-16,CROISSANT,26.0,1.1,13
2021-09-17,CROISSANT,23.0,1.1,11
2021-09-18,CROISSANT,52.0,1.1,21
2021-09-19,CROISSANT,88.0,1.1,30
2021-09-20,CROISSANT,34.0,1.1,14
2021-09-21,CROISSANT,21.0,1.1,14
2021-09-23,CROISSANT,33.0,1.1,12
2021-09-24,CROISSANT,20.0,1.1,14
2021-09-25,CROISSANT,57.0,1.1,17
2021-09-26,CROISSANT,95.0,1.1,29
2021-09-27,CROISSANT,18.0,1.1,10
2021-09-28,CROISSANT,21.0,1.1,9
2021-09-29,CROISSANT,19.0,1.1,8
2021-09-30,CROISSANT,26.0,1.1,15
2021-10-01,CROISSANT,21.0,1.1,7
2021-10-02,CROISSANT,45.0,1.1,14
2021-10-03,CROISSANT,73.0,1.1,21
2021-10-04,CROISSANT,20.0,1.1,8
2021-10-05,CROISSANT,14.0,1.1,7
2021-10-06,CROISSANT,18.0,1.1,8
2021-10-07,CROISSANT,29.0,1.1,10
2021-10-08,CROISSANT,22.0,1.1,10
2021-10-09,CROISSANT,41.0,1.1,15
2021-10-10,CROISSANT,95.0,1.1,34
2021-10-11,CROISSANT,31.0,1.1,10
2021-10-12,CROISSANT,16.0,1.1,10
2021-10-13,CROISSANT,22.0,1.1,8
2021-10-14,CROISSANT,16.0,1.1,9
2021-10-15,CROISSANT,60.0,1.1,13
2021-10-16,CROISSANT,48.0,1.1,19
2021-10-17,CROISSANT,83.0,1.1,26
2021-10-18,CROISSANT,18.0,1.1,10
2021-10-19,CROISSANT,22.0,1.1,13
2021-10-20,CROISSANT,19.0,1.1,8
2021-10-21,CROISSANT,24.0,1.1,12
2021-10-22,CROISSANT,26.0,1.1,11
2021-10-23,CROISSANT,48.0,1.1,22
2021-10-24,CROISSANT,96.0,1.1,31
2021-10-25,CROISSANT,29.0,1.1,15
2021-10-26,CROISSANT,41.0,1.1,22
2021-10-27,CROISSANT,21.0,1.1,11
2021-10-28,CROISSANT,22.0,1.1,13
2021-10-29,CROISSANT,30.0,1.1,14
2021-10-30,CROISSANT,69.0,1.1,28
2021-10-31,CROISSANT,121.0,1.1,43
2021-11-01,CROISSANT,46.0,1.1,19
2021-11-02,CROISSANT,40.0,1.1,19
2021-11-03,CROISSANT,25.0,1.1,10
2021-11-04,CROISSANT,25.0,1.1,9
2021-11-05,CROISSANT,33.0,1.1,13
2021-11-06,CROISSANT,49.0,1.1,18
2021-11-07,CROISSANT,57.0,1.1,19
2021-11-08,CROISSANT,17.0,1.1,7
2021-11-09,CROISSANT,14.0,1.1,9
2021-11-10,CROISSANT,16.0,1.1,11
2021-11-11,CROISSANT,54.0,1.1,21
2021-11-12,CROISSANT,14.0,1.1,12
2021-11-13,CROISSANT,34.0,1.1,16
2021-11-14,CROISSANT,81.0,1.1,24
2021-11-15,CROISSANT,28.0,1.1,11
2021-11-16,CROISSANT,18.0,1.1,11
2021-11-18,CROISSANT,21.0,1.1,9
2021-11-19,CROISSANT,28.0,1.1,7
2021-11-20,CROISSANT,44.0,1.1,13
2021-11-21,CROISSANT,69.0,1.1,23
2021-11-22,CROISSANT,17.0,1.1,8
2021-11-23,CROISSANT,4.0,1.1,4
2021-11-25,CROISSANT,20.0,1.1,7
2021-11-26,CROISSANT,3.0,1.1,3
2021-11-27,CROISSANT,21.0,1.1,10
2021-11-28,CROISSANT,87.0,1.1,33
2021-11-29,CROISSANT,16.0,1.1,9
2021-11-30,CROISSANT,17.0,1.1,12
2021-12-02,CROISSANT,19.0,1.1,9
2021-12-03,CROISSANT,33.0,1.1,11
2021-12-04,CROISSANT,11.0,1.1,6
2021-12-05,CROISSANT,72.0,1.1,21
2021-12-09,CROISSANT,39.0,1.1,7
2021-12-10,CROISSANT,10.0,1.1,6
2021-12-11,CROISSANT,34.0,1.1,15
2021-12-12,CROISSANT,70.0,1.1,28
2021-12-13,CROISSANT,13.0,1.1,9
2021-12-14,CROISSANT,27.0,1.1,11
2021-12-16,CROISSANT,24.0,1.1,10
2021-12-17,CROISSANT,42.0,1.1,17
2021-12-18,CROISSANT,36.0,1.1,11
2021-12-19,CROISSANT,75.0,1.1,21
2021-12-20,CROISSANT,35.0,1.1,14
2021-12-21,CROISSANT,35.0,1.1,17
2021-12-22,CROISSANT,15.0,1.1,6
2021-12-23,CROISSANT,32.0,1.1,14
2021-12-24,CROISSANT,36.0,1.1,12
2021-12-25,CROISSANT,72.0,1.1,15
2021-12-26,CROISSANT,66.0,1.1,17
2021-12-27,CROISSANT,25.0,1.1,13
2021-12-28,CROISSANT,36.0,1.1,16
2021-12-29,CROISSANT,25.0,1.1,8
2021-12-30,CROISSANT,29.0,1.1,14
2021-12-31,CROISSANT,50.0,1.1,15
2022-01-02,CROISSANT,71.0,1.1,23
2022-01-03,CROISSANT,17.0,1.1,9
2022-01-04,CROISSANT,1.0,1.1,1
2022-01-06,CROISSANT,28.0,1.1,7
2022-01-07,CROISSANT,11.0,1.1,5
2022-01-08,CROISSANT,22.0,1.1,11
2022-01-09,CROISSANT,56.0,1.1,19
2022-01-10,CROISSANT,11.0,1.1,7
2022-01-11,CROISSANT,17.0,1.1,6
2022-01-13,CROISSANT,20.0,1.1,9
2022-01-14,CROISSANT,27.0,1.1,10
2022-01-15,CROISSANT,26.0,1.1,11
2022-01-16,CROISSANT,63.0,1.1,22
2022-01-17,CROISSANT,13.0,1.1,8
2022-01-18,CROISSANT,21.0,1.1,8
2022-01-20,CROISSANT,18.0,1.1,5
2022-01-21,CROISSANT,10.0,1.1,6
2022-01-22,CROISSANT,38.0,1.1,13
2022-01-23,CROISSANT,57.0,1.1,19
2022-01-24,CROISSANT,9.0,1.1,6
2022-01-25,CROISSANT,11.0,1.1,9
2022-01-27,CROISSANT,23.0,1.1,9
2022-01-28,CROISSANT,41.0,1.1,16
2022-01-29,CROISSANT,31.0,1.1,12
2022-01-30,CROISSANT,48.0,1.1,15
2022-01-31,CROISSANT,17.0,1.1,9
2022-02-01,CROISSANT,9.0,1.1,5
2022-02-03,CROISSANT,21.0,1.1,11
2022-02-04,CROISSANT,15.0,1.1,8
2022-02-05,CROISSANT,24.0,1.1,14
2022-02-06,CROISSANT,77.0,1.1,25
2022-02-07,CROISSANT,13.0,1.15,5
2022-02-08,CROISSANT,5.0,1.15,3
2022-02-10,CROISSANT,31.0,1.15,10
2022-02-11,CROISSANT,16.0,1.15,5
2022-02-12,CROISSANT,33.0,1.15,17
2022-02-13,CROISSANT,78.0,1.15,23
2022-02-14,CROISSANT,22.0,1.15,11
2022-02-15,CROISSANT,54.0,1.15,19
2022-02-17,CROISSANT,11.0,1.15,5
2022-02-18,CROISSANT,17.0,1.15,9
2022-02-19,CROISSANT,44.0,1.15,16
2022-02-20,CROISSANT,96.0,1.15,31
2022-02-21,CROISSANT,18.0,1.15,8
2022-02-22,CROISSANT,28.0,1.15,13
2022-02-24,CROISSANT,20.0,1.15,11
2022-02-25,CROISSANT,13.0,1.15,7
2022-02-26,CROISSANT,48.0,1.15,23
2022-02-27,CROISSANT,96.0,1.15,37
2022-02-28,CROISSANT,15.0,1.15,8
2022-03-01,CROISSANT,15.0,1.15,12
2022-03-02,CROISSANT,24.0,1.15,11
2022-03-03,CROISSANT,11.0,1.15,5
2022-03-04,CROISSANT,26.0,1.15,10
2022-03-05,CROISSANT,52.0,1.15,16
2022-03-06,CROISSANT,72.0,1.15,29
2022-03-07,CROISSANT,30.0,1.15,16
2022-03-08,CROISSANT,21.0,1.15,11
2022-03-09,CROISSANT,19.0,1.15,6
2022-03-10,CROISSANT,22.0,1.15,10
2022-03-11,CROISSANT,17.0,1.15,7
2022-03-12,CROISSANT,22.0,1.15,9
2022-03-13,CROISSANT,57.0,1.15,21
2022-03-14,CROISSANT,23.0,1.15,11
2022-03-15,CROISSANT,12.0,1.15,9
2022-03-16,CROISSANT,22.0,1.15,8
2022-03-17,CROISSANT,14.0,1.15,7
2022-03-18,CROISSANT,25.0,1.15,9
2022-03-19,CROISSANT,28.0,1.15,14
2022-03-20,CROISSANT,94.0,1.15,29
2022-03-21,CROISSANT,28.0,1.15,12
2022-03-22,CROISSANT,27.0,1.15,13
2022-03-23,CROISSANT,31.0,1.15,11
2022-03-24,CROISSANT,20.0,1.15,5
2022-03-25,CROISSANT,38.0,1.15,12
2022-03-26,CROISSANT,46.0,1.15,16
2022-03-27,CROISSANT,95.0,1.15,32
2022-03-28,CROISSANT,17.0,1.15,10
2022-03-29,CROISSANT,14.0,1.15,11
2022-03-30,CROISSANT,18.0,1.15,11
2022-03-31,CROISSANT,13.0,1.15,6
2022-04-01,CROISSANT,23.0,1.15,12
2022-04-02,CROISSANT,38.0,1.15,16
2022-04-03,CROISSANT,69.0,1.15,25
2022-04-04,CROISSANT,29.0,1.15,11
2022-04-05,CROISSANT,19.0,1.15,9
2022-04-06,CROISSANT,24.0,1.15,9
2022-04-07,CROISSANT,27.0,1.15,7
2022-04-08,CROISSANT,17.0,1.15,7
2022-04-09,CROISSANT,29.0,1.15,13
2022-04-10,CROISSANT,86.0,1.15,32
2022-04-11,CROISSANT,18.0,1.15,10
2022-04-12,CROISSANT,22.0,1.15,15
2022-04-13,CROISSANT,21.0,1.15,9
2022-04-14,CROISSANT,35.0,1.15,14
2022-04-15,CROISSANT,20.0,1.15,11
2022-04-16,CROISSANT,83.0,1.15,31
2022-04-17,CROISSANT,136.0,1.15,44
2022-04-18,CROISSANT,116.0,1.15,36
2022-04-19,CROISSANT,48.0,1.15,18
2022-04-20,CROISSANT,34.0,1.15,17
2022-04-21,CROISSANT,35.0,1.15,19
2022-04-22,CROISSANT,24.0,1.15,13
2022-04-23,CROISSANT,47.0,1.15,18
2022-04-24,CROISSANT,85.0,1.15,35
2022-04-25,CROISSANT,24.0,1.15,14
2022-04-26,CROISSANT,20.0,1.15,7
2022-04-27,CROISSANT,17.0,1.15,8
2022-04-28,CROISSANT,14.0,1.15,8
2022-04-29,CROISSANT,36.0,1.15,18
2022-04-30,CROISSANT,70.0,1.15,23
2022-05-01,CROISSANT,128.0,1.15,48
2022-05-02,CROISSANT,34.0,1.15,14
2022-05-03,CROISSANT,19.0,1.15,10
2022-05-05,CROISSANT,29.0,1.15,14
2022-05-06,CROISSANT,13.0,1.15,8
2022-05-07,CROISSANT,44.0,1.15,22
2022-05-08,CROISSANT,87.0,1.15,30
2022-05-09,CROISSANT,17.0,1.15,10
2022-05-10,CROISSANT,18.0,1.15,7
2022-05-11,CROISSANT,17.0,1.15,8
2022-05-12,CROISSANT,20.0,1.15,8
2022-05-13,CROISSANT,12.0,1.15,8
2022-05-14,CROISSANT,31.0,1.15,13
2022-05-15,CROISSANT,97.0,1.15,36
2022-05-16,CROISSANT,27.0,1.15,13
2022-05-17,CROISSANT,19.0,1.15,7
2022-05-18,CROISSANT,17.0,1.15,9
2022-05-19,CROISSANT,10.0,1.15,7
2022-05-20,CROISSANT,21.0,1.15,10
2022-05-21,CROISSANT,65.0,1.15,20
2022-05-22,CROISSANT,95.0,1.15,31
2022-05-23,CROISSANT,18.0,1.15,8
2022-05-24,CROISSANT,23.0,1.15,11
2022-05-25,CROISSANT,19.0,1.15,9
2022-05-26,CROISSANT,111.0,1.15,42
2022-05-27,CROISSANT,140.0,1.15,46
2022-05-28,CROISSANT,112.0,1.15,36
2022-05-29,CROISSANT,190.0,1.15,67
2022-05-30,CROISSANT,37.0,1.15,19
2022-05-31,CROISSANT,12.0,1.15,10
2022-06-01,CROISSANT,35.0,1.15,16
2022-06-02,CROISSANT,22.0,1.15,13
2022-06-03,CROISSANT,33.0,1.15,15
2022-06-04,CROISSANT,72.0,1.15,24
2022-06-05,CROISSANT,132.0,1.15,45
2022-06-06,CROISSANT,119.0,1.15,42
2022-06-07,CROISSANT,15.0,1.15,9
2022-06-08,CROISSANT,14.0,1.15,8
2022-06-09,CROISSANT,31.0,1.15,15
2022-06-10,CROISSANT,19.0,1.15,14
2022-06-11,CROISSANT,62.0,1.15,25
2022-06-12,CROISSANT,87.0,1.15,34
2022-06-13,CROISSANT,20.0,1.15,9
2022-06-14,CROISSANT,24.0,1.15,10
2022-06-15,CROISSANT,23.0,1.15,12
2022-06-16,CROISSANT,24.0,1.15,16
2022-06-17,CROISSANT,17.0,1.15,8
2022-06-18,CROISSANT,75.0,1.15,27
2022-06-19,CROISSANT,114.0,1.15,43
2022-06-20,CROISSANT,38.0,1.15,13
2022-06-21,CROISSANT,36.0,1.15,16
2022-06-22,CROISSANT,32.0,1.15,18
2022-06-23,CROISSANT,40.0,1.15,20
2022-06-24,CROISSANT,37.0,1.15,18
2022-06-25,CROISSANT,46.0,1.15,21
2022-06-26,CROISSANT,97.0,1.15,32
2022-06-27,CROISSANT,45.0,1.15,19
2022-06-28,CROISSANT,13.0,1.15,9
2022-06-29,CROISSANT,15.0,1.2,8
2022-06-30,CROISSANT,25.0,1.2,10
2022-07-01,CROISSANT,34.0,1.2,14
2022-07-02,CROISSANT,34.0,1.2,20
2022-07-03,CROISSANT,96.0,1.2,41
2022-07-04,CROISSANT,38.0,1.2,13
2022-07-05,CROISSANT,26.0,1.2,14
2022-07-06,CROISSANT,28.0,1.2,13
2022-07-07,CROISSANT,26.0,1.2,15
2022-07-08,CROISSANT,21.0,1.2,11
2022-07-09,CROISSANT,76.0,1.2,28
2022-07-10,CROISSANT,130.0,1.2,45
2022-07-11,CROISSANT,66.0,1.2,26
2022-07-12,CROISSANT,42.0,1.2,18
2022-07-13,CROISSANT,53.0,1.2,18
2022-07-14,CROISSANT,131.0,1.2,46
2022-07-15,CROISSANT,153.0,1.2,43
2022-07-16,CROISSANT,161.0,1.2,54
2022-07-17,CROISSANT,206.0,1.2,71
2022-07-18,CROISSANT,102.0,1.2,30
2022-07-19,CROISSANT,74.0,1.2,29
2022-07-20,CROISSANT,53.0,1.2,21
2022-07-21,CROISSANT,64.0,1.2,26
2022-07-22,CROISSANT,91.0,1.2,26
2022-07-23,CROISSANT,116.0,1.2,44
2022-07-24,CROISSANT,153.0,1.2,54
2022-07-25,CROISSANT,96.0,1.2,41
2022-07-26,CROISSANT,48.0,1.2,19
2022-07-27,CROISSANT,49.0,1.2,21
2022-07-28,CROISSANT,60.0,1.2,26
2022-07-29,CROISSANT,52.0,1.2,22
2022-07-30,CROISSANT,112.0,1.2,50
2022-07-31,CROISSANT,210.0,1.2,66
2022-08-01,CROISSANT,90.0,1.2,36
2022-08-02,CROISSANT,75.0,1.2,33
2022-08-03,CROISSANT,37.0,1.2,19
2022-08-04,CROISSANT,81.0,1.2,29
2022-08-05,CROISSANT,89.0,1.2,36
2022-08-06,CROISSANT,108.0,1.2,41
2022-08-07,CROISSANT,216.0,1.2,59
2022-08-08,CROISSANT,121.0,1.2,44
2022-08-09,CROISSANT,83.0,1.2,33
2022-08-10,CROISSANT,100.0,1.2,33
2022-08-11,CROISSANT,147.0,1.2,44
2022-08-12,CROISSANT,128.0,1.2,38
2022-08-13,CROISSANT,179.0,1.2,57
2022-08-14,CROISSANT,271.0,1.2,76
2022-08-15,CROISSANT,156.0,1.2,49
2022-08-16,CROISSANT,68.0,1.2,34
2022-08-17,CROISSANT,67.0,1.2,28
2022-08-18,CROISSANT,120.0,1.2,39
2022-08-19,CROISSANT,84.0,1.2,29
2022-08-20,CROISSANT,109.0,1.2,41
2022-08-21,CROISSANT,179.0,1.2,57
2022-08-22,CROISSANT,84.0,1.2,35
2022-08-23,CROISSANT,49.0,1.2,22
2022-08-24,CROISSANT,59.0,1.2,26
2022-08-25,CROISSANT,51.0,1.2,22
2022-08-26,CROISSANT,52.0,1.2,21
2022-08-27,CROISSANT,49.0,1.2,23
2022-08-28,CROISSANT,130.0,1.2,43
2022-08-29,CROISSANT,47.0,1.2,19
2022-08-30,CROISSANT,38.0,1.2,15
2022-08-31,CROISSANT,34.0,1.2,14
2022-09-02,CROISSANT,31.0,1.2,14
2022-09-03,CROISSANT,48.0,1.2,21
2022-09-04,CROISSANT,76.0,1.2,26
2022-09-05,CROISSANT,48.0,1.2,20
2022-09-06,CROISSANT,17.0,1.2,8
2022-09-07,CROISSANT,19.0,1.2,11
2022-09-08,CROISSANT,25.0,1.2,14
2022-09-09,CROISSANT,37.0,1.2,16
2022-09-10,CROISSANT,53.0,1.2,18
2022-09-11,CROISSANT,113.0,1.2,31
2022-09-12,CROISSANT,28.0,1.2,16
2022-09-13,CROISSANT,18.0,1.2,9
2022-09-14,CROISSANT,21.0,1.2,11
2022-09-15,CROISSANT,21.0,1.2,11
2022-09-16,CROISSANT,28.0,1.2,13
2022-09-17,CROISSANT,57.0,1.2,25
2022-09-18,CROISSANT,81.0,1.2,34
2022-09-20,CROISSANT,13.0,1.2,7
2022-09-21,CROISSANT,19.0,1.2,13
2022-09-22,CROISSANT,29.0,1.2,12
2022-09-23,CROISSANT,28.0,1.2,11
2022-09-24,CROISSANT,43.0,1.2,22
2022-09-25,CROISSANT,91.0,1.2,32
2022-09-26,CROISSANT,26.0,1.2,16
2022-09-27,CROISSANT,25.0,1.2,12
2022-09-28,CROISSANT,20.0,1.2,12
2022-09-29,CROISSANT,27.0,1.2,16
2022-09-30,CROISSANT,38.0,1.2,22
2021-01-05,CROISSANT AMANDES,2.0,1.4,2
2021-01-07,CROISSANT AMANDES,3.0,1.4,3
2021-01-10,CROISSANT AMANDES,3.0,1.4,2
2021-01-11,CROISSANT AMANDES,4.0,1.4,2
2021-01-12,CROISSANT AMANDES,1.0,1.4,1
2021-01-14,CROISSANT AMANDES,3.0,1.4,2
2021-01-15,CROISSANT AMANDES,3.0,1.4,3
2021-01-18,CROISSANT AMANDES,5.0,1.4,3
2021-01-19,CROISSANT AMANDES,3.0,1.4,2
2021-01-22,CROISSANT AMANDES,4.0,1.4,3
2021-01-23,CROISSANT AMANDES,1.0,1.4,1
2021-01-24,CROISSANT AMANDES,1.0,1.4,1
2021-01-25,CROISSANT AMANDES,5.0,1.4,2
2021-01-26,CROISSANT AMANDES,5.0,1.4,5
2021-01-28,CROISSANT AMANDES,5.0,1.4,3
2021-01-29,CROISSANT AMANDES,3.0,1.4,2
2021-01-31,CROISSANT AMANDES,2.0,1.4,2
2021-02-01,CROISSANT AMANDES,3.0,1.4,3
2021-02-02,CROISSANT AMANDES,4.0,1.4,2
2021-02-04,CROISSANT AMANDES,2.0,1.4,2
2021-02-05,CROISSANT AMANDES,3.0,1.4,2
2021-02-06,CROISSANT AMANDES,1.0,1.4,1
2021-02-07,CROISSANT AMANDES,4.0,1.4,2
2021-02-08,CROISSANT AMANDES,3.0,1.4,3
2021-02-09,CROISSANT AMANDES,6.0,1.4,4
2021-02-11,CROISSANT AMANDES,2.0,1.4,1
2021-02-13,CROISSANT AMANDES,5.0,1.4,5
2021-02-14,CROISSANT AMANDES,3.0,1.4,3
2021-02-16,CROISSANT AMANDES,6.0,1.4,6
2021-02-18,CROISSANT AMANDES,1.0,1.4,1
2021-02-19,CROISSANT AMANDES,2.0,1.4,1
2021-02-20,CROISSANT AMANDES,1.0,1.4,1
2021-02-21,CROISSANT AMANDES,6.0,1.4,5
2021-02-22,CROISSANT AMANDES,4.0,1.4,3
2021-02-23,CROISSANT AMANDES,8.0,1.4,5
2021-02-25,CROISSANT AMANDES,2.0,1.4,2
2021-02-26,CROISSANT AMANDES,5.0,1.4,4
2021-02-27,CROISSANT AMANDES,6.0,1.4,5
2021-02-28,CROISSANT AMANDES,2.0,1.4,2
2021-03-01,CROISSANT AMANDES,4.0,1.4,4
2021-03-02,CROISSANT AMANDES,6.0,1.4,5
2021-03-04,CROISSANT AMANDES,4.0,1.4,3
2021-03-05,CROISSANT AMANDES,2.0,1.4,1
2021-03-06,CROISSANT AMANDES,4.0,1.4,3
2021-03-07,CROISSANT AMANDES,2.0,1.4,2
2021-03-08,CROISSANT AMANDES,4.0,1.4,3
2021-03-09,CROISSANT AMANDES,5.0,1.4,4
2021-03-11,CROISSANT AMANDES,3.0,1.4,3
2021-03-12,CROISSANT AMANDES,7.0,1.4,6
2021-03-14,CROISSANT AMANDES,6.0,1.4,3
2021-03-16,CROISSANT AMANDES,6.0,1.4,3
2021-03-18,CROISSANT AMANDES,5.0,1.4,4
2021-03-19,CROISSANT AMANDES,4.0,1.4,4
2021-03-20,CROISSANT AMANDES,3.0,1.4,2
2021-03-21,CROISSANT AMANDES,2.0,1.4,1
2021-03-22,CROISSANT AMANDES,3.0,1.4,3
2021-03-23,CROISSANT AMANDES,1.0,1.4,1
2021-03-25,CROISSANT AMANDES,1.0,1.4,1
2021-03-26,CROISSANT AMANDES,5.0,1.4,5
2021-03-27,CROISSANT AMANDES,4.0,1.4,4
2021-03-28,CROISSANT AMANDES,3.0,1.4,3
2021-03-29,CROISSANT AMANDES,3.0,1.4,3
2021-03-30,CROISSANT AMANDES,3.0,1.4,2
2021-04-01,CROISSANT AMANDES,5.0,1.4,4
2021-04-02,CROISSANT AMANDES,4.0,1.4,2
2021-04-03,CROISSANT AMANDES,5.0,1.4,5
2021-04-04,CROISSANT AMANDES,6.0,1.4,1
2021-04-05,CROISSANT AMANDES,1.0,1.4,1
2021-04-06,CROISSANT AMANDES,6.0,1.4,4
2021-04-08,CROISSANT AMANDES,3.0,1.4,3
2021-04-09,CROISSANT AMANDES,3.0,1.4,3
2021-04-10,CROISSANT AMANDES,2.0,1.4,2
2021-04-11,CROISSANT AMANDES,7.0,1.4,3
2021-04-14,CROISSANT AMANDES,6.0,1.4,3
2021-04-15,CROISSANT AMANDES,3.0,1.4,3
2021-04-16,CROISSANT AMANDES,6.0,1.4,3
2021-04-17,CROISSANT AMANDES,4.0,1.4,3
2021-04-18,CROISSANT AMANDES,3.0,1.4,2
2021-04-19,CROISSANT AMANDES,3.0,1.4,1
2021-04-20,CROISSANT AMANDES,3.0,1.4,3
2021-04-22,CROISSANT AMANDES,6.0,1.4,3
2021-04-23,CROISSANT AMANDES,5.0,1.4,3
2021-04-24,CROISSANT AMANDES,3.0,1.4,3
2021-04-25,CROISSANT AMANDES,1.0,1.4,1
2021-04-26,CROISSANT AMANDES,5.0,1.4,2
2021-04-27,CROISSANT AMANDES,1.0,1.4,1
2021-04-28,CROISSANT AMANDES,5.0,1.4,1
2021-04-29,CROISSANT AMANDES,3.0,1.4,3
2021-04-30,CROISSANT AMANDES,5.0,1.4,3
2021-05-01,CROISSANT AMANDES,3.0,1.4,2
2021-05-02,CROISSANT AMANDES,3.0,1.4,3
2021-05-03,CROISSANT AMANDES,1.0,1.4,1
2021-05-04,CROISSANT AMANDES,3.0,1.4,2
2021-05-05,CROISSANT AMANDES,5.0,1.4,4
2021-05-06,CROISSANT AMANDES,2.0,1.4,2
2021-05-07,CROISSANT AMANDES,5.0,1.4,4
2021-05-09,CROISSANT AMANDES,5.0,1.4,5
2021-05-11,CROISSANT AMANDES,5.0,1.4,3
2021-05-12,CROISSANT AMANDES,4.0,1.4,4
2021-05-13,CROISSANT AMANDES,6.0,1.4,5
2021-05-14,CROISSANT AMANDES,3.0,1.4,2
2021-05-15,CROISSANT AMANDES,9.0,1.4,7
2021-05-16,CROISSANT AMANDES,7.0,1.4,5
2021-05-21,CROISSANT AMANDES,3.0,1.4,3
2021-05-22,CROISSANT AMANDES,10.0,1.4,8
2021-05-23,CROISSANT AMANDES,8.0,1.4,6
2021-05-24,CROISSANT AMANDES,8.0,1.4,5
2021-05-25,CROISSANT AMANDES,7.0,1.4,6
2021-05-26,CROISSANT AMANDES,1.0,1.4,1
2021-05-27,CROISSANT AMANDES,5.0,1.4,4
2021-05-28,CROISSANT AMANDES,6.0,1.4,6
2021-05-29,CROISSANT AMANDES,4.0,1.4,3
2021-05-30,CROISSANT AMANDES,2.0,1.4,2
2021-05-31,CROISSANT AMANDES,2.0,1.4,1
2021-06-01,CROISSANT AMANDES,2.0,1.4,2
2021-06-02,CROISSANT AMANDES,4.0,1.4,3
2021-06-03,CROISSANT AMANDES,2.0,1.4,2
2021-06-04,CROISSANT AMANDES,7.0,1.4,6
2021-06-05,CROISSANT AMANDES,11.0,1.4,7
2021-06-06,CROISSANT AMANDES,1.0,1.4,1
2021-06-07,CROISSANT AMANDES,9.0,1.4,9
2021-06-08,CROISSANT AMANDES,6.0,1.4,4
2021-06-09,CROISSANT AMANDES,4.0,1.4,4
2021-06-10,CROISSANT AMANDES,1.0,1.4,1
2021-06-11,CROISSANT AMANDES,2.0,1.4,2
2021-06-12,CROISSANT AMANDES,1.0,1.4,1
2021-06-13,CROISSANT AMANDES,4.0,1.4,3
2021-06-14,CROISSANT AMANDES,6.0,1.4,5
2021-06-15,CROISSANT AMANDES,4.0,1.4,3
2021-06-16,CROISSANT AMANDES,6.0,1.4,5
2021-06-17,CROISSANT AMANDES,9.0,1.4,7
2021-06-18,CROISSANT AMANDES,5.0,1.4,3
2021-06-19,CROISSANT AMANDES,11.0,1.4,9
2021-06-20,CROISSANT AMANDES,4.0,1.4,3
2021-06-21,CROISSANT AMANDES,3.0,1.4,2
2021-06-22,CROISSANT AMANDES,12.0,1.4,10
2021-06-23,CROISSANT AMANDES,6.0,1.4,4
2021-06-24,CROISSANT AMANDES,9.0,1.4,7
2021-06-25,CROISSANT AMANDES,5.0,1.4,4
2021-06-26,CROISSANT AMANDES,2.0,1.4,2
2021-06-27,CROISSANT AMANDES,8.0,1.4,6
2021-06-28,CROISSANT AMANDES,7.0,1.4,4
2021-06-29,CROISSANT AMANDES,2.0,1.4,2
2021-06-30,CROISSANT AMANDES,4.0,1.4,3
2021-07-01,CROISSANT AMANDES,5.0,1.4,4
2021-07-02,CROISSANT AMANDES,1.0,1.4,1
2021-07-03,CROISSANT AMANDES,3.0,1.4,3
2021-07-04,CROISSANT AMANDES,2.0,1.4,2
2021-07-05,CROISSANT AMANDES,7.0,1.4,4
2021-07-06,CROISSANT AMANDES,2.0,1.4,2
2021-07-07,CROISSANT AMANDES,8.0,1.4,6
2021-07-08,CROISSANT AMANDES,5.0,1.4,5
2021-07-10,CROISSANT AMANDES,12.0,1.4,9
2021-07-11,CROISSANT AMANDES,1.0,1.4,1
2021-07-12,CROISSANT AMANDES,5.0,1.4,5
2021-07-13,CROISSANT AMANDES,6.0,1.4,4
2021-07-14,CROISSANT AMANDES,7.0,1.4,5
2021-07-15,CROISSANT AMANDES,4.0,1.4,3
2021-07-16,CROISSANT AMANDES,6.0,1.4,4
2021-07-17,CROISSANT AMANDES,8.0,1.4,5
2021-07-18,CROISSANT AMANDES,7.0,1.4,5
2021-07-19,CROISSANT AMANDES,6.0,1.4,4
2021-07-20,CROISSANT AMANDES,3.0,1.4,3
2021-07-21,CROISSANT AMANDES,2.0,1.4,2
2021-07-22,CROISSANT AMANDES,3.0,1.4,2
2021-07-23,CROISSANT AMANDES,1.0,1.4,1
2021-07-24,CROISSANT AMANDES,2.0,1.4,2
2021-07-25,CROISSANT AMANDES,7.0,1.4,6
2021-07-26,CROISSANT AMANDES,8.0,1.4,7
2021-07-27,CROISSANT AMANDES,5.0,1.4,4
2021-07-28,CROISSANT AMANDES,5.0,1.4,2
2021-07-29,CROISSANT AMANDES,4.0,1.4,3
2021-07-30,CROISSANT AMANDES,7.0,1.4,4
2021-07-31,CROISSANT AMANDES,9.0,1.4,5
2021-08-01,CROISSANT AMANDES,2.0,1.4,2
2021-08-02,CROISSANT AMANDES,5.0,1.4,3
2021-08-03,CROISSANT AMANDES,4.0,1.4,4
2021-08-04,CROISSANT AMANDES,6.0,1.4,6
2021-08-05,CROISSANT AMANDES,2.0,1.4,2
2021-08-06,CROISSANT AMANDES,7.0,1.4,6
2021-08-07,CROISSANT AMANDES,3.0,1.4,2
2021-08-08,CROISSANT AMANDES,7.0,1.4,6
2021-08-09,CROISSANT AMANDES,6.0,1.4,4
2021-08-10,CROISSANT AMANDES,3.0,1.4,2
2021-08-11,CROISSANT AMANDES,5.0,1.4,4
2021-08-12,CROISSANT AMANDES,7.0,1.4,5
2021-08-13,CROISSANT AMANDES,4.0,1.4,3
2021-08-14,CROISSANT AMANDES,5.0,1.4,5
2021-08-15,CROISSANT AMANDES,13.0,1.4,4
2021-08-16,CROISSANT AMANDES,2.0,1.4,2
2021-08-17,CROISSANT AMANDES,10.0,1.4,9
2021-08-18,CROISSANT AMANDES,4.0,1.4,3
2021-08-19,CROISSANT AMANDES,5.0,1.4,5
2021-08-20,CROISSANT AMANDES,6.0,1.4,6
2021-08-21,CROISSANT AMANDES,5.0,1.4,4
2021-08-22,CROISSANT AMANDES,8.0,1.4,5
2021-08-23,CROISSANT AMANDES,10.0,1.4,7
2021-08-24,CROISSANT AMANDES,6.0,1.4,4
2021-08-25,CROISSANT AMANDES,5.0,1.4,3
2021-08-26,CROISSANT AMANDES,3.0,1.4,3
2021-08-28,CROISSANT AMANDES,4.0,1.4,3
2021-08-29,CROISSANT AMANDES,6.0,1.4,4
2021-08-30,CROISSANT AMANDES,7.0,1.4,5
2021-08-31,CROISSANT AMANDES,3.0,1.4,3
2021-09-01,CROISSANT AMANDES,1.0,1.4,1
2021-09-02,CROISSANT AMANDES,4.0,1.4,3
2021-09-03,CROISSANT AMANDES,8.0,1.4,7
2021-09-04,CROISSANT AMANDES,1.0,1.4,1
2021-09-05,CROISSANT AMANDES,2.0,1.4,2
2021-09-06,CROISSANT AMANDES,3.0,1.4,2
2021-09-07,CROISSANT AMANDES,7.0,1.4,6
2021-09-08,CROISSANT AMANDES,4.0,1.4,2
2021-09-10,CROISSANT AMANDES,5.0,1.4,4
2021-09-11,CROISSANT AMANDES,2.0,1.4,2
2021-09-12,CROISSANT AMANDES,3.0,1.4,3
2021-09-13,CROISSANT AMANDES,1.0,1.4,1
2021-09-14,CROISSANT AMANDES,7.0,1.4,5
2021-09-15,CROISSANT AMANDES,5.0,1.4,5
2021-09-16,CROISSANT AMANDES,3.0,1.4,3
2021-09-17,CROISSANT AMANDES,3.0,1.4,3
2021-09-18,CROISSANT AMANDES,1.0,1.4,1
2021-09-19,CROISSANT AMANDES,3.0,1.4,3
2021-09-20,CROISSANT AMANDES,6.0,1.4,4
2021-09-21,CROISSANT AMANDES,4.0,1.4,3
2021-09-23,CROISSANT AMANDES,3.0,1.4,2
2021-09-24,CROISSANT AMANDES,1.0,1.4,1
2021-09-25,CROISSANT AMANDES,3.0,1.4,3
2021-09-26,CROISSANT AMANDES,5.0,1.4,3
2021-09-27,CROISSANT AMANDES,4.0,1.4,3
2021-09-28,CROISSANT AMANDES,4.0,1.4,4
2021-09-29,CROISSANT AMANDES,1.0,1.4,1
2021-10-01,CROISSANT AMANDES,2.0,1.4,1
2021-10-02,CROISSANT AMANDES,5.0,1.4,2
2021-10-03,CROISSANT AMANDES,2.0,1.4,2
2021-10-04,CROISSANT AMANDES,5.0,1.4,4
2021-10-05,CROISSANT AMANDES,4.0,1.4,4
2021-10-06,CROISSANT AMANDES,3.0,1.4,2
2021-10-07,CROISSANT AMANDES,5.0,1.4,4
2021-10-08,CROISSANT AMANDES,6.0,1.4,4
2021-10-09,CROISSANT AMANDES,6.0,1.4,6
2021-10-10,CROISSANT AMANDES,1.0,1.4,1
2021-10-11,CROISSANT AMANDES,1.0,1.4,1
2021-10-12,CROISSANT AMANDES,1.0,1.4,1
2021-10-14,CROISSANT AMANDES,1.0,1.4,1
2021-10-15,CROISSANT AMANDES,7.0,1.4,4
2021-10-16,CROISSANT AMANDES,1.0,1.4,1
2021-10-19,CROISSANT AMANDES,1.0,1.4,1
2021-10-20,CROISSANT AMANDES,5.0,1.4,5
2021-10-21,CROISSANT AMANDES,2.0,1.4,1
2021-10-22,CROISSANT AMANDES,1.0,1.4,1
2021-10-23,CROISSANT AMANDES,5.0,1.4,3
2021-10-24,CROISSANT AMANDES,4.0,1.4,4
2021-10-25,CROISSANT AMANDES,2.0,1.4,2
2021-10-27,CROISSANT AMANDES,5.0,1.4,4
2021-10-28,CROISSANT AMANDES,2.0,1.4,2
2021-10-29,CROISSANT AMANDES,8.0,1.4,4
2021-10-30,CROISSANT AMANDES,4.0,1.4,2
2021-11-01,CROISSANT AMANDES,6.0,1.4,4
2021-11-02,CROISSANT AMANDES,7.0,1.4,3
2021-11-03,CROISSANT AMANDES,5.0,1.4,3
2021-11-04,CROISSANT AMANDES,5.0,1.4,3
2021-11-05,CROISSANT AMANDES,4.0,1.4,2
2021-11-06,CROISSANT AMANDES,1.0,1.4,1
2021-11-07,CROISSANT AMANDES,2.0,1.4,2
2021-11-08,CROISSANT AMANDES,3.0,1.4,2
2021-11-09,CROISSANT AMANDES,3.0,1.4,2
2021-11-10,CROISSANT AMANDES,3.0,1.4,3
2021-11-11,CROISSANT AMANDES,1.0,1.4,1
2021-11-13,CROISSANT AMANDES,3.0,1.4,2
2021-11-14,CROISSANT AMANDES,1.0,1.4,1
2021-11-15,CROISSANT AMANDES,3.0,1.4,2
2021-11-16,CROISSANT AMANDES,2.0,1.4,2
2021-11-18,CROISSANT AMANDES,6.0,1.4,4
2021-11-19,CROISSANT AMANDES,3.0,1.4,2
2021-11-20,CROISSANT AMANDES,4.0,1.4,3
2021-11-21,CROISSANT AMANDES,3.0,1.4,3
2021-11-23,CROISSANT AMANDES,4.0,1.4,4
2021-11-26,CROISSANT AMANDES,3.0,1.4,2
2021-11-27,CROISSANT AMANDES,5.0,1.4,3
2021-11-28,CROISSANT AMANDES,6.0,1.4,6
2021-11-29,CROISSANT AMANDES,1.0,1.4,1
2021-11-30,CROISSANT AMANDES,3.0,1.4,3
2021-12-02,CROISSANT AMANDES,4.0,1.4,3
2021-12-03,CROISSANT AMANDES,5.0,1.4,5
2021-12-04,CROISSANT AMANDES,5.0,1.4,5
2021-12-05,CROISSANT AMANDES,3.0,1.4,3
2021-12-09,CROISSANT AMANDES,4.0,1.4,3
2021-12-10,CROISSANT AMANDES,2.0,1.4,2
2021-12-11,CROISSANT AMANDES,2.0,1.4,1
2021-12-12,CROISSANT AMANDES,4.0,1.4,3
2021-12-13,CROISSANT AMANDES,3.0,1.4,2
2021-12-14,CROISSANT AMANDES,4.0,1.4,3
2021-12-16,CROISSANT AMANDES,5.0,1.4,5
2021-12-17,CROISSANT AMANDES,6.0,1.4,3
2021-12-18,CROISSANT AMANDES,3.0,1.4,2
2021-12-19,CROISSANT AMANDES,2.0,1.4,2
2021-12-20,CROISSANT AMANDES,2.0,1.4,2
2021-12-21,CROISSANT AMANDES,8.0,1.4,8
2021-12-22,CROISSANT AMANDES,1.0,1.4,1
2021-12-23,CROISSANT AMANDES,3.0,1.4,3
2021-12-25,CROISSANT AMANDES,1.0,1.4,1
2021-12-26,CROISSANT AMANDES,1.0,1.4,1
2021-12-28,CROISSANT AMANDES,2.0,1.4,2
2021-12-29,CROISSANT AMANDES,2.0,1.4,2
2021-12-30,CROISSANT AMANDES,5.0,1.4,4
2021-12-31,CROISSANT AMANDES,5.0,1.4,4
2022-01-02,CROISSANT AMANDES,6.0,1.4,5
2022-01-03,CROISSANT AMANDES,2.0,1.4,2
2022-01-06,CROISSANT AMANDES,5.0,1.4,4
2022-01-11,CROISSANT AMANDES,2.0,1.4,2
2022-01-13,CROISSANT AMANDES,3.0,1.4,3
2022-01-14,CROISSANT AMANDES,2.0,1.4,2
2022-01-15,CROISSANT AMANDES,1.0,1.4,1
2022-01-16,CROISSANT AMANDES,2.0,1.4,2
2022-01-17,CROISSANT AMANDES,3.0,1.4,2
2022-01-18,CROISSANT AMANDES,1.0,1.4,1
2022-01-20,CROISSANT AMANDES,5.0,1.4,3
2022-01-21,CROISSANT AMANDES,3.0,1.4,2
2022-01-22,CROISSANT AMANDES,3.0,1.4,3
2022-01-23,CROISSANT AMANDES,3.0,1.4,2
2022-01-24,CROISSANT AMANDES,4.0,1.4,3
2022-01-25,CROISSANT AMANDES,3.0,1.4,2
2022-01-27,CROISSANT AMANDES,5.0,1.4,3
2022-01-28,CROISSANT AMANDES,2.0,1.4,2
2022-01-29,CROISSANT AMANDES,6.0,1.4,1
2022-01-30,CROISSANT AMANDES,3.0,1.4,2
2022-01-31,CROISSANT AMANDES,2.0,1.4,2
2022-02-01,CROISSANT AMANDES,2.0,1.4,2
2022-02-03,CROISSANT AMANDES,1.0,1.4,1
2022-02-04,CROISSANT AMANDES,3.0,1.4,3
2022-02-06,CROISSANT AMANDES,3.0,1.4,3
2022-02-07,CROISSANT AMANDES,2.0,1.5,2
2022-02-08,CROISSANT AMANDES,3.0,1.5,3
2022-02-10,CROISSANT AMANDES,1.0,1.5,1
2022-02-11,CROISSANT AMANDES,3.0,1.5,3
2022-02-13,CROISSANT AMANDES,4.0,1.5,4
2022-02-14,CROISSANT AMANDES,1.0,1.5,1
2022-02-15,CROISSANT AMANDES,3.0,1.5,2
2022-02-17,CROISSANT AMANDES,5.0,1.5,3
2022-02-18,CROISSANT AMANDES,2.0,1.5,2
2022-02-19,CROISSANT AMANDES,2.0,1.5,2
2022-02-20,CROISSANT AMANDES,5.0,1.5,4
2022-02-22,CROISSANT AMANDES,1.0,1.5,1
2022-02-24,CROISSANT AMANDES,4.0,1.5,3
2022-02-25,CROISSANT AMANDES,3.0,1.5,1
2022-02-26,CROISSANT AMANDES,7.0,1.5,4
2022-02-27,CROISSANT AMANDES,4.0,1.5,3
2022-02-28,CROISSANT AMANDES,2.0,1.5,1
2022-03-01,CROISSANT AMANDES,6.0,1.5,3
2022-03-02,CROISSANT AMANDES,2.0,1.5,2
2022-03-03,CROISSANT AMANDES,2.0,1.5,2
2022-03-04,CROISSANT AMANDES,3.0,1.5,3
2022-03-05,CROISSANT AMANDES,5.0,1.5,3
2022-03-06,CROISSANT AMANDES,4.0,1.5,4
2022-03-07,CROISSANT AMANDES,2.0,1.5,2
2022-03-08,CROISSANT AMANDES,6.0,1.5,5
2022-03-09,CROISSANT AMANDES,3.0,1.5,3
2022-03-10,CROISSANT AMANDES,2.0,1.5,2
2022-03-11,CROISSANT AMANDES,6.0,1.5,4
2022-03-12,CROISSANT AMANDES,3.0,1.5,3
2022-03-13,CROISSANT AMANDES,6.0,1.5,5
2022-03-14,CROISSANT AMANDES,1.0,1.5,1
2022-03-15,CROISSANT AMANDES,4.0,1.5,4
2022-03-16,CROISSANT AMANDES,1.0,1.5,1
2022-03-17,CROISSANT AMANDES,1.0,1.5,1
2022-03-18,CROISSANT AMANDES,3.0,1.5,3
2022-03-19,CROISSANT AMANDES,2.0,1.5,1
2022-03-20,CROISSANT AMANDES,7.0,1.5,6
2022-03-21,CROISSANT AMANDES,4.0,1.5,4
2022-03-22,CROISSANT AMANDES,1.0,1.5,1
2022-03-23,CROISSANT AMANDES,5.0,1.5,4
2022-03-24,CROISSANT AMANDES,4.0,1.5,3
2022-03-25,CROISSANT AMANDES,1.0,1.5,1
2022-03-26,CROISSANT AMANDES,3.0,1.5,3
2022-03-27,CROISSANT AMANDES,4.0,1.5,4
2022-03-28,CROISSANT AMANDES,3.0,1.5,3
2022-03-29,CROISSANT AMANDES,2.0,1.5,1
2022-03-30,CROISSANT AMANDES,2.0,1.5,2
2022-03-31,CROISSANT AMANDES,3.0,1.5,3
2022-04-01,CROISSANT AMANDES,5.0,1.5,4
2022-04-02,CROISSANT AMANDES,7.0,1.5,3
2022-04-03,CROISSANT AMANDES,3.0,1.5,3
2022-04-04,CROISSANT AMANDES,3.0,1.5,3
2022-04-05,CROISSANT AMANDES,1.0,1.5,1
2022-04-06,CROISSANT AMANDES,2.0,1.5,2
2022-04-07,CROISSANT AMANDES,3.0,1.5,3
2022-04-08,CROISSANT AMANDES,2.0,1.5,2
2022-04-09,CROISSANT AMANDES,3.0,1.5,2
2022-04-10,CROISSANT AMANDES,7.0,1.5,5
2022-04-11,CROISSANT AMANDES,4.0,1.5,3
2022-04-12,CROISSANT AMANDES,4.0,1.5,3
2022-04-13,CROISSANT AMANDES,2.0,1.5,2
2022-04-14,CROISSANT AMANDES,4.0,1.5,4
2022-04-15,CROISSANT AMANDES,4.0,1.5,4
2022-04-16,CROISSANT AMANDES,7.0,1.5,2
2022-04-17,CROISSANT AMANDES,3.0,1.5,3
2022-04-18,CROISSANT AMANDES,4.0,1.5,3
2022-04-19,CROISSANT AMANDES,3.0,1.5,2
2022-04-20,CROISSANT AMANDES,5.0,1.5,4
2022-04-21,CROISSANT AMANDES,3.0,1.5,2
2022-04-22,CROISSANT AMANDES,2.0,1.5,1
2022-04-23,CROISSANT AMANDES,8.0,1.5,5
2022-04-24,CROISSANT AMANDES,5.0,1.5,4
2022-04-25,CROISSANT AMANDES,3.0,1.5,1
2022-04-26,CROISSANT AMANDES,4.0,1.5,4
2022-04-27,CROISSANT AMANDES,5.0,1.5,3
2022-04-28,CROISSANT AMANDES,3.0,1.5,3
2022-04-29,CROISSANT AMANDES,1.0,1.5,1
2022-04-30,CROISSANT AMANDES,5.0,1.5,5
2022-05-01,CROISSANT AMANDES,5.0,1.5,4
2022-05-02,CROISSANT AMANDES,4.0,1.5,3
2022-05-03,CROISSANT AMANDES,6.0,1.5,5
2022-05-05,CROISSANT AMANDES,3.0,1.5,2
2022-05-06,CROISSANT AMANDES,6.0,1.5,5
2022-05-07,CROISSANT AMANDES,4.0,1.5,2
2022-05-08,CROISSANT AMANDES,7.0,1.5,6
2022-05-09,CROISSANT AMANDES,4.0,1.5,3
2022-05-10,CROISSANT AMANDES,4.0,1.5,4
2022-05-11,CROISSANT AMANDES,5.0,1.5,4
2022-05-12,CROISSANT AMANDES,4.0,1.5,4
2022-05-13,CROISSANT AMANDES,4.0,1.5,4
2022-05-14,CROISSANT AMANDES,3.0,1.5,3
2022-05-15,CROISSANT AMANDES,2.0,1.5,2
2022-05-16,CROISSANT AMANDES,4.0,1.5,2
2022-05-17,CROISSANT AMANDES,6.0,1.5,5
2022-05-18,CROISSANT AMANDES,5.0,1.5,4
2022-05-19,CROISSANT AMANDES,5.0,1.5,4
2022-05-20,CROISSANT AMANDES,5.0,1.5,4
2022-05-21,CROISSANT AMANDES,6.0,1.5,4
2022-05-22,CROISSANT AMANDES,7.0,1.5,6
2022-05-23,CROISSANT AMANDES,3.0,1.5,2
2022-05-24,CROISSANT AMANDES,4.0,1.5,4
2022-05-25,CROISSANT AMANDES,2.0,1.5,2
2022-05-26,CROISSANT AMANDES,2.0,1.5,2
2022-05-27,CROISSANT AMANDES,8.0,1.5,4
2022-05-28,CROISSANT AMANDES,4.0,1.5,4
2022-05-29,CROISSANT AMANDES,6.0,1.5,4
2022-05-30,CROISSANT AMANDES,6.0,1.5,2
2022-05-31,CROISSANT AMANDES,6.0,1.5,4
2022-06-01,CROISSANT AMANDES,3.0,1.5,3
2022-06-03,CROISSANT AMANDES,1.0,1.5,1
2022-06-04,CROISSANT AMANDES,3.0,1.5,2
2022-06-05,CROISSANT AMANDES,9.0,1.5,7
2022-06-06,CROISSANT AMANDES,7.0,1.5,6
2022-06-07,CROISSANT AMANDES,4.0,1.5,4
2022-06-10,CROISSANT AMANDES,2.0,1.5,2
2022-06-11,CROISSANT AMANDES,1.0,1.5,1
2022-06-12,CROISSANT AMANDES,2.0,1.5,2
2022-06-13,CROISSANT AMANDES,2.0,1.5,2
2022-06-14,CROISSANT AMANDES,3.0,1.5,2
2022-06-15,CROISSANT AMANDES,4.0,1.5,2
2022-06-16,CROISSANT AMANDES,3.0,1.5,3
2022-06-17,CROISSANT AMANDES,1.0,1.5,1
2022-06-18,CROISSANT AMANDES,3.0,1.5,2
2022-06-19,CROISSANT AMANDES,11.0,1.5,10
2022-06-20,CROISSANT AMANDES,3.0,1.5,2
2022-06-21,CROISSANT AMANDES,2.0,1.5,2
2022-06-23,CROISSANT AMANDES,5.0,1.5,5
2022-06-24,CROISSANT AMANDES,4.0,1.5,3
2022-06-25,CROISSANT AMANDES,1.0,1.5,1
2022-06-26,CROISSANT AMANDES,7.0,1.5,5
2022-06-27,CROISSANT AMANDES,5.0,1.5,4
2022-06-28,CROISSANT AMANDES,3.0,1.5,3
2022-06-29,CROISSANT AMANDES,2.0,1.6,1
2022-06-30,CROISSANT AMANDES,2.0,1.6,2
2022-07-01,CROISSANT AMANDES,4.0,1.6,2
2022-07-02,CROISSANT AMANDES,8.0,1.6,7
2022-07-03,CROISSANT AMANDES,8.0,1.6,6
2022-07-05,CROISSANT AMANDES,4.0,1.6,4
2022-07-06,CROISSANT AMANDES,8.0,1.6,5
2022-07-07,CROISSANT AMANDES,2.0,1.6,2
2022-07-08,CROISSANT AMANDES,5.0,1.6,3
2022-07-09,CROISSANT AMANDES,6.0,1.6,5
2022-07-10,CROISSANT AMANDES,4.0,1.6,3
2022-07-11,CROISSANT AMANDES,6.0,1.6,4
2022-07-12,CROISSANT AMANDES,4.0,1.6,4
2022-07-13,CROISSANT AMANDES,3.0,1.6,2
2022-07-14,CROISSANT AMANDES,7.0,1.6,4
2022-07-15,CROISSANT AMANDES,10.0,1.6,3
2022-07-16,CROISSANT AMANDES,9.0,1.6,7
2022-07-17,CROISSANT AMANDES,11.0,1.6,10
2022-07-18,CROISSANT AMANDES,9.0,1.6,4
2022-07-19,CROISSANT AMANDES,1.0,1.6,1
2022-07-20,CROISSANT AMANDES,8.0,1.6,6
2022-07-21,CROISSANT AMANDES,4.0,1.6,3
2022-07-22,CROISSANT AMANDES,8.0,1.6,4
2022-07-23,CROISSANT AMANDES,5.0,1.6,4
2022-07-24,CROISSANT AMANDES,5.0,1.6,4
2022-07-25,CROISSANT AMANDES,8.0,1.6,5
2022-07-26,CROISSANT AMANDES,5.0,1.6,3
2022-07-27,CROISSANT AMANDES,10.0,1.6,7
2022-07-28,CROISSANT AMANDES,4.0,1.6,2
2022-07-29,CROISSANT AMANDES,5.0,1.6,2
2022-07-30,CROISSANT AMANDES,8.0,1.6,5
2022-07-31,CROISSANT AMANDES,4.0,1.6,4
2022-08-01,CROISSANT AMANDES,9.0,1.6,6
2022-08-02,CROISSANT AMANDES,8.0,1.6,6
2022-08-03,CROISSANT AMANDES,8.0,1.6,5
2022-08-04,CROISSANT AMANDES,11.0,1.6,9
2022-08-05,CROISSANT AMANDES,2.0,1.6,1
2022-08-06,CROISSANT AMANDES,7.0,1.6,6
2022-08-07,CROISSANT AMANDES,10.0,1.6,7
2022-08-08,CROISSANT AMANDES,5.0,1.6,5
2022-08-09,CROISSANT AMANDES,4.0,1.6,4
2022-08-10,CROISSANT AMANDES,6.0,1.6,4
2022-08-11,CROISSANT AMANDES,9.0,1.6,6
2022-08-12,CROISSANT AMANDES,4.0,1.6,4
2022-08-13,CROISSANT AMANDES,9.0,1.6,7
2022-08-14,CROISSANT AMANDES,13.0,1.6,9
2022-08-15,CROISSANT AMANDES,6.0,1.6,5
2022-08-16,CROISSANT AMANDES,4.0,1.6,3
2022-08-17,CROISSANT AMANDES,11.0,1.6,5
2022-08-18,CROISSANT AMANDES,3.0,1.6,2
2022-08-19,CROISSANT AMANDES,7.0,1.6,3
2022-08-20,CROISSANT AMANDES,9.0,1.6,5
2022-08-21,CROISSANT AMANDES,9.0,1.6,6
2022-08-22,CROISSANT AMANDES,7.0,1.6,4
2022-08-23,CROISSANT AMANDES,5.0,1.6,4
2022-08-24,CROISSANT AMANDES,3.0,1.6,3
2022-08-25,CROISSANT AMANDES,6.0,1.6,4
2022-08-26,CROISSANT AMANDES,8.0,1.6,6
2022-08-27,CROISSANT AMANDES,7.0,1.6,5
2022-08-28,CROISSANT AMANDES,4.0,1.6,3
2022-08-29,CROISSANT AMANDES,7.0,1.6,4
2022-08-30,CROISSANT AMANDES,9.0,1.6,6
2022-08-31,CROISSANT AMANDES,2.0,1.6,2
2022-09-02,CROISSANT AMANDES,5.0,1.6,3
2022-09-03,CROISSANT AMANDES,5.0,1.6,5
2022-09-04,CROISSANT AMANDES,6.0,1.6,5
2022-09-05,CROISSANT AMANDES,8.0,1.6,7
2022-09-06,CROISSANT AMANDES,3.0,1.6,3
2022-09-07,CROISSANT AMANDES,2.0,1.6,1
2022-09-08,CROISSANT AMANDES,4.0,1.6,3
2022-09-09,CROISSANT AMANDES,6.0,1.6,5
2022-09-11,CROISSANT AMANDES,5.0,1.6,4
2022-09-12,CROISSANT AMANDES,8.0,1.6,6
2022-09-13,CROISSANT AMANDES,3.0,1.6,2
2022-09-15,CROISSANT AMANDES,7.0,1.6,5
2022-09-16,CROISSANT AMANDES,4.0,1.6,3
2022-09-17,CROISSANT AMANDES,6.0,1.6,5
2022-09-18,CROISSANT AMANDES,6.0,1.6,5
2022-09-20,CROISSANT AMANDES,5.0,1.6,3
2022-09-21,CROISSANT AMANDES,5.0,1.6,3
2022-09-22,CROISSANT AMANDES,5.0,1.6,4
2022-09-23,CROISSANT AMANDES,7.0,1.6,3
2022-09-24,CROISSANT AMANDES,7.0,1.6,5
2022-09-25,CROISSANT AMANDES,3.0,1.6,2
2022-09-26,CROISSANT AMANDES,3.0,1.6,2
2022-09-27,CROISSANT AMANDES,4.0,1.6,3
2022-09-28,CROISSANT AMANDES,2.0,1.6,2
2022-09-29,CROISSANT AMANDES,1.0,1.6,1
2021-05-02,CRUMBLE,4.0,2.0,2
2021-07-14,CRUMBLE,1.0,6.0,1
2021-07-24,CRUMBLE,2.0,4.0,2
2021-07-25,CRUMBLE,1.0,2.0,1
2022-02-22,CRUMBLE,1.0,2.0,1
2021-07-24,CRUMBLECARAMEL OU PISTAE,3.0,6.0,1
2021-07-20,DELICETROPICAL,1.0,3.0,1
2021-07-21,DELICETROPICAL,1.0,3.0,1
2021-07-25,DELICETROPICAL,8.0,3.0,3
2021-07-26,DELICETROPICAL,4.0,3.0,3
2021-07-28,DELICETROPICAL,3.0,3.0,2
2021-08-01,DELICETROPICAL,4.0,3.0,2
2021-08-08,DELICETROPICAL,6.0,3.0,6
2021-08-09,DELICETROPICAL,1.0,3.0,1
2021-08-10,DELICETROPICAL,4.0,3.0,1
2021-08-14,DELICETROPICAL,5.0,3.0,4
2021-08-15,DELICETROPICAL,4.0,3.0,3
2021-08-16,DELICETROPICAL,2.0,3.0,1
2021-08-17,DELICETROPICAL,1.0,3.0,1
2021-08-21,DELICETROPICAL,2.0,3.0,2
2021-08-22,DELICETROPICAL,3.0,3.0,3
2021-08-25,DELICETROPICAL,3.0,3.0,1
2021-08-26,DELICETROPICAL,3.0,3.0,1
2021-08-29,DELICETROPICAL,4.0,3.0,4
2021-09-20,DELICETROPICAL,2.0,3.0,1
2021-01-02,DEMI BAGUETTE,1.0,0.45,1
2021-01-03,DEMI BAGUETTE,4.0,0.45,4
2021-01-05,DEMI BAGUETTE,3.0,0.45,3
2021-01-07,DEMI BAGUETTE,1.0,0.45,1
2021-01-08,DEMI BAGUETTE,3.0,0.45,3
2021-01-10,DEMI BAGUETTE,2.0,0.45,2
2021-01-11,DEMI BAGUETTE,2.0,0.45,2
2021-01-12,DEMI BAGUETTE,2.0,0.45,2
2021-01-15,DEMI BAGUETTE,1.0,0.45,1
2021-01-16,DEMI BAGUETTE,2.0,0.45,2
2021-01-18,DEMI BAGUETTE,2.0,0.45,2
2021-01-19,DEMI BAGUETTE,3.0,0.45,3
2021-01-21,DEMI BAGUETTE,2.0,0.45,2
2021-01-22,DEMI BAGUETTE,2.0,0.45,2
2021-01-23,DEMI BAGUETTE,1.0,0.45,1
2021-01-24,DEMI BAGUETTE,4.0,0.45,4
2021-01-25,DEMI BAGUETTE,2.0,0.45,2
2021-01-26,DEMI BAGUETTE,2.0,0.45,2
2021-01-29,DEMI BAGUETTE,2.0,0.45,2
2021-01-30,DEMI BAGUETTE,1.0,0.45,1
2021-01-31,DEMI BAGUETTE,3.0,0.45,3
2021-02-01,DEMI BAGUETTE,1.0,0.45,1
2021-02-02,DEMI BAGUETTE,1.0,0.45,1
2021-02-05,DEMI BAGUETTE,1.0,0.45,1
2021-02-06,DEMI BAGUETTE,2.0,0.45,2
2021-02-07,DEMI BAGUETTE,3.0,0.45,3
2021-02-08,DEMI BAGUETTE,2.0,0.45,2
2021-02-09,DEMI BAGUETTE,3.0,0.45,3
2021-02-11,DEMI BAGUETTE,1.0,0.45,1
2021-02-12,DEMI BAGUETTE,2.0,0.45,2
2021-02-13,DEMI BAGUETTE,1.0,0.45,1
2021-02-14,DEMI BAGUETTE,3.0,0.45,3
2021-02-15,DEMI BAGUETTE,1.0,0.45,1
2021-02-16,DEMI BAGUETTE,3.0,0.45,3
2021-02-19,DEMI BAGUETTE,3.0,0.45,3
2021-02-20,DEMI BAGUETTE,1.0,0.45,1
2021-02-21,DEMI BAGUETTE,6.0,0.45,6
2021-02-22,DEMI BAGUETTE,1.0,0.45,1
2021-02-23,DEMI BAGUETTE,3.0,0.45,3
2021-02-25,DEMI BAGUETTE,5.0,0.45,5
2021-02-26,DEMI BAGUETTE,3.0,0.45,3
2021-02-27,DEMI BAGUETTE,1.0,0.45,1
2021-02-28,DEMI BAGUETTE,4.0,0.45,4
2021-03-01,DEMI BAGUETTE,2.0,0.45,2
2021-03-02,DEMI BAGUETTE,6.0,0.45,6
2021-03-04,DEMI BAGUETTE,5.0,0.45,5
2021-03-05,DEMI BAGUETTE,2.0,0.45,2
2021-03-06,DEMI BAGUETTE,3.0,0.45,3
2021-03-07,DEMI BAGUETTE,5.0,0.45,5
2021-03-08,DEMI BAGUETTE,2.0,0.45,2
2021-03-09,DEMI BAGUETTE,3.0,0.45,3
2021-03-11,DEMI BAGUETTE,1.0,0.45,1
2021-03-13,DEMI BAGUETTE,2.0,0.45,2
2021-03-14,DEMI BAGUETTE,2.0,0.45,2
2021-03-15,DEMI BAGUETTE,4.0,0.45,4
2021-03-16,DEMI BAGUETTE,1.0,0.45,1
2021-03-18,DEMI BAGUETTE,3.0,0.45,3
2021-03-19,DEMI BAGUETTE,1.0,0.45,1
2021-03-20,DEMI BAGUETTE,4.0,0.45,4
2021-03-21,DEMI BAGUETTE,2.0,0.45,2
2021-03-22,DEMI BAGUETTE,2.0,0.45,2
2021-03-25,DEMI BAGUETTE,1.0,0.45,1
2021-03-26,DEMI BAGUETTE,3.0,0.45,3
2021-03-27,DEMI BAGUETTE,4.0,0.45,4
2021-03-28,DEMI BAGUETTE,1.0,0.45,1
2021-03-29,DEMI BAGUETTE,4.0,0.45,4
2021-04-01,DEMI BAGUETTE,2.0,0.45,2
2021-04-02,DEMI BAGUETTE,1.0,0.45,1
2021-04-03,DEMI BAGUETTE,3.0,0.45,3
2021-04-04,DEMI BAGUETTE,1.0,0.45,1
2021-04-05,DEMI BAGUETTE,1.0,0.45,1
2021-04-06,DEMI BAGUETTE,2.0,0.45,2
2021-04-08,DEMI BAGUETTE,2.0,0.45,2
2021-04-09,DEMI BAGUETTE,1.0,0.45,1
2021-04-11,DEMI BAGUETTE,1.0,0.45,1
2021-04-12,DEMI BAGUETTE,1.0,0.45,1
2021-04-13,DEMI BAGUETTE,1.0,0.45,1
2021-04-14,DEMI BAGUETTE,3.0,0.45,3
2021-04-15,DEMI BAGUETTE,1.0,0.45,1
2021-04-17,DEMI BAGUETTE,1.0,0.45,1
2021-04-18,DEMI BAGUETTE,1.0,0.45,1
2021-04-19,DEMI BAGUETTE,1.0,0.45,1
2021-04-20,DEMI BAGUETTE,3.0,0.45,3
2021-04-21,DEMI BAGUETTE,1.0,0.45,1
2021-04-22,DEMI BAGUETTE,1.0,0.45,1
2021-04-24,DEMI BAGUETTE,1.0,0.45,1
2021-04-25,DEMI BAGUETTE,3.0,0.45,3
2021-04-27,DEMI BAGUETTE,2.0,0.45,2
2021-04-28,DEMI BAGUETTE,2.0,0.45,2
2021-04-29,DEMI BAGUETTE,1.0,0.45,1
2021-05-02,DEMI BAGUETTE,3.0,0.45,3
2021-05-04,DEMI BAGUETTE,1.0,0.45,1
2021-05-05,DEMI BAGUETTE,2.0,0.45,2
2021-05-06,DEMI BAGUETTE,3.0,0.45,3
2021-05-07,DEMI BAGUETTE,3.0,0.45,3
2021-05-08,DEMI BAGUETTE,2.0,0.45,2
2021-05-09,DEMI BAGUETTE,3.0,0.45,3
2021-05-10,DEMI BAGUETTE,2.0,0.45,2
2021-05-11,DEMI BAGUETTE,2.0,0.45,2
2021-05-12,DEMI BAGUETTE,2.0,0.45,2
2021-05-13,DEMI BAGUETTE,1.0,0.45,1
2021-05-14,DEMI BAGUETTE,1.0,0.45,1
2021-05-15,DEMI BAGUETTE,1.0,0.45,1
2021-05-21,DEMI BAGUETTE,1.0,0.45,1
2021-05-22,DEMI BAGUETTE,1.0,0.45,1
2021-05-23,DEMI BAGUETTE,1.0,0.45,1
2021-05-24,DEMI BAGUETTE,2.0,0.45,2
2021-05-25,DEMI BAGUETTE,1.0,0.45,1
2021-05-26,DEMI BAGUETTE,1.0,0.45,1
2021-05-28,DEMI BAGUETTE,3.0,0.45,3
2021-05-30,DEMI BAGUETTE,6.0,0.45,5
2021-05-31,DEMI BAGUETTE,3.0,0.45,3
2021-06-02,DEMI BAGUETTE,2.0,0.45,2
2021-06-03,DEMI BAGUETTE,1.0,0.45,1
2021-06-04,DEMI BAGUETTE,2.0,0.45,2
2021-06-05,DEMI BAGUETTE,2.0,0.45,2
2021-06-06,DEMI BAGUETTE,1.0,0.45,1
2021-06-09,DEMI BAGUETTE,2.0,0.45,2
2021-06-10,DEMI BAGUETTE,2.0,0.45,2
2021-06-11,DEMI BAGUETTE,1.0,0.45,1
2021-06-12,DEMI BAGUETTE,1.0,0.45,1
2021-06-13,DEMI BAGUETTE,2.0,0.45,2
2021-06-14,DEMI BAGUETTE,1.0,0.45,1
2021-06-15,DEMI BAGUETTE,3.0,0.45,3
2021-06-16,DEMI BAGUETTE,3.0,0.45,3
2021-06-17,DEMI BAGUETTE,3.0,0.45,3
2021-06-18,DEMI BAGUETTE,1.0,0.45,1
2021-06-19,DEMI BAGUETTE,1.0,0.45,1
2021-06-20,DEMI BAGUETTE,3.0,0.45,3
2021-06-21,DEMI BAGUETTE,1.0,0.45,1
2021-06-22,DEMI BAGUETTE,2.0,0.45,2
2021-06-23,DEMI BAGUETTE,4.0,0.45,4
2021-06-24,DEMI BAGUETTE,1.0,0.45,1
2021-06-25,DEMI BAGUETTE,3.0,0.45,3
2021-06-26,DEMI BAGUETTE,1.0,0.45,1
2021-06-27,DEMI BAGUETTE,1.0,0.45,1
2021-06-28,DEMI BAGUETTE,1.0,0.45,1
2021-06-29,DEMI BAGUETTE,1.0,0.45,1
2021-06-30,DEMI BAGUETTE,1.0,0.45,1
2021-07-01,DEMI BAGUETTE,3.0,0.45,3
2021-07-04,DEMI BAGUETTE,2.0,0.45,2
2021-07-05,DEMI BAGUETTE,1.0,0.45,1
2021-07-06,DEMI BAGUETTE,1.0,0.45,1
2021-07-09,DEMI BAGUETTE,1.0,0.45,1
2021-07-10,DEMI BAGUETTE,1.0,0.45,1
2021-07-11,DEMI BAGUETTE,4.0,0.45,4
2021-07-12,DEMI BAGUETTE,3.0,0.45,3
2021-07-13,DEMI BAGUETTE,3.0,0.45,3
2021-07-14,DEMI BAGUETTE,3.0,0.45,3
2021-07-15,DEMI BAGUETTE,1.0,0.45,1
2021-07-16,DEMI BAGUETTE,2.0,0.45,2
2021-07-18,DEMI BAGUETTE,4.0,0.45,4
2021-07-19,DEMI BAGUETTE,3.0,0.45,3
2021-07-20,DEMI BAGUETTE,3.0,0.45,3
2021-07-21,DEMI BAGUETTE,2.0,0.45,2
2021-07-22,DEMI BAGUETTE,3.0,0.45,3
2021-07-23,DEMI BAGUETTE,2.0,0.45,2
2021-07-24,DEMI BAGUETTE,3.0,0.45,3
2021-07-25,DEMI BAGUETTE,2.0,0.45,2
2021-07-26,DEMI BAGUETTE,4.0,0.45,4
2021-07-27,DEMI BAGUETTE,3.0,0.45,3
2021-07-28,DEMI BAGUETTE,5.0,0.45,5
2021-07-29,DEMI BAGUETTE,1.0,0.45,1
2021-07-30,DEMI BAGUETTE,3.0,0.45,3
2021-08-01,DEMI BAGUETTE,3.0,0.45,3
2021-08-02,DEMI BAGUETTE,5.0,0.45,5
2021-08-03,DEMI BAGUETTE,2.0,0.45,2
2021-08-04,DEMI BAGUETTE,2.0,0.45,2
2021-08-05,DEMI BAGUETTE,2.0,0.45,2
2021-08-06,DEMI BAGUETTE,3.0,0.45,3
2021-08-07,DEMI BAGUETTE,4.0,0.45,4
2021-08-08,DEMI BAGUETTE,7.0,0.45,5
2021-08-09,DEMI BAGUETTE,3.0,0.45,3
2021-08-10,DEMI BAGUETTE,4.0,0.45,4
2021-08-11,DEMI BAGUETTE,1.0,0.45,1
2021-08-12,DEMI BAGUETTE,2.0,0.45,2
2021-08-13,DEMI BAGUETTE,3.0,0.45,3
2021-08-14,DEMI BAGUETTE,5.0,0.45,5
2021-08-15,DEMI BAGUETTE,2.0,0.45,2
2021-08-16,DEMI BAGUETTE,6.0,0.45,6
2021-08-18,DEMI BAGUETTE,4.0,0.45,4
2021-08-19,DEMI BAGUETTE,1.0,0.45,1
2021-08-20,DEMI BAGUETTE,2.0,0.45,2
2021-08-21,DEMI BAGUETTE,4.0,0.45,4
2021-08-22,DEMI BAGUETTE,10.0,0.45,10
2021-08-23,DEMI BAGUETTE,6.0,0.45,6
2021-08-24,DEMI BAGUETTE,1.0,0.45,1
2021-08-25,DEMI BAGUETTE,1.0,0.45,1
2021-08-26,DEMI BAGUETTE,2.0,0.45,2
2021-08-27,DEMI BAGUETTE,2.0,0.45,2
2021-08-28,DEMI BAGUETTE,4.0,0.45,4
2021-08-29,DEMI BAGUETTE,6.0,0.45,6
2021-08-30,DEMI BAGUETTE,3.0,0.45,3
2021-08-31,DEMI BAGUETTE,1.0,0.45,1
2021-09-01,DEMI BAGUETTE,3.0,0.45,3
2021-09-02,DEMI BAGUETTE,3.0,0.45,3
2021-09-04,DEMI BAGUETTE,4.0,0.45,4
2021-09-05,DEMI BAGUETTE,3.0,0.45,3
2021-09-06,DEMI BAGUETTE,3.0,0.45,3
2021-09-07,DEMI BAGUETTE,4.0,0.45,4
2021-09-08,DEMI BAGUETTE,2.0,0.45,2
2021-09-09,DEMI BAGUETTE,2.0,0.45,2
2021-09-10,DEMI BAGUETTE,1.0,0.45,1
2021-09-11,DEMI BAGUETTE,4.0,0.45,4
2021-09-12,DEMI BAGUETTE,5.0,0.45,5
2021-09-13,DEMI BAGUETTE,4.0,0.45,4
2021-09-14,DEMI BAGUETTE,3.0,0.45,3
2021-09-16,DEMI BAGUETTE,3.0,0.45,3
2021-09-17,DEMI BAGUETTE,2.0,0.45,2
2021-09-18,DEMI BAGUETTE,2.0,0.45,2
2021-09-19,DEMI BAGUETTE,8.0,0.45,8
2021-09-20,DEMI BAGUETTE,4.0,0.45,4
2021-09-21,DEMI BAGUETTE,2.0,0.45,2
2021-09-23,DEMI BAGUETTE,1.0,0.45,1
2021-09-24,DEMI BAGUETTE,2.0,0.45,2
2021-09-25,DEMI BAGUETTE,2.0,0.45,2
2021-09-26,DEMI BAGUETTE,4.0,0.45,4
2021-09-27,DEMI BAGUETTE,2.0,0.45,2
2021-09-30,DEMI BAGUETTE,1.0,0.45,1
2021-10-01,DEMI BAGUETTE,1.0,0.45,1
2021-10-02,DEMI BAGUETTE,1.0,0.45,1
2021-10-03,DEMI BAGUETTE,1.0,0.45,1
2021-10-04,DEMI BAGUETTE,2.0,0.45,2
2021-10-05,DEMI BAGUETTE,4.0,0.45,4
2021-10-06,DEMI BAGUETTE,3.0,0.45,3
2021-10-07,DEMI BAGUETTE,2.0,0.45,2
2021-10-08,DEMI BAGUETTE,1.0,0.45,1
2021-10-09,DEMI BAGUETTE,4.0,0.45,4
2021-10-10,DEMI BAGUETTE,1.0,0.45,1
2021-10-12,DEMI BAGUETTE,3.0,0.45,3
2021-10-14,DEMI BAGUETTE,2.0,0.45,2
2021-10-15,DEMI BAGUETTE,1.0,0.45,1
2021-10-16,DEMI BAGUETTE,2.0,0.45,2
2021-10-18,DEMI BAGUETTE,1.0,0.45,1
2021-10-19,DEMI BAGUETTE,1.0,0.45,1
2021-10-20,DEMI BAGUETTE,3.0,0.45,3
2021-10-21,DEMI BAGUETTE,2.0,0.45,2
2021-10-23,DEMI BAGUETTE,1.0,0.45,1
2021-10-24,DEMI BAGUETTE,1.0,0.45,1
2021-10-26,DEMI BAGUETTE,1.0,0.45,1
2021-10-27,DEMI BAGUETTE,2.0,0.45,2
2021-10-28,DEMI BAGUETTE,1.0,0.45,1
2021-10-29,DEMI BAGUETTE,2.0,0.45,2
2021-10-30,DEMI BAGUETTE,2.0,0.45,2
2021-10-31,DEMI BAGUETTE,3.0,0.45,3
2021-11-01,DEMI BAGUETTE,1.0,0.45,1
2021-11-02,DEMI BAGUETTE,1.0,0.45,1
2021-11-03,DEMI BAGUETTE,2.0,0.45,2
2021-11-04,DEMI BAGUETTE,4.0,0.45,4
2021-11-07,DEMI BAGUETTE,4.0,0.45,4
2021-11-08,DEMI BAGUETTE,1.0,0.45,1
2021-11-10,DEMI BAGUETTE,1.0,0.45,1
2021-11-11,DEMI BAGUETTE,1.0,0.45,1
2021-11-13,DEMI BAGUETTE,4.0,0.45,4
2021-11-14,DEMI BAGUETTE,3.0,0.45,3
2021-11-19,DEMI BAGUETTE,1.0,0.45,1
2021-11-21,DEMI BAGUETTE,2.0,0.45,2
2021-11-25,DEMI BAGUETTE,2.0,0.45,2
2021-11-27,DEMI BAGUETTE,1.0,0.45,1
2021-11-28,DEMI BAGUETTE,4.0,0.45,4
2021-11-29,DEMI BAGUETTE,1.0,0.45,1
2021-11-30,DEMI BAGUETTE,1.0,0.45,1
2021-12-09,DEMI BAGUETTE,2.0,0.45,2
2021-12-13,DEMI BAGUETTE,1.0,0.45,1
2021-12-16,DEMI BAGUETTE,1.0,0.45,1
2021-12-17,DEMI BAGUETTE,1.0,0.45,1
2021-12-20,DEMI BAGUETTE,1.0,0.45,1
2021-12-21,DEMI BAGUETTE,2.0,0.45,2
2021-12-22,DEMI BAGUETTE,2.0,0.45,2
2021-12-24,DEMI BAGUETTE,2.0,0.45,2
2021-12-25,DEMI BAGUETTE,2.0,0.45,2
2021-12-27,DEMI BAGUETTE,3.0,0.45,3
2021-12-28,DEMI BAGUETTE,1.0,0.45,1
2021-12-31,DEMI BAGUETTE,2.0,0.45,2
2022-01-02,DEMI BAGUETTE,3.0,0.45,3
2022-01-03,DEMI BAGUETTE,2.0,0.45,2
2022-01-06,DEMI BAGUETTE,1.0,0.45,1
2022-01-07,DEMI BAGUETTE,2.0,0.45,2
2022-01-08,DEMI BAGUETTE,3.0,0.45,3
2022-01-09,DEMI BAGUETTE,4.0,0.45,4
2022-01-10,DEMI BAGUETTE,1.0,0.45,1
2022-01-13,DEMI BAGUETTE,2.0,0.45,2
2022-01-14,DEMI BAGUETTE,1.0,0.45,1
2022-01-15,DEMI BAGUETTE,1.0,0.45,1
2022-01-16,DEMI BAGUETTE,2.0,0.45,2
2022-01-17,DEMI BAGUETTE,4.0,0.45,4
2022-01-20,DEMI BAGUETTE,2.0,0.45,2
2022-01-21,DEMI BAGUETTE,2.0,0.45,2
2022-01-22,DEMI BAGUETTE,4.0,0.45,4
2022-01-23,DEMI BAGUETTE,2.0,0.45,2
2022-01-24,DEMI BAGUETTE,1.0,0.45,1
2022-01-25,DEMI BAGUETTE,2.0,0.45,2
2022-01-27,DEMI BAGUETTE,1.0,0.45,1
2022-01-28,DEMI BAGUETTE,2.0,0.45,2
2022-01-30,DEMI BAGUETTE,1.0,0.45,1
2022-01-31,DEMI BAGUETTE,1.0,0.45,1
2022-02-01,DEMI BAGUETTE,3.0,0.45,3
2022-02-03,DEMI BAGUETTE,2.0,0.45,2
2022-02-05,DEMI BAGUETTE,2.0,0.45,2
2022-02-06,DEMI BAGUETTE,2.0,0.45,2
2022-02-07,DEMI BAGUETTE,3.0,0.5,3
2022-02-10,DEMI BAGUETTE,4.0,0.5,4
2022-02-11,DEMI BAGUETTE,1.0,0.5,1
2022-02-12,DEMI BAGUETTE,1.0,0.5,1
2022-02-13,DEMI BAGUETTE,2.0,0.5,2
2022-02-14,DEMI BAGUETTE,2.0,0.5,2
2022-02-15,DEMI BAGUETTE,1.0,0.5,1
2022-02-17,DEMI BAGUETTE,4.0,0.5,4
2022-02-18,DEMI BAGUETTE,4.0,0.5,4
2022-02-19,DEMI BAGUETTE,2.0,0.5,2
2022-02-20,DEMI BAGUETTE,1.0,0.5,1
2022-02-21,DEMI BAGUETTE,1.0,0.5,1
2022-02-24,DEMI BAGUETTE,1.0,0.5,1
2022-02-25,DEMI BAGUETTE,2.0,0.5,2
2022-02-26,DEMI BAGUETTE,3.0,0.5,3
2022-02-27,DEMI BAGUETTE,2.0,0.5,2
2022-03-01,DEMI BAGUETTE,4.0,0.5,4
2022-03-02,DEMI BAGUETTE,2.0,0.5,2
2022-03-03,DEMI BAGUETTE,2.0,0.5,2
2022-03-04,DEMI BAGUETTE,4.0,0.5,4
2022-03-05,DEMI BAGUETTE,1.0,0.5,1
2022-03-06,DEMI BAGUETTE,2.0,0.5,2
2022-03-07,DEMI BAGUETTE,2.0,0.5,2
2022-03-08,DEMI BAGUETTE,2.0,0.5,2
2022-03-09,DEMI BAGUETTE,2.0,0.5,2
2022-03-10,DEMI BAGUETTE,1.0,0.5,1
2022-03-11,DEMI BAGUETTE,2.0,0.5,2
2022-03-16,DEMI BAGUETTE,1.0,0.5,1
2022-03-17,DEMI BAGUETTE,1.0,0.5,1
2022-03-19,DEMI BAGUETTE,1.0,0.5,1
2022-03-20,DEMI BAGUETTE,2.0,0.5,2
2022-03-22,DEMI BAGUETTE,2.0,0.5,2
2022-03-24,DEMI BAGUETTE,2.0,0.5,2
2022-03-26,DEMI BAGUETTE,2.0,0.5,2
2022-03-27,DEMI BAGUETTE,2.0,0.5,2
2022-03-28,DEMI BAGUETTE,3.0,0.5,3
2022-03-29,DEMI BAGUETTE,2.0,0.5,2
2022-03-30,DEMI BAGUETTE,3.0,0.5,3
2022-03-31,DEMI BAGUETTE,3.0,0.5,3
2022-04-01,DEMI BAGUETTE,2.0,0.5,2
2022-04-02,DEMI BAGUETTE,1.0,0.5,1
2022-04-03,DEMI BAGUETTE,1.0,0.5,1
2022-04-04,DEMI BAGUETTE,1.0,0.5,1
2022-04-05,DEMI BAGUETTE,3.0,0.5,3
2022-04-06,DEMI BAGUETTE,1.0,0.5,1
2022-04-07,DEMI BAGUETTE,3.0,0.5,3
2022-04-08,DEMI BAGUETTE,1.0,0.5,1
2022-04-09,DEMI BAGUETTE,2.0,0.5,2
2022-04-10,DEMI BAGUETTE,1.0,0.5,1
2022-04-11,DEMI BAGUETTE,2.0,0.5,2
2022-04-13,DEMI BAGUETTE,2.0,0.5,2
2022-04-16,DEMI BAGUETTE,2.0,0.5,2
2022-04-18,DEMI BAGUETTE,3.0,0.5,3
2022-04-19,DEMI BAGUETTE,1.0,0.5,1
2022-04-20,DEMI BAGUETTE,1.0,0.5,1
2022-04-21,DEMI BAGUETTE,2.0,0.5,2
2022-04-22,DEMI BAGUETTE,2.0,0.5,2
2022-04-23,DEMI BAGUETTE,2.0,0.5,2
2022-04-24,DEMI BAGUETTE,3.0,0.5,3
2022-04-25,DEMI BAGUETTE,1.0,0.5,1
2022-04-27,DEMI BAGUETTE,3.0,0.5,3
2022-04-28,DEMI BAGUETTE,1.0,0.5,1
2022-04-29,DEMI BAGUETTE,2.0,0.5,2
2022-04-30,DEMI BAGUETTE,2.0,0.5,2
2022-05-02,DEMI BAGUETTE,1.0,0.5,1
2022-05-03,DEMI BAGUETTE,1.0,0.5,1
2022-05-07,DEMI BAGUETTE,3.0,0.5,3
2022-05-08,DEMI BAGUETTE,4.0,0.5,4
2022-05-09,DEMI BAGUETTE,2.0,0.5,2
2022-05-10,DEMI BAGUETTE,1.0,0.5,1
2022-05-12,DEMI BAGUETTE,3.0,0.5,3
2022-05-13,DEMI BAGUETTE,1.0,0.5,1
2022-05-14,DEMI BAGUETTE,3.0,0.5,3
2022-05-15,DEMI BAGUETTE,4.0,0.5,4
2022-05-16,DEMI BAGUETTE,2.0,0.5,2
2022-05-17,DEMI BAGUETTE,1.0,0.5,1
2022-05-19,DEMI BAGUETTE,1.0,0.5,1
2022-05-20,DEMI BAGUETTE,1.0,0.5,1
2022-05-22,DEMI BAGUETTE,2.0,0.5,2
2022-05-25,DEMI BAGUETTE,4.0,0.5,4
2022-05-26,DEMI BAGUETTE,1.0,0.5,1
2022-05-27,DEMI BAGUETTE,1.0,0.5,1
2022-05-28,DEMI BAGUETTE,2.0,0.5,2
2022-05-29,DEMI BAGUETTE,7.0,0.5,7
2022-06-02,DEMI BAGUETTE,1.0,0.5,1
2022-06-03,DEMI BAGUETTE,1.0,0.5,1
2022-06-04,DEMI BAGUETTE,1.0,0.5,1
2022-06-05,DEMI BAGUETTE,5.0,0.5,5
2022-06-06,DEMI BAGUETTE,5.0,0.5,5
2022-06-07,DEMI BAGUETTE,1.0,0.5,1
2022-06-08,DEMI BAGUETTE,2.0,0.5,2
2022-06-09,DEMI BAGUETTE,2.0,0.5,2
2022-06-12,DEMI BAGUETTE,2.0,0.5,2
2022-06-14,DEMI BAGUETTE,3.0,0.5,3
2022-06-15,DEMI BAGUETTE,2.0,0.5,2
2022-06-16,DEMI BAGUETTE,3.0,0.5,3
2022-06-17,DEMI BAGUETTE,2.0,0.5,2
2022-06-18,DEMI BAGUETTE,3.0,0.5,3
2022-06-19,DEMI BAGUETTE,2.0,0.5,2
2022-06-20,DEMI BAGUETTE,2.0,0.5,2
2022-06-21,DEMI BAGUETTE,2.0,0.5,2
2022-06-22,DEMI BAGUETTE,3.0,0.5,3
2022-06-23,DEMI BAGUETTE,2.0,0.5,2
2022-06-24,DEMI BAGUETTE,1.0,0.5,1
2022-06-25,DEMI BAGUETTE,1.0,0.5,1
2022-06-26,DEMI BAGUETTE,4.0,0.5,4
2022-06-27,DEMI BAGUETTE,6.0,0.5,6
2022-06-28,DEMI BAGUETTE,3.0,0.5,3
2022-06-30,DEMI BAGUETTE,2.0,0.5,2
2022-07-02,DEMI BAGUETTE,4.0,0.5,4
2022-07-03,DEMI BAGUETTE,2.0,0.5,2
2022-07-04,DEMI BAGUETTE,1.0,0.5,1
2022-07-05,DEMI BAGUETTE,1.0,0.5,1
2022-07-06,DEMI BAGUETTE,2.0,0.5,2
2022-07-07,DEMI BAGUETTE,5.0,0.5,5
2022-07-08,DEMI BAGUETTE,1.0,0.5,1
2022-07-09,DEMI BAGUETTE,1.0,0.5,1
2022-07-10,DEMI BAGUETTE,5.0,0.5,5
2022-07-11,DEMI BAGUETTE,2.0,0.5,2
2022-07-12,DEMI BAGUETTE,4.0,0.5,4
2022-07-14,DEMI BAGUETTE,4.0,0.5,4
2022-07-15,DEMI BAGUETTE,2.0,0.5,2
2022-07-16,DEMI BAGUETTE,1.0,0.5,1
2022-07-17,DEMI BAGUETTE,4.0,0.5,4
2022-07-18,DEMI BAGUETTE,1.0,0.5,1
2022-07-19,DEMI BAGUETTE,4.0,0.5,4
2022-07-20,DEMI BAGUETTE,1.0,0.5,1
2022-07-21,DEMI BAGUETTE,3.0,0.5,3
2022-07-22,DEMI BAGUETTE,2.0,0.5,2
2022-07-23,DEMI BAGUETTE,2.0,0.5,2
2022-07-24,DEMI BAGUETTE,2.0,0.5,2
2022-07-25,DEMI BAGUETTE,2.0,0.5,2
2022-07-26,DEMI BAGUETTE,6.0,0.5,6
2022-07-27,DEMI BAGUETTE,2.0,0.5,2
2022-07-28,DEMI BAGUETTE,4.0,0.5,4
2022-07-29,DEMI BAGUETTE,4.0,0.5,4
2022-07-30,DEMI BAGUETTE,4.0,0.5,4
2022-07-31,DEMI BAGUETTE,5.0,0.5,5
2022-08-03,DEMI BAGUETTE,1.0,0.5,1
2022-08-04,DEMI BAGUETTE,2.0,0.5,2
2022-08-05,DEMI BAGUETTE,3.0,0.5,3
2022-08-06,DEMI BAGUETTE,4.0,0.5,4
2022-08-07,DEMI BAGUETTE,1.0,0.5,1
2022-08-08,DEMI BAGUETTE,4.0,0.5,4
2022-08-09,DEMI BAGUETTE,4.0,0.5,4
2022-08-10,DEMI BAGUETTE,2.0,0.5,2
2022-08-11,DEMI BAGUETTE,4.0,0.5,4
2022-08-12,DEMI BAGUETTE,1.0,0.5,1
2022-08-13,DEMI BAGUETTE,2.0,0.5,2
2022-08-14,DEMI BAGUETTE,4.0,0.5,4
2022-08-15,DEMI BAGUETTE,2.0,0.5,2
2022-08-16,DEMI BAGUETTE,2.0,0.5,2
2022-08-18,DEMI BAGUETTE,3.0,0.5,3
2022-08-19,DEMI BAGUETTE,1.0,0.5,1
2022-08-20,DEMI BAGUETTE,4.0,0.5,4
2022-08-21,DEMI BAGUETTE,4.0,0.5,4
2022-08-22,DEMI BAGUETTE,4.0,0.5,4
2022-08-23,DEMI BAGUETTE,5.0,0.5,5
2022-08-25,DEMI BAGUETTE,4.0,0.5,4
2022-08-27,DEMI BAGUETTE,4.0,0.5,4
2022-08-28,DEMI BAGUETTE,6.0,0.5,6
2022-08-29,DEMI BAGUETTE,3.0,0.5,3
2022-08-30,DEMI BAGUETTE,5.0,0.5,5
2022-08-31,DEMI BAGUETTE,4.0,0.5,4
2022-09-02,DEMI BAGUETTE,2.0,0.5,2
2022-09-03,DEMI BAGUETTE,2.0,0.5,2
2022-09-04,DEMI BAGUETTE,3.0,0.5,3
2022-09-05,DEMI BAGUETTE,2.0,0.5,2
2022-09-06,DEMI BAGUETTE,3.0,0.5,3
2022-09-07,DEMI BAGUETTE,1.0,0.5,1
2022-09-08,DEMI BAGUETTE,3.0,0.5,3
2022-09-09,DEMI BAGUETTE,1.0,0.5,1
2022-09-10,DEMI BAGUETTE,4.0,0.5,4
2022-09-11,DEMI BAGUETTE,4.0,0.5,4
2022-09-12,DEMI BAGUETTE,4.0,0.5,4
2022-09-13,DEMI BAGUETTE,1.0,0.5,1
2022-09-14,DEMI BAGUETTE,4.0,0.5,4
2022-09-15,DEMI BAGUETTE,3.0,0.5,3
2022-09-16,DEMI BAGUETTE,2.0,0.5,2
2022-09-17,DEMI BAGUETTE,1.0,0.5,1
2022-09-18,DEMI BAGUETTE,1.0,0.5,1
2022-09-20,DEMI BAGUETTE,4.0,0.5,4
2022-09-21,DEMI BAGUETTE,1.0,0.5,1
2022-09-22,DEMI BAGUETTE,2.0,0.5,2
2022-09-23,DEMI BAGUETTE,3.0,0.5,3
2022-09-24,DEMI BAGUETTE,3.0,0.5,3
2022-09-25,DEMI BAGUETTE,3.0,0.5,3
2022-09-26,DEMI BAGUETTE,5.0,0.5,5
2022-09-27,DEMI BAGUETTE,2.0,0.5,2
2022-09-28,DEMI BAGUETTE,4.0,0.5,4
2021-01-19,DEMI PAIN,1.0,0.6,1
2021-01-26,DEMI PAIN,1.0,0.6,1
2021-01-28,DEMI PAIN,1.0,0.6,1
2021-02-05,DEMI PAIN,1.0,0.6,1
2021-02-07,DEMI PAIN,1.0,0.6,1
2021-02-11,DEMI PAIN,1.0,0.6,1
2021-02-15,DEMI PAIN,1.0,0.6,1
2021-02-16,DEMI PAIN,1.0,0.6,1
2021-02-19,DEMI PAIN,1.0,0.6,1
2021-02-22,DEMI PAIN,4.0,0.6,4
2021-02-26,DEMI PAIN,1.0,0.6,1
2021-02-27,DEMI PAIN,2.0,0.6,2
2021-03-05,DEMI PAIN,1.0,0.6,1
2021-03-13,DEMI PAIN,1.0,0.6,1
2021-05-29,DEMI PAIN,1.0,0.6,1
2021-05-30,DEMI PAIN,3.0,0.6,3
2021-06-13,DEMI PAIN,1.0,0.6,1
2021-06-20,DEMI PAIN,1.0,0.6,1
2021-07-22,DEMI PAIN,2.0,0.6,2
2021-07-30,DEMI PAIN,2.0,0.6,2
2021-08-23,DEMI PAIN,2.0,0.6,2
2021-08-25,DEMI PAIN,1.0,0.6,1
2021-08-28,DEMI PAIN,1.0,0.6,1
2021-08-30,DEMI PAIN,2.0,0.6,2
2021-09-05,DEMI PAIN,1.0,0.6,1
2021-09-18,DEMI PAIN,1.0,0.6,1
2021-10-30,DEMI PAIN,1.0,0.6,1
2021-11-07,DEMI PAIN,1.0,0.6,1
2021-11-12,DEMI PAIN,2.0,0.6,2
2021-11-22,DEMI PAIN,1.0,0.6,1
2021-12-17,DEMI PAIN,1.0,0.6,1
2021-12-27,DEMI PAIN,1.0,0.6,1
2022-01-08,DEMI PAIN,1.0,0.6,1
2022-01-20,DEMI PAIN,1.0,0.6,1
2022-01-24,DEMI PAIN,1.0,0.6,1
2022-01-27,DEMI PAIN,1.0,0.6,1
2022-01-30,DEMI PAIN,1.0,0.6,1
2022-01-31,DEMI PAIN,2.0,0.6,2
2022-02-06,DEMI PAIN,1.0,0.6,1
2022-02-07,DEMI PAIN,1.0,0.65,1
2022-02-27,DEMI PAIN,2.0,0.65,2
2022-02-28,DEMI PAIN,1.0,0.65,1
2022-03-01,DEMI PAIN,1.0,0.65,1
2022-03-03,DEMI PAIN,1.0,0.65,1
2022-03-05,DEMI PAIN,1.0,0.65,1
2022-03-06,DEMI PAIN,1.0,0.65,1
2022-03-07,DEMI PAIN,1.0,0.65,1
2022-03-10,DEMI PAIN,1.0,0.65,1
2022-03-12,DEMI PAIN,1.0,0.65,1
2022-03-13,DEMI PAIN,1.0,0.65,1
2022-03-14,DEMI PAIN,1.0,0.65,1
2022-03-17,DEMI PAIN,1.0,0.65,1
2022-03-18,DEMI PAIN,1.0,0.65,1
2022-03-19,DEMI PAIN,1.0,0.65,1
2022-03-21,DEMI PAIN,1.0,0.65,1
2022-03-22,DEMI PAIN,1.0,0.65,1
2022-03-24,DEMI PAIN,1.0,0.65,1
2022-03-29,DEMI PAIN,1.0,0.65,1
2022-03-31,DEMI PAIN,1.0,0.65,1
2022-04-02,DEMI PAIN,1.0,0.65,1
2022-04-04,DEMI PAIN,1.0,0.65,1
2022-04-05,DEMI PAIN,1.0,0.65,1
2022-04-07,DEMI PAIN,1.0,0.65,1
2022-04-11,DEMI PAIN,1.0,0.65,1
2022-04-14,DEMI PAIN,5.0,0.65,5
2022-04-16,DEMI PAIN,1.0,0.65,1
2022-04-17,DEMI PAIN,1.0,0.65,1
2022-04-18,DEMI PAIN,2.0,0.65,2
2022-04-19,DEMI PAIN,1.0,0.65,1
2022-04-20,DEMI PAIN,1.0,0.65,1
2022-04-22,DEMI PAIN,1.0,0.65,1
2022-04-25,DEMI PAIN,1.0,0.65,1
2022-04-26,DEMI PAIN,1.0,0.65,1
2022-04-28,DEMI PAIN,1.0,0.65,1
2022-04-29,DEMI PAIN,1.0,0.65,1
2022-05-01,DEMI PAIN,2.0,0.65,2
2022-05-05,DEMI PAIN,1.0,0.65,1
2022-05-09,DEMI PAIN,1.0,0.65,1
2022-05-11,DEMI PAIN,1.0,0.65,1
2022-05-14,DEMI PAIN,1.0,0.65,1
2022-05-15,DEMI PAIN,1.0,0.65,1
2022-05-17,DEMI PAIN,1.0,0.65,1
2022-05-19,DEMI PAIN,1.0,0.65,1
2022-05-21,DEMI PAIN,1.0,0.65,1
2022-05-22,DEMI PAIN,1.0,0.65,1
2022-05-25,DEMI PAIN,2.0,0.65,2
2022-05-26,DEMI PAIN,1.0,0.65,1
2022-05-30,DEMI PAIN,1.0,0.65,1
2022-06-01,DEMI PAIN,1.0,0.65,1
2022-06-03,DEMI PAIN,1.0,0.65,1
2022-06-04,DEMI PAIN,2.0,0.65,2
2022-06-07,DEMI PAIN,2.0,0.65,2
2022-06-08,DEMI PAIN,1.0,0.65,1
2022-06-10,DEMI PAIN,2.0,0.65,2
2022-06-11,DEMI PAIN,1.0,0.65,1
2022-06-15,DEMI PAIN,1.0,0.65,1
2022-06-18,DEMI PAIN,1.0,0.65,1
2022-06-19,DEMI PAIN,2.0,0.65,2
2022-06-22,DEMI PAIN,2.0,0.65,2
2022-06-23,DEMI PAIN,1.0,0.65,1
2022-06-24,DEMI PAIN,1.0,0.65,1
2022-06-25,DEMI PAIN,1.0,0.65,1
2022-06-26,DEMI PAIN,2.0,0.65,2
2022-06-27,DEMI PAIN,1.0,0.65,1
2022-06-30,DEMI PAIN,1.0,0.7,1
2022-07-01,DEMI PAIN,1.0,0.7,1
2022-07-08,DEMI PAIN,1.0,0.7,1
2022-07-10,DEMI PAIN,1.0,0.7,1
2022-07-11,DEMI PAIN,1.0,0.7,1
2022-07-17,DEMI PAIN,2.0,0.7,2
2022-07-18,DEMI PAIN,1.0,0.7,1
2022-07-19,DEMI PAIN,1.0,0.7,1
2022-07-21,DEMI PAIN,1.0,0.7,1
2022-07-22,DEMI PAIN,1.0,0.7,1
2022-07-23,DEMI PAIN,1.0,0.7,1
2022-07-25,DEMI PAIN,1.0,0.7,1
2022-07-27,DEMI PAIN,1.0,0.7,1
2022-07-28,DEMI PAIN,1.0,0.7,1
2022-08-01,DEMI PAIN,1.0,0.7,1
2022-08-12,DEMI PAIN,2.0,0.7,2
2022-08-16,DEMI PAIN,1.0,0.7,1
2022-08-22,DEMI PAIN,1.0,0.7,1
2022-08-24,DEMI PAIN,1.0,0.7,1
2022-08-28,DEMI PAIN,2.0,0.7,2
2022-08-29,DEMI PAIN,2.0,0.7,2
2022-09-02,DEMI PAIN,3.0,0.7,3
2022-09-04,DEMI PAIN,1.0,0.7,1
2022-09-15,DEMI PAIN,1.0,0.7,1
2022-09-23,DEMI PAIN,1.0,0.7,1
2022-09-24,DEMI PAIN,1.0,0.7,1
2022-09-25,DEMI PAIN,1.0,0.7,1
2021-05-29,DIVERS BOISSONS,2.0,2.0,2
2021-05-31,DIVERS BOISSONS,3.0,2.0,3
2021-06-01,DIVERS BOISSONS,3.0,2.0,3
2021-06-02,DIVERS BOISSONS,2.0,3.0,2
2021-06-06,DIVERS BOISSONS,2.0,2.0,2
2021-06-08,DIVERS BOISSONS,1.0,2.0,1
2021-06-12,DIVERS BOISSONS,1.0,2.0,1
2021-06-14,DIVERS BOISSONS,2.0,2.0,2
2021-06-15,DIVERS BOISSONS,1.0,4.0,1
2021-06-25,DIVERS BOISSONS,1.0,2.0,1
2021-06-27,DIVERS BOISSONS,1.0,2.0,1
2021-07-13,DIVERS BOISSONS,1.0,2.0,1
2021-07-16,DIVERS BOISSONS,5.0,2.0,3
2021-07-17,DIVERS BOISSONS,1.0,2.0,1
2021-07-19,DIVERS BOISSONS,2.0,3.0,2
2021-07-20,DIVERS BOISSONS,2.0,3.0,2
2021-07-22,DIVERS BOISSONS,1.0,2.0,1
2021-07-25,DIVERS BOISSONS,1.0,2.0,1
2021-07-29,DIVERS BOISSONS,1.0,3.0,1
2021-07-30,DIVERS BOISSONS,1.0,3.0,1
2021-07-31,DIVERS BOISSONS,1.0,2.0,1
2021-08-05,DIVERS BOISSONS,1.0,2.0,1
2021-08-07,DIVERS BOISSONS,1.0,4.0,1
2021-08-09,DIVERS BOISSONS,1.0,4.0,1
2021-08-11,DIVERS BOISSONS,2.0,2.0,2
2021-08-14,DIVERS BOISSONS,2.0,2.0,2
2021-08-16,DIVERS BOISSONS,1.0,2.0,1
2021-08-19,DIVERS BOISSONS,1.0,2.0,1
2021-08-21,DIVERS BOISSONS,2.0,2.0,1
2021-09-03,DIVERS BOISSONS,1.0,4.0,1
2021-09-05,DIVERS BOISSONS,1.0,2.0,1
2021-09-07,DIVERS BOISSONS,1.0,4.0,1
2021-09-11,DIVERS BOISSONS,1.0,2.0,1
2021-09-14,DIVERS BOISSONS,1.0,4.0,1
2021-09-21,DIVERS BOISSONS,1.0,2.0,1
2021-09-23,DIVERS BOISSONS,1.0,2.0,1
2021-09-24,DIVERS BOISSONS,2.0,2.0,2
2021-09-29,DIVERS BOISSONS,1.0,2.0,1
2021-10-06,DIVERS BOISSONS,1.0,2.0,1
2021-10-07,DIVERS BOISSONS,1.0,2.0,1
2021-10-08,DIVERS BOISSONS,1.0,2.0,1
2021-10-12,DIVERS BOISSONS,1.0,2.0,1
2021-10-16,DIVERS BOISSONS,2.0,3.0,2
2021-10-20,DIVERS BOISSONS,1.0,2.0,1
2022-04-03,DIVERS BOISSONS,1.0,3.0,1
2022-06-29,DIVERS BOISSONS,1.0,1.5,1
2022-07-11,DIVERS BOISSONS,1.0,2.0,1
2022-07-12,DIVERS BOISSONS,2.0,2.0,2
2022-07-15,DIVERS BOISSONS,1.0,2.0,1
2022-07-24,DIVERS BOISSONS,1.0,2.0,1
2022-08-03,DIVERS BOISSONS,1.0,2.0,1
2022-08-07,DIVERS BOISSONS,1.0,2.0,1
2022-08-08,DIVERS BOISSONS,2.0,0.5,2
2022-08-09,DIVERS BOISSONS,1.0,2.0,1
2022-08-10,DIVERS BOISSONS,1.0,2.0,1
2022-08-11,DIVERS BOISSONS,3.0,2.0,3
2022-08-13,DIVERS BOISSONS,1.0,2.0,1
2022-08-15,DIVERS BOISSONS,1.0,2.0,1
2022-08-16,DIVERS BOISSONS,1.0,2.0,1
2022-09-15,DIVERS BOISSONS,2.0,2.0,2
2022-09-21,DIVERS BOISSONS,1.0,1.0,1
2022-09-22,DIVERS BOISSONS,2.0,2.5,2
2021-01-04,DIVERS BOULANGERIE,1.0,2.0,1
2021-01-05,DIVERS BOULANGERIE,1.0,2.0,1
2021-01-07,DIVERS BOULANGERIE,1.0,12.0,1
2021-01-09,DIVERS BOULANGERIE,1.0,1.0,1
2021-01-10,DIVERS BOULANGERIE,2.0,1.0,2
2021-01-19,DIVERS BOULANGERIE,1.0,2.0,1
2021-01-25,DIVERS BOULANGERIE,1.0,5.0,1
2021-01-26,DIVERS BOULANGERIE,1.0,2.0,1
2021-01-29,DIVERS BOULANGERIE,1.0,3.0,1
2021-02-04,DIVERS BOULANGERIE,1.0,2.0,1
2021-02-08,DIVERS BOULANGERIE,1.0,4.0,1
2021-02-09,DIVERS BOULANGERIE,1.0,1.0,1
2021-02-11,DIVERS BOULANGERIE,1.0,1.0,1
2021-02-18,DIVERS BOULANGERIE,2.0,1.5,2
2021-02-19,DIVERS BOULANGERIE,1.0,0.0,1
2021-02-21,DIVERS BOULANGERIE,1.0,7.0,1
2021-02-25,DIVERS BOULANGERIE,1.0,1.0,1
2021-03-02,DIVERS BOULANGERIE,1.0,6.0,1
2021-03-04,DIVERS BOULANGERIE,1.0,1.0,1
2021-03-05,DIVERS BOULANGERIE,1.0,1.0,1
2021-03-06,DIVERS BOULANGERIE,2.0,1.0,2
2021-03-08,DIVERS BOULANGERIE,2.0,2.0,2
2021-03-09,DIVERS BOULANGERIE,2.0,1.0,2
2021-03-15,DIVERS BOULANGERIE,1.0,2.0,1
2021-03-19,DIVERS BOULANGERIE,1.0,3.0,1
2021-03-21,DIVERS BOULANGERIE,1.0,1.0,1
2021-03-22,DIVERS BOULANGERIE,1.0,3.0,1
2021-03-23,DIVERS BOULANGERIE,1.0,1.0,1
2021-03-25,DIVERS BOULANGERIE,2.0,1.0,2
2021-03-28,DIVERS BOULANGERIE,1.0,2.0,1
2021-03-29,DIVERS BOULANGERIE,1.0,3.0,1
2021-04-02,DIVERS BOULANGERIE,1.0,6.0,1
2021-04-03,DIVERS BOULANGERIE,1.0,2.0,1
2021-04-04,DIVERS BOULANGERIE,1.0,1.0,1
2021-04-09,DIVERS BOULANGERIE,1.0,6.0,1
2021-04-10,DIVERS BOULANGERIE,1.0,10.0,1
2021-04-12,DIVERS BOULANGERIE,2.0,4.0,2
2021-04-13,DIVERS BOULANGERIE,1.0,2.0,1
2021-04-14,DIVERS BOULANGERIE,1.0,1.0,1
2021-04-17,DIVERS BOULANGERIE,1.0,1.0,1
2021-04-19,DIVERS BOULANGERIE,2.0,3.5,2
2021-04-22,DIVERS BOULANGERIE,2.0,6.75,2
2021-04-23,DIVERS BOULANGERIE,1.0,4.0,1
2021-04-25,DIVERS BOULANGERIE,1.0,6.0,1
2021-04-27,DIVERS BOULANGERIE,2.0,4.0,2
2021-04-28,DIVERS BOULANGERIE,1.0,1.0,1
2021-04-30,DIVERS BOULANGERIE,3.0,4.0,3
2021-05-02,DIVERS BOULANGERIE,1.0,1.0,1
2021-05-03,DIVERS BOULANGERIE,1.0,5.0,1
2021-05-07,DIVERS BOULANGERIE,1.0,7.0,1
2021-05-09,DIVERS BOULANGERIE,3.0,0.7,3
2021-05-11,DIVERS BOULANGERIE,1.0,2.0,1
2021-05-13,DIVERS BOULANGERIE,1.0,2.0,1
2021-05-16,DIVERS BOULANGERIE,1.0,3.0,1
2021-05-22,DIVERS BOULANGERIE,1.0,1.0,1
2021-05-23,DIVERS BOULANGERIE,2.0,7.0,2
2021-05-25,DIVERS BOULANGERIE,2.0,1.5,2
2021-05-28,DIVERS BOULANGERIE,1.0,5.0,1
2021-06-02,DIVERS BOULANGERIE,1.0,1.0,1
2021-06-03,DIVERS BOULANGERIE,1.0,2.0,1
2021-06-04,DIVERS BOULANGERIE,2.0,5.0,2
2021-06-06,DIVERS BOULANGERIE,1.0,10.0,1
2021-06-07,DIVERS BOULANGERIE,1.0,4.0,1
2021-06-08,DIVERS BOULANGERIE,1.0,1.0,1
2021-06-11,DIVERS BOULANGERIE,1.0,1.0,1
2021-06-14,DIVERS BOULANGERIE,2.0,3.5,2
2021-06-16,DIVERS BOULANGERIE,1.0,1.0,1
2021-06-18,DIVERS BOULANGERIE,1.0,2.0,1
2021-06-19,DIVERS BOULANGERIE,1.0,1.0,1
2021-06-20,DIVERS BOULANGERIE,1.0,1.0,1
2021-06-21,DIVERS BOULANGERIE,1.0,2.0,1
2021-06-22,DIVERS BOULANGERIE,1.0,2.0,1
2021-06-23,DIVERS BOULANGERIE,1.0,1.0,1
2021-06-28,DIVERS BOULANGERIE,1.0,3.0,1
2021-07-02,DIVERS BOULANGERIE,1.0,3.0,1
2021-07-03,DIVERS BOULANGERIE,2.0,1.5,2
2021-07-05,DIVERS BOULANGERIE,1.0,2.0,1
2021-07-09,DIVERS BOULANGERIE,2.0,6.5,2
2021-07-11,DIVERS BOULANGERIE,1.0,1.0,1
2021-07-13,DIVERS BOULANGERIE,1.0,1.0,1
2021-07-14,DIVERS BOULANGERIE,3.0,1.0,3
2021-07-16,DIVERS BOULANGERIE,1.0,4.0,1
2021-07-19,DIVERS BOULANGERIE,1.0,5.0,1
2021-07-21,DIVERS BOULANGERIE,1.0,2.0,1
2021-07-23,DIVERS BOULANGERIE,3.0,5.0,3
2021-07-25,DIVERS BOULANGERIE,2.0,2.0,2
2021-07-30,DIVERS BOULANGERIE,1.0,9.0,1
2021-08-01,DIVERS BOULANGERIE,1.0,1.0,1
2021-08-09,DIVERS BOULANGERIE,1.0,6.0,1
2021-08-16,DIVERS BOULANGERIE,1.0,3.0,1
2021-08-23,DIVERS BOULANGERIE,2.0,1.0,2
2021-08-28,DIVERS BOULANGERIE,1.0,1.0,1
2021-08-30,DIVERS BOULANGERIE,1.0,3.0,1
2021-09-05,DIVERS BOULANGERIE,1.0,2.0,1
2021-09-06,DIVERS BOULANGERIE,1.0,1.0,1
2021-09-09,DIVERS BOULANGERIE,1.0,2.0,1
2021-09-10,DIVERS BOULANGERIE,1.0,1.0,1
2021-09-11,DIVERS BOULANGERIE,1.0,4.0,1
2021-09-26,DIVERS BOULANGERIE,1.0,1.0,1
2021-09-27,DIVERS BOULANGERIE,1.0,1.0,1
2021-10-08,DIVERS BOULANGERIE,1.0,2.0,1
2021-10-18,DIVERS BOULANGERIE,1.0,2.0,1
2021-10-19,DIVERS BOULANGERIE,1.0,1.0,1
2021-10-25,DIVERS BOULANGERIE,1.0,1.0,1
2021-11-19,DIVERS BOULANGERIE,1.0,1.0,1
2021-12-05,DIVERS BOULANGERIE,1.0,1.0,1
2021-12-18,DIVERS BOULANGERIE,1.0,6.0,1
2021-12-19,DIVERS BOULANGERIE,1.0,0.0,1
2021-12-20,DIVERS BOULANGERIE,1.0,1.0,1
2021-12-21,DIVERS BOULANGERIE,4.0,2.5,4
2021-12-22,DIVERS BOULANGERIE,6.0,2.5,5
2021-12-24,DIVERS BOULANGERIE,44.0,2.5,38
2021-12-25,DIVERS BOULANGERIE,21.0,2.5,19
2021-12-26,DIVERS BOULANGERIE,2.0,6.0,2
2021-12-27,DIVERS BOULANGERIE,2.0,2.5,2
2021-12-28,DIVERS BOULANGERIE,6.0,2.5,6
2021-12-30,DIVERS BOULANGERIE,1.0,2.0,1
2021-12-31,DIVERS BOULANGERIE,25.0,2.5,23
2022-01-13,DIVERS BOULANGERIE,1.0,1.0,1
2022-02-07,DIVERS BOULANGERIE,1.0,1.0,1
2022-02-19,DIVERS BOULANGERIE,7.0,1.5,7
2022-02-21,DIVERS BOULANGERIE,1.0,1.0,1
2022-03-06,DIVERS BOULANGERIE,1.0,1.0,1
2022-03-07,DIVERS BOULANGERIE,1.0,1.0,1
2022-03-09,DIVERS BOULANGERIE,1.0,1.0,1
2022-03-10,DIVERS BOULANGERIE,1.0,1.05,1
2022-03-21,DIVERS BOULANGERIE,2.0,3.0,2
2022-04-04,DIVERS BOULANGERIE,3.0,2.0,3
2022-04-08,DIVERS BOULANGERIE,1.0,1.0,1
2022-04-11,DIVERS BOULANGERIE,2.0,1.0,2
2022-04-12,DIVERS BOULANGERIE,1.0,1.0,1
2022-04-22,DIVERS BOULANGERIE,2.0,3.4,2
2022-05-15,DIVERS BOULANGERIE,2.0,1.5,2
2022-05-30,DIVERS BOULANGERIE,1.0,2.0,1
2022-06-01,DIVERS BOULANGERIE,1.0,2.0,1
2022-06-08,DIVERS BOULANGERIE,1.0,1.0,1
2022-06-11,DIVERS BOULANGERIE,2.0,1.125,2
2022-06-13,DIVERS BOULANGERIE,1.0,1.0,1
2022-06-18,DIVERS BOULANGERIE,1.0,1.0,1
2022-06-19,DIVERS BOULANGERIE,1.0,6.0,1
2022-06-23,DIVERS BOULANGERIE,1.0,2.0,1
2022-06-29,DIVERS BOULANGERIE,1.0,0.45,1
2022-07-01,DIVERS BOULANGERIE,1.0,1.0,1
2022-07-03,DIVERS BOULANGERIE,1.0,2.0,1
2022-07-04,DIVERS BOULANGERIE,1.0,1.0,1
2022-07-05,DIVERS BOULANGERIE,1.0,14.0,1
2022-07-06,DIVERS BOULANGERIE,1.0,4.0,1
2022-07-08,DIVERS BOULANGERIE,1.0,0.65,1
2022-07-13,DIVERS BOULANGERIE,1.0,2.0,1
2022-07-17,DIVERS BOULANGERIE,1.0,1.0,1
2022-07-19,DIVERS BOULANGERIE,2.0,1.0,2
2022-07-23,DIVERS BOULANGERIE,1.0,1.0,1
2022-07-26,DIVERS BOULANGERIE,2.0,3.0,2
2022-07-27,DIVERS BOULANGERIE,2.0,3.25,2
2022-07-30,DIVERS BOULANGERIE,1.0,2.0,1
2022-07-31,DIVERS BOULANGERIE,1.0,2.0,1
2022-08-03,DIVERS BOULANGERIE,2.0,3.5,2
2022-08-06,DIVERS BOULANGERIE,1.0,1.0,1
2022-08-08,DIVERS BOULANGERIE,1.0,1.0,1
2022-08-11,DIVERS BOULANGERIE,2.0,1.0,2
2022-08-13,DIVERS BOULANGERIE,1.0,0.15,1
2022-08-22,DIVERS BOULANGERIE,1.0,1.0,1
2022-08-25,DIVERS BOULANGERIE,1.0,1.0,1
2022-08-28,DIVERS BOULANGERIE,1.0,1.0,1
2022-09-03,DIVERS BOULANGERIE,1.0,1.0,1
2022-09-07,DIVERS BOULANGERIE,2.0,1.5,2
2022-09-15,DIVERS BOULANGERIE,1.0,3.0,1
2022-09-17,DIVERS BOULANGERIE,2.0,1.25,2
2022-09-21,DIVERS BOULANGERIE,1.0,10.0,1
2022-09-23,DIVERS BOULANGERIE,2.0,1.0,2
2022-09-24,DIVERS BOULANGERIE,1.0,1.0,1
2022-09-28,DIVERS BOULANGERIE,2.0,3.125,2
2022-09-30,DIVERS BOULANGERIE,1.0,5.0,1
2021-01-03,DIVERS CONFISERIE,1.0,3.0,1
2021-01-07,DIVERS CONFISERIE,1.0,3.0,1
2021-01-09,DIVERS CONFISERIE,1.0,3.0,1
2021-01-15,DIVERS CONFISERIE,1.0,1.0,1
2021-01-17,DIVERS CONFISERIE,1.0,3.0,1
2021-01-18,DIVERS CONFISERIE,1.0,3.0,1
2021-01-19,DIVERS CONFISERIE,1.0,3.0,1
2021-01-28,DIVERS CONFISERIE,1.0,6.0,1
2021-01-31,DIVERS CONFISERIE,3.0,3.0,3
2021-02-04,DIVERS CONFISERIE,1.0,3.0,1
2021-02-05,DIVERS CONFISERIE,1.0,3.0,1
2021-02-18,DIVERS CONFISERIE,1.0,3.0,1
2021-02-19,DIVERS CONFISERIE,1.0,3.0,1
2021-02-26,DIVERS CONFISERIE,2.0,4.5,2
2021-02-28,DIVERS CONFISERIE,2.0,3.0,2
2021-03-01,DIVERS CONFISERIE,2.0,3.0,2
2021-03-05,DIVERS CONFISERIE,1.0,6.0,1
2021-03-07,DIVERS CONFISERIE,1.0,3.0,1
2021-03-13,DIVERS CONFISERIE,2.0,3.0,2
2021-03-16,DIVERS CONFISERIE,1.0,3.0,1
2021-03-18,DIVERS CONFISERIE,1.0,6.0,1
2021-03-25,DIVERS CONFISERIE,1.0,3.0,1
2021-03-26,DIVERS CONFISERIE,1.0,3.0,1
2021-03-28,DIVERS CONFISERIE,3.0,3.0,3
2021-03-30,DIVERS CONFISERIE,1.0,3.0,1
2021-04-02,DIVERS CONFISERIE,1.0,3.0,1
2021-04-03,DIVERS CONFISERIE,2.0,3.0,2
2021-04-04,DIVERS CONFISERIE,2.0,4.5,2
2021-04-05,DIVERS CONFISERIE,1.0,3.0,1
2021-04-08,DIVERS CONFISERIE,2.0,3.0,2
2021-04-12,DIVERS CONFISERIE,1.0,3.0,1
2021-04-13,DIVERS CONFISERIE,2.0,3.0,2
2021-04-16,DIVERS CONFISERIE,2.0,3.0,2
2021-04-17,DIVERS CONFISERIE,1.0,3.0,1
2021-04-20,DIVERS CONFISERIE,3.0,3.0,3
2021-04-22,DIVERS CONFISERIE,4.0,7.5,4
2021-04-25,DIVERS CONFISERIE,1.0,3.0,1
2021-04-29,DIVERS CONFISERIE,1.0,3.0,1
2021-05-01,DIVERS CONFISERIE,2.0,3.0,2
2021-05-06,DIVERS CONFISERIE,3.0,3.0,3
2021-05-10,DIVERS CONFISERIE,3.0,3.0,2
2021-05-12,DIVERS CONFISERIE,2.0,3.0,2
2021-05-13,DIVERS CONFISERIE,1.0,0.0,1
2021-05-15,DIVERS CONFISERIE,3.0,3.0,3
2021-05-16,DIVERS CONFISERIE,1.0,6.0,1
2021-05-22,DIVERS CONFISERIE,1.0,12.0,1
2021-05-23,DIVERS CONFISERIE,1.0,3.0,1
2021-05-24,DIVERS CONFISERIE,2.0,3.0,2
2021-05-26,DIVERS CONFISERIE,1.0,3.0,1
2021-05-27,DIVERS CONFISERIE,3.0,3.0,3
2021-05-29,DIVERS CONFISERIE,1.0,3.0,1
2021-05-31,DIVERS CONFISERIE,1.0,3.0,1
2021-06-03,DIVERS CONFISERIE,1.0,3.0,1
2021-06-04,DIVERS CONFISERIE,1.0,3.0,1
2021-06-07,DIVERS CONFISERIE,1.0,3.0,1
2021-06-08,DIVERS CONFISERIE,1.0,3.0,1
2021-06-09,DIVERS CONFISERIE,1.0,3.0,1
2021-06-11,DIVERS CONFISERIE,1.0,3.0,1
2021-06-12,DIVERS CONFISERIE,2.0,3.0,2
2021-06-13,DIVERS CONFISERIE,1.0,3.0,1
2021-06-16,DIVERS CONFISERIE,1.0,3.0,1
2021-06-18,DIVERS CONFISERIE,1.0,3.0,1
2021-06-20,DIVERS CONFISERIE,1.0,3.0,1
2021-06-21,DIVERS CONFISERIE,1.0,3.0,1
2021-06-23,DIVERS CONFISERIE,1.0,3.0,1
2021-06-24,DIVERS CONFISERIE,1.0,3.0,1
2021-06-25,DIVERS CONFISERIE,1.0,3.0,1
2021-06-26,DIVERS CONFISERIE,1.0,3.0,1
2021-06-28,DIVERS CONFISERIE,1.0,3.0,1
2021-06-29,DIVERS CONFISERIE,2.0,3.0,2
2021-06-30,DIVERS CONFISERIE,1.0,3.0,1
2021-07-01,DIVERS CONFISERIE,2.0,3.0,2
2021-07-03,DIVERS CONFISERIE,3.0,3.0,3
2021-07-05,DIVERS CONFISERIE,2.0,3.0,2
2021-07-06,DIVERS CONFISERIE,1.0,3.0,1
2021-07-07,DIVERS CONFISERIE,1.0,6.0,1
2021-07-08,DIVERS CONFISERIE,2.0,3.0,2
2021-07-09,DIVERS CONFISERIE,4.0,3.0,4
2021-07-10,DIVERS CONFISERIE,1.0,3.0,1
2021-07-12,DIVERS CONFISERIE,1.0,3.0,1
2021-07-13,DIVERS CONFISERIE,4.0,3.0,3
2021-07-14,DIVERS CONFISERIE,1.0,3.0,1
2021-07-15,DIVERS CONFISERIE,2.0,3.0,2
2021-07-16,DIVERS CONFISERIE,1.0,3.0,1
2021-07-18,DIVERS CONFISERIE,3.0,3.0,3
2021-07-20,DIVERS CONFISERIE,3.0,3.0,3
2021-07-21,DIVERS CONFISERIE,2.0,3.0,2
2021-07-22,DIVERS CONFISERIE,2.0,3.0,2
2021-07-23,DIVERS CONFISERIE,1.0,3.0,1
2021-07-24,DIVERS CONFISERIE,3.0,3.0,3
2021-07-25,DIVERS CONFISERIE,1.0,3.0,1
2021-07-26,DIVERS CONFISERIE,1.0,3.0,1
2021-07-29,DIVERS CONFISERIE,1.0,0.0,1
2021-07-30,DIVERS CONFISERIE,2.0,3.0,2
2021-07-31,DIVERS CONFISERIE,3.0,3.0,3
2021-08-02,DIVERS CONFISERIE,2.0,3.0,2
2021-08-03,DIVERS CONFISERIE,1.0,3.0,1
2021-08-04,DIVERS CONFISERIE,3.0,3.0,3
2021-08-05,DIVERS CONFISERIE,1.0,3.0,1
2021-08-07,DIVERS CONFISERIE,3.0,3.0,2
2021-08-08,DIVERS CONFISERIE,2.0,3.0,2
2021-08-09,DIVERS CONFISERIE,2.0,3.0,2
2021-08-10,DIVERS CONFISERIE,1.0,3.0,1
2021-08-11,DIVERS CONFISERIE,3.0,6.0,3
2021-08-13,DIVERS CONFISERIE,3.0,3.0,2
2021-08-14,DIVERS CONFISERIE,4.0,3.0,4
2021-08-16,DIVERS CONFISERIE,3.0,3.0,3
2021-08-18,DIVERS CONFISERIE,5.0,3.0,5
2021-08-20,DIVERS CONFISERIE,1.0,3.0,1
2021-08-21,DIVERS CONFISERIE,1.0,3.0,1
2021-08-22,DIVERS CONFISERIE,1.0,3.0,1
2021-08-24,DIVERS CONFISERIE,1.0,3.0,1
2021-08-25,DIVERS CONFISERIE,3.0,3.0,3
2021-08-27,DIVERS CONFISERIE,1.0,3.0,1
2021-08-29,DIVERS CONFISERIE,2.0,3.0,2
2021-09-03,DIVERS CONFISERIE,1.0,3.0,1
2021-09-05,DIVERS CONFISERIE,1.0,3.0,1
2021-09-12,DIVERS CONFISERIE,1.0,3.0,1
2021-09-14,DIVERS CONFISERIE,2.0,4.5,2
2021-09-17,DIVERS CONFISERIE,1.0,3.0,1
2021-09-20,DIVERS CONFISERIE,1.0,3.0,1
2021-09-24,DIVERS CONFISERIE,1.0,3.0,1
2021-09-25,DIVERS CONFISERIE,1.0,3.0,1
2021-09-26,DIVERS CONFISERIE,2.0,3.0,1
2021-09-27,DIVERS CONFISERIE,1.0,3.0,1
2021-09-29,DIVERS CONFISERIE,1.0,3.0,1
2021-10-02,DIVERS CONFISERIE,1.0,3.0,1
2021-10-06,DIVERS CONFISERIE,1.0,3.0,1
2021-10-09,DIVERS CONFISERIE,2.0,3.0,2
2021-10-10,DIVERS CONFISERIE,1.0,3.0,1
2021-10-11,DIVERS CONFISERIE,1.0,3.0,1
2021-10-12,DIVERS CONFISERIE,2.0,3.0,2
2021-10-13,DIVERS CONFISERIE,1.0,3.0,1
2021-10-14,DIVERS CONFISERIE,2.0,3.0,2
2021-10-16,DIVERS CONFISERIE,1.0,3.0,1
2021-10-17,DIVERS CONFISERIE,1.0,3.0,1
2021-10-20,DIVERS CONFISERIE,2.0,3.0,2
2021-10-26,DIVERS CONFISERIE,1.0,3.0,1
2021-10-27,DIVERS CONFISERIE,1.0,3.0,1
2021-10-28,DIVERS CONFISERIE,1.0,3.0,1
2021-10-31,DIVERS CONFISERIE,1.0,6.0,1
2021-11-02,DIVERS CONFISERIE,1.0,3.0,1
2021-11-03,DIVERS CONFISERIE,1.0,3.0,1
2021-11-04,DIVERS CONFISERIE,1.0,9.0,1
2021-11-06,DIVERS CONFISERIE,1.0,3.0,1
2021-11-15,DIVERS CONFISERIE,1.0,3.0,1
2021-11-20,DIVERS CONFISERIE,1.0,3.0,1
2021-11-22,DIVERS CONFISERIE,1.0,3.0,1
2021-11-26,DIVERS CONFISERIE,2.0,3.0,2
2021-11-27,DIVERS CONFISERIE,1.0,3.0,1
2021-11-29,DIVERS CONFISERIE,1.0,3.0,1
2021-12-03,DIVERS CONFISERIE,1.0,3.0,1
2021-12-05,DIVERS CONFISERIE,2.0,3.0,2
2021-12-14,DIVERS CONFISERIE,1.0,3.0,1
2021-12-16,DIVERS CONFISERIE,1.0,3.0,1
2021-12-18,DIVERS CONFISERIE,1.0,3.0,1
2021-12-21,DIVERS CONFISERIE,1.0,3.0,1
2021-12-22,DIVERS CONFISERIE,4.0,3.0,1
2021-12-27,DIVERS CONFISERIE,1.0,3.0,1
2021-12-29,DIVERS CONFISERIE,1.0,3.0,1
2022-01-02,DIVERS CONFISERIE,1.0,3.0,1
2022-01-04,DIVERS CONFISERIE,1.0,3.0,1
2022-01-09,DIVERS CONFISERIE,1.0,3.0,1
2022-01-13,DIVERS CONFISERIE,1.0,3.0,1
2022-01-14,DIVERS CONFISERIE,1.0,3.0,1
2022-01-16,DIVERS CONFISERIE,1.0,3.0,1
2022-01-17,DIVERS CONFISERIE,1.0,3.0,1
2022-01-21,DIVERS CONFISERIE,3.0,3.0,3
2022-01-22,DIVERS CONFISERIE,1.0,3.0,1
2022-01-23,DIVERS CONFISERIE,1.0,3.0,1
2022-01-25,DIVERS CONFISERIE,1.0,3.0,1
2022-01-27,DIVERS CONFISERIE,2.0,4.5,2
2022-01-30,DIVERS CONFISERIE,1.0,3.0,1
2022-02-03,DIVERS CONFISERIE,2.0,3.0,2
2022-02-04,DIVERS CONFISERIE,1.0,3.0,1
2022-02-05,DIVERS CONFISERIE,1.0,3.0,1
2022-02-06,DIVERS CONFISERIE,1.0,3.0,1
2022-02-07,DIVERS CONFISERIE,1.0,3.0,1
2022-02-08,DIVERS CONFISERIE,1.0,3.0,1
2022-02-11,DIVERS CONFISERIE,1.0,3.0,1
2022-02-15,DIVERS CONFISERIE,1.0,3.0,1
2022-02-19,DIVERS CONFISERIE,3.0,3.0,3
2022-02-21,DIVERS CONFISERIE,1.0,3.0,1
2022-02-22,DIVERS CONFISERIE,1.0,3.0,1
2022-02-28,DIVERS CONFISERIE,1.0,6.0,1
2022-03-02,DIVERS CONFISERIE,1.0,3.0,1
2022-03-03,DIVERS CONFISERIE,1.0,3.0,1
2022-03-06,DIVERS CONFISERIE,2.0,3.165,2
2022-03-15,DIVERS CONFISERIE,2.0,4.5,2
2022-03-19,DIVERS CONFISERIE,2.0,3.0,2
2022-03-20,DIVERS CONFISERIE,1.0,3.0,1
2022-03-21,DIVERS CONFISERIE,1.0,3.0,1
2022-03-23,DIVERS CONFISERIE,2.0,3.0,2
2022-03-24,DIVERS CONFISERIE,1.0,6.0,1
2022-03-26,DIVERS CONFISERIE,1.0,3.0,1
2022-03-28,DIVERS CONFISERIE,1.0,3.0,1
2022-03-29,DIVERS CONFISERIE,1.0,6.0,1
2022-04-01,DIVERS CONFISERIE,1.0,4.0,1
2022-04-02,DIVERS CONFISERIE,2.0,3.0,2
2022-04-03,DIVERS CONFISERIE,4.0,3.5,4
2022-04-04,DIVERS CONFISERIE,1.0,3.0,1
2022-04-07,DIVERS CONFISERIE,7.0,5.7,7
2022-04-08,DIVERS CONFISERIE,2.0,4.5,2
2022-04-09,DIVERS CONFISERIE,3.0,3.0,3
2022-04-10,DIVERS CONFISERIE,2.0,4.35,2
2022-04-11,DIVERS CONFISERIE,3.0,3.0,3
2022-04-12,DIVERS CONFISERIE,1.0,6.0,1
2022-04-13,DIVERS CONFISERIE,3.0,3.0,3
2022-04-15,DIVERS CONFISERIE,5.0,5.7,5
2022-04-16,DIVERS CONFISERIE,19.0,5.7,13
2022-04-17,DIVERS CONFISERIE,9.0,6.0,7
2022-04-18,DIVERS CONFISERIE,4.0,5.85,4
2022-04-19,DIVERS CONFISERIE,1.0,5.7,1
2022-04-21,DIVERS CONFISERIE,3.0,3.0,3
2022-04-22,DIVERS CONFISERIE,2.0,5.85,2
2022-04-24,DIVERS CONFISERIE,1.0,5.7,1
2022-04-25,DIVERS CONFISERIE,1.0,6.0,1
2022-04-26,DIVERS CONFISERIE,1.0,3.0,1
2022-04-27,DIVERS CONFISERIE,1.0,3.0,1
2022-04-29,DIVERS CONFISERIE,2.0,3.0,2
2022-04-30,DIVERS CONFISERIE,1.0,3.0,1
2022-05-05,DIVERS CONFISERIE,1.0,3.0,1
2022-05-07,DIVERS CONFISERIE,1.0,3.0,1
2022-05-18,DIVERS CONFISERIE,1.0,3.0,1
2022-05-22,DIVERS CONFISERIE,1.0,3.0,1
2022-05-26,DIVERS CONFISERIE,3.0,3.0,3
2022-05-27,DIVERS CONFISERIE,3.0,3.0,3
2022-05-28,DIVERS CONFISERIE,3.0,3.0,3
2022-06-01,DIVERS CONFISERIE,1.0,3.0,1
2022-06-03,DIVERS CONFISERIE,1.0,3.0,1
2022-06-04,DIVERS CONFISERIE,1.0,3.0,1
2022-06-05,DIVERS CONFISERIE,3.0,6.0,3
2022-06-06,DIVERS CONFISERIE,2.0,3.0,2
2022-06-08,DIVERS CONFISERIE,1.0,6.0,1
2022-06-11,DIVERS CONFISERIE,1.0,3.0,1
2022-06-12,DIVERS CONFISERIE,1.0,3.0,1
2022-06-14,DIVERS CONFISERIE,1.0,3.0,1
2022-06-15,DIVERS CONFISERIE,1.0,3.0,1
2022-06-18,DIVERS CONFISERIE,1.0,3.0,1
2022-06-19,DIVERS CONFISERIE,2.0,3.0,2
2022-06-26,DIVERS CONFISERIE,1.0,3.0,1
2022-06-28,DIVERS CONFISERIE,1.0,3.0,1
2022-06-30,DIVERS CONFISERIE,1.0,3.0,1
2022-07-02,DIVERS CONFISERIE,3.0,3.0,3
2022-07-03,DIVERS CONFISERIE,1.0,3.0,1
2022-07-04,DIVERS CONFISERIE,1.0,3.0,1
2022-07-05,DIVERS CONFISERIE,1.0,3.0,1
2022-07-07,DIVERS CONFISERIE,3.0,3.0,3
2022-07-08,DIVERS CONFISERIE,3.0,3.0,3
2022-07-10,DIVERS CONFISERIE,1.0,3.0,1
2022-07-11,DIVERS CONFISERIE,3.0,3.0,3
2022-07-12,DIVERS CONFISERIE,2.0,3.0,2
2022-07-13,DIVERS CONFISERIE,1.0,3.0,1
2022-07-14,DIVERS CONFISERIE,2.0,4.5,2
2022-07-17,DIVERS CONFISERIE,1.0,6.0,1
2022-07-19,DIVERS CONFISERIE,4.0,3.0,2
2022-07-20,DIVERS CONFISERIE,4.0,3.0,4
2022-07-21,DIVERS CONFISERIE,3.0,3.0,3
2022-07-22,DIVERS CONFISERIE,1.0,3.0,1
2022-07-24,DIVERS CONFISERIE,3.0,3.0,3
2022-07-26,DIVERS CONFISERIE,2.0,3.0,2
2022-07-27,DIVERS CONFISERIE,1.0,3.0,1
2022-07-29,DIVERS CONFISERIE,2.0,3.0,2
2022-07-30,DIVERS CONFISERIE,2.0,3.0,2
2022-07-31,DIVERS CONFISERIE,2.0,4.5,2
2022-08-03,DIVERS CONFISERIE,1.0,3.0,1
2022-08-04,DIVERS CONFISERIE,2.0,3.0,2
2022-08-06,DIVERS CONFISERIE,1.0,3.0,1
2022-08-07,DIVERS CONFISERIE,3.0,3.0,3
2022-08-08,DIVERS CONFISERIE,3.0,3.0,3
2022-08-09,DIVERS CONFISERIE,1.0,3.0,1
2022-08-10,DIVERS CONFISERIE,2.0,3.0,2
2022-08-11,DIVERS CONFISERIE,2.0,3.0,2
2022-08-13,DIVERS CONFISERIE,2.0,3.0,2
2022-08-15,DIVERS CONFISERIE,3.0,3.0,3
2022-08-16,DIVERS CONFISERIE,3.0,3.0,1
2022-08-17,DIVERS CONFISERIE,4.0,3.0,3
2022-08-18,DIVERS CONFISERIE,2.0,3.0,2
2022-08-20,DIVERS CONFISERIE,1.0,3.0,1
2022-08-21,DIVERS CONFISERIE,2.0,3.0,2
2022-08-23,DIVERS CONFISERIE,1.0,3.0,1
2022-08-24,DIVERS CONFISERIE,1.0,3.0,1
2022-08-28,DIVERS CONFISERIE,3.0,3.0,3
2022-09-03,DIVERS CONFISERIE,1.0,3.0,1
2022-09-05,DIVERS CONFISERIE,2.0,3.0,2
2022-09-08,DIVERS CONFISERIE,1.0,3.0,1
2022-09-11,DIVERS CONFISERIE,1.0,3.0,1
2022-09-12,DIVERS CONFISERIE,1.0,3.0,1
2022-09-14,DIVERS CONFISERIE,1.0,3.0,1
2022-09-17,DIVERS CONFISERIE,2.0,3.0,2
2022-09-25,DIVERS CONFISERIE,1.0,3.0,1
2022-09-27,DIVERS CONFISERIE,1.0,3.0,1
2022-09-29,DIVERS CONFISERIE,2.0,3.0,2
2022-09-30,DIVERS CONFISERIE,1.0,6.0,1
2021-01-02,DIVERS PATISSERIE,1.0,0.0,1
2021-01-05,DIVERS PATISSERIE,7.0,6.0,7
2021-01-11,DIVERS PATISSERIE,7.0,8.0,7
2021-01-12,DIVERS PATISSERIE,9.0,6.0,9
2021-01-14,DIVERS PATISSERIE,12.0,8.0,12
2021-01-15,DIVERS PATISSERIE,7.0,8.0,7
2021-01-16,DIVERS PATISSERIE,3.0,6.0,3
2021-01-19,DIVERS PATISSERIE,6.0,6.0,6
2021-01-29,DIVERS PATISSERIE,2.0,10.0,2
2021-01-30,DIVERS PATISSERIE,1.0,7.0,1
2021-02-02,DIVERS PATISSERIE,3.0,5.0,3
2021-02-06,DIVERS PATISSERIE,1.0,7.0,1
2021-02-07,DIVERS PATISSERIE,1.0,7.0,1
2021-02-13,DIVERS PATISSERIE,1.0,7.0,1
2021-02-14,DIVERS PATISSERIE,2.0,7.0,2
2021-02-16,DIVERS PATISSERIE,2.0,1.0,2
2021-02-21,DIVERS PATISSERIE,1.0,7.0,1
2021-03-06,DIVERS PATISSERIE,1.0,7.0,1
2021-03-07,DIVERS PATISSERIE,3.0,7.0,3
2021-03-11,DIVERS PATISSERIE,1.0,2.0,1
2021-03-21,DIVERS PATISSERIE,1.0,14.0,1
2021-03-23,DIVERS PATISSERIE,2.0,1.0,2
2021-03-30,DIVERS PATISSERIE,1.0,1.0,1
2021-04-02,DIVERS PATISSERIE,4.0,5.0,4
2021-04-03,DIVERS PATISSERIE,6.0,3.75,6
2021-04-04,DIVERS PATISSERIE,3.0,7.0,3
2021-04-05,DIVERS PATISSERIE,1.0,7.0,1
2021-04-06,DIVERS PATISSERIE,8.0,3.0,7
2021-04-10,DIVERS PATISSERIE,1.0,14.0,1
2021-04-11,DIVERS PATISSERIE,2.0,9.0,2
2021-04-12,DIVERS PATISSERIE,1.0,7.0,1
2021-04-17,DIVERS PATISSERIE,2.0,7.0,2
2021-04-18,DIVERS PATISSERIE,1.0,7.0,1
2021-04-22,DIVERS PATISSERIE,1.0,7.5,1
2021-04-25,DIVERS PATISSERIE,1.0,7.0,1
2021-04-27,DIVERS PATISSERIE,2.0,6.0,2
2021-05-01,DIVERS PATISSERIE,2.0,3.5,2
2021-05-02,DIVERS PATISSERIE,1.0,7.0,1
2021-05-03,DIVERS PATISSERIE,1.0,7.0,1
2021-05-08,DIVERS PATISSERIE,1.0,7.0,1
2021-05-09,DIVERS PATISSERIE,3.0,7.0,3
2021-05-13,DIVERS PATISSERIE,2.0,12.0,2
2021-05-14,DIVERS PATISSERIE,4.0,7.0,4
2021-05-16,DIVERS PATISSERIE,3.0,7.0,3
2021-05-22,DIVERS PATISSERIE,1.0,6.0,1
2021-05-25,DIVERS PATISSERIE,3.0,4.5,3
2021-06-04,DIVERS PATISSERIE,1.0,11.0,1
2021-06-07,DIVERS PATISSERIE,5.0,3.5,5
2021-06-26,DIVERS PATISSERIE,7.0,2.5,5
2021-06-27,DIVERS PATISSERIE,13.0,2.5,9
2021-07-03,DIVERS PATISSERIE,1.0,7.0,1
2021-07-04,DIVERS PATISSERIE,3.0,7.0,3
2021-07-10,DIVERS PATISSERIE,6.0,2.75,4
2021-07-11,DIVERS PATISSERIE,25.0,3.0,21
2021-07-12,DIVERS PATISSERIE,1.0,2.5,1
2021-07-13,DIVERS PATISSERIE,3.0,4.5,3
2021-07-16,DIVERS PATISSERIE,3.0,2.0,2
2021-07-18,DIVERS PATISSERIE,1.0,2.0,1
2021-07-20,DIVERS PATISSERIE,1.0,2.5,1
2021-07-24,DIVERS PATISSERIE,1.0,2.5,1
2021-07-25,DIVERS PATISSERIE,1.0,6.0,1
2021-08-16,DIVERS PATISSERIE,1.0,0.0,1
2021-09-13,DIVERS PATISSERIE,1.0,2.5,1
2021-09-28,DIVERS PATISSERIE,2.0,1.5,2
2021-10-09,DIVERS PATISSERIE,2.0,7.0,2
2021-10-10,DIVERS PATISSERIE,3.0,7.0,3
2021-10-11,DIVERS PATISSERIE,2.0,7.0,2
2021-10-16,DIVERS PATISSERIE,2.0,7.0,2
2021-10-17,DIVERS PATISSERIE,3.0,7.0,3
2021-10-23,DIVERS PATISSERIE,2.0,7.0,2
2021-10-24,DIVERS PATISSERIE,2.0,7.0,2
2021-10-25,DIVERS PATISSERIE,1.0,7.0,1
2021-10-29,DIVERS PATISSERIE,3.0,7.0,3
2021-10-30,DIVERS PATISSERIE,2.0,7.0,2
2021-10-31,DIVERS PATISSERIE,2.0,7.0,2
2021-11-02,DIVERS PATISSERIE,1.0,8.0,1
2021-11-06,DIVERS PATISSERIE,1.0,7.0,1
2021-11-07,DIVERS PATISSERIE,1.0,7.0,1
2021-11-08,DIVERS PATISSERIE,1.0,7.0,1
2021-11-09,DIVERS PATISSERIE,5.0,4.5,5
2021-11-11,DIVERS PATISSERIE,1.0,7.0,1
2021-11-12,DIVERS PATISSERIE,1.0,24.0,1
2021-11-13,DIVERS PATISSERIE,1.0,7.0,1
2021-11-14,DIVERS PATISSERIE,1.0,7.0,1
2021-11-16,DIVERS PATISSERIE,1.0,2.0,1
2021-11-21,DIVERS PATISSERIE,1.0,7.0,1
2021-11-22,DIVERS PATISSERIE,1.0,7.0,1
2021-11-23,DIVERS PATISSERIE,7.0,4.5,7
2021-11-27,DIVERS PATISSERIE,4.0,3.5,3
2021-11-28,DIVERS PATISSERIE,4.0,7.0,4
2021-12-04,DIVERS PATISSERIE,2.0,7.0,2
2021-12-12,DIVERS PATISSERIE,8.0,3.5,7
2021-12-13,DIVERS PATISSERIE,2.0,3.25,2
2021-12-18,DIVERS PATISSERIE,2.0,6.0,2
2021-12-19,DIVERS PATISSERIE,1.0,7.0,1
2021-12-21,DIVERS PATISSERIE,4.0,3.5,3
2021-12-22,DIVERS PATISSERIE,2.0,14.0,2
2021-12-24,DIVERS PATISSERIE,10.0,7.0,7
2021-12-25,DIVERS PATISSERIE,2.0,7.0,2
2021-12-26,DIVERS PATISSERIE,4.0,8.75,4
2021-12-31,DIVERS PATISSERIE,6.0,3.35,6
2022-01-02,DIVERS PATISSERIE,3.0,4.0,3
2022-01-04,DIVERS PATISSERIE,1.0,7.0,1
2022-01-09,DIVERS PATISSERIE,1.0,18.0,1
2022-01-11,DIVERS PATISSERIE,6.0,4.0,6
2022-01-25,DIVERS PATISSERIE,3.0,2.0,3
2022-02-01,DIVERS PATISSERIE,4.0,2.0,4
2022-02-05,DIVERS PATISSERIE,1.0,7.0,1
2022-02-06,DIVERS PATISSERIE,1.0,7.0,1
2022-02-15,DIVERS PATISSERIE,6.0,2.875,6
2022-02-22,DIVERS PATISSERIE,8.0,3.0,8
2022-02-27,DIVERS PATISSERIE,2.0,5.25,2
2022-03-06,DIVERS PATISSERIE,1.0,7.0,1
2022-03-19,DIVERS PATISSERIE,1.0,2.0,1
2022-03-21,DIVERS PATISSERIE,3.0,2.0,3
2022-03-22,DIVERS PATISSERIE,2.0,4.5,2
2022-03-23,DIVERS PATISSERIE,4.0,2.0,4
2022-03-28,DIVERS PATISSERIE,7.0,2.0,7
2022-03-29,DIVERS PATISSERIE,3.0,1.0,3
2022-04-04,DIVERS PATISSERIE,6.0,2.0,6
2022-04-05,DIVERS PATISSERIE,3.0,3.5,3
2022-04-06,DIVERS PATISSERIE,1.0,1.0,1
2022-04-12,DIVERS PATISSERIE,1.0,7.0,1
2022-04-15,DIVERS PATISSERIE,2.0,10.5,2
2022-04-16,DIVERS PATISSERIE,8.0,3.0,8
2022-04-17,DIVERS PATISSERIE,11.0,5.0,11
2022-04-18,DIVERS PATISSERIE,2.0,3.0,1
2022-04-19,DIVERS PATISSERIE,20.0,3.25,20
2022-04-29,DIVERS PATISSERIE,1.0,7.0,1
2022-04-30,DIVERS PATISSERIE,2.0,7.0,2
2022-05-01,DIVERS PATISSERIE,1.0,7.0,1
2022-05-10,DIVERS PATISSERIE,5.0,2.0,5
2022-05-11,DIVERS PATISSERIE,1.0,0.0,1
2022-05-17,DIVERS PATISSERIE,3.0,2.0,3
2022-05-24,DIVERS PATISSERIE,8.0,2.0,7
2022-05-25,DIVERS PATISSERIE,1.0,12.0,1
2022-06-07,DIVERS PATISSERIE,1.0,6.6,1
2022-06-08,DIVERS PATISSERIE,3.0,2.2,3
2022-06-09,DIVERS PATISSERIE,4.0,2.2,4
2022-06-11,DIVERS PATISSERIE,4.0,12.0,4
2022-06-13,DIVERS PATISSERIE,3.0,2.2,3
2022-06-18,DIVERS PATISSERIE,1.0,3.0,1
2022-06-19,DIVERS PATISSERIE,5.0,5.0,5
2022-06-25,DIVERS PATISSERIE,2.0,10.0,2
2022-06-26,DIVERS PATISSERIE,1.0,3.5,1
2022-06-28,DIVERS PATISSERIE,2.0,1.0,2
2022-07-02,DIVERS PATISSERIE,1.0,0.0,1
2022-07-09,DIVERS PATISSERIE,1.0,2.0,1
2022-07-10,DIVERS PATISSERIE,1.0,10.5,1
2022-07-12,DIVERS PATISSERIE,3.0,2.2,3
2022-07-14,DIVERS PATISSERIE,1.0,3.0,1
2022-07-19,DIVERS PATISSERIE,1.0,6.0,1
2022-07-20,DIVERS PATISSERIE,1.0,3.0,1
2022-07-26,DIVERS PATISSERIE,1.0,60.0,1
2022-08-01,DIVERS PATISSERIE,1.0,3.5,1
2022-08-02,DIVERS PATISSERIE,6.0,3.5,4
2022-08-05,DIVERS PATISSERIE,1.0,24.0,1
2022-08-14,DIVERS PATISSERIE,6.0,3.0,1
2022-08-15,DIVERS PATISSERIE,8.0,3.0,1
2022-08-20,DIVERS PATISSERIE,4.0,6.0,3
2022-08-21,DIVERS PATISSERIE,2.0,4.5,2
2022-08-22,DIVERS PATISSERIE,7.0,3.0,7
2022-08-23,DIVERS PATISSERIE,2.0,7.5,2
2022-08-24,DIVERS PATISSERIE,1.0,9.0,1
2022-08-25,DIVERS PATISSERIE,1.0,6.0,1
2022-08-26,DIVERS PATISSERIE,1.0,6.0,1
2022-08-27,DIVERS PATISSERIE,2.0,4.5,2
2022-08-28,DIVERS PATISSERIE,6.0,6.0,6
2022-08-30,DIVERS PATISSERIE,3.0,5.0,3
2022-09-05,DIVERS PATISSERIE,2.0,14.0,1
2022-09-07,DIVERS PATISSERIE,1.0,7.0,1
2022-09-09,DIVERS PATISSERIE,1.0,30.0,1
2022-09-20,DIVERS PATISSERIE,10.0,2.2,10
2021-01-04,DIVERS SANDWICHS,3.0,2.5,3
2021-01-05,DIVERS SANDWICHS,2.0,3.75,2
2021-01-07,DIVERS SANDWICHS,4.0,3.75,4
2021-01-08,DIVERS SANDWICHS,3.0,5.0,3
2021-01-15,DIVERS SANDWICHS,2.0,2.285,2
2021-01-19,DIVERS SANDWICHS,3.0,2.5,3
2021-01-21,DIVERS SANDWICHS,5.0,2.5,5
2021-01-22,DIVERS SANDWICHS,4.0,2.5,4
2021-01-23,DIVERS SANDWICHS,2.0,2.25,2
2021-01-25,DIVERS SANDWICHS,3.0,2.5,3
2021-01-26,DIVERS SANDWICHS,1.0,2.5,1
2021-01-29,DIVERS SANDWICHS,2.0,3.75,2
2021-02-01,DIVERS SANDWICHS,4.0,2.5,4
2021-02-02,DIVERS SANDWICHS,3.0,2.5,3
2021-02-04,DIVERS SANDWICHS,2.0,2.5,2
2021-02-05,DIVERS SANDWICHS,3.0,2.5,3
2021-02-08,DIVERS SANDWICHS,2.0,2.5,2
2021-02-09,DIVERS SANDWICHS,4.0,2.0,4
2021-02-11,DIVERS SANDWICHS,1.0,5.0,1
2021-02-13,DIVERS SANDWICHS,1.0,2.0,1
2021-02-15,DIVERS SANDWICHS,2.0,3.75,2
2021-02-16,DIVERS SANDWICHS,3.0,2.5,3
2021-02-19,DIVERS SANDWICHS,2.0,3.75,2
2021-02-22,DIVERS SANDWICHS,2.0,2.5,2
2021-02-23,DIVERS SANDWICHS,3.0,2.5,3
2021-03-01,DIVERS SANDWICHS,2.0,2.5,2
2021-03-02,DIVERS SANDWICHS,4.0,2.5,4
2021-03-04,DIVERS SANDWICHS,2.0,3.75,2
2021-03-05,DIVERS SANDWICHS,5.0,2.5,5
2021-03-08,DIVERS SANDWICHS,3.0,2.5,3
2021-03-09,DIVERS SANDWICHS,4.0,2.5,4
2021-03-15,DIVERS SANDWICHS,2.0,2.5,2
2021-03-16,DIVERS SANDWICHS,6.0,2.5,6
2021-03-18,DIVERS SANDWICHS,4.0,2.5,4
2021-03-19,DIVERS SANDWICHS,1.0,2.5,1
2021-03-22,DIVERS SANDWICHS,2.0,2.5,2
2021-03-23,DIVERS SANDWICHS,3.0,2.5,3
2021-03-25,DIVERS SANDWICHS,2.0,2.5,1
2021-03-26,DIVERS SANDWICHS,7.0,2.5,7
2021-04-02,DIVERS SANDWICHS,1.0,3.5,1
2021-04-09,DIVERS SANDWICHS,1.0,5.0,1
2021-04-12,DIVERS SANDWICHS,8.0,2.5,8
2021-04-13,DIVERS SANDWICHS,3.0,2.5,3
2021-04-19,DIVERS SANDWICHS,3.0,2.5,3
2021-04-20,DIVERS SANDWICHS,4.0,2.5,4
2021-04-26,DIVERS SANDWICHS,2.0,3.75,2
2021-04-27,DIVERS SANDWICHS,4.0,2.5,4
2021-05-03,DIVERS SANDWICHS,4.0,2.5,4
2021-05-04,DIVERS SANDWICHS,1.0,5.0,1
2021-05-10,DIVERS SANDWICHS,3.0,2.5,3
2021-05-11,DIVERS SANDWICHS,5.0,2.5,5
2021-05-25,DIVERS SANDWICHS,4.0,4.0,4
2021-05-28,DIVERS SANDWICHS,6.0,2.5,6
2021-05-31,DIVERS SANDWICHS,5.0,2.5,5
2021-06-01,DIVERS SANDWICHS,7.0,2.5,7
2021-06-02,DIVERS SANDWICHS,5.0,2.5,5
2021-06-11,DIVERS SANDWICHS,5.0,2.5,5
2021-07-05,DIVERS SANDWICHS,5.0,8.0,5
2021-07-06,DIVERS SANDWICHS,5.0,8.5,5
2021-07-07,DIVERS SANDWICHS,10.0,5.0,9
2021-07-12,DIVERS SANDWICHS,1.0,2.5,1
2021-07-13,DIVERS SANDWICHS,2.0,5.0,2
2021-09-02,DIVERS SANDWICHS,1.0,1.5,1
2021-09-18,DIVERS SANDWICHS,1.0,6.0,1
2021-10-18,DIVERS SANDWICHS,1.0,2.0,1
2021-10-21,DIVERS SANDWICHS,1.0,2.0,1
2021-11-04,DIVERS SANDWICHS,1.0,4.0,1
2021-11-05,DIVERS SANDWICHS,1.0,4.5,1
2021-11-06,DIVERS SANDWICHS,2.0,4.5,2
2021-11-16,DIVERS SANDWICHS,1.0,3.0,1
2021-11-18,DIVERS SANDWICHS,1.0,3.5,1
2021-11-25,DIVERS SANDWICHS,3.0,3.5,3
2021-11-26,DIVERS SANDWICHS,2.0,3.5,2
2021-11-28,DIVERS SANDWICHS,1.0,3.5,1
2021-12-02,DIVERS SANDWICHS,2.0,4.0,2
2021-12-28,DIVERS SANDWICHS,1.0,3.0,1
2022-01-11,DIVERS SANDWICHS,1.0,4.0,1
2022-02-01,DIVERS SANDWICHS,1.0,3.0,1
2022-02-11,DIVERS SANDWICHS,1.0,3.0,1
2022-03-02,DIVERS SANDWICHS,1.0,4.0,1
2022-03-03,DIVERS SANDWICHS,1.0,1.5,1
2022-04-15,DIVERS SANDWICHS,1.0,3.0,1
2022-04-29,DIVERS SANDWICHS,1.0,9.0,1
2022-05-20,DIVERS SANDWICHS,1.0,0.0,1
2022-05-25,DIVERS SANDWICHS,1.0,2.5,1
2022-07-16,DIVERS SANDWICHS,2.0,7.0,2
2021-01-02,DIVERS VIENNOISERIE,2.0,5.0,2
2021-01-03,DIVERS VIENNOISERIE,5.0,4.0,5
2021-01-04,DIVERS VIENNOISERIE,1.0,6.0,1
2021-01-05,DIVERS VIENNOISERIE,3.0,3.0,3
2021-01-07,DIVERS VIENNOISERIE,2.0,6.0,2
2021-01-08,DIVERS VIENNOISERIE,3.0,4.0,3
2021-01-09,DIVERS VIENNOISERIE,5.0,4.0,3
2021-01-10,DIVERS VIENNOISERIE,7.0,5.0,6
2021-01-12,DIVERS VIENNOISERIE,3.0,1.0,3
2021-01-15,DIVERS VIENNOISERIE,1.0,6.0,1
2021-01-16,DIVERS VIENNOISERIE,5.0,6.0,5
2021-01-17,DIVERS VIENNOISERIE,5.0,4.0,5
2021-01-18,DIVERS VIENNOISERIE,1.0,4.0,1
2021-01-19,DIVERS VIENNOISERIE,2.0,2.5,2
2021-01-21,DIVERS VIENNOISERIE,3.0,6.0,3
2021-01-22,DIVERS VIENNOISERIE,2.0,5.0,2
2021-01-23,DIVERS VIENNOISERIE,9.0,6.0,9
2021-01-24,DIVERS VIENNOISERIE,4.0,5.0,4
2021-01-26,DIVERS VIENNOISERIE,1.0,4.0,1
2021-01-28,DIVERS VIENNOISERIE,1.0,4.0,1
2021-01-29,DIVERS VIENNOISERIE,3.0,1.6,3
2021-01-30,DIVERS VIENNOISERIE,6.0,1.6,6
2021-01-31,DIVERS VIENNOISERIE,4.0,2.5999999999999996,4
2021-02-01,DIVERS VIENNOISERIE,1.0,6.0,1
2021-02-02,DIVERS VIENNOISERIE,2.0,6.0,2
2021-02-04,DIVERS VIENNOISERIE,2.0,1.0,2
2021-02-05,DIVERS VIENNOISERIE,9.0,1.0,9
2021-02-06,DIVERS VIENNOISERIE,8.0,4.1,8
2021-02-07,DIVERS VIENNOISERIE,5.0,6.0,5
2021-02-08,DIVERS VIENNOISERIE,2.0,2.8,2
2021-02-11,DIVERS VIENNOISERIE,3.0,1.0,3
2021-02-12,DIVERS VIENNOISERIE,7.0,3.2,7
2021-02-13,DIVERS VIENNOISERIE,7.0,6.0,7
2021-02-14,DIVERS VIENNOISERIE,7.0,2.4,7
2021-02-15,DIVERS VIENNOISERIE,3.0,6.0,3
2021-02-16,DIVERS VIENNOISERIE,1.0,1.0,1
2021-02-18,DIVERS VIENNOISERIE,4.0,4.2,4
2021-02-19,DIVERS VIENNOISERIE,8.0,5.0,8
2021-02-20,DIVERS VIENNOISERIE,4.0,2.4000000000000004,4
2021-02-21,DIVERS VIENNOISERIE,8.0,2.0,8
2021-02-22,DIVERS VIENNOISERIE,5.0,2.4,5
2021-02-23,DIVERS VIENNOISERIE,6.0,2.0,6
2021-02-25,DIVERS VIENNOISERIE,8.0,1.3,8
2021-02-26,DIVERS VIENNOISERIE,15.0,1.6,15
2021-02-27,DIVERS VIENNOISERIE,12.0,2.4,12
2021-02-28,DIVERS VIENNOISERIE,15.0,4.0,15
2021-03-01,DIVERS VIENNOISERIE,2.0,6.0,2
2021-03-02,DIVERS VIENNOISERIE,1.0,11.0,1
2021-03-04,DIVERS VIENNOISERIE,1.0,11.0,1
2021-03-05,DIVERS VIENNOISERIE,7.0,6.0,7
2021-03-06,DIVERS VIENNOISERIE,3.0,6.0,3
2021-03-07,DIVERS VIENNOISERIE,5.0,6.0,5
2021-03-08,DIVERS VIENNOISERIE,2.0,6.0,2
2021-03-09,DIVERS VIENNOISERIE,1.0,6.0,1
2021-03-12,DIVERS VIENNOISERIE,2.0,14.0,2
2021-03-13,DIVERS VIENNOISERIE,3.0,11.0,3
2021-03-14,DIVERS VIENNOISERIE,1.0,6.0,1
2021-03-15,DIVERS VIENNOISERIE,2.0,11.0,2
2021-03-19,DIVERS VIENNOISERIE,2.0,6.0,2
2021-03-20,DIVERS VIENNOISERIE,5.0,6.0,4
2021-03-21,DIVERS VIENNOISERIE,1.0,11.0,1
2021-03-22,DIVERS VIENNOISERIE,1.0,11.0,1
2021-03-23,DIVERS VIENNOISERIE,1.0,1.0,1
2021-03-25,DIVERS VIENNOISERIE,1.0,6.0,1
2021-03-27,DIVERS VIENNOISERIE,3.0,6.0,3
2021-03-28,DIVERS VIENNOISERIE,2.0,8.5,2
2021-03-30,DIVERS VIENNOISERIE,1.0,1.0,1
2021-04-01,DIVERS VIENNOISERIE,2.0,3.5,2
2021-04-02,DIVERS VIENNOISERIE,4.0,2.0,4
2021-04-03,DIVERS VIENNOISERIE,5.0,6.0,5
2021-04-04,DIVERS VIENNOISERIE,2.0,8.5,2
2021-04-05,DIVERS VIENNOISERIE,1.0,11.0,1
2021-04-06,DIVERS VIENNOISERIE,1.0,6.0,1
2021-04-08,DIVERS VIENNOISERIE,1.0,11.0,1
2021-04-09,DIVERS VIENNOISERIE,1.0,6.0,1
2021-04-10,DIVERS VIENNOISERIE,1.0,6.0,1
2021-04-11,DIVERS VIENNOISERIE,1.0,6.0,1
2021-04-12,DIVERS VIENNOISERIE,1.0,6.0,1
2021-04-14,DIVERS VIENNOISERIE,1.0,6.0,1
2021-04-15,DIVERS VIENNOISERIE,3.0,11.0,3
2021-04-16,DIVERS VIENNOISERIE,1.0,6.0,1
2021-04-17,DIVERS VIENNOISERIE,4.0,6.0,4
2021-04-18,DIVERS VIENNOISERIE,2.0,6.0,2
2021-04-20,DIVERS VIENNOISERIE,1.0,11.0,1
2021-04-21,DIVERS VIENNOISERIE,3.0,7.5,2
2021-04-22,DIVERS VIENNOISERIE,1.0,11.0,1
2021-04-24,DIVERS VIENNOISERIE,4.0,8.5,4
2021-04-25,DIVERS VIENNOISERIE,6.0,7.5,6
2021-04-28,DIVERS VIENNOISERIE,1.0,6.0,1
2021-05-01,DIVERS VIENNOISERIE,2.0,6.0,2
2021-05-02,DIVERS VIENNOISERIE,2.0,9.0,2
2021-05-04,DIVERS VIENNOISERIE,1.0,6.0,1
2021-05-05,DIVERS VIENNOISERIE,1.0,11.0,1
2021-05-06,DIVERS VIENNOISERIE,3.0,6.0,3
2021-05-07,DIVERS VIENNOISERIE,1.0,6.0,1
2021-05-08,DIVERS VIENNOISERIE,3.0,11.0,3
2021-05-09,DIVERS VIENNOISERIE,2.0,8.5,2
2021-05-10,DIVERS VIENNOISERIE,4.0,6.0,4
2021-05-11,DIVERS VIENNOISERIE,1.0,6.0,1
2021-05-12,DIVERS VIENNOISERIE,4.0,6.0,4
2021-05-13,DIVERS VIENNOISERIE,3.0,11.0,3
2021-05-14,DIVERS VIENNOISERIE,6.0,6.0,6
2021-05-15,DIVERS VIENNOISERIE,5.0,11.0,5
2021-05-16,DIVERS VIENNOISERIE,4.0,7.0,3
2021-05-22,DIVERS VIENNOISERIE,4.0,11.0,4
2021-05-23,DIVERS VIENNOISERIE,7.0,6.0,7
2021-05-24,DIVERS VIENNOISERIE,2.0,6.0,2
2021-05-25,DIVERS VIENNOISERIE,2.0,4.25,2
2021-05-28,DIVERS VIENNOISERIE,1.0,6.0,1
2021-05-29,DIVERS VIENNOISERIE,2.0,8.5,2
2021-05-30,DIVERS VIENNOISERIE,4.0,6.0,4
2021-05-31,DIVERS VIENNOISERIE,1.0,6.0,1
2021-06-01,DIVERS VIENNOISERIE,1.0,11.0,1
2021-06-02,DIVERS VIENNOISERIE,1.0,11.0,1
2021-06-04,DIVERS VIENNOISERIE,1.0,11.0,1
2021-06-06,DIVERS VIENNOISERIE,2.0,11.0,1
2021-06-13,DIVERS VIENNOISERIE,1.0,11.0,1
2021-06-20,DIVERS VIENNOISERIE,1.0,11.0,1
2021-06-29,DIVERS VIENNOISERIE,4.0,6.0,4
2021-06-30,DIVERS VIENNOISERIE,2.0,4.75,2
2021-07-03,DIVERS VIENNOISERIE,1.0,6.0,1
2021-07-04,DIVERS VIENNOISERIE,4.0,8.5,4
2021-07-06,DIVERS VIENNOISERIE,1.0,11.0,1
2021-07-07,DIVERS VIENNOISERIE,1.0,11.0,1
2021-07-10,DIVERS VIENNOISERIE,2.0,8.5,2
2021-07-11,DIVERS VIENNOISERIE,9.0,6.0,5
2021-07-12,DIVERS VIENNOISERIE,2.0,8.5,2
2021-07-14,DIVERS VIENNOISERIE,1.0,6.0,1
2021-07-15,DIVERS VIENNOISERIE,2.0,8.5,2
2021-07-16,DIVERS VIENNOISERIE,3.0,11.0,3
2021-07-17,DIVERS VIENNOISERIE,1.0,22.0,1
2021-07-18,DIVERS VIENNOISERIE,3.0,11.0,3
2021-07-19,DIVERS VIENNOISERIE,1.0,6.0,1
2021-07-21,DIVERS VIENNOISERIE,1.0,11.0,1
2021-07-22,DIVERS VIENNOISERIE,3.0,11.0,3
2021-07-23,DIVERS VIENNOISERIE,2.0,11.0,1
2021-07-27,DIVERS VIENNOISERIE,3.0,6.0,3
2021-07-28,DIVERS VIENNOISERIE,1.0,6.0,1
2021-07-29,DIVERS VIENNOISERIE,1.0,6.0,1
2021-08-03,DIVERS VIENNOISERIE,3.0,6.0,3
2021-08-04,DIVERS VIENNOISERIE,2.0,6.0,2
2021-08-05,DIVERS VIENNOISERIE,2.0,3.0,2
2021-08-06,DIVERS VIENNOISERIE,3.0,6.0,2
2021-08-07,DIVERS VIENNOISERIE,5.0,6.0,4
2021-08-10,DIVERS VIENNOISERIE,3.0,6.0,3
2021-08-11,DIVERS VIENNOISERIE,1.0,6.0,1
2021-08-13,DIVERS VIENNOISERIE,1.0,6.0,1
2021-08-14,DIVERS VIENNOISERIE,3.0,6.0,2
2021-08-16,DIVERS VIENNOISERIE,2.0,6.0,2
2021-08-17,DIVERS VIENNOISERIE,2.0,6.0,2
2021-08-23,DIVERS VIENNOISERIE,1.0,6.0,1
2021-08-24,DIVERS VIENNOISERIE,1.0,6.0,1
2021-08-25,DIVERS VIENNOISERIE,3.0,6.0,3
2021-08-30,DIVERS VIENNOISERIE,1.0,7.5,1
2021-09-01,DIVERS VIENNOISERIE,2.0,6.0,2
2021-09-02,DIVERS VIENNOISERIE,1.0,6.0,1
2021-09-06,DIVERS VIENNOISERIE,1.0,6.0,1
2021-09-12,DIVERS VIENNOISERIE,1.0,0.0,1
2021-09-14,DIVERS VIENNOISERIE,3.0,6.0,3
2021-09-27,DIVERS VIENNOISERIE,1.0,6.0,1
2021-09-28,DIVERS VIENNOISERIE,1.0,3.75,1
2021-10-10,DIVERS VIENNOISERIE,1.0,0.0,1
2021-10-14,DIVERS VIENNOISERIE,2.0,1.0,2
2021-10-25,DIVERS VIENNOISERIE,1.0,6.0,1
2021-10-27,DIVERS VIENNOISERIE,1.0,6.0,1
2021-10-30,DIVERS VIENNOISERIE,1.0,6.0,1
2021-11-01,DIVERS VIENNOISERIE,1.0,6.0,1
2021-11-04,DIVERS VIENNOISERIE,3.0,6.0,3
2021-11-05,DIVERS VIENNOISERIE,1.0,6.0,1
2021-11-06,DIVERS VIENNOISERIE,2.0,3.6,2
2021-11-07,DIVERS VIENNOISERIE,2.0,1.2,2
2021-11-10,DIVERS VIENNOISERIE,1.0,6.0,1
2021-11-14,DIVERS VIENNOISERIE,1.0,2.4,1
2021-11-19,DIVERS VIENNOISERIE,1.0,6.0,1
2021-11-27,DIVERS VIENNOISERIE,1.0,2.4,1
2021-11-29,DIVERS VIENNOISERIE,1.0,1.5,1
2021-11-30,DIVERS VIENNOISERIE,1.0,1.5,1
2021-12-04,DIVERS VIENNOISERIE,1.0,6.0,1
2021-12-05,DIVERS VIENNOISERIE,2.0,6.0,2
2021-12-09,DIVERS VIENNOISERIE,2.0,6.0,2
2021-12-11,DIVERS VIENNOISERIE,1.0,6.0,1
2021-12-12,DIVERS VIENNOISERIE,2.0,1.2,2
2021-12-18,DIVERS VIENNOISERIE,3.0,6.0,3
2021-12-19,DIVERS VIENNOISERIE,1.0,6.0,1
2021-12-22,DIVERS VIENNOISERIE,5.0,6.0,4
2021-12-24,DIVERS VIENNOISERIE,1.0,2.5,1
2021-12-26,DIVERS VIENNOISERIE,2.0,5.0,2
2021-12-27,DIVERS VIENNOISERIE,1.0,3.0,1
2021-12-28,DIVERS VIENNOISERIE,4.0,5.0,4
2021-12-29,DIVERS VIENNOISERIE,1.0,6.0,1
2021-12-30,DIVERS VIENNOISERIE,1.0,6.0,1
2021-12-31,DIVERS VIENNOISERIE,5.0,6.0,5
2022-01-02,DIVERS VIENNOISERIE,2.0,5.0,2
2022-01-03,DIVERS VIENNOISERIE,1.0,6.0,1
2022-01-06,DIVERS VIENNOISERIE,1.0,6.0,1
2022-01-08,DIVERS VIENNOISERIE,1.0,6.0,1
2022-01-09,DIVERS VIENNOISERIE,4.0,4.0,4
2022-01-14,DIVERS VIENNOISERIE,1.0,4.0,1
2022-01-15,DIVERS VIENNOISERIE,3.0,6.0,3
2022-01-16,DIVERS VIENNOISERIE,2.0,5.0,2
2022-01-17,DIVERS VIENNOISERIE,1.0,6.0,1
2022-01-22,DIVERS VIENNOISERIE,3.0,4.0,3
2022-01-23,DIVERS VIENNOISERIE,1.0,4.0,1
2022-01-24,DIVERS VIENNOISERIE,2.0,6.0,2
2022-01-25,DIVERS VIENNOISERIE,2.0,5.0,2
2022-01-27,DIVERS VIENNOISERIE,1.0,6.0,1
2022-01-29,DIVERS VIENNOISERIE,4.0,3.0,4
2022-01-30,DIVERS VIENNOISERIE,7.0,1.0,7
2022-01-31,DIVERS VIENNOISERIE,4.0,2.0,4
2022-02-03,DIVERS VIENNOISERIE,6.0,2.0,6
2022-02-04,DIVERS VIENNOISERIE,2.0,2.0,2
2022-02-05,DIVERS VIENNOISERIE,1.0,6.0,1
2022-02-06,DIVERS VIENNOISERIE,1.0,6.0,1
2022-02-07,DIVERS VIENNOISERIE,3.0,6.0,3
2022-02-08,DIVERS VIENNOISERIE,3.0,2.0,3
2022-02-10,DIVERS VIENNOISERIE,4.0,1.25,4
2022-02-11,DIVERS VIENNOISERIE,9.0,2.0,9
2022-02-12,DIVERS VIENNOISERIE,1.0,0.5,1
2022-02-13,DIVERS VIENNOISERIE,2.0,1.25,2
2022-02-14,DIVERS VIENNOISERIE,3.0,1.5,3
2022-02-15,DIVERS VIENNOISERIE,6.0,1.5,6
2022-02-17,DIVERS VIENNOISERIE,4.0,2.5,4
2022-02-18,DIVERS VIENNOISERIE,5.0,1.5,5
2022-02-19,DIVERS VIENNOISERIE,3.0,3.0,3
2022-02-20,DIVERS VIENNOISERIE,3.0,3.0,2
2022-02-21,DIVERS VIENNOISERIE,6.0,4.0,6
2022-02-22,DIVERS VIENNOISERIE,5.0,2.0,5
2022-02-24,DIVERS VIENNOISERIE,2.0,3.75,2
2022-02-25,DIVERS VIENNOISERIE,4.0,6.0,4
2022-02-26,DIVERS VIENNOISERIE,3.0,1.0,3
2022-02-27,DIVERS VIENNOISERIE,5.0,2.0,5
2022-02-28,DIVERS VIENNOISERIE,1.0,1.0,1
2022-03-01,DIVERS VIENNOISERIE,1.0,1.0,1
2022-03-03,DIVERS VIENNOISERIE,1.0,6.0,1
2022-03-04,DIVERS VIENNOISERIE,1.0,6.0,1
2022-03-05,DIVERS VIENNOISERIE,2.0,4.0,2
2022-03-07,DIVERS VIENNOISERIE,2.0,1.5,2
2022-03-11,DIVERS VIENNOISERIE,1.0,6.0,1
2022-03-12,DIVERS VIENNOISERIE,4.0,2.0,4
2022-03-15,DIVERS VIENNOISERIE,1.0,1.0,1
2022-03-19,DIVERS VIENNOISERIE,2.0,6.0,2
2022-03-20,DIVERS VIENNOISERIE,2.0,1.5,2
2022-03-22,DIVERS VIENNOISERIE,1.0,6.0,1
2022-03-27,DIVERS VIENNOISERIE,2.0,3.0,2
2022-03-28,DIVERS VIENNOISERIE,2.0,6.0,2
2022-04-01,DIVERS VIENNOISERIE,1.0,1.0,1
2022-04-05,DIVERS VIENNOISERIE,2.0,2.25,2
2022-04-06,DIVERS VIENNOISERIE,1.0,1.5,1
2022-04-07,DIVERS VIENNOISERIE,1.0,8.0,1
2022-04-09,DIVERS VIENNOISERIE,1.0,6.0,1
2022-04-11,DIVERS VIENNOISERIE,3.0,2.0,3
2022-04-12,DIVERS VIENNOISERIE,3.0,3.0,3
2022-04-13,DIVERS VIENNOISERIE,3.0,6.0,3
2022-04-14,DIVERS VIENNOISERIE,2.0,3.75,2
2022-04-15,DIVERS VIENNOISERIE,2.0,3.5,2
2022-04-16,DIVERS VIENNOISERIE,7.0,2.0,7
2022-04-17,DIVERS VIENNOISERIE,2.0,6.0,2
2022-04-19,DIVERS VIENNOISERIE,1.0,1.0,1
2022-04-21,DIVERS VIENNOISERIE,3.0,5.0,3
2022-04-23,DIVERS VIENNOISERIE,2.0,6.0,2
2022-04-25,DIVERS VIENNOISERIE,3.0,6.0,3
2022-04-26,DIVERS VIENNOISERIE,1.0,6.0,1
2022-04-27,DIVERS VIENNOISERIE,3.0,6.0,3
2022-04-28,DIVERS VIENNOISERIE,1.0,6.0,1
2022-04-29,DIVERS VIENNOISERIE,1.0,3.0,1
2022-04-30,DIVERS VIENNOISERIE,7.0,1.5,7
2022-05-01,DIVERS VIENNOISERIE,3.0,2.4,3
2022-05-02,DIVERS VIENNOISERIE,1.0,6.0,1
2022-05-03,DIVERS VIENNOISERIE,2.0,6.0,2
2022-05-05,DIVERS VIENNOISERIE,2.0,1.25,2
2022-05-06,DIVERS VIENNOISERIE,2.0,4.0,2
2022-05-07,DIVERS VIENNOISERIE,5.0,1.2,5
2022-05-08,DIVERS VIENNOISERIE,1.0,1.0,1
2022-05-09,DIVERS VIENNOISERIE,3.0,1.5,3
2022-05-11,DIVERS VIENNOISERIE,1.0,6.0,1
2022-05-12,DIVERS VIENNOISERIE,1.0,6.0,1
2022-05-13,DIVERS VIENNOISERIE,3.0,6.0,3
2022-05-15,DIVERS VIENNOISERIE,1.0,1.0,1
2022-05-16,DIVERS VIENNOISERIE,1.0,6.0,1
2022-05-17,DIVERS VIENNOISERIE,3.0,1.5,2
2022-05-18,DIVERS VIENNOISERIE,1.0,6.0,1
2022-05-20,DIVERS VIENNOISERIE,1.0,6.0,1
2022-05-24,DIVERS VIENNOISERIE,5.0,2.25,2
2022-05-25,DIVERS VIENNOISERIE,3.0,6.0,3
2022-05-26,DIVERS VIENNOISERIE,1.0,1.5,1
2022-05-27,DIVERS VIENNOISERIE,1.0,6.0,1
2022-05-29,DIVERS VIENNOISERIE,1.0,6.0,1
2022-05-30,DIVERS VIENNOISERIE,2.0,6.0,2
2022-05-31,DIVERS VIENNOISERIE,2.0,6.0,2
2022-06-01,DIVERS VIENNOISERIE,1.0,3.0,1
2022-06-04,DIVERS VIENNOISERIE,1.0,6.0,1
2022-06-07,DIVERS VIENNOISERIE,1.0,6.0,1
2022-06-14,DIVERS VIENNOISERIE,1.0,6.0,1
2022-06-22,DIVERS VIENNOISERIE,2.0,1.5,2
2022-06-25,DIVERS VIENNOISERIE,1.0,6.0,1
2022-06-28,DIVERS VIENNOISERIE,5.0,1.5,3
2022-07-01,DIVERS VIENNOISERIE,2.0,8.1,2
2022-07-05,DIVERS VIENNOISERIE,1.0,12.0,1
2022-07-06,DIVERS VIENNOISERIE,2.0,4.0,2
2022-07-09,DIVERS VIENNOISERIE,2.0,4.0,2
2022-07-11,DIVERS VIENNOISERIE,2.0,6.0,2
2022-07-12,DIVERS VIENNOISERIE,1.0,4.0,1
2022-07-13,DIVERS VIENNOISERIE,3.0,6.0,3
2022-07-14,DIVERS VIENNOISERIE,6.0,2.5,6
2022-07-16,DIVERS VIENNOISERIE,1.0,3.6,1
2022-07-19,DIVERS VIENNOISERIE,2.0,6.0,2
2022-07-21,DIVERS VIENNOISERIE,1.0,2.4,1
2022-07-22,DIVERS VIENNOISERIE,2.0,2.8,2
2022-07-23,DIVERS VIENNOISERIE,1.0,1.2,1
2022-07-25,DIVERS VIENNOISERIE,1.0,1.6,1
2022-07-26,DIVERS VIENNOISERIE,1.0,1.2,1
2022-07-27,DIVERS VIENNOISERIE,2.0,16.0,2
2022-08-03,DIVERS VIENNOISERIE,2.0,6.0,2
2022-08-17,DIVERS VIENNOISERIE,1.0,12.0,1
2022-08-20,DIVERS VIENNOISERIE,1.0,4.0,1
2022-08-23,DIVERS VIENNOISERIE,2.0,4.0,2
2022-08-27,DIVERS VIENNOISERIE,1.0,1.6,1
2022-08-30,DIVERS VIENNOISERIE,2.0,6.0,2
2022-08-31,DIVERS VIENNOISERIE,2.0,4.0,2
2022-09-06,DIVERS VIENNOISERIE,2.0,6.0,2
2022-09-07,DIVERS VIENNOISERIE,1.0,8.0,1
2022-09-11,DIVERS VIENNOISERIE,4.0,1.6,4
2022-09-12,DIVERS VIENNOISERIE,1.0,6.0,1
2022-09-13,DIVERS VIENNOISERIE,2.0,5.0,2
2022-09-14,DIVERS VIENNOISERIE,1.0,4.0,1
2022-09-20,DIVERS VIENNOISERIE,3.0,6.0,3
2022-09-26,DIVERS VIENNOISERIE,2.0,6.0,2
2022-09-27,DIVERS VIENNOISERIE,1.0,6.0,1
2022-09-28,DIVERS VIENNOISERIE,1.0,8.0,1
2021-09-25,DOUCEUR D HIVER,1.0,3.0,1
2021-01-24,ECLAIR,9.0,2.0,5
2021-01-25,ECLAIR,3.0,2.0,1
2021-01-29,ECLAIR,5.0,2.0,3
2021-01-30,ECLAIR,3.0,2.0,1
2021-01-31,ECLAIR,12.0,2.0,6
2021-02-02,ECLAIR,1.0,2.0,1
2021-02-06,ECLAIR,9.0,2.0,2
2021-02-07,ECLAIR,8.0,2.0,5
2021-02-08,ECLAIR,4.0,2.0,2
2021-02-09,ECLAIR,1.0,2.0,1
2021-02-13,ECLAIR,5.0,2.0,3
2021-02-14,ECLAIR,18.0,2.0,9
2021-02-19,ECLAIR,4.0,2.0,3
2021-02-20,ECLAIR,6.0,2.0,3
2021-02-21,ECLAIR,22.0,2.0,10
2021-02-22,ECLAIR,10.0,2.0,6
2021-02-23,ECLAIR,3.0,2.0,2
2021-02-26,ECLAIR,4.0,2.0,1
2021-02-27,ECLAIR,12.0,2.0,6
2021-02-28,ECLAIR,35.0,2.0,18
2021-03-05,ECLAIR,7.0,2.0,6
2021-03-06,ECLAIR,9.0,2.0,7
2021-03-07,ECLAIR,20.0,2.0,12
2021-03-08,ECLAIR,4.0,2.0,2
2021-03-09,ECLAIR,1.0,2.0,1
2021-03-12,ECLAIR,9.0,2.0,5
2021-03-13,ECLAIR,21.0,2.0,10
2021-03-14,ECLAIR,23.0,2.0,12
2021-03-15,ECLAIR,3.0,2.0,2
2021-03-16,ECLAIR,6.0,2.0,4
2021-03-19,ECLAIR,10.0,2.0,6
2021-03-20,ECLAIR,10.0,2.0,6
2021-03-21,ECLAIR,22.0,2.0,13
2021-03-22,ECLAIR,1.0,2.0,1
2021-03-26,ECLAIR,3.0,2.0,2
2021-03-27,ECLAIR,12.0,2.0,5
2021-03-28,ECLAIR,21.0,2.0,11
2021-04-02,ECLAIR,10.0,2.0,4
2021-04-03,ECLAIR,11.0,2.0,7
2021-04-04,ECLAIR,22.0,2.0,13
2021-04-05,ECLAIR,9.0,2.0,6
2021-04-08,ECLAIR,7.0,2.0,5
2021-04-09,ECLAIR,3.0,2.0,2
2021-04-10,ECLAIR,16.0,2.0,8
2021-04-11,ECLAIR,18.0,2.0,6
2021-04-12,ECLAIR,1.0,2.0,1
2021-04-13,ECLAIR,7.0,2.0,5
2021-04-14,ECLAIR,3.0,2.0,3
2021-04-15,ECLAIR,4.0,2.0,3
2021-04-16,ECLAIR,7.0,2.0,6
2021-04-17,ECLAIR,10.0,2.0,6
2021-04-18,ECLAIR,26.0,2.0,9
2021-04-20,ECLAIR,6.0,2.0,4
2021-04-21,ECLAIR,1.0,2.0,1
2021-04-22,ECLAIR,12.0,2.0,2
2021-04-23,ECLAIR,1.0,2.0,1
2021-04-24,ECLAIR,9.0,2.0,7
2021-04-25,ECLAIR,29.0,2.0,14
2021-04-28,ECLAIR,6.0,2.0,3
2021-04-29,ECLAIR,2.0,2.0,1
2021-04-30,ECLAIR,6.0,2.0,3
2021-05-01,ECLAIR,16.0,2.0,8
2021-05-02,ECLAIR,12.0,2.0,8
2021-05-03,ECLAIR,8.0,2.0,7
2021-05-04,ECLAIR,3.0,2.0,3
2021-05-05,ECLAIR,2.0,2.0,1
2021-05-06,ECLAIR,8.0,2.0,4
2021-05-08,ECLAIR,12.0,2.0,6
2021-05-09,ECLAIR,22.0,2.0,12
2021-05-10,ECLAIR,9.0,2.0,4
2021-05-11,ECLAIR,4.0,2.0,2
2021-05-12,ECLAIR,5.0,2.0,2
2021-05-13,ECLAIR,17.0,2.0,7
2021-05-14,ECLAIR,20.0,2.0,9
2021-05-15,ECLAIR,11.0,2.0,7
2021-05-16,ECLAIR,24.0,2.0,9
2021-05-21,ECLAIR,6.0,2.0,5
2021-05-22,ECLAIR,7.0,2.0,4
2021-05-23,ECLAIR,28.0,2.0,10
2021-05-24,ECLAIR,17.0,2.0,10
2021-05-25,ECLAIR,4.0,2.0,3
2021-05-26,ECLAIR,3.0,2.0,2
2021-05-27,ECLAIR,4.0,2.0,2
2021-05-28,ECLAIR,6.0,2.0,3
2021-05-30,ECLAIR,18.0,2.0,8
2021-05-31,ECLAIR,4.0,2.0,2
2021-06-01,ECLAIR,1.0,2.0,1
2021-06-02,ECLAIR,3.0,2.0,2
2021-06-03,ECLAIR,8.0,2.0,4
2021-06-04,ECLAIR,5.0,2.0,3
2021-06-05,ECLAIR,12.0,2.0,7
2021-06-06,ECLAIR,13.0,2.0,9
2021-06-08,ECLAIR,7.0,2.0,5
2021-06-09,ECLAIR,5.0,2.0,3
2021-06-10,ECLAIR,3.0,2.0,2
2021-06-11,ECLAIR,7.0,2.0,3
2021-06-12,ECLAIR,3.0,2.0,2
2021-06-13,ECLAIR,7.0,2.0,5
2021-06-15,ECLAIR,2.0,2.0,1
2021-06-16,ECLAIR,3.0,2.0,3
2021-06-17,ECLAIR,4.0,2.0,3
2021-06-19,ECLAIR,5.0,2.0,3
2021-06-20,ECLAIR,12.0,2.0,7
2021-06-21,ECLAIR,5.0,2.0,3
2021-06-22,ECLAIR,10.0,2.0,3
2021-06-23,ECLAIR,6.0,2.0,3
2021-06-24,ECLAIR,4.0,2.0,3
2021-06-25,ECLAIR,5.0,2.0,3
2021-06-26,ECLAIR,6.0,2.0,4
2021-06-27,ECLAIR,18.0,2.0,11
2021-06-29,ECLAIR,5.0,2.0,3
2021-06-30,ECLAIR,4.0,2.0,3
2021-07-02,ECLAIR,4.0,2.0,2
2021-07-03,ECLAIR,8.0,2.0,6
2021-07-04,ECLAIR,22.0,2.0,12
2021-07-05,ECLAIR,3.0,2.0,3
2021-07-06,ECLAIR,13.0,2.0,5
2021-07-07,ECLAIR,8.0,2.0,4
2021-07-08,ECLAIR,8.0,2.0,4
2021-07-09,ECLAIR,7.0,2.0,6
2021-07-10,ECLAIR,7.0,2.0,4
2021-07-11,ECLAIR,30.0,2.0,14
2021-07-12,ECLAIR,3.0,2.0,2
2021-07-13,ECLAIR,6.0,2.0,3
2021-07-14,ECLAIR,17.0,2.0,7
2021-07-15,ECLAIR,4.0,2.0,2
2021-07-16,ECLAIR,2.0,2.0,2
2021-07-17,ECLAIR,9.0,2.0,6
2021-07-18,ECLAIR,10.0,2.0,7
2021-07-19,ECLAIR,8.0,2.0,5
2021-07-20,ECLAIR,5.0,2.0,2
2021-07-21,ECLAIR,11.0,2.0,6
2021-07-22,ECLAIR,10.0,2.0,5
2021-07-23,ECLAIR,4.0,2.0,3
2021-07-24,ECLAIR,11.0,2.0,4
2021-07-25,ECLAIR,15.0,2.0,6
2021-07-26,ECLAIR,11.0,2.0,5
2021-07-27,ECLAIR,1.0,2.0,1
2021-07-28,ECLAIR,7.0,2.0,4
2021-07-29,ECLAIR,9.0,2.0,5
2021-07-30,ECLAIR,6.0,2.0,4
2021-07-31,ECLAIR,7.0,2.0,6
2021-08-01,ECLAIR,24.0,2.0,11
2021-08-02,ECLAIR,10.0,2.0,5
2021-08-03,ECLAIR,15.0,2.0,8
2021-08-04,ECLAIR,8.0,2.0,7
2021-08-05,ECLAIR,9.0,2.0,8
2021-08-06,ECLAIR,17.0,2.0,5
2021-08-07,ECLAIR,11.0,2.0,3
2021-08-08,ECLAIR,22.0,2.0,9
2021-08-09,ECLAIR,2.0,2.0,1
2021-08-10,ECLAIR,8.0,2.0,4
2021-08-11,ECLAIR,2.0,2.0,2
2021-08-12,ECLAIR,6.0,2.0,4
2021-08-13,ECLAIR,4.0,2.0,1
2021-08-14,ECLAIR,5.0,2.0,3
2021-08-15,ECLAIR,24.0,2.0,9
2021-08-16,ECLAIR,3.0,2.0,2
2021-08-17,ECLAIR,8.0,2.0,5
2021-08-18,ECLAIR,9.0,2.0,5
2021-08-19,ECLAIR,6.0,2.0,3
2021-08-20,ECLAIR,2.0,2.0,1
2021-08-21,ECLAIR,9.0,2.0,6
2021-08-22,ECLAIR,27.0,2.0,13
2021-08-23,ECLAIR,2.0,2.0,1
2021-08-24,ECLAIR,12.0,2.0,5
2021-08-26,ECLAIR,8.0,2.0,6
2021-08-27,ECLAIR,7.0,2.0,5
2021-08-28,ECLAIR,14.0,2.0,9
2021-08-29,ECLAIR,12.0,2.0,10
2021-08-30,ECLAIR,9.0,2.0,3
2021-08-31,ECLAIR,3.0,2.0,1
2021-09-01,ECLAIR,3.0,2.0,2
2021-09-02,ECLAIR,4.0,2.0,2
2021-09-03,ECLAIR,3.0,2.0,3
2021-09-04,ECLAIR,3.0,2.0,3
2021-09-05,ECLAIR,19.0,2.0,8
2021-09-06,ECLAIR,3.0,2.0,3
2021-09-07,ECLAIR,3.0,2.0,1
2021-09-08,ECLAIR,4.0,2.0,4
2021-09-09,ECLAIR,9.0,2.0,2
2021-09-10,ECLAIR,7.0,2.0,5
2021-09-11,ECLAIR,9.0,2.0,4
2021-09-12,ECLAIR,19.0,2.0,10
2021-09-14,ECLAIR,3.0,2.0,2
2021-09-15,ECLAIR,9.0,2.0,1
2021-09-16,ECLAIR,1.0,2.0,1
2021-09-17,ECLAIR,4.0,2.0,3
2021-09-18,ECLAIR,3.0,2.0,2
2021-09-19,ECLAIR,8.0,2.0,6
2021-09-20,ECLAIR,3.0,2.0,2
2021-09-21,ECLAIR,4.0,2.0,2
2021-09-23,ECLAIR,6.0,2.0,3
2021-09-24,ECLAIR,3.0,2.0,2
2021-09-25,ECLAIR,3.0,2.0,2
2021-09-26,ECLAIR,7.0,2.0,5
2021-09-27,ECLAIR,2.0,2.0,1
2021-09-29,ECLAIR,2.0,2.0,2
2021-10-01,ECLAIR,4.0,2.0,1
2021-10-02,ECLAIR,6.0,2.0,3
2021-10-03,ECLAIR,22.0,2.0,10
2021-10-04,ECLAIR,1.0,2.0,1
2021-10-05,ECLAIR,4.0,2.0,2
2021-10-08,ECLAIR,8.0,2.0,3
2021-10-09,ECLAIR,9.0,2.0,7
2021-10-10,ECLAIR,18.0,2.0,12
2021-10-13,ECLAIR,9.0,2.0,3
2021-10-14,ECLAIR,2.0,2.0,1
2021-10-16,ECLAIR,4.0,2.0,3
2021-10-17,ECLAIR,12.0,2.0,7
2021-10-18,ECLAIR,1.0,2.0,1
2021-10-20,ECLAIR,1.0,2.0,1
2021-10-21,ECLAIR,2.0,2.0,2
2021-10-23,ECLAIR,4.0,2.0,3
2021-10-24,ECLAIR,19.0,2.0,8
2021-10-25,ECLAIR,4.0,2.0,3
2021-10-26,ECLAIR,5.0,2.0,2
2021-10-27,ECLAIR,10.0,2.0,5
2021-10-28,ECLAIR,2.0,2.0,1
2021-10-30,ECLAIR,16.0,2.0,11
2021-10-31,ECLAIR,29.0,2.0,12
2021-11-01,ECLAIR,22.0,2.0,10
2021-11-02,ECLAIR,7.0,2.0,4
2021-11-04,ECLAIR,15.0,2.0,6
2021-11-05,ECLAIR,5.0,2.0,4
2021-11-06,ECLAIR,5.0,2.0,4
2021-11-07,ECLAIR,20.0,2.0,13
2021-11-08,ECLAIR,1.0,2.0,1
2021-11-09,ECLAIR,1.0,2.0,1
2021-11-10,ECLAIR,5.0,2.0,3
2021-11-11,ECLAIR,4.0,2.0,4
2021-11-12,ECLAIR,4.0,2.0,2
2021-11-13,ECLAIR,11.0,2.0,6
2021-11-14,ECLAIR,6.0,2.0,3
2021-11-15,ECLAIR,3.0,2.0,2
2021-11-20,ECLAIR,5.0,2.0,3
2021-11-21,ECLAIR,9.0,2.0,7
2021-11-22,ECLAIR,3.0,2.0,3
2021-11-26,ECLAIR,6.0,2.0,1
2021-11-28,ECLAIR,7.0,2.0,5
2021-11-30,ECLAIR,5.0,2.0,3
2021-12-02,ECLAIR,3.0,2.0,1
2021-12-05,ECLAIR,13.0,2.0,7
2021-12-10,ECLAIR,2.0,2.0,2
2021-12-11,ECLAIR,1.0,2.0,1
2021-12-12,ECLAIR,15.0,2.0,9
2021-12-13,ECLAIR,2.0,2.0,1
2021-12-14,ECLAIR,1.0,2.0,1
2021-12-17,ECLAIR,4.0,2.0,2
2021-12-18,ECLAIR,4.0,2.0,2
2021-12-19,ECLAIR,8.0,2.0,5
2021-12-20,ECLAIR,6.0,2.0,3
2021-12-21,ECLAIR,2.0,2.0,1
2021-12-23,ECLAIR,6.0,2.0,2
2021-12-24,ECLAIR,3.0,2.0,2
2021-12-26,ECLAIR,10.0,2.0,6
2021-12-27,ECLAIR,1.0,2.0,1
2021-12-29,ECLAIR,5.0,2.0,3
2021-12-30,ECLAIR,10.0,2.0,5
2021-12-31,ECLAIR,8.0,2.0,4
2022-01-02,ECLAIR,16.0,2.0,12
2022-01-03,ECLAIR,8.0,2.0,6
2022-01-04,ECLAIR,2.0,2.0,1
2022-01-06,ECLAIR,2.0,2.0,1
2022-01-07,ECLAIR,2.0,2.0,1
2022-01-08,ECLAIR,1.0,2.0,1
2022-01-09,ECLAIR,5.0,2.0,3
2022-01-10,ECLAIR,3.0,2.0,2
2022-01-11,ECLAIR,4.0,2.0,2
2022-01-14,ECLAIR,2.0,2.0,2
2022-01-15,ECLAIR,6.0,2.0,3
2022-01-16,ECLAIR,9.0,2.0,3
2022-01-22,ECLAIR,8.0,2.0,3
2022-01-23,ECLAIR,18.0,2.0,6
2022-01-29,ECLAIR,2.0,2.0,1
2022-01-30,ECLAIR,20.0,2.0,10
2022-01-31,ECLAIR,3.0,2.0,3
2022-02-04,ECLAIR,3.0,2.0,2
2022-02-05,ECLAIR,9.0,2.0,4
2022-02-06,ECLAIR,11.0,2.0,6
2022-02-07,ECLAIR,4.0,2.1,3
2022-02-08,ECLAIR,2.0,2.1,2
2022-02-11,ECLAIR,16.0,2.1,4
2022-02-12,ECLAIR,5.0,2.1,3
2022-02-13,ECLAIR,17.0,2.1,3
2022-02-14,ECLAIR,1.0,2.1,1
2022-02-15,ECLAIR,3.0,2.1,3
2022-02-18,ECLAIR,14.0,2.1,4
2022-02-19,ECLAIR,8.0,2.1,2
2022-02-20,ECLAIR,4.0,2.1,2
2022-02-25,ECLAIR,18.0,2.1,9
2022-02-26,ECLAIR,10.0,2.1,4
2022-02-27,ECLAIR,28.0,2.1,16
2022-02-28,ECLAIR,7.0,2.1,5
2022-03-01,ECLAIR,6.0,2.1,4
2022-03-02,ECLAIR,8.0,2.1,2
2022-03-03,ECLAIR,1.0,2.1,1
2022-03-04,ECLAIR,1.0,2.1,1
2022-03-05,ECLAIR,13.0,2.1,7
2022-03-06,ECLAIR,22.0,2.1,9
2022-03-07,ECLAIR,2.0,2.1,1
2022-03-09,ECLAIR,1.0,2.1,1
2022-03-10,ECLAIR,6.0,2.1,3
2022-03-11,ECLAIR,2.0,2.1,1
2022-03-12,ECLAIR,2.0,2.1,2
2022-03-13,ECLAIR,11.0,2.1,10
2022-03-14,ECLAIR,3.0,2.1,2
2022-03-15,ECLAIR,1.0,2.1,1
2022-03-16,ECLAIR,3.0,2.1,1
2022-03-18,ECLAIR,4.0,2.1,2
2022-03-19,ECLAIR,8.0,2.1,5
2022-03-20,ECLAIR,13.0,2.1,6
2022-03-21,ECLAIR,1.0,2.1,1
2022-03-23,ECLAIR,4.0,2.1,4
2022-03-24,ECLAIR,2.0,2.1,2
2022-03-25,ECLAIR,4.0,2.1,3
2022-03-26,ECLAIR,5.0,2.1,2
2022-03-27,ECLAIR,8.0,2.1,6
2022-03-28,ECLAIR,4.0,2.1,1
2022-03-29,ECLAIR,1.0,2.1,1
2022-04-01,ECLAIR,7.0,2.1,6
2022-04-02,ECLAIR,8.0,2.1,7
2022-04-03,ECLAIR,14.0,2.1,6
2022-04-05,ECLAIR,5.0,2.1,3
2022-04-06,ECLAIR,3.0,2.1,2
2022-04-07,ECLAIR,3.0,2.1,2
2022-04-08,ECLAIR,3.0,2.1,2
2022-04-09,ECLAIR,5.0,2.1,3
2022-04-10,ECLAIR,14.0,2.1,9
2022-04-11,ECLAIR,1.0,2.1,1
2022-04-13,ECLAIR,8.0,2.1,4
2022-04-14,ECLAIR,3.0,2.1,1
2022-04-15,ECLAIR,6.0,2.1,4
2022-04-16,ECLAIR,12.0,2.1,7
2022-04-17,ECLAIR,2.0,2.1,1
2022-04-18,ECLAIR,17.0,2.1,10
2022-04-20,ECLAIR,1.0,2.1,1
2022-04-21,ECLAIR,15.0,2.1,9
2022-04-22,ECLAIR,13.0,2.1,7
2022-04-23,ECLAIR,8.0,2.1,4
2022-04-24,ECLAIR,13.0,2.1,8
2022-04-25,ECLAIR,5.0,2.1,2
2022-04-27,ECLAIR,11.0,2.1,4
2022-04-28,ECLAIR,2.0,2.1,2
2022-04-29,ECLAIR,4.0,2.1,1
2022-04-30,ECLAIR,4.0,2.1,2
2022-05-01,ECLAIR,9.0,2.1,5
2022-05-02,ECLAIR,7.0,2.1,2
2022-05-03,ECLAIR,6.0,2.1,3
2022-05-06,ECLAIR,4.0,2.1,4
2022-05-07,ECLAIR,6.0,2.1,3
2022-05-08,ECLAIR,14.0,2.1,8
2022-05-09,ECLAIR,7.0,2.1,5
2022-05-11,ECLAIR,5.0,2.1,5
2022-05-12,ECLAIR,8.0,2.1,4
2022-05-13,ECLAIR,5.0,2.1,3
2022-05-15,ECLAIR,18.0,2.1,7
2022-05-16,ECLAIR,1.0,2.1,1
2022-05-17,ECLAIR,1.0,2.1,1
2022-05-18,ECLAIR,1.0,2.1,1
2022-05-20,ECLAIR,6.0,2.1,5
2022-05-21,ECLAIR,2.0,2.1,2
2022-05-22,ECLAIR,14.0,2.1,9
2022-05-26,ECLAIR,6.0,2.1,6
2022-05-27,ECLAIR,3.0,2.1,3
2022-05-28,ECLAIR,4.0,2.1,1
2022-05-29,ECLAIR,27.0,2.1,14
2022-05-30,ECLAIR,6.0,2.1,5
2022-05-31,ECLAIR,3.0,2.1,2
2022-06-01,ECLAIR,6.0,2.1,2
2022-06-03,ECLAIR,5.0,2.1,4
2022-06-04,ECLAIR,5.0,2.1,2
2022-06-05,ECLAIR,17.0,2.1,9
2022-06-06,ECLAIR,11.0,2.1,3
2022-06-07,ECLAIR,4.0,2.1,2
2022-06-09,ECLAIR,4.0,2.1,2
2022-06-10,ECLAIR,1.0,2.1,1
2022-06-11,ECLAIR,1.0,2.1,1
2022-06-12,ECLAIR,12.0,2.1,6
2022-06-13,ECLAIR,6.0,2.1,2
2022-06-15,ECLAIR,7.0,2.1,3
2022-06-16,ECLAIR,2.0,2.1,2
2022-06-17,ECLAIR,3.0,2.1,2
2022-06-18,ECLAIR,3.0,2.1,2
2022-06-19,ECLAIR,19.0,2.1,11
2022-06-23,ECLAIR,10.0,2.1,1
2022-06-24,ECLAIR,3.0,2.1,3
2022-06-26,ECLAIR,16.0,2.1,7
2022-06-29,ECLAIR,8.0,2.2,5
2022-07-01,ECLAIR,8.0,2.2,5
2022-07-02,ECLAIR,5.0,2.2,3
2022-07-03,ECLAIR,22.0,2.2,11
2022-07-04,ECLAIR,3.0,2.2,3
2022-07-05,ECLAIR,6.0,2.2,4
2022-07-07,ECLAIR,9.0,2.2,4
2022-07-08,ECLAIR,5.0,2.2,3
2022-07-09,ECLAIR,6.0,2.2,5
2022-07-10,ECLAIR,18.0,2.2,10
2022-07-11,ECLAIR,3.0,2.2,2
2022-07-13,ECLAIR,5.0,2.2,2
2022-07-14,ECLAIR,11.0,2.2,8
2022-07-15,ECLAIR,6.0,2.2,4
2022-07-16,ECLAIR,13.0,2.2,8
2022-07-17,ECLAIR,19.0,2.2,13
2022-07-18,ECLAIR,9.0,2.2,2
2022-07-19,ECLAIR,4.0,2.2,2
2022-07-20,ECLAIR,3.0,2.2,2
2022-07-21,ECLAIR,9.0,2.2,2
2022-07-22,ECLAIR,2.0,2.2,1
2022-07-23,ECLAIR,9.0,2.2,4
2022-07-24,ECLAIR,21.0,2.2,9
2022-07-25,ECLAIR,4.0,2.2,2
2022-07-26,ECLAIR,3.0,2.2,3
2022-07-27,ECLAIR,10.0,2.2,4
2022-07-28,ECLAIR,13.0,2.2,8
2022-07-29,ECLAIR,7.0,2.2,4
2022-07-30,ECLAIR,4.0,2.2,4
2022-07-31,ECLAIR,16.0,2.2,7
2022-08-01,ECLAIR,3.0,2.2,3
2022-08-02,ECLAIR,5.0,2.2,2
2022-08-03,ECLAIR,5.0,2.2,3
2022-08-04,ECLAIR,11.0,2.2,3
2022-08-05,ECLAIR,8.0,2.2,2
2022-08-06,ECLAIR,14.0,2.2,5
2022-08-07,ECLAIR,7.0,2.2,4
2022-08-08,ECLAIR,6.0,2.2,3
2022-08-09,ECLAIR,5.0,2.2,3
2022-08-10,ECLAIR,6.0,2.2,3
2022-08-11,ECLAIR,2.0,2.2,2
2022-08-12,ECLAIR,2.0,2.2,2
2022-08-13,ECLAIR,5.0,2.2,4
2022-08-14,ECLAIR,23.0,2.2,8
2022-08-15,ECLAIR,12.0,2.2,4
2022-08-16,ECLAIR,4.0,2.2,3
2022-08-17,ECLAIR,3.0,2.2,3
2022-08-18,ECLAIR,10.0,2.2,5
2022-08-20,ECLAIR,15.0,2.2,5
2022-08-21,ECLAIR,10.0,2.2,7
2022-08-22,ECLAIR,4.0,2.2,3
2022-08-23,ECLAIR,5.0,2.2,3
2022-08-24,ECLAIR,5.0,2.2,4
2022-08-25,ECLAIR,4.0,2.2,3
2022-08-26,ECLAIR,3.0,2.2,2
2022-08-27,ECLAIR,7.0,2.2,4
2022-08-28,ECLAIR,17.0,2.2,5
2022-08-29,ECLAIR,6.0,2.2,2
2022-08-30,ECLAIR,1.0,2.2,1
2022-08-31,ECLAIR,2.0,2.2,1
2022-09-02,ECLAIR,3.0,2.2,2
2022-09-03,ECLAIR,6.0,2.2,5
2022-09-04,ECLAIR,10.0,2.2,6
2022-09-05,ECLAIR,6.0,2.2,3
2022-09-06,ECLAIR,1.0,2.2,1
2022-09-08,ECLAIR,5.0,2.2,2
2022-09-09,ECLAIR,1.0,2.2,1
2022-09-10,ECLAIR,6.0,2.2,5
2022-09-11,ECLAIR,26.0,2.2,12
2022-09-14,ECLAIR,2.0,2.2,1
2022-09-15,ECLAIR,2.0,2.2,2
2022-09-16,ECLAIR,8.0,2.2,6
2022-09-17,ECLAIR,2.0,2.2,2
2022-09-18,ECLAIR,12.0,2.2,8
2022-09-22,ECLAIR,1.0,2.2,1
2022-09-24,ECLAIR,8.0,2.2,4
2022-09-25,ECLAIR,13.0,2.2,6
2022-09-27,ECLAIR,4.0,2.2,4
2022-09-28,ECLAIR,11.0,2.2,7
2022-09-29,ECLAIR,10.0,2.2,6
2022-09-30,ECLAIR,6.0,2.2,4
2021-02-28,ECLAIR FRAISE PISTACHE,1.0,2.1,1
2021-09-12,ECLAIR FRAISE PISTACHE,1.0,2.1,1
2021-09-15,ECLAIR FRAISE PISTACHE,3.0,2.1,1
2021-10-10,ECLAIR FRAISE PISTACHE,1.0,2.1,1
2022-01-03,ECLAIR FRAISE PISTACHE,1.0,2.1,1
2022-03-13,ECLAIR FRAISE PISTACHE,1.0,2.1,1
2022-04-10,ECLAIR FRAISE PISTACHE,1.0,2.1,1
2022-05-22,ECLAIR FRAISE PISTACHE,1.0,2.1,1
2022-05-27,ECLAIR FRAISE PISTACHE,1.0,2.1,1
2022-06-05,ECLAIR FRAISE PISTACHE,3.0,2.2,2
2022-06-06,ECLAIR FRAISE PISTACHE,3.0,2.2,2
2022-06-26,ECLAIR FRAISE PISTACHE,1.0,2.2,1
2022-07-22,ECLAIR FRAISE PISTACHE,4.0,2.5,2
2021-12-11,ENTREMETS,2.0,3.5,2
2021-12-18,ENTREMETS,3.0,3.5,2
2021-12-19,ENTREMETS,11.0,3.5,6
2021-12-20,ENTREMETS,1.0,3.5,1
2021-12-23,ENTREMETS,6.0,3.5,4
2021-12-24,ENTREMETS,1.0,3.5,1
2021-12-25,ENTREMETS,2.0,3.5,1
2021-12-26,ENTREMETS,7.0,3.5,4
2021-12-31,ENTREMETS,5.0,3.5,3
2021-01-02,FICELLE,5.0,0.6,4
2021-01-03,FICELLE,4.0,0.6,4
2021-01-04,FICELLE,1.0,0.6,1
2021-01-05,FICELLE,4.0,0.6,4
2021-01-07,FICELLE,1.0,0.6,1
2021-01-08,FICELLE,1.0,0.6,1
2021-01-09,FICELLE,1.0,0.6,1
2021-01-10,FICELLE,4.0,0.6,4
2021-01-11,FICELLE,2.0,0.6,2
2021-01-12,FICELLE,4.0,0.6,3
2021-01-14,FICELLE,1.0,0.6,1
2021-01-16,FICELLE,2.0,0.6,2
2021-01-17,FICELLE,4.0,0.6,2
2021-01-18,FICELLE,4.0,0.6,3
2021-01-19,FICELLE,3.0,0.6,3
2021-01-21,FICELLE,2.0,0.6,2
2021-01-22,FICELLE,3.0,0.6,3
2021-01-23,FICELLE,5.0,0.6,5
2021-01-24,FICELLE,5.0,0.6,5
2021-01-25,FICELLE,2.0,0.6,1
2021-01-26,FICELLE,7.0,0.6,4
2021-01-28,FICELLE,5.0,0.6,5
2021-01-29,FICELLE,2.0,0.6,1
2021-01-30,FICELLE,1.0,0.6,1
2021-01-31,FICELLE,7.0,0.6,5
2021-02-01,FICELLE,5.0,0.6,3
2021-02-02,FICELLE,1.0,0.6,1
2021-02-04,FICELLE,5.0,0.6,4
2021-02-05,FICELLE,5.0,0.6,4
2021-02-06,FICELLE,3.0,0.6,3
2021-02-07,FICELLE,5.0,0.6,5
2021-02-08,FICELLE,3.0,0.6,2
2021-02-09,FICELLE,1.0,0.6,1
2021-02-11,FICELLE,3.0,0.6,2
2021-02-12,FICELLE,1.0,0.6,1
2021-02-13,FICELLE,5.0,0.6,4
2021-02-14,FICELLE,10.0,0.6,9
2021-02-15,FICELLE,1.0,0.6,1
2021-02-16,FICELLE,5.0,0.6,3
2021-02-18,FICELLE,3.0,0.6,2
2021-02-19,FICELLE,6.0,0.6,5
2021-02-20,FICELLE,7.0,0.6,5
2021-02-21,FICELLE,7.0,0.6,7
2021-02-22,FICELLE,5.0,0.6,5
2021-02-23,FICELLE,5.0,0.6,5
2021-02-25,FICELLE,6.0,0.6,6
2021-02-26,FICELLE,6.0,0.6,6
2021-02-27,FICELLE,5.0,0.6,5
2021-02-28,FICELLE,7.0,0.6,5
2021-03-01,FICELLE,1.0,0.6,1
2021-03-02,FICELLE,5.0,0.6,5
2021-03-04,FICELLE,3.0,0.6,3
2021-03-05,FICELLE,4.0,0.6,4
2021-03-06,FICELLE,8.0,0.6,4
2021-03-07,FICELLE,6.0,0.6,5
2021-03-08,FICELLE,6.0,0.6,4
2021-03-09,FICELLE,5.0,0.6,4
2021-03-11,FICELLE,5.0,0.6,4
2021-03-12,FICELLE,5.0,0.6,3
2021-03-13,FICELLE,5.0,0.6,5
2021-03-14,FICELLE,5.0,0.6,3
2021-03-15,FICELLE,4.0,0.6,3
2021-03-16,FICELLE,2.0,0.6,2
2021-03-18,FICELLE,1.0,0.6,1
2021-03-19,FICELLE,3.0,0.6,3
2021-03-20,FICELLE,2.0,0.6,2
2021-03-21,FICELLE,8.0,0.6,7
2021-03-22,FICELLE,4.0,0.6,3
2021-03-23,FICELLE,1.0,0.6,1
2021-03-25,FICELLE,3.0,0.6,3
2021-03-26,FICELLE,1.0,0.6,1
2021-03-27,FICELLE,3.0,0.6,3
2021-03-28,FICELLE,9.0,0.6,5
2021-03-29,FICELLE,4.0,0.6,3
2021-03-30,FICELLE,6.0,0.6,4
2021-04-01,FICELLE,5.0,0.6,4
2021-04-02,FICELLE,5.0,0.6,4
2021-04-03,FICELLE,5.0,0.6,4
2021-04-04,FICELLE,10.0,0.6,6
2021-04-05,FICELLE,3.0,0.6,3
2021-04-06,FICELLE,3.0,0.6,2
2021-04-08,FICELLE,1.0,0.6,1
2021-04-09,FICELLE,8.0,0.6,6
2021-04-10,FICELLE,9.0,0.6,7
2021-04-11,FICELLE,7.0,0.6,4
2021-04-12,FICELLE,2.0,0.6,2
2021-04-13,FICELLE,2.0,0.6,2
2021-04-14,FICELLE,1.0,0.6,1
2021-04-15,FICELLE,5.0,0.6,2
2021-04-16,FICELLE,3.0,0.6,2
2021-04-17,FICELLE,5.0,0.6,3
2021-04-18,FICELLE,5.0,0.6,4
2021-04-19,FICELLE,4.0,0.6,4
2021-04-20,FICELLE,4.0,0.6,2
2021-04-21,FICELLE,5.0,0.6,4
2021-04-22,FICELLE,5.0,0.6,5
2021-04-23,FICELLE,5.0,0.6,3
2021-04-24,FICELLE,9.0,0.6,7
2021-04-25,FICELLE,9.0,0.6,7
2021-04-26,FICELLE,5.0,0.6,5
2021-04-27,FICELLE,2.0,0.6,2
2021-04-28,FICELLE,5.0,0.6,4
2021-04-29,FICELLE,8.0,0.6,5
2021-04-30,FICELLE,8.0,0.6,7
2021-05-01,FICELLE,6.0,0.6,6
2021-05-02,FICELLE,6.0,0.6,4
2021-05-03,FICELLE,2.0,0.6,2
2021-05-04,FICELLE,9.0,0.6,6
2021-05-05,FICELLE,5.0,0.6,4
2021-05-06,FICELLE,4.0,0.6,4
2021-05-07,FICELLE,12.0,0.6,10
2021-05-08,FICELLE,6.0,0.6,4
2021-05-09,FICELLE,10.0,0.6,5
2021-05-10,FICELLE,7.0,0.6,6
2021-05-11,FICELLE,3.0,0.6,3
2021-05-12,FICELLE,4.0,0.6,4
2021-05-13,FICELLE,8.0,0.6,6
2021-05-14,FICELLE,11.0,0.6,9
2021-05-15,FICELLE,15.0,0.6,9
2021-05-16,FICELLE,13.0,0.6,7
2021-05-21,FICELLE,4.0,0.6,3
2021-05-22,FICELLE,9.0,0.6,4
2021-05-23,FICELLE,11.0,0.6,8
2021-05-24,FICELLE,6.0,0.6,5
2021-05-25,FICELLE,5.0,0.6,4
2021-05-26,FICELLE,6.0,0.6,6
2021-05-27,FICELLE,5.0,0.6,4
2021-05-28,FICELLE,5.0,0.6,3
2021-05-29,FICELLE,4.0,0.6,3
2021-05-30,FICELLE,9.0,0.6,8
2021-05-31,FICELLE,9.0,0.6,7
2021-06-01,FICELLE,2.0,0.6,2
2021-06-02,FICELLE,7.0,0.6,6
2021-06-03,FICELLE,2.0,0.6,2
2021-06-04,FICELLE,4.0,0.6,4
2021-06-06,FICELLE,9.0,0.6,5
2021-06-07,FICELLE,7.0,0.6,6
2021-06-08,FICELLE,2.0,0.6,1
2021-06-09,FICELLE,4.0,0.6,4
2021-06-10,FICELLE,9.0,0.6,7
2021-06-11,FICELLE,7.0,0.6,5
2021-06-12,FICELLE,8.0,0.6,5
2021-06-13,FICELLE,12.0,0.6,7
2021-06-14,FICELLE,10.0,0.6,6
2021-06-15,FICELLE,8.0,0.6,6
2021-06-16,FICELLE,8.0,0.6,8
2021-06-17,FICELLE,6.0,0.6,6
2021-06-18,FICELLE,8.0,0.6,7
2021-06-19,FICELLE,8.0,0.6,6
2021-06-20,FICELLE,10.0,0.6,5
2021-06-21,FICELLE,6.0,0.6,4
2021-06-22,FICELLE,4.0,0.6,4
2021-06-23,FICELLE,4.0,0.6,4
2021-06-24,FICELLE,10.0,0.6,6
2021-06-25,FICELLE,2.0,0.6,2
2021-06-26,FICELLE,7.0,0.6,6
2021-06-27,FICELLE,15.0,0.6,12
2021-06-28,FICELLE,7.0,0.6,6
2021-06-29,FICELLE,7.0,0.6,6
2021-06-30,FICELLE,7.0,0.6,4
2021-07-01,FICELLE,7.0,0.6,6
2021-07-02,FICELLE,6.0,0.6,6
2021-07-03,FICELLE,10.0,0.6,7
2021-07-04,FICELLE,10.0,0.6,7
2021-07-05,FICELLE,4.0,0.6,4
2021-07-06,FICELLE,2.0,0.6,2
2021-07-07,FICELLE,6.0,0.6,5
2021-07-08,FICELLE,6.0,0.6,5
2021-07-09,FICELLE,7.0,0.6,6
2021-07-10,FICELLE,6.0,0.6,5
2021-07-11,FICELLE,7.0,0.6,5
2021-07-12,FICELLE,10.0,0.6,6
2021-07-13,FICELLE,14.0,0.6,10
2021-07-14,FICELLE,13.0,0.6,8
2021-07-15,FICELLE,11.0,0.6,9
2021-07-16,FICELLE,11.0,0.6,9
2021-07-17,FICELLE,8.0,0.6,6
2021-07-18,FICELLE,18.0,0.6,12
2021-07-19,FICELLE,12.0,0.6,10
2021-07-20,FICELLE,10.0,0.6,8
2021-07-21,FICELLE,5.0,0.6,4
2021-07-22,FICELLE,11.0,0.6,8
2021-07-23,FICELLE,14.0,0.6,11
2021-07-24,FICELLE,14.0,0.6,12
2021-07-25,FICELLE,18.0,0.6,9
2021-07-26,FICELLE,8.0,0.6,6
2021-07-27,FICELLE,13.0,0.6,11
2021-07-28,FICELLE,15.0,0.6,6
2021-07-29,FICELLE,8.0,0.6,5
2021-07-30,FICELLE,6.0,0.6,4
2021-07-31,FICELLE,5.0,0.6,2
2021-08-01,FICELLE,17.0,0.6,11
2021-08-02,FICELLE,15.0,0.6,9
2021-08-03,FICELLE,14.0,0.6,13
2021-08-04,FICELLE,8.0,0.6,5
2021-08-05,FICELLE,12.0,0.6,9
2021-08-06,FICELLE,12.0,0.6,9
2021-08-07,FICELLE,15.0,0.6,10
2021-08-08,FICELLE,14.0,0.6,10
2021-08-09,FICELLE,15.0,0.6,11
2021-08-10,FICELLE,17.0,0.6,12
2021-08-11,FICELLE,15.0,0.6,10
2021-08-12,FICELLE,11.0,0.6,5
2021-08-13,FICELLE,15.0,0.6,10
2021-08-14,FICELLE,20.0,0.6,12
2021-08-15,FICELLE,20.0,0.6,14
2021-08-16,FICELLE,13.0,0.6,8
2021-08-17,FICELLE,15.0,0.6,12
2021-08-18,FICELLE,15.0,0.6,13
2021-08-19,FICELLE,13.0,0.6,10
2021-08-20,FICELLE,13.0,0.6,9
2021-08-21,FICELLE,8.0,0.6,7
2021-08-22,FICELLE,15.0,0.6,9
2021-08-23,FICELLE,9.0,0.6,7
2021-08-24,FICELLE,14.0,0.6,10
2021-08-25,FICELLE,7.0,0.6,5
2021-08-26,FICELLE,14.0,0.6,12
2021-08-27,FICELLE,12.0,0.6,9
2021-08-28,FICELLE,12.0,0.6,9
2021-08-29,FICELLE,10.0,0.6,6
2021-08-30,FICELLE,8.0,0.6,7
2021-08-31,FICELLE,6.0,0.6,5
2021-09-01,FICELLE,3.0,0.6,3
2021-09-02,FICELLE,5.0,0.6,5
2021-09-03,FICELLE,10.0,0.6,8
2021-09-04,FICELLE,6.0,0.6,5
2021-09-05,FICELLE,9.0,0.6,6
2021-09-06,FICELLE,10.0,0.6,3
2021-09-07,FICELLE,8.0,0.6,7
2021-09-08,FICELLE,7.0,0.6,3
2021-09-09,FICELLE,9.0,0.6,7
2021-09-10,FICELLE,5.0,0.6,4
2021-09-11,FICELLE,10.0,0.6,7
2021-09-12,FICELLE,10.0,0.6,6
2021-09-13,FICELLE,9.0,0.6,8
2021-09-14,FICELLE,9.0,0.6,8
2021-09-15,FICELLE,7.0,0.6,7
2021-09-16,FICELLE,4.0,0.6,3
2021-09-17,FICELLE,4.0,0.6,4
2021-09-18,FICELLE,7.0,0.6,5
2021-09-19,FICELLE,7.0,0.6,6
2021-09-20,FICELLE,8.0,0.6,7
2021-09-21,FICELLE,5.0,0.6,5
2021-09-23,FICELLE,1.0,0.6,1
2021-09-24,FICELLE,7.0,0.6,4
2021-09-25,FICELLE,6.0,0.6,2
2021-09-26,FICELLE,7.0,0.6,5
2021-09-27,FICELLE,2.0,0.6,2
2021-09-28,FICELLE,5.0,0.6,4
2021-09-29,FICELLE,2.0,0.6,2
2021-09-30,FICELLE,2.0,0.6,2
2021-10-01,FICELLE,1.0,0.6,1
2021-10-02,FICELLE,6.0,0.6,6
2021-10-03,FICELLE,5.0,0.6,4
2021-10-04,FICELLE,5.0,0.6,4
2021-10-05,FICELLE,3.0,0.6,3
2021-10-06,FICELLE,1.0,0.6,1
2021-10-07,FICELLE,5.0,0.6,3
2021-10-08,FICELLE,5.0,0.6,4
2021-10-09,FICELLE,4.0,0.6,3
2021-10-10,FICELLE,6.0,0.6,4
2021-10-11,FICELLE,6.0,0.6,5
2021-10-12,FICELLE,3.0,0.6,3
2021-10-13,FICELLE,3.0,0.6,3
2021-10-14,FICELLE,3.0,0.6,3
2021-10-15,FICELLE,1.0,0.6,1
2021-10-16,FICELLE,4.0,0.6,4
2021-10-17,FICELLE,8.0,0.6,5
2021-10-18,FICELLE,5.0,0.6,3
2021-10-19,FICELLE,2.0,0.6,2
2021-10-20,FICELLE,5.0,0.6,4
2021-10-21,FICELLE,4.0,0.6,2
2021-10-22,FICELLE,3.0,0.6,3
2021-10-23,FICELLE,6.0,0.6,4
2021-10-24,FICELLE,4.0,0.6,2
2021-10-25,FICELLE,5.0,0.6,4
2021-10-26,FICELLE,5.0,0.6,4
2021-10-27,FICELLE,2.0,0.6,1
2021-10-28,FICELLE,2.0,0.6,2
2021-10-29,FICELLE,5.0,0.6,4
2021-10-30,FICELLE,5.0,0.6,2
2021-10-31,FICELLE,5.0,0.6,5
2021-11-01,FICELLE,5.0,0.6,5
2021-11-02,FICELLE,2.0,0.6,2
2021-11-03,FICELLE,1.0,0.6,1
2021-11-04,FICELLE,6.0,0.6,4
2021-11-05,FICELLE,5.0,0.6,4
2021-11-06,FICELLE,3.0,0.6,3
2021-11-07,FICELLE,5.0,0.6,5
2021-11-08,FICELLE,2.0,0.6,2
2021-11-09,FICELLE,3.0,0.6,2
2021-11-10,FICELLE,5.0,0.6,4
2021-11-11,FICELLE,5.0,0.6,4
2021-11-13,FICELLE,1.0,0.6,1
2021-11-14,FICELLE,5.0,0.6,3
2021-11-15,FICELLE,6.0,0.6,5
2021-11-16,FICELLE,4.0,0.6,4
2021-11-19,FICELLE,4.0,0.6,4
2021-11-20,FICELLE,4.0,0.6,4
2021-11-21,FICELLE,5.0,0.6,5
2021-11-22,FICELLE,6.0,0.6,3
2021-11-23,FICELLE,4.0,0.6,3
2021-11-25,FICELLE,1.0,0.6,1
2021-11-26,FICELLE,3.0,0.6,3
2021-11-27,FICELLE,4.0,0.6,4
2021-11-28,FICELLE,6.0,0.6,5
2021-11-29,FICELLE,3.0,0.6,3
2021-11-30,FICELLE,5.0,0.6,4
2021-12-02,FICELLE,2.0,0.6,2
2021-12-03,FICELLE,3.0,0.6,3
2021-12-04,FICELLE,3.0,0.6,2
2021-12-05,FICELLE,5.0,0.6,4
2021-12-09,FICELLE,1.0,0.6,1
2021-12-10,FICELLE,6.0,0.6,6
2021-12-11,FICELLE,1.0,0.6,1
2021-12-12,FICELLE,6.0,0.6,6
2021-12-13,FICELLE,4.0,0.6,4
2021-12-14,FICELLE,2.0,0.6,2
2021-12-16,FICELLE,4.0,0.6,4
2021-12-17,FICELLE,2.0,0.6,2
2021-12-18,FICELLE,4.0,0.6,3
2021-12-19,FICELLE,5.0,0.6,4
2021-12-20,FICELLE,3.0,0.6,2
2021-12-21,FICELLE,5.0,0.6,4
2021-12-22,FICELLE,5.0,0.6,5
2021-12-23,FICELLE,5.0,0.6,5
2021-12-24,FICELLE,7.0,0.6,4
2021-12-25,FICELLE,6.0,0.6,4
2021-12-26,FICELLE,6.0,0.6,4
2021-12-27,FICELLE,4.0,0.6,4
2021-12-28,FICELLE,4.0,0.6,3
2021-12-29,FICELLE,9.0,0.6,3
2021-12-30,FICELLE,4.0,0.6,4
2021-12-31,FICELLE,5.0,0.6,5
2022-01-02,FICELLE,5.0,0.6,4
2022-01-04,FICELLE,2.0,0.6,1
2022-01-06,FICELLE,3.0,0.6,3
2022-01-07,FICELLE,4.0,0.6,2
2022-01-08,FICELLE,3.0,0.6,3
2022-01-09,FICELLE,4.0,0.6,3
2022-01-10,FICELLE,1.0,0.6,1
2022-01-11,FICELLE,5.0,0.6,5
2022-01-13,FICELLE,3.0,0.6,3
2022-01-14,FICELLE,1.0,0.6,1
2022-01-15,FICELLE,1.0,0.6,1
2022-01-16,FICELLE,5.0,0.6,2
2022-01-17,FICELLE,4.0,0.6,3
2022-01-18,FICELLE,6.0,0.6,4
2022-01-20,FICELLE,3.0,0.6,3
2022-01-21,FICELLE,5.0,0.6,5
2022-01-22,FICELLE,4.0,0.6,4
2022-01-23,FICELLE,4.0,0.6,4
2022-01-24,FICELLE,6.0,0.6,4
2022-01-25,FICELLE,1.0,0.6,1
2022-01-27,FICELLE,5.0,0.6,5
2022-01-28,FICELLE,4.0,0.6,3
2022-01-29,FICELLE,4.0,0.6,3
2022-01-30,FICELLE,6.0,0.6,5
2022-01-31,FICELLE,4.0,0.6,4
2022-02-01,FICELLE,2.0,0.6,2
2022-02-03,FICELLE,6.0,0.6,6
2022-02-04,FICELLE,2.0,0.6,2
2022-02-05,FICELLE,1.0,0.6,1
2022-02-06,FICELLE,3.0,0.6,3
2022-02-08,FICELLE,2.0,0.65,2
2022-02-10,FICELLE,5.0,0.65,3
2022-02-11,FICELLE,5.0,0.65,4
2022-02-12,FICELLE,5.0,0.65,3
2022-02-13,FICELLE,4.0,0.65,4
2022-02-14,FICELLE,4.0,0.65,4
2022-02-15,FICELLE,5.0,0.65,4
2022-02-17,FICELLE,5.0,0.65,5
2022-02-18,FICELLE,4.0,0.65,3
2022-02-19,FICELLE,2.0,0.65,2
2022-02-20,FICELLE,5.0,0.65,5
2022-02-21,FICELLE,3.0,0.65,2
2022-02-22,FICELLE,5.0,0.65,5
2022-02-24,FICELLE,4.0,0.65,3
2022-02-25,FICELLE,5.0,0.65,3
2022-02-26,FICELLE,4.0,0.65,4
2022-02-27,FICELLE,5.0,0.65,4
2022-02-28,FICELLE,3.0,0.65,1
2022-03-01,FICELLE,2.0,0.65,2
2022-03-03,FICELLE,1.0,0.65,1
2022-03-04,FICELLE,3.0,0.65,3
2022-03-05,FICELLE,3.0,0.65,3
2022-03-06,FICELLE,3.0,0.65,2
2022-03-07,FICELLE,3.0,0.65,3
2022-03-08,FICELLE,3.0,0.65,1
2022-03-09,FICELLE,1.0,0.65,1
2022-03-10,FICELLE,1.0,0.65,1
2022-03-11,FICELLE,2.0,0.65,2
2022-03-12,FICELLE,5.0,0.65,5
2022-03-13,FICELLE,5.0,0.65,5
2022-03-14,FICELLE,3.0,0.65,3
2022-03-15,FICELLE,2.0,0.65,2
2022-03-17,FICELLE,2.0,0.65,2
2022-03-18,FICELLE,1.0,0.65,1
2022-03-19,FICELLE,3.0,0.65,2
2022-03-20,FICELLE,5.0,0.65,5
2022-03-21,FICELLE,3.0,0.65,2
2022-03-22,FICELLE,2.0,0.65,2
2022-03-23,FICELLE,1.0,0.65,1
2022-03-24,FICELLE,1.0,0.65,1
2022-03-25,FICELLE,4.0,0.65,4
2022-03-26,FICELLE,5.0,0.65,5
2022-03-27,FICELLE,5.0,0.65,4
2022-03-28,FICELLE,5.0,0.65,4
2022-03-29,FICELLE,2.0,0.65,2
2022-03-30,FICELLE,2.0,0.65,2
2022-03-31,FICELLE,2.0,0.65,2
2022-04-01,FICELLE,4.0,0.65,4
2022-04-02,FICELLE,3.0,0.65,3
2022-04-03,FICELLE,5.0,0.65,4
2022-04-04,FICELLE,1.0,0.65,1
2022-04-05,FICELLE,2.0,0.65,2
2022-04-06,FICELLE,1.0,0.65,1
2022-04-07,FICELLE,3.0,0.65,2
2022-04-08,FICELLE,4.0,0.65,4
2022-04-09,FICELLE,5.0,0.65,2
2022-04-10,FICELLE,6.0,0.65,5
2022-04-11,FICELLE,4.0,0.65,4
2022-04-12,FICELLE,1.0,0.65,1
2022-04-13,FICELLE,5.0,0.65,5
2022-04-14,FICELLE,5.0,0.65,4
2022-04-15,FICELLE,5.0,0.65,4
2022-04-16,FICELLE,7.0,0.65,5
2022-04-17,FICELLE,4.0,0.65,2
2022-04-18,FICELLE,10.0,0.65,7
2022-04-19,FICELLE,5.0,0.65,4
2022-04-20,FICELLE,4.0,0.65,4
2022-04-21,FICELLE,5.0,0.65,3
2022-04-22,FICELLE,6.0,0.65,4
2022-04-23,FICELLE,5.0,0.65,2
2022-04-24,FICELLE,6.0,0.65,4
2022-04-25,FICELLE,2.0,0.65,2
2022-04-26,FICELLE,3.0,0.65,3
2022-04-27,FICELLE,1.0,0.65,1
2022-04-28,FICELLE,3.0,0.65,3
2022-04-29,FICELLE,2.0,0.65,2
2022-04-30,FICELLE,5.0,0.65,4
2022-05-01,FICELLE,6.0,0.65,4
2022-05-02,FICELLE,5.0,0.65,4
2022-05-03,FICELLE,1.0,0.65,1
2022-05-05,FICELLE,7.0,0.65,5
2022-05-06,FICELLE,4.0,0.65,3
2022-05-07,FICELLE,5.0,0.65,5
2022-05-08,FICELLE,6.0,0.65,5
2022-05-09,FICELLE,5.0,0.65,4
2022-05-10,FICELLE,3.0,0.65,3
2022-05-12,FICELLE,2.0,0.65,1
2022-05-13,FICELLE,5.0,0.65,3
2022-05-14,FICELLE,7.0,0.65,4
2022-05-15,FICELLE,6.0,0.65,4
2022-05-16,FICELLE,6.0,0.65,4
2022-05-17,FICELLE,4.0,0.65,4
2022-05-18,FICELLE,5.0,0.65,3
2022-05-19,FICELLE,2.0,0.65,1
2022-05-20,FICELLE,3.0,0.65,2
2022-05-21,FICELLE,5.0,0.65,5
2022-05-22,FICELLE,10.0,0.65,10
2022-05-23,FICELLE,4.0,0.65,4
2022-05-24,FICELLE,5.0,0.65,5
2022-05-25,FICELLE,6.0,0.65,4
2022-05-26,FICELLE,5.0,0.65,4
2022-05-28,FICELLE,6.0,0.65,4
2022-05-29,FICELLE,9.0,0.65,5
2022-05-30,FICELLE,2.0,0.65,2
2022-05-31,FICELLE,7.0,0.65,7
2022-06-01,FICELLE,4.0,0.65,3
2022-06-02,FICELLE,6.0,0.65,5
2022-06-03,FICELLE,6.0,0.65,5
2022-06-04,FICELLE,7.0,0.65,6
2022-06-05,FICELLE,10.0,0.65,6
2022-06-06,FICELLE,11.0,0.65,5
2022-06-07,FICELLE,8.0,0.65,6
2022-06-08,FICELLE,6.0,0.65,4
2022-06-09,FICELLE,4.0,0.65,4
2022-06-10,FICELLE,5.0,0.65,4
2022-06-11,FICELLE,5.0,0.65,4
2022-06-12,FICELLE,9.0,0.65,8
2022-06-13,FICELLE,7.0,0.65,6
2022-06-14,FICELLE,5.0,0.65,5
2022-06-15,FICELLE,1.0,0.65,1
2022-06-16,FICELLE,3.0,0.65,3
2022-06-17,FICELLE,4.0,0.65,4
2022-06-18,FICELLE,6.0,0.65,5
2022-06-19,FICELLE,6.0,0.65,4
2022-06-20,FICELLE,5.0,0.65,3
2022-06-21,FICELLE,5.0,0.65,4
2022-06-22,FICELLE,1.0,0.65,1
2022-06-23,FICELLE,1.0,0.65,1
2022-06-24,FICELLE,1.0,0.65,1
2022-06-25,FICELLE,4.0,0.65,4
2022-06-26,FICELLE,6.0,0.65,4
2022-06-27,FICELLE,4.0,0.65,4
2022-06-28,FICELLE,6.0,0.65,5
2022-06-29,FICELLE,5.0,0.7,4
2022-06-30,FICELLE,2.0,0.7,2
2022-07-01,FICELLE,6.0,0.7,6
2022-07-02,FICELLE,6.0,0.7,4
2022-07-03,FICELLE,10.0,0.7,7
2022-07-04,FICELLE,10.0,0.7,9
2022-07-05,FICELLE,9.0,0.7,8
2022-07-06,FICELLE,9.0,0.7,8
2022-07-07,FICELLE,3.0,0.7,3
2022-07-08,FICELLE,10.0,0.7,8
2022-07-09,FICELLE,7.0,0.7,5
2022-07-10,FICELLE,7.0,0.7,6
2022-07-11,FICELLE,8.0,0.7,7
2022-07-12,FICELLE,10.0,0.7,7
2022-07-13,FICELLE,9.0,0.7,8
2022-07-14,FICELLE,10.0,0.7,7
2022-07-15,FICELLE,10.0,0.7,5
2022-07-16,FICELLE,10.0,0.7,6
2022-07-17,FICELLE,10.0,0.7,6
2022-07-18,FICELLE,10.0,0.7,7
2022-07-19,FICELLE,3.0,0.7,3
2022-07-20,FICELLE,10.0,0.7,9
2022-07-21,FICELLE,10.0,0.7,10
2022-07-22,FICELLE,9.0,0.7,7
2022-07-23,FICELLE,10.0,0.7,9
2022-07-24,FICELLE,11.0,0.7,11
2022-07-25,FICELLE,8.0,0.7,7
2022-07-26,FICELLE,9.0,0.7,6
2022-07-27,FICELLE,8.0,0.7,5
2022-07-28,FICELLE,8.0,0.7,5
2022-07-29,FICELLE,9.0,0.7,6
2022-07-30,FICELLE,10.0,0.7,5
2022-07-31,FICELLE,10.0,0.7,7
2022-08-01,FICELLE,10.0,0.7,5
2022-08-02,FICELLE,10.0,0.7,4
2022-08-03,FICELLE,10.0,0.7,6
2022-08-04,FICELLE,9.0,0.7,6
2022-08-05,FICELLE,10.0,0.7,3
2022-08-06,FICELLE,10.0,0.7,4
2022-08-07,FICELLE,10.0,0.7,5
2022-08-08,FICELLE,10.0,0.7,7
2022-08-09,FICELLE,9.0,0.7,6
2022-08-10,FICELLE,9.0,0.7,6
2022-08-11,FICELLE,10.0,0.7,5
2022-08-12,FICELLE,14.0,0.7,10
2022-08-13,FICELLE,10.0,0.7,6
2022-08-14,FICELLE,10.0,0.7,6
2022-08-15,FICELLE,10.0,0.7,7
2022-08-16,FICELLE,11.0,0.7,9
2022-08-17,FICELLE,6.0,0.7,5
2022-08-18,FICELLE,13.0,0.7,11
2022-08-19,FICELLE,9.0,0.7,7
2022-08-20,FICELLE,9.0,0.7,7
2022-08-21,FICELLE,12.0,0.7,10
2022-08-22,FICELLE,5.0,0.7,5
2022-08-23,FICELLE,4.0,0.7,4
2022-08-24,FICELLE,11.0,0.7,8
2022-08-25,FICELLE,12.0,0.7,9
2022-08-26,FICELLE,7.0,0.7,5
2022-08-27,FICELLE,11.0,0.7,8
2022-08-28,FICELLE,10.0,0.7,7
2022-08-29,FICELLE,6.0,0.7,5
2022-08-30,FICELLE,3.0,0.7,3
2022-08-31,FICELLE,1.0,0.7,1
2022-09-02,FICELLE,7.0,0.7,6
2022-09-03,FICELLE,4.0,0.7,4
2022-09-04,FICELLE,6.0,0.7,5
2022-09-05,FICELLE,2.0,0.7,2
2022-09-06,FICELLE,4.0,0.7,4
2022-09-07,FICELLE,2.0,0.7,2
2022-09-08,FICELLE,6.0,0.7,5
2022-09-09,FICELLE,5.0,0.7,4
2022-09-10,FICELLE,10.0,0.7,6
2022-09-11,FICELLE,10.0,0.7,7
2022-09-12,FICELLE,5.0,0.7,4
2022-09-13,FICELLE,3.0,0.7,2
2022-09-14,FICELLE,5.0,0.7,4
2022-09-15,FICELLE,1.0,0.7,1
2022-09-16,FICELLE,1.0,0.7,1
2022-09-17,FICELLE,8.0,0.7,5
2022-09-18,FICELLE,5.0,0.7,4
2022-09-20,FICELLE,3.0,0.7,3
2022-09-21,FICELLE,3.0,0.7,2
2022-09-22,FICELLE,4.0,0.7,3
2022-09-23,FICELLE,6.0,0.7,5
2022-09-24,FICELLE,6.0,0.7,6
2022-09-25,FICELLE,5.0,0.7,5
2022-09-26,FICELLE,6.0,0.7,5
2022-09-27,FICELLE,4.0,0.7,4
2022-09-28,FICELLE,2.0,0.7,2
2022-09-29,FICELLE,4.0,0.7,4
2022-09-30,FICELLE,7.0,0.7,5
2021-05-11,FINANCIER,2.0,0.7,1
2021-07-05,FINANCIER,1.0,0.7,1
2021-08-30,FINANCIER,5.0,0.7,2
2021-09-19,FINANCIER,1.0,0.7,1
2021-10-31,FINANCIER,1.0,0.7,1
2021-11-01,FINANCIER,2.0,0.7,1
2022-01-13,FINANCIER,1.0,0.7,1
2022-02-15,FINANCIER,1.0,0.7,1
2022-03-23,FINANCIER,1.0,0.7,1
2022-04-23,FINANCIER,1.0,0.7,1
2022-04-26,FINANCIER,1.0,0.7,1
2022-04-27,FINANCIER,1.0,0.7,1
2022-05-12,FINANCIER,1.0,0.7,1
2022-06-04,FINANCIER,1.0,0.7,1
2022-07-28,FINANCIER,1.0,0.7,1
2021-01-02,FINANCIER X5,1.0,3.0,1
2021-01-18,FINANCIER X5,2.0,3.0,2
2021-01-19,FINANCIER X5,1.0,3.0,1
2021-01-21,FINANCIER X5,1.0,3.0,1
2021-01-22,FINANCIER X5,2.0,3.0,2
2021-01-23,FINANCIER X5,4.0,3.0,2
2021-01-25,FINANCIER X5,2.0,3.0,2
2021-01-26,FINANCIER X5,3.0,3.0,3
2021-01-29,FINANCIER X5,2.0,3.0,1
2021-01-31,FINANCIER X5,1.0,3.0,1
2021-02-02,FINANCIER X5,2.0,3.0,1
2021-02-08,FINANCIER X5,1.0,3.0,1
2021-02-12,FINANCIER X5,1.0,3.0,1
2021-02-13,FINANCIER X5,1.0,3.0,1
2021-02-14,FINANCIER X5,5.0,3.0,4
2021-02-15,FINANCIER X5,1.0,3.0,1
2021-02-16,FINANCIER X5,2.0,3.0,1
2021-02-18,FINANCIER X5,2.0,3.0,2
2021-02-20,FINANCIER X5,3.0,3.0,3
2021-02-21,FINANCIER X5,1.0,3.0,1
2021-02-25,FINANCIER X5,3.0,3.0,2
2021-02-26,FINANCIER X5,3.0,3.0,2
2021-02-27,FINANCIER X5,5.0,3.0,4
2021-02-28,FINANCIER X5,2.0,3.0,2
2021-03-02,FINANCIER X5,1.0,3.0,1
2021-03-05,FINANCIER X5,2.0,3.0,2
2021-03-06,FINANCIER X5,4.0,3.0,4
2021-03-07,FINANCIER X5,6.0,3.0,3
2021-03-08,FINANCIER X5,2.0,3.0,2
2021-03-11,FINANCIER X5,1.0,3.0,1
2021-03-12,FINANCIER X5,3.0,3.0,2
2021-03-14,FINANCIER X5,2.0,3.0,2
2021-03-16,FINANCIER X5,9.0,3.0,5
2021-03-19,FINANCIER X5,3.0,3.0,2
2021-03-20,FINANCIER X5,3.0,3.0,3
2021-03-21,FINANCIER X5,1.0,3.0,1
2021-03-23,FINANCIER X5,1.0,3.0,1
2021-03-25,FINANCIER X5,2.0,3.0,2
2021-03-27,FINANCIER X5,1.0,3.0,1
2021-03-28,FINANCIER X5,1.0,3.0,1
2021-03-29,FINANCIER X5,1.0,3.0,1
2021-03-30,FINANCIER X5,4.0,3.0,2
2021-04-01,FINANCIER X5,2.0,3.0,2
2021-04-02,FINANCIER X5,2.0,3.0,2
2021-04-03,FINANCIER X5,3.0,3.0,3
2021-04-04,FINANCIER X5,5.0,3.0,4
2021-04-05,FINANCIER X5,3.0,3.0,3
2021-04-06,FINANCIER X5,1.0,3.0,1
2021-04-08,FINANCIER X5,1.0,3.0,1
2021-04-09,FINANCIER X5,2.0,3.0,2
2021-04-10,FINANCIER X5,2.0,3.0,2
2021-04-11,FINANCIER X5,1.0,3.0,1
2021-04-13,FINANCIER X5,1.0,3.0,1
2021-04-14,FINANCIER X5,3.0,3.0,3
2021-04-15,FINANCIER X5,4.0,3.0,3
2021-04-16,FINANCIER X5,1.0,3.0,1
2021-04-17,FINANCIER X5,5.0,3.0,4
2021-04-18,FINANCIER X5,5.0,3.0,3
2021-04-19,FINANCIER X5,1.0,3.0,1
2021-04-21,FINANCIER X5,5.0,3.0,3
2021-04-22,FINANCIER X5,2.0,3.0,2
2021-04-23,FINANCIER X5,1.0,3.0,1
2021-04-24,FINANCIER X5,1.0,3.0,1
2021-04-25,FINANCIER X5,1.0,3.0,1
2021-04-28,FINANCIER X5,6.0,3.0,4
2021-04-29,FINANCIER X5,2.0,3.0,1
2021-04-30,FINANCIER X5,3.0,3.0,2
2021-05-01,FINANCIER X5,1.0,3.0,1
2021-05-02,FINANCIER X5,7.0,3.0,4
2021-05-05,FINANCIER X5,4.0,3.0,3
2021-05-06,FINANCIER X5,1.0,3.0,1
2021-05-07,FINANCIER X5,6.0,3.0,3
2021-05-08,FINANCIER X5,1.0,3.0,1
2021-05-09,FINANCIER X5,3.0,3.0,3
2021-05-10,FINANCIER X5,3.0,3.0,2
2021-05-11,FINANCIER X5,4.0,3.0,2
2021-05-13,FINANCIER X5,4.0,3.0,3
2021-05-14,FINANCIER X5,4.0,3.0,3
2021-05-15,FINANCIER X5,5.0,3.0,4
2021-05-16,FINANCIER X5,2.0,3.0,2
2021-05-21,FINANCIER X5,3.0,3.0,2
2021-05-23,FINANCIER X5,10.0,3.0,7
2021-05-24,FINANCIER X5,2.0,3.0,1
2021-05-25,FINANCIER X5,4.0,3.0,3
2021-05-26,FINANCIER X5,1.0,3.0,1
2021-05-27,FINANCIER X5,8.0,3.0,3
2021-05-28,FINANCIER X5,3.0,3.0,2
2021-05-29,FINANCIER X5,1.0,3.0,1
2021-05-31,FINANCIER X5,1.0,3.0,1
2021-06-02,FINANCIER X5,2.0,3.0,2
2021-06-03,FINANCIER X5,1.0,3.0,1
2021-06-04,FINANCIER X5,2.0,3.0,2
2021-06-05,FINANCIER X5,4.0,3.0,4
2021-06-06,FINANCIER X5,4.0,3.0,4
2021-06-07,FINANCIER X5,1.0,3.0,1
2021-06-08,FINANCIER X5,2.0,3.0,2
2021-06-09,FINANCIER X5,3.0,3.0,2
2021-06-10,FINANCIER X5,1.0,3.0,1
2021-06-11,FINANCIER X5,2.0,3.0,2
2021-06-12,FINANCIER X5,7.0,3.0,5
2021-06-13,FINANCIER X5,3.0,3.0,3
2021-06-14,FINANCIER X5,3.0,3.0,2
2021-06-15,FINANCIER X5,4.0,3.0,2
2021-06-17,FINANCIER X5,1.0,3.0,1
2021-06-18,FINANCIER X5,3.0,3.0,3
2021-06-19,FINANCIER X5,1.0,3.0,1
2021-06-20,FINANCIER X5,3.0,3.0,3
2021-06-22,FINANCIER X5,7.0,3.0,7
2021-06-24,FINANCIER X5,1.0,3.0,1
2021-06-25,FINANCIER X5,1.0,3.0,1
2021-06-26,FINANCIER X5,3.0,3.0,3
2021-06-27,FINANCIER X5,1.0,3.0,1
2021-06-28,FINANCIER X5,1.0,3.0,1
2021-06-29,FINANCIER X5,1.0,3.0,1
2021-06-30,FINANCIER X5,1.0,3.0,1
2021-07-01,FINANCIER X5,3.0,3.0,3
2021-07-02,FINANCIER X5,1.0,3.0,1
2021-07-03,FINANCIER X5,5.0,3.0,3
2021-07-04,FINANCIER X5,1.0,3.0,1
2021-07-05,FINANCIER X5,2.0,3.0,1
2021-07-06,FINANCIER X5,2.0,3.0,2
2021-07-07,FINANCIER X5,6.0,3.0,6
2021-07-08,FINANCIER X5,4.0,3.0,4
2021-07-09,FINANCIER X5,4.0,3.0,3
2021-07-10,FINANCIER X5,1.0,3.0,1
2021-07-11,FINANCIER X5,5.0,3.0,3
2021-07-12,FINANCIER X5,1.0,3.0,1
2021-07-13,FINANCIER X5,3.0,3.0,2
2021-07-14,FINANCIER X5,3.0,3.0,3
2021-07-15,FINANCIER X5,7.0,3.0,7
2021-07-16,FINANCIER X5,1.0,3.0,1
2021-07-17,FINANCIER X5,1.0,3.0,1
2021-07-18,FINANCIER X5,2.0,3.0,2
2021-07-19,FINANCIER X5,1.0,3.0,1
2021-07-21,FINANCIER X5,7.0,3.0,5
2021-07-22,FINANCIER X5,5.0,3.0,4
2021-07-23,FINANCIER X5,3.0,3.0,3
2021-07-24,FINANCIER X5,7.0,3.0,7
2021-07-25,FINANCIER X5,2.0,3.0,2
2021-07-26,FINANCIER X5,3.0,3.0,3
2021-07-27,FINANCIER X5,2.0,3.0,1
2021-07-28,FINANCIER X5,5.0,3.0,4
2021-07-29,FINANCIER X5,3.0,3.0,3
2021-07-30,FINANCIER X5,5.0,3.0,5
2021-07-31,FINANCIER X5,3.0,3.0,3
2021-08-01,FINANCIER X5,1.0,3.0,1
2021-08-02,FINANCIER X5,1.0,3.0,1
2021-08-03,FINANCIER X5,5.0,3.0,4
2021-08-04,FINANCIER X5,5.0,3.0,5
2021-08-05,FINANCIER X5,6.0,3.0,5
2021-08-06,FINANCIER X5,7.0,3.0,4
2021-08-07,FINANCIER X5,3.0,3.0,2
2021-08-08,FINANCIER X5,2.0,3.0,2
2021-08-09,FINANCIER X5,4.0,3.0,2
2021-08-10,FINANCIER X5,3.0,3.0,2
2021-08-11,FINANCIER X5,8.0,3.0,7
2021-08-12,FINANCIER X5,13.0,3.0,7
2021-08-14,FINANCIER X5,8.0,3.0,5
2021-08-15,FINANCIER X5,3.0,3.0,2
2021-08-17,FINANCIER X5,5.0,3.0,3
2021-08-18,FINANCIER X5,3.0,3.0,3
2021-08-19,FINANCIER X5,13.0,3.0,6
2021-08-20,FINANCIER X5,5.0,3.0,4
2021-08-21,FINANCIER X5,5.0,3.0,4
2021-08-22,FINANCIER X5,2.0,3.0,2
2021-08-23,FINANCIER X5,3.0,3.0,2
2021-08-24,FINANCIER X5,6.0,3.0,6
2021-08-25,FINANCIER X5,5.0,3.0,4
2021-08-26,FINANCIER X5,7.0,3.0,7
2021-08-27,FINANCIER X5,3.0,3.0,2
2021-08-28,FINANCIER X5,1.0,3.0,1
2021-08-29,FINANCIER X5,1.0,3.0,1
2021-08-30,FINANCIER X5,7.0,3.0,5
2021-08-31,FINANCIER X5,1.0,3.0,1
2021-09-01,FINANCIER X5,1.0,3.0,1
2021-09-02,FINANCIER X5,1.0,3.0,1
2021-09-03,FINANCIER X5,6.0,3.0,4
2021-09-04,FINANCIER X5,4.0,3.0,3
2021-09-05,FINANCIER X5,1.0,3.0,1
2021-09-06,FINANCIER X5,3.0,3.0,3
2021-09-07,FINANCIER X5,1.0,3.0,1
2021-09-08,FINANCIER X5,4.0,3.0,2
2021-09-09,FINANCIER X5,1.0,3.0,1
2021-09-10,FINANCIER X5,1.0,3.0,1
2021-09-11,FINANCIER X5,3.0,3.0,2
2021-09-12,FINANCIER X5,2.0,3.0,2
2021-09-14,FINANCIER X5,6.0,3.0,5
2021-09-15,FINANCIER X5,2.0,3.0,2
2021-09-17,FINANCIER X5,1.0,3.0,1
2021-09-18,FINANCIER X5,4.0,3.0,2
2021-09-19,FINANCIER X5,1.0,3.0,1
2021-09-20,FINANCIER X5,1.0,3.0,1
2021-09-22,FINANCIER X5,1.0,3.0,1
2021-09-23,FINANCIER X5,2.0,3.0,1
2021-09-24,FINANCIER X5,3.0,3.0,3
2021-09-26,FINANCIER X5,1.0,3.0,1
2021-09-30,FINANCIER X5,1.0,3.0,1
2021-10-01,FINANCIER X5,1.0,3.0,1
2021-10-02,FINANCIER X5,2.0,3.0,2
2021-10-03,FINANCIER X5,2.0,3.0,1
2021-10-04,FINANCIER X5,1.0,3.0,1
2021-10-05,FINANCIER X5,3.0,3.0,3
2021-10-07,FINANCIER X5,6.0,3.0,4
2021-10-09,FINANCIER X5,2.0,3.0,2
2021-10-13,FINANCIER X5,1.0,3.0,1
2021-10-14,FINANCIER X5,1.0,3.0,1
2021-10-15,FINANCIER X5,1.0,3.0,1
2021-10-17,FINANCIER X5,1.0,3.0,1
2021-10-19,FINANCIER X5,2.0,3.0,1
2021-10-20,FINANCIER X5,3.0,3.0,3
2021-10-21,FINANCIER X5,1.0,3.0,1
2021-10-23,FINANCIER X5,1.0,3.0,1
2021-10-24,FINANCIER X5,1.0,3.0,1
2021-10-26,FINANCIER X5,2.0,3.0,2
2021-10-27,FINANCIER X5,4.0,3.0,3
2021-10-28,FINANCIER X5,2.0,3.0,2
2021-10-29,FINANCIER X5,4.0,3.0,3
2021-10-30,FINANCIER X5,5.0,3.0,3
2021-10-31,FINANCIER X5,6.0,3.0,5
2021-11-01,FINANCIER X5,1.0,3.0,1
2021-11-03,FINANCIER X5,5.0,3.0,4
2021-11-04,FINANCIER X5,5.0,3.0,5
2021-11-05,FINANCIER X5,4.0,3.0,3
2021-11-06,FINANCIER X5,1.0,3.0,1
2021-11-07,FINANCIER X5,3.0,3.0,1
2021-11-10,FINANCIER X5,2.0,3.0,2
2021-11-11,FINANCIER X5,6.0,3.0,5
2021-11-12,FINANCIER X5,1.0,3.0,1
2021-11-13,FINANCIER X5,2.0,3.0,2
2021-11-19,FINANCIER X5,3.0,3.0,3
2021-11-20,FINANCIER X5,3.0,3.0,2
2021-11-21,FINANCIER X5,1.0,3.0,1
2021-11-23,FINANCIER X5,3.0,3.0,1
2021-11-26,FINANCIER X5,1.0,3.0,1
2021-11-30,FINANCIER X5,1.0,3.0,1
2021-12-02,FINANCIER X5,1.0,3.0,1
2021-12-03,FINANCIER X5,8.0,3.0,3
2021-12-04,FINANCIER X5,1.0,3.0,1
2021-12-10,FINANCIER X5,2.0,3.0,2
2021-12-13,FINANCIER X5,1.0,3.0,1
2021-12-17,FINANCIER X5,3.0,3.0,2
2021-12-18,FINANCIER X5,7.0,3.0,5
2021-12-20,FINANCIER X5,1.0,3.0,1
2021-12-21,FINANCIER X5,3.0,3.0,3
2021-12-22,FINANCIER X5,7.0,3.0,4
2021-12-23,FINANCIER X5,4.0,3.0,3
2021-12-24,FINANCIER X5,3.0,3.0,3
2021-12-25,FINANCIER X5,2.0,3.0,2
2021-12-26,FINANCIER X5,1.0,3.0,1
2021-12-28,FINANCIER X5,3.0,3.0,3
2021-12-29,FINANCIER X5,2.0,3.0,1
2021-12-30,FINANCIER X5,4.0,3.0,4
2021-12-31,FINANCIER X5,3.0,3.0,3
2022-01-02,FINANCIER X5,3.0,3.0,2
2022-01-06,FINANCIER X5,5.0,3.0,4
2022-01-08,FINANCIER X5,3.0,3.0,3
2022-01-09,FINANCIER X5,3.0,3.0,2
2022-01-13,FINANCIER X5,1.0,3.0,1
2022-01-14,FINANCIER X5,2.0,3.0,2
2022-01-15,FINANCIER X5,1.0,3.0,1
2022-01-16,FINANCIER X5,1.0,3.0,1
2022-01-17,FINANCIER X5,1.0,3.0,1
2022-01-18,FINANCIER X5,2.0,3.0,2
2022-01-20,FINANCIER X5,1.0,3.0,1
2022-01-21,FINANCIER X5,2.0,3.0,2
2022-01-22,FINANCIER X5,1.0,3.0,1
2022-01-25,FINANCIER X5,1.0,3.0,1
2022-01-27,FINANCIER X5,3.0,3.0,1
2022-01-28,FINANCIER X5,2.0,3.0,1
2022-01-29,FINANCIER X5,1.0,3.0,1
2022-01-30,FINANCIER X5,1.0,3.0,1
2022-01-31,FINANCIER X5,2.0,3.0,2
2022-02-01,FINANCIER X5,3.0,3.0,2
2022-02-03,FINANCIER X5,2.0,3.0,2
2022-02-04,FINANCIER X5,5.0,3.0,4
2022-02-06,FINANCIER X5,1.0,3.0,1
2022-02-07,FINANCIER X5,1.0,3.5,1
2022-02-08,FINANCIER X5,2.0,3.5,2
2022-02-10,FINANCIER X5,1.0,3.5,1
2022-02-11,FINANCIER X5,2.0,3.5,2
2022-02-12,FINANCIER X5,3.0,3.5,1
2022-02-13,FINANCIER X5,6.0,3.5,5
2022-02-14,FINANCIER X5,2.0,3.5,2
2022-02-15,FINANCIER X5,1.0,3.5,1
2022-02-17,FINANCIER X5,3.0,3.5,3
2022-02-18,FINANCIER X5,3.0,3.5,3
2022-02-19,FINANCIER X5,2.0,3.5,2
2022-02-20,FINANCIER X5,2.0,3.5,2
2022-02-21,FINANCIER X5,1.0,3.5,1
2022-02-22,FINANCIER X5,1.0,3.5,1
2022-02-24,FINANCIER X5,1.0,3.5,1
2022-02-25,FINANCIER X5,3.0,3.5,2
2022-02-26,FINANCIER X5,1.0,3.5,1
2022-02-27,FINANCIER X5,4.0,3.5,4
2022-02-28,FINANCIER X5,2.0,3.5,2
2022-03-01,FINANCIER X5,1.0,3.5,1
2022-03-02,FINANCIER X5,1.0,3.5,1
2022-03-03,FINANCIER X5,4.0,3.5,4
2022-03-04,FINANCIER X5,1.0,3.5,1
2022-03-05,FINANCIER X5,4.0,3.5,3
2022-03-06,FINANCIER X5,1.0,3.5,1
2022-03-08,FINANCIER X5,2.0,3.5,1
2022-03-11,FINANCIER X5,2.0,3.5,2
2022-03-12,FINANCIER X5,2.0,3.5,2
2022-03-13,FINANCIER X5,1.0,3.5,1
2022-03-14,FINANCIER X5,2.0,3.5,2
2022-03-15,FINANCIER X5,4.0,3.5,4
2022-03-16,FINANCIER X5,2.0,3.5,2
2022-03-17,FINANCIER X5,2.0,3.5,1
2022-03-19,FINANCIER X5,1.0,3.5,1
2022-03-20,FINANCIER X5,3.0,3.5,3
2022-03-22,FINANCIER X5,3.0,3.5,3
2022-03-23,FINANCIER X5,2.0,3.5,2
2022-03-24,FINANCIER X5,1.0,3.5,1
2022-03-25,FINANCIER X5,3.0,3.5,2
2022-03-26,FINANCIER X5,1.0,3.5,1
2022-03-27,FINANCIER X5,11.0,3.5,6
2022-03-29,FINANCIER X5,1.0,3.5,1
2022-03-30,FINANCIER X5,3.0,3.5,1
2022-03-31,FINANCIER X5,1.0,3.5,1
2022-04-01,FINANCIER X5,1.0,3.5,1
2022-04-02,FINANCIER X5,5.0,3.5,4
2022-04-04,FINANCIER X5,1.0,3.5,1
2022-04-05,FINANCIER X5,2.0,3.5,2
2022-04-07,FINANCIER X5,1.0,3.5,1
2022-04-09,FINANCIER X5,1.0,3.5,1
2022-04-10,FINANCIER X5,3.0,3.5,3
2022-04-14,FINANCIER X5,1.0,3.5,1
2022-04-15,FINANCIER X5,3.0,3.5,3
2022-04-16,FINANCIER X5,5.0,3.5,5
2022-04-17,FINANCIER X5,1.0,3.5,1
2022-04-18,FINANCIER X5,5.0,3.5,5
2022-04-19,FINANCIER X5,3.0,3.5,3
2022-04-20,FINANCIER X5,2.0,3.5,1
2022-04-21,FINANCIER X5,6.0,3.5,6
2022-04-22,FINANCIER X5,4.0,3.5,3
2022-04-23,FINANCIER X5,6.0,3.5,4
2022-04-24,FINANCIER X5,3.0,3.5,3
2022-04-26,FINANCIER X5,1.0,3.5,1
2022-04-27,FINANCIER X5,1.0,3.5,1
2022-04-29,FINANCIER X5,1.0,3.5,1
2022-04-30,FINANCIER X5,2.0,3.5,2
2022-05-01,FINANCIER X5,1.0,3.5,1
2022-05-03,FINANCIER X5,3.0,3.5,3
2022-05-05,FINANCIER X5,7.0,3.5,5
2022-05-06,FINANCIER X5,4.0,3.5,4
2022-05-08,FINANCIER X5,1.0,3.5,1
2022-05-10,FINANCIER X5,2.0,3.5,1
2022-05-11,FINANCIER X5,5.0,3.5,2
2022-05-12,FINANCIER X5,2.0,3.5,2
2022-05-13,FINANCIER X5,1.0,3.5,1
2022-05-14,FINANCIER X5,6.0,3.5,3
2022-05-15,FINANCIER X5,1.0,3.5,1
2022-05-17,FINANCIER X5,1.0,3.5,1
2022-05-19,FINANCIER X5,1.0,3.5,1
2022-05-20,FINANCIER X5,5.0,3.5,3
2022-05-21,FINANCIER X5,1.0,3.5,1
2022-05-22,FINANCIER X5,2.0,3.5,1
2022-05-23,FINANCIER X5,5.0,3.5,3
2022-05-25,FINANCIER X5,6.0,3.5,3
2022-05-26,FINANCIER X5,8.0,3.5,6
2022-05-27,FINANCIER X5,3.0,3.5,2
2022-05-28,FINANCIER X5,7.0,3.5,5
2022-05-29,FINANCIER X5,5.0,3.5,3
2022-06-03,FINANCIER X5,1.0,3.5,1
2022-06-04,FINANCIER X5,4.0,3.5,3
2022-06-05,FINANCIER X5,3.0,3.5,3
2022-06-06,FINANCIER X5,2.0,3.5,1
2022-06-08,FINANCIER X5,1.0,3.5,1
2022-06-09,FINANCIER X5,2.0,3.5,1
2022-06-12,FINANCIER X5,6.0,3.5,3
2022-06-13,FINANCIER X5,1.0,3.5,1
2022-06-14,FINANCIER X5,1.0,3.5,1
2022-06-15,FINANCIER X5,5.0,3.5,4
2022-06-17,FINANCIER X5,2.0,3.5,2
2022-06-18,FINANCIER X5,4.0,3.5,3
2022-06-19,FINANCIER X5,1.0,3.5,1
2022-06-20,FINANCIER X5,3.0,3.5,3
2022-06-21,FINANCIER X5,1.0,3.5,1
2022-06-23,FINANCIER X5,2.0,3.5,2
2022-06-25,FINANCIER X5,5.0,3.5,5
2022-06-26,FINANCIER X5,5.0,3.5,4
2022-06-27,FINANCIER X5,3.0,3.5,2
2022-06-28,FINANCIER X5,1.0,3.5,1
2022-06-29,FINANCIER X5,1.0,4.0,1
2022-06-30,FINANCIER X5,1.0,4.0,1
2022-07-02,FINANCIER X5,3.0,4.0,3
2022-07-03,FINANCIER X5,10.0,4.0,8
2022-07-05,FINANCIER X5,3.0,4.0,3
2022-07-06,FINANCIER X5,2.0,4.0,2
2022-07-07,FINANCIER X5,2.0,4.0,1
2022-07-08,FINANCIER X5,4.0,4.0,3
2022-07-09,FINANCIER X5,3.0,4.0,1
2022-07-10,FINANCIER X5,2.0,4.0,2
2022-07-11,FINANCIER X5,7.0,4.0,4
2022-07-14,FINANCIER X5,4.0,4.0,4
2022-07-15,FINANCIER X5,2.0,4.0,2
2022-07-16,FINANCIER X5,3.0,4.0,2
2022-07-17,FINANCIER X5,1.0,4.0,1
2022-07-20,FINANCIER X5,11.0,4.0,8
2022-07-21,FINANCIER X5,1.0,4.0,1
2022-07-25,FINANCIER X5,3.0,4.0,3
2022-07-26,FINANCIER X5,1.0,4.0,1
2022-07-27,FINANCIER X5,1.0,4.0,1
2022-07-29,FINANCIER X5,3.0,4.0,3
2022-07-30,FINANCIER X5,3.0,4.0,1
2022-08-01,FINANCIER X5,4.0,4.0,4
2022-08-02,FINANCIER X5,4.0,4.0,3
2022-08-03,FINANCIER X5,4.0,4.0,3
2022-08-04,FINANCIER X5,3.0,4.0,3
2022-08-05,FINANCIER X5,2.0,4.0,2
2022-08-06,FINANCIER X5,6.0,4.0,4
2022-08-07,FINANCIER X5,5.0,4.0,3
2022-08-08,FINANCIER X5,6.0,4.0,6
2022-08-11,FINANCIER X5,6.0,4.0,6
2022-08-12,FINANCIER X5,1.0,4.0,1
2022-08-13,FINANCIER X5,6.0,4.0,3
2022-08-14,FINANCIER X5,3.0,4.0,2
2022-08-15,FINANCIER X5,3.0,4.0,3
2022-08-16,FINANCIER X5,4.0,4.0,4
2022-08-17,FINANCIER X5,3.0,4.0,3
2022-08-19,FINANCIER X5,1.0,4.0,1
2022-08-20,FINANCIER X5,12.0,4.0,8
2022-08-21,FINANCIER X5,2.0,4.0,2
2022-08-22,FINANCIER X5,2.0,4.0,2
2022-08-24,FINANCIER X5,3.0,4.0,2
2022-08-25,FINANCIER X5,1.0,4.0,1
2022-08-26,FINANCIER X5,1.0,4.0,1
2022-08-27,FINANCIER X5,1.0,4.0,1
2022-08-28,FINANCIER X5,6.0,4.0,3
2022-08-29,FINANCIER X5,2.0,4.0,2
2022-08-30,FINANCIER X5,2.0,4.0,2
2022-08-31,FINANCIER X5,3.0,4.0,2
2022-09-02,FINANCIER X5,2.0,4.0,2
2022-09-03,FINANCIER X5,1.0,4.0,1
2022-09-04,FINANCIER X5,1.0,4.0,1
2022-09-06,FINANCIER X5,1.0,4.0,1
2022-09-09,FINANCIER X5,5.0,4.0,3
2022-09-10,FINANCIER X5,2.0,4.0,2
2022-09-11,FINANCIER X5,1.0,4.0,1
2022-09-12,FINANCIER X5,3.0,4.0,2
2022-09-13,FINANCIER X5,1.0,4.0,1
2022-09-15,FINANCIER X5,1.0,4.0,1
2022-09-16,FINANCIER X5,1.0,4.0,1
2022-09-17,FINANCIER X5,1.0,4.0,1
2022-09-18,FINANCIER X5,5.0,4.0,3
2022-09-21,FINANCIER X5,1.0,4.0,1
2022-09-22,FINANCIER X5,1.0,4.0,1
2022-09-24,FINANCIER X5,3.0,4.0,2
2021-01-21,FLAN,1.0,2.0,1
2021-01-24,FLAN,2.0,2.0,2
2021-01-29,FLAN,2.0,2.0,1
2021-01-30,FLAN,3.0,2.0,2
2021-02-05,FLAN,2.0,2.0,1
2021-02-06,FLAN,3.0,2.0,2
2021-02-11,FLAN,2.0,2.0,1
2021-02-12,FLAN,2.0,2.0,2
2021-02-13,FLAN,1.0,2.0,1
2021-02-14,FLAN,4.0,2.0,2
2021-02-15,FLAN,5.0,2.0,3
2021-02-18,FLAN,2.0,2.0,1
2021-02-19,FLAN,1.0,2.0,1
2021-02-21,FLAN,4.0,2.0,4
2021-02-25,FLAN,3.0,2.0,2
2021-02-26,FLAN,2.0,2.0,1
2021-02-27,FLAN,2.0,2.0,2
2021-03-02,FLAN,5.0,2.0,4
2021-03-04,FLAN,4.0,2.0,3
2021-03-05,FLAN,2.0,2.0,2
2021-03-11,FLAN,2.0,2.0,1
2021-03-12,FLAN,2.0,2.0,2
2021-03-13,FLAN,2.0,2.0,2
2021-03-14,FLAN,3.0,2.0,2
2021-03-18,FLAN,1.0,2.0,1
2021-03-21,FLAN,3.0,2.0,3
2021-03-26,FLAN,2.0,2.0,1
2021-03-27,FLAN,4.0,2.0,3
2021-03-28,FLAN,7.0,2.0,5
2021-04-01,FLAN,5.0,2.0,3
2021-04-02,FLAN,1.0,2.0,1
2021-04-03,FLAN,1.0,2.0,1
2021-04-05,FLAN,2.0,2.0,2
2021-04-08,FLAN,2.0,2.0,1
2021-04-09,FLAN,2.0,2.0,2
2021-04-10,FLAN,1.0,2.0,1
2021-04-12,FLAN,3.0,2.0,2
2021-04-15,FLAN,3.0,2.0,2
2021-04-16,FLAN,3.0,2.0,3
2021-04-19,FLAN,1.0,2.0,1
2021-04-22,FLAN,4.0,2.0,4
2021-04-24,FLAN,3.0,2.0,3
2021-04-25,FLAN,2.0,2.0,2
2021-04-27,FLAN,1.0,2.0,1
2021-05-01,FLAN,2.0,2.0,2
2021-05-02,FLAN,3.0,2.0,3
2021-05-04,FLAN,1.0,2.0,1
2021-05-05,FLAN,1.0,2.0,1
2021-05-06,FLAN,4.0,2.0,2
2021-05-07,FLAN,4.0,2.0,4
2021-05-08,FLAN,3.0,2.0,2
2021-05-11,FLAN,3.0,2.0,2
2021-05-12,FLAN,4.0,2.0,4
2021-05-13,FLAN,1.0,2.0,1
2021-05-14,FLAN,4.0,2.0,2
2021-05-23,FLAN,4.0,2.0,3
2021-05-24,FLAN,2.0,2.0,2
2021-05-25,FLAN,1.0,2.0,1
2021-05-27,FLAN,4.0,2.0,3
2021-05-28,FLAN,3.0,2.0,2
2021-05-29,FLAN,3.0,2.0,2
2021-05-30,FLAN,3.0,2.0,2
2021-06-01,FLAN,2.0,2.0,1
2021-06-02,FLAN,1.0,2.0,1
2021-06-03,FLAN,2.0,2.0,2
2021-06-04,FLAN,2.0,2.0,2
2021-06-05,FLAN,4.0,2.0,4
2021-06-06,FLAN,5.0,2.0,3
2021-06-08,FLAN,3.0,2.0,3
2021-06-09,FLAN,4.0,2.0,3
2021-06-11,FLAN,5.0,2.0,4
2021-06-12,FLAN,2.0,2.0,1
2021-06-13,FLAN,3.0,2.0,2
2021-06-16,FLAN,6.0,2.0,3
2021-06-18,FLAN,3.0,2.0,2
2021-06-19,FLAN,4.0,2.0,2
2021-06-20,FLAN,7.0,2.0,5
2021-06-21,FLAN,5.0,2.0,3
2021-06-22,FLAN,1.0,2.0,1
2021-06-25,FLAN,3.0,2.0,2
2021-06-26,FLAN,2.0,2.0,2
2021-06-27,FLAN,4.0,2.0,2
2021-06-28,FLAN,1.0,2.0,1
2021-06-29,FLAN,3.0,2.0,2
2021-07-01,FLAN,2.0,2.0,1
2021-07-06,FLAN,1.0,2.0,1
2021-07-07,FLAN,2.0,2.0,2
2021-07-08,FLAN,3.0,2.0,2
2021-07-11,FLAN,8.0,2.0,6
2021-07-12,FLAN,1.0,2.0,1
2021-07-13,FLAN,1.0,2.0,1
2021-07-14,FLAN,1.0,2.0,1
2021-07-16,FLAN,1.0,2.0,1
2021-07-17,FLAN,4.0,2.0,3
2021-07-18,FLAN,4.0,2.0,3
2021-07-20,FLAN,3.0,2.0,2
2021-07-21,FLAN,3.0,2.0,2
2021-07-22,FLAN,3.0,2.0,3
2021-07-23,FLAN,5.0,2.0,3
2021-07-24,FLAN,1.0,2.0,1
2021-07-25,FLAN,3.0,2.0,3
2021-07-26,FLAN,1.0,2.0,1
2021-07-27,FLAN,1.0,2.0,1
2021-07-28,FLAN,1.0,2.0,1
2021-07-29,FLAN,3.0,2.0,2
2021-07-30,FLAN,3.0,2.0,2
2021-07-31,FLAN,3.0,2.0,2
2021-08-01,FLAN,4.0,2.0,4
2021-08-03,FLAN,3.0,2.0,2
2021-08-04,FLAN,5.0,2.0,4
2021-08-05,FLAN,2.0,2.0,2
2021-08-06,FLAN,1.0,2.0,1
2021-08-07,FLAN,5.0,2.0,3
2021-08-08,FLAN,5.0,2.0,3
2021-08-10,FLAN,3.0,2.0,2
2021-08-11,FLAN,3.0,2.0,2
2021-08-12,FLAN,3.0,2.0,3
2021-08-15,FLAN,3.0,2.0,2
2021-08-16,FLAN,1.0,2.0,1
2021-08-18,FLAN,3.0,2.0,2
2021-08-19,FLAN,2.0,2.0,1
2021-08-21,FLAN,5.0,2.0,3
2021-08-22,FLAN,1.0,2.0,1
2021-08-23,FLAN,1.0,2.0,1
2021-08-24,FLAN,4.0,2.0,3
2021-08-25,FLAN,2.0,2.0,1
2021-08-26,FLAN,2.0,2.0,2
2021-08-27,FLAN,1.0,2.0,1
2021-08-28,FLAN,3.0,2.0,2
2021-08-29,FLAN,1.0,2.0,1
2021-08-30,FLAN,2.0,2.0,1
2021-08-31,FLAN,3.0,2.0,2
2021-09-02,FLAN,3.0,2.0,2
2021-09-03,FLAN,2.0,2.0,2
2021-09-04,FLAN,3.0,2.0,2
2021-09-05,FLAN,7.0,2.0,5
2021-09-08,FLAN,5.0,2.0,4
2021-09-10,FLAN,4.0,2.0,3
2021-09-11,FLAN,1.0,2.0,1
2021-09-12,FLAN,3.0,2.0,3
2021-09-13,FLAN,3.0,2.0,3
2021-09-15,FLAN,2.0,2.0,1
2021-09-17,FLAN,3.0,2.0,2
2021-09-18,FLAN,3.0,2.0,2
2021-09-19,FLAN,2.0,2.0,1
2021-09-20,FLAN,1.0,2.0,1
2021-09-21,FLAN,2.0,2.0,1
2021-09-23,FLAN,3.0,2.0,3
2021-09-24,FLAN,5.0,2.0,2
2021-09-25,FLAN,2.0,2.0,1
2021-09-27,FLAN,3.0,2.0,3
2021-09-29,FLAN,3.0,2.0,1
2021-09-30,FLAN,1.0,2.0,1
2021-10-01,FLAN,2.0,2.0,2
2021-10-02,FLAN,3.0,2.0,3
2021-10-03,FLAN,3.0,2.0,2
2021-10-07,FLAN,5.0,2.0,2
2021-10-08,FLAN,2.0,2.0,1
2021-10-09,FLAN,1.0,2.0,1
2021-10-10,FLAN,5.0,2.0,5
2021-10-13,FLAN,1.0,2.0,1
2021-10-14,FLAN,3.0,2.0,2
2021-10-16,FLAN,1.0,2.0,1
2021-10-17,FLAN,3.0,2.0,2
2021-10-18,FLAN,1.0,2.0,1
2021-10-19,FLAN,3.0,2.0,1
2021-10-20,FLAN,2.0,2.0,1
2021-10-21,FLAN,2.0,2.0,2
2021-10-22,FLAN,3.0,2.0,2
2021-10-23,FLAN,1.0,2.0,1
2021-10-24,FLAN,4.0,2.0,4
2021-10-25,FLAN,2.0,2.0,1
2021-10-26,FLAN,1.0,2.0,1
2021-10-27,FLAN,5.0,2.0,3
2021-10-28,FLAN,2.0,2.0,2
2021-10-29,FLAN,1.0,2.0,1
2021-10-30,FLAN,1.0,2.0,1
2021-10-31,FLAN,1.0,2.0,1
2021-11-01,FLAN,4.0,2.0,3
2021-11-02,FLAN,1.0,2.0,1
2021-11-03,FLAN,4.0,2.0,4
2021-11-05,FLAN,1.0,2.0,1
2021-11-06,FLAN,1.0,2.0,1
2021-11-07,FLAN,3.0,2.0,2
2021-11-09,FLAN,2.0,2.0,2
2021-11-10,FLAN,3.0,2.0,3
2021-11-13,FLAN,2.0,2.0,1
2021-11-14,FLAN,5.0,2.0,4
2021-11-16,FLAN,1.0,2.0,1
2021-11-18,FLAN,1.0,2.0,1
2021-11-19,FLAN,3.0,2.0,3
2021-11-22,FLAN,1.0,2.0,1
2021-11-25,FLAN,2.0,2.0,2
2021-11-26,FLAN,4.0,2.0,2
2021-11-27,FLAN,3.0,2.0,2
2021-11-28,FLAN,3.0,2.0,2
2021-11-29,FLAN,1.0,2.0,1
2021-12-03,FLAN,1.0,2.0,1
2021-12-04,FLAN,2.0,2.0,2
2021-12-05,FLAN,2.0,2.0,2
2021-12-09,FLAN,1.0,2.0,1
2021-12-10,FLAN,2.0,2.0,1
2021-12-12,FLAN,2.0,2.0,2
2021-12-13,FLAN,3.0,2.0,2
2021-12-16,FLAN,2.0,2.0,2
2021-12-18,FLAN,5.0,2.0,3
2021-12-19,FLAN,1.0,2.0,1
2021-12-20,FLAN,2.0,2.0,1
2021-12-21,FLAN,2.0,2.0,1
2021-12-22,FLAN,3.0,2.0,1
2021-12-24,FLAN,2.0,2.0,1
2021-12-26,FLAN,2.0,2.0,2
2021-12-27,FLAN,2.0,2.0,2
2021-12-28,FLAN,1.0,2.0,1
2021-12-29,FLAN,1.0,2.0,1
2021-12-30,FLAN,2.0,2.0,2
2021-12-31,FLAN,1.0,2.0,1
2022-01-02,FLAN,5.0,2.0,4
2022-01-03,FLAN,2.0,2.0,2
2022-01-06,FLAN,1.0,2.0,1
2022-01-07,FLAN,3.0,2.0,3
2022-01-08,FLAN,2.0,2.0,1
2022-01-09,FLAN,2.0,2.0,1
2022-01-11,FLAN,2.0,2.0,2
2022-01-15,FLAN,2.0,2.0,1
2022-01-16,FLAN,2.0,2.0,2
2022-01-17,FLAN,1.0,2.0,1
2022-01-20,FLAN,2.0,2.0,2
2022-01-21,FLAN,1.0,2.0,1
2022-01-22,FLAN,3.0,2.0,3
2022-01-23,FLAN,3.0,2.0,2
2022-01-24,FLAN,2.0,2.0,1
2022-01-27,FLAN,6.0,2.0,2
2022-01-28,FLAN,1.0,2.0,1
2022-01-29,FLAN,1.0,2.0,1
2022-01-30,FLAN,2.0,2.0,2
2022-01-31,FLAN,3.0,2.0,3
2022-02-03,FLAN,2.0,2.0,1
2022-02-04,FLAN,3.0,2.0,2
2022-02-05,FLAN,3.0,2.0,3
2022-02-06,FLAN,4.0,2.0,1
2022-02-08,FLAN,3.0,2.1,2
2022-02-10,FLAN,1.0,2.1,1
2022-02-12,FLAN,1.0,2.1,1
2022-02-13,FLAN,4.0,2.1,4
2022-02-17,FLAN,1.0,2.1,1
2022-02-18,FLAN,1.0,2.1,1
2022-02-19,FLAN,6.0,2.1,4
2022-02-24,FLAN,3.0,2.1,2
2022-02-25,FLAN,4.0,2.1,3
2022-02-26,FLAN,2.0,2.1,2
2022-02-27,FLAN,6.0,2.1,3
2022-03-01,FLAN,3.0,2.1,2
2022-03-02,FLAN,1.0,2.1,1
2022-03-03,FLAN,2.0,2.1,2
2022-03-04,FLAN,1.0,2.1,1
2022-03-05,FLAN,2.0,2.1,1
2022-03-08,FLAN,2.0,2.1,2
2022-03-09,FLAN,1.0,2.1,1
2022-03-11,FLAN,1.0,2.1,1
2022-03-12,FLAN,2.0,2.1,1
2022-03-13,FLAN,3.0,2.1,2
2022-03-14,FLAN,1.0,2.1,1
2022-03-15,FLAN,1.0,2.1,1
2022-03-16,FLAN,2.0,2.1,1
2022-03-17,FLAN,4.0,2.1,3
2022-03-19,FLAN,2.0,2.1,1
2022-03-20,FLAN,5.0,2.1,3
2022-03-25,FLAN,3.0,2.1,1
2022-03-26,FLAN,3.0,2.1,2
2022-03-27,FLAN,5.0,2.1,3
2022-03-29,FLAN,3.0,2.1,2
2022-03-30,FLAN,1.0,2.1,1
2022-03-31,FLAN,2.0,2.1,2
2022-04-01,FLAN,1.0,2.1,1
2022-04-02,FLAN,2.0,2.1,2
2022-04-03,FLAN,1.0,2.1,1
2022-04-05,FLAN,2.0,2.1,2
2022-04-06,FLAN,3.0,2.1,2
2022-04-07,FLAN,4.0,2.1,4
2022-04-12,FLAN,1.0,2.1,1
2022-04-13,FLAN,1.0,2.1,1
2022-04-14,FLAN,3.0,2.1,3
2022-04-16,FLAN,2.0,2.1,2
2022-04-18,FLAN,1.0,2.1,1
2022-04-20,FLAN,3.0,2.1,3
2022-04-21,FLAN,3.0,2.1,2
2022-04-22,FLAN,4.0,2.1,4
2022-04-23,FLAN,2.0,2.1,2
2022-04-25,FLAN,3.0,2.1,2
2022-04-27,FLAN,2.0,2.1,2
2022-04-28,FLAN,4.0,2.1,4
2022-04-29,FLAN,2.0,2.1,2
2022-04-30,FLAN,1.0,2.1,1
2022-05-03,FLAN,2.0,2.1,1
2022-05-05,FLAN,5.0,2.1,5
2022-05-06,FLAN,3.0,2.1,3
2022-05-09,FLAN,1.0,2.1,1
2022-05-10,FLAN,2.0,2.1,2
2022-05-13,FLAN,4.0,2.1,4
2022-05-14,FLAN,5.0,2.1,3
2022-05-17,FLAN,3.0,2.1,3
2022-05-18,FLAN,4.0,2.1,3
2022-05-19,FLAN,2.0,2.1,2
2022-05-21,FLAN,1.0,2.1,1
2022-05-22,FLAN,3.0,2.1,2
2022-05-24,FLAN,1.0,2.1,1
2022-05-25,FLAN,4.0,2.1,3
2022-05-27,FLAN,2.0,2.1,2
2022-05-30,FLAN,4.0,2.1,3
2022-06-01,FLAN,4.0,2.1,3
2022-06-02,FLAN,3.0,2.1,3
2022-06-03,FLAN,3.0,2.1,2
2022-06-05,FLAN,5.0,2.1,4
2022-06-06,FLAN,4.0,2.1,4
2022-06-07,FLAN,3.0,2.1,3
2022-06-08,FLAN,1.0,2.1,1
2022-06-09,FLAN,2.0,2.1,2
2022-06-10,FLAN,1.0,2.1,1
2022-06-11,FLAN,1.0,2.1,1
2022-06-13,FLAN,2.0,2.1,1
2022-06-16,FLAN,1.0,2.1,1
2022-06-17,FLAN,2.0,2.1,2
2022-06-18,FLAN,2.0,2.1,2
2022-06-19,FLAN,4.0,2.1,4
2022-06-20,FLAN,3.0,2.1,3
2022-06-21,FLAN,3.0,2.1,3
2022-06-23,FLAN,4.0,2.1,3
2022-06-24,FLAN,3.0,2.1,2
2022-06-25,FLAN,4.0,2.1,3
2022-06-29,FLAN,3.0,2.2,2
2022-06-30,FLAN,2.0,2.2,2
2022-07-02,FLAN,1.0,2.2,1
2022-07-03,FLAN,5.0,2.2,4
2022-07-04,FLAN,1.0,2.2,1
2022-07-05,FLAN,4.0,2.2,3
2022-07-06,FLAN,2.0,2.2,1
2022-07-07,FLAN,5.0,2.2,4
2022-07-08,FLAN,1.0,2.2,1
2022-07-09,FLAN,1.0,2.2,1
2022-07-10,FLAN,2.0,2.2,2
2022-07-11,FLAN,6.0,2.2,4
2022-07-12,FLAN,2.0,2.2,2
2022-07-13,FLAN,5.0,2.2,1
2022-07-14,FLAN,4.0,2.2,3
2022-07-15,FLAN,5.0,2.2,3
2022-07-16,FLAN,2.0,2.2,2
2022-07-17,FLAN,10.0,2.2,6
2022-07-18,FLAN,2.0,2.2,2
2022-07-20,FLAN,5.0,2.2,3
2022-07-21,FLAN,2.0,2.2,2
2022-07-22,FLAN,4.0,2.2,3
2022-07-23,FLAN,5.0,2.2,4
2022-07-24,FLAN,4.0,2.2,3
2022-07-25,FLAN,2.0,2.2,1
2022-07-26,FLAN,2.0,2.2,2
2022-07-27,FLAN,3.0,2.2,3
2022-07-28,FLAN,2.0,2.2,1
2022-07-30,FLAN,5.0,2.2,3
2022-07-31,FLAN,5.0,2.2,3
2022-08-02,FLAN,1.0,2.2,1
2022-08-03,FLAN,1.0,2.2,1
2022-08-04,FLAN,2.0,2.2,2
2022-08-05,FLAN,3.0,2.2,2
2022-08-06,FLAN,2.0,2.2,2
2022-08-07,FLAN,5.0,2.2,4
2022-08-08,FLAN,3.0,2.2,2
2022-08-09,FLAN,1.0,2.2,1
2022-08-10,FLAN,6.0,2.2,4
2022-08-12,FLAN,2.0,2.2,2
2022-08-13,FLAN,4.0,2.2,3
2022-08-14,FLAN,6.0,2.2,4
2022-08-15,FLAN,5.0,2.2,3
2022-08-16,FLAN,3.0,2.2,2
2022-08-18,FLAN,3.0,2.2,2
2022-08-20,FLAN,3.0,2.2,1
2022-08-21,FLAN,5.0,2.2,2
2022-08-22,FLAN,5.0,2.2,2
2022-08-24,FLAN,3.0,2.2,3
2022-08-25,FLAN,4.0,2.2,4
2022-08-26,FLAN,3.0,2.2,2
2022-08-27,FLAN,2.0,2.2,2
2022-08-28,FLAN,3.0,2.2,2
2022-08-29,FLAN,5.0,2.2,3
2022-08-31,FLAN,3.0,2.2,2
2022-09-03,FLAN,3.0,2.2,3
2022-09-04,FLAN,3.0,2.2,1
2022-09-05,FLAN,2.0,2.2,2
2022-09-06,FLAN,4.0,2.2,2
2022-09-07,FLAN,1.0,2.2,1
2022-09-08,FLAN,2.0,2.2,2
2022-09-09,FLAN,3.0,2.2,2
2022-09-10,FLAN,3.0,2.2,3
2022-09-11,FLAN,2.0,2.2,1
2022-09-14,FLAN,2.0,2.2,2
2022-09-16,FLAN,1.0,2.2,1
2022-09-17,FLAN,3.0,2.2,2
2022-09-18,FLAN,11.0,2.2,5
2022-09-23,FLAN,2.0,2.2,2
2022-09-24,FLAN,2.0,2.2,1
2022-09-25,FLAN,6.0,2.2,3
2022-09-26,FLAN,1.0,2.2,1
2022-09-28,FLAN,1.0,2.2,1
2022-09-30,FLAN,1.0,2.2,1
2021-01-22,FLAN ABRICOT,4.0,2.1,3
2021-01-24,FLAN ABRICOT,1.0,2.1,1
2021-01-25,FLAN ABRICOT,5.0,2.1,3
2021-01-29,FLAN ABRICOT,2.0,2.1,2
2021-02-06,FLAN ABRICOT,4.0,2.1,3
2021-02-12,FLAN ABRICOT,2.0,2.1,2
2021-02-18,FLAN ABRICOT,1.0,2.1,1
2021-02-19,FLAN ABRICOT,1.0,2.1,1
2021-02-20,FLAN ABRICOT,2.0,2.1,1
2021-02-21,FLAN ABRICOT,3.0,2.1,1
2021-02-25,FLAN ABRICOT,4.0,2.1,3
2021-02-26,FLAN ABRICOT,3.0,2.1,2
2021-03-02,FLAN ABRICOT,5.0,2.1,3
2021-03-04,FLAN ABRICOT,2.0,2.1,2
2021-03-11,FLAN ABRICOT,4.0,2.1,3
2021-03-12,FLAN ABRICOT,2.0,2.1,2
2021-03-13,FLAN ABRICOT,2.0,2.1,2
2021-03-18,FLAN ABRICOT,1.0,2.1,1
2021-03-21,FLAN ABRICOT,4.0,2.1,3
2021-03-22,FLAN ABRICOT,1.0,2.1,1
2021-03-26,FLAN ABRICOT,3.0,2.1,3
2021-03-27,FLAN ABRICOT,6.0,2.1,4
2021-03-28,FLAN ABRICOT,2.0,2.1,1
2021-04-01,FLAN ABRICOT,2.0,2.1,2
2021-04-03,FLAN ABRICOT,2.0,2.1,2
2021-04-08,FLAN ABRICOT,3.0,2.1,2
2021-04-09,FLAN ABRICOT,1.0,2.1,1
2021-04-15,FLAN ABRICOT,5.0,2.1,3
2021-04-16,FLAN ABRICOT,2.0,2.1,2
2021-04-17,FLAN ABRICOT,2.0,2.1,2
2021-04-22,FLAN ABRICOT,4.0,2.1,3
2021-04-23,FLAN ABRICOT,1.0,2.1,1
2021-04-24,FLAN ABRICOT,2.0,2.1,2
2021-04-25,FLAN ABRICOT,3.0,2.1,2
2021-05-02,FLAN ABRICOT,5.0,2.1,4
2021-05-03,FLAN ABRICOT,2.0,2.1,2
2021-05-04,FLAN ABRICOT,5.0,2.1,3
2021-05-06,FLAN ABRICOT,3.0,2.1,3
2021-05-08,FLAN ABRICOT,3.0,2.1,3
2021-05-09,FLAN ABRICOT,2.0,2.1,2
2021-05-11,FLAN ABRICOT,1.0,2.1,1
2021-05-12,FLAN ABRICOT,2.0,2.1,1
2021-05-13,FLAN ABRICOT,3.0,2.1,2
2021-05-23,FLAN ABRICOT,5.0,2.1,2
2021-05-25,FLAN ABRICOT,1.0,2.1,1
2021-05-27,FLAN ABRICOT,2.0,2.1,2
2021-05-29,FLAN ABRICOT,2.0,2.1,2
2021-06-03,FLAN ABRICOT,2.0,2.1,2
2021-06-05,FLAN ABRICOT,3.0,2.1,2
2021-06-06,FLAN ABRICOT,6.0,2.1,3
2021-06-09,FLAN ABRICOT,6.0,2.1,2
2021-06-11,FLAN ABRICOT,2.0,2.1,1
2021-06-12,FLAN ABRICOT,1.0,2.1,1
2021-06-13,FLAN ABRICOT,4.0,2.1,3
2021-06-15,FLAN ABRICOT,5.0,2.1,3
2021-06-16,FLAN ABRICOT,1.0,2.1,1
2021-06-18,FLAN ABRICOT,2.0,2.1,2
2021-06-20,FLAN ABRICOT,3.0,2.1,2
2021-06-21,FLAN ABRICOT,1.0,2.1,1
2021-06-22,FLAN ABRICOT,1.0,2.1,1
2021-06-23,FLAN ABRICOT,4.0,2.1,3
2021-06-25,FLAN ABRICOT,1.0,2.1,1
2021-06-27,FLAN ABRICOT,4.0,2.1,2
2021-07-06,FLAN ABRICOT,2.0,2.1,1
2021-07-07,FLAN ABRICOT,5.0,2.1,3
2021-07-10,FLAN ABRICOT,1.0,2.1,1
2021-07-11,FLAN ABRICOT,8.0,2.1,7
2021-07-12,FLAN ABRICOT,1.0,2.1,1
2021-07-13,FLAN ABRICOT,1.0,2.1,1
2021-07-14,FLAN ABRICOT,4.0,2.1,3
2021-07-16,FLAN ABRICOT,2.0,2.1,1
2021-07-17,FLAN ABRICOT,1.0,2.1,1
2021-07-18,FLAN ABRICOT,5.0,2.1,3
2021-07-20,FLAN ABRICOT,1.0,2.1,1
2021-07-21,FLAN ABRICOT,2.0,2.1,2
2021-07-22,FLAN ABRICOT,1.0,2.1,1
2021-07-23,FLAN ABRICOT,2.0,2.1,2
2021-07-24,FLAN ABRICOT,1.0,2.1,1
2021-07-26,FLAN ABRICOT,2.0,2.1,2
2021-07-27,FLAN ABRICOT,2.0,2.1,1
2021-07-29,FLAN ABRICOT,2.0,2.1,2
2021-07-31,FLAN ABRICOT,1.0,2.1,1
2021-08-04,FLAN ABRICOT,1.0,2.1,1
2021-08-05,FLAN ABRICOT,1.0,2.1,1
2021-08-07,FLAN ABRICOT,2.0,2.1,2
2021-08-08,FLAN ABRICOT,5.0,2.1,4
2021-08-09,FLAN ABRICOT,1.0,2.1,1
2021-08-10,FLAN ABRICOT,2.0,2.1,1
2021-08-12,FLAN ABRICOT,1.0,2.1,1
2021-08-15,FLAN ABRICOT,2.0,2.1,2
2021-08-20,FLAN ABRICOT,2.0,2.1,1
2021-08-21,FLAN ABRICOT,3.0,2.1,2
2021-08-22,FLAN ABRICOT,2.0,2.1,1
2021-08-23,FLAN ABRICOT,4.0,2.1,2
2021-08-24,FLAN ABRICOT,1.0,2.1,1
2021-08-28,FLAN ABRICOT,5.0,2.1,3
2021-08-29,FLAN ABRICOT,3.0,2.1,2
2021-08-30,FLAN ABRICOT,1.0,2.1,1
2021-09-02,FLAN ABRICOT,1.0,2.1,1
2021-09-03,FLAN ABRICOT,1.0,2.1,1
2021-09-04,FLAN ABRICOT,4.0,2.1,1
2021-09-05,FLAN ABRICOT,5.0,2.1,4
2021-09-07,FLAN ABRICOT,2.0,2.1,2
2021-09-10,FLAN ABRICOT,1.0,2.1,1
2021-09-12,FLAN ABRICOT,7.0,2.1,5
2021-09-13,FLAN ABRICOT,2.0,2.1,2
2021-09-15,FLAN ABRICOT,1.0,2.1,1
2021-09-16,FLAN ABRICOT,1.0,2.1,1
2021-09-19,FLAN ABRICOT,1.0,2.1,1
2021-09-21,FLAN ABRICOT,4.0,2.1,4
2021-09-23,FLAN ABRICOT,3.0,2.1,2
2021-09-26,FLAN ABRICOT,2.0,2.1,1
2021-09-27,FLAN ABRICOT,1.0,2.1,1
2021-09-28,FLAN ABRICOT,2.0,2.1,1
2021-09-29,FLAN ABRICOT,1.0,2.1,1
2021-09-30,FLAN ABRICOT,3.0,2.1,2
2021-10-01,FLAN ABRICOT,4.0,2.1,1
2021-10-02,FLAN ABRICOT,1.0,2.1,1
2021-10-03,FLAN ABRICOT,3.0,2.1,3
2021-10-06,FLAN ABRICOT,2.0,2.1,2
2021-10-08,FLAN ABRICOT,2.0,2.1,2
2021-10-09,FLAN ABRICOT,1.0,2.1,1
2021-10-10,FLAN ABRICOT,4.0,2.1,1
2021-10-14,FLAN ABRICOT,1.0,2.1,1
2021-10-16,FLAN ABRICOT,2.0,2.1,1
2021-10-17,FLAN ABRICOT,3.0,2.1,2
2021-10-21,FLAN ABRICOT,1.0,2.1,1
2021-10-22,FLAN ABRICOT,3.0,2.1,2
2021-10-24,FLAN ABRICOT,3.0,2.1,2
2021-10-26,FLAN ABRICOT,1.0,2.1,1
2021-10-27,FLAN ABRICOT,5.0,2.1,2
2021-10-28,FLAN ABRICOT,2.0,2.1,1
2021-10-29,FLAN ABRICOT,2.0,2.1,1
2021-10-30,FLAN ABRICOT,3.0,2.1,1
2021-11-01,FLAN ABRICOT,4.0,2.1,3
2021-11-02,FLAN ABRICOT,2.0,2.1,1
2021-11-03,FLAN ABRICOT,5.0,2.1,3
2021-11-05,FLAN ABRICOT,1.0,2.1,1
2021-11-07,FLAN ABRICOT,1.0,2.1,1
2021-11-08,FLAN ABRICOT,2.0,2.1,1
2021-11-09,FLAN ABRICOT,2.0,2.1,2
2021-11-10,FLAN ABRICOT,2.0,2.1,1
2021-11-13,FLAN ABRICOT,3.0,2.1,2
2021-11-14,FLAN ABRICOT,2.0,2.1,2
2021-11-18,FLAN ABRICOT,1.0,2.1,1
2021-11-21,FLAN ABRICOT,5.0,2.1,3
2021-11-25,FLAN ABRICOT,2.0,2.1,2
2021-11-28,FLAN ABRICOT,3.0,2.1,3
2021-11-29,FLAN ABRICOT,1.0,2.1,1
2021-11-30,FLAN ABRICOT,2.0,2.1,1
2021-12-05,FLAN ABRICOT,5.0,2.1,2
2021-12-10,FLAN ABRICOT,3.0,2.1,1
2021-12-12,FLAN ABRICOT,1.0,2.1,1
2021-12-13,FLAN ABRICOT,1.0,2.1,1
2021-12-14,FLAN ABRICOT,1.0,2.1,1
2021-12-16,FLAN ABRICOT,4.0,2.1,3
2021-12-19,FLAN ABRICOT,3.0,2.1,1
2021-12-21,FLAN ABRICOT,3.0,2.1,2
2021-12-25,FLAN ABRICOT,2.0,2.1,1
2021-12-28,FLAN ABRICOT,3.0,2.1,2
2021-12-29,FLAN ABRICOT,1.0,2.1,1
2021-12-31,FLAN ABRICOT,1.0,2.1,1
2022-01-02,FLAN ABRICOT,3.0,2.1,2
2022-01-14,FLAN ABRICOT,2.0,2.1,1
2022-01-15,FLAN ABRICOT,2.0,2.1,2
2022-01-16,FLAN ABRICOT,2.0,2.1,2
2022-01-20,FLAN ABRICOT,1.0,2.1,1
2022-01-21,FLAN ABRICOT,1.0,2.1,1
2022-01-23,FLAN ABRICOT,1.0,2.1,1
2022-01-24,FLAN ABRICOT,1.0,2.1,1
2022-01-27,FLAN ABRICOT,6.0,2.1,4
2022-01-30,FLAN ABRICOT,4.0,2.1,3
2022-01-31,FLAN ABRICOT,4.0,2.1,2
2022-02-01,FLAN ABRICOT,1.0,2.1,1
2022-02-05,FLAN ABRICOT,2.0,2.1,2
2022-02-06,FLAN ABRICOT,6.0,2.1,3
2022-02-08,FLAN ABRICOT,4.0,2.2,2
2022-02-11,FLAN ABRICOT,3.0,2.2,1
2022-02-13,FLAN ABRICOT,3.0,2.2,2
2022-02-17,FLAN ABRICOT,1.0,2.2,1
2022-02-18,FLAN ABRICOT,2.0,2.2,1
2022-02-20,FLAN ABRICOT,6.0,2.2,2
2022-02-21,FLAN ABRICOT,2.0,2.2,2
2022-02-24,FLAN ABRICOT,5.0,2.2,4
2022-02-25,FLAN ABRICOT,4.0,2.2,3
2022-02-26,FLAN ABRICOT,1.0,2.2,1
2022-03-01,FLAN ABRICOT,3.0,2.2,2
2022-03-02,FLAN ABRICOT,4.0,2.2,3
2022-03-03,FLAN ABRICOT,2.0,2.2,1
2022-03-04,FLAN ABRICOT,2.0,2.2,1
2022-03-08,FLAN ABRICOT,3.0,2.2,2
2022-03-09,FLAN ABRICOT,1.0,2.2,1
2022-03-13,FLAN ABRICOT,13.0,2.2,5
2022-03-19,FLAN ABRICOT,2.0,2.2,2
2022-03-26,FLAN ABRICOT,3.0,2.2,2
2022-03-27,FLAN ABRICOT,2.0,2.2,2
2022-03-29,FLAN ABRICOT,1.0,2.2,1
2022-03-30,FLAN ABRICOT,1.0,2.2,1
2022-04-01,FLAN ABRICOT,1.0,2.2,1
2022-04-06,FLAN ABRICOT,3.0,2.2,2
2022-04-07,FLAN ABRICOT,1.0,2.2,1
2022-04-09,FLAN ABRICOT,1.0,2.2,1
2022-04-14,FLAN ABRICOT,3.0,2.2,2
2022-04-15,FLAN ABRICOT,3.0,2.2,2
2022-04-16,FLAN ABRICOT,1.0,2.2,1
2022-04-18,FLAN ABRICOT,2.0,2.2,1
2022-04-20,FLAN ABRICOT,7.0,2.2,3
2022-04-21,FLAN ABRICOT,3.0,2.2,2
2022-04-29,FLAN ABRICOT,1.0,2.2,1
2022-04-30,FLAN ABRICOT,1.0,2.2,1
2022-05-01,FLAN ABRICOT,3.0,2.2,2
2022-05-03,FLAN ABRICOT,2.0,2.2,1
2022-05-09,FLAN ABRICOT,4.0,2.2,2
2022-05-10,FLAN ABRICOT,1.0,2.2,1
2022-05-13,FLAN ABRICOT,1.0,2.2,1
2022-05-15,FLAN ABRICOT,4.0,2.2,4
2022-05-18,FLAN ABRICOT,4.0,2.2,3
2022-05-20,FLAN ABRICOT,4.0,2.2,3
2022-05-24,FLAN ABRICOT,4.0,2.2,3
2022-05-25,FLAN ABRICOT,6.0,2.2,3
2022-05-26,FLAN ABRICOT,1.0,2.2,1
2022-05-27,FLAN ABRICOT,3.0,2.2,2
2022-05-30,FLAN ABRICOT,2.0,2.2,2
2022-05-31,FLAN ABRICOT,1.0,2.2,1
2022-06-01,FLAN ABRICOT,2.0,2.2,2
2022-06-02,FLAN ABRICOT,1.0,2.2,1
2022-06-03,FLAN ABRICOT,1.0,2.2,1
2022-06-04,FLAN ABRICOT,1.0,2.2,1
2022-06-05,FLAN ABRICOT,5.0,2.2,3
2022-06-07,FLAN ABRICOT,2.0,2.2,2
2022-06-08,FLAN ABRICOT,2.0,2.2,2
2022-06-09,FLAN ABRICOT,1.0,2.2,1
2022-06-10,FLAN ABRICOT,1.0,2.2,1
2022-06-11,FLAN ABRICOT,3.0,2.2,2
2022-06-12,FLAN ABRICOT,1.0,2.2,1
2022-06-13,FLAN ABRICOT,2.0,2.2,2
2022-06-14,FLAN ABRICOT,3.0,2.2,2
2022-06-21,FLAN ABRICOT,1.0,2.2,1
2022-06-23,FLAN ABRICOT,1.0,2.2,1
2022-06-25,FLAN ABRICOT,4.0,2.2,3
2022-06-26,FLAN ABRICOT,1.0,2.2,1
2022-06-27,FLAN ABRICOT,5.0,2.2,4
2022-06-29,FLAN ABRICOT,2.0,2.3,2
2022-07-02,FLAN ABRICOT,1.0,2.3,1
2022-07-03,FLAN ABRICOT,5.0,2.3,2
2022-07-04,FLAN ABRICOT,2.0,2.3,2
2022-07-05,FLAN ABRICOT,4.0,2.3,4
2022-07-06,FLAN ABRICOT,2.0,2.3,2
2022-07-07,FLAN ABRICOT,3.0,2.3,3
2022-07-09,FLAN ABRICOT,3.0,2.3,3
2022-07-10,FLAN ABRICOT,4.0,2.3,2
2022-07-11,FLAN ABRICOT,3.0,2.3,2
2022-07-12,FLAN ABRICOT,1.0,2.3,1
2022-07-13,FLAN ABRICOT,7.0,2.3,5
2022-07-14,FLAN ABRICOT,8.0,2.3,4
2022-07-15,FLAN ABRICOT,2.0,2.3,2
2022-07-16,FLAN ABRICOT,2.0,2.3,2
2022-07-20,FLAN ABRICOT,3.0,2.3,3
2022-07-21,FLAN ABRICOT,2.0,2.3,1
2022-07-22,FLAN ABRICOT,3.0,2.3,2
2022-07-23,FLAN ABRICOT,1.0,2.3,1
2022-07-25,FLAN ABRICOT,1.0,2.3,1
2022-07-26,FLAN ABRICOT,2.0,2.3,1
2022-07-27,FLAN ABRICOT,1.0,2.3,1
2022-07-28,FLAN ABRICOT,3.0,2.3,2
2022-07-29,FLAN ABRICOT,2.0,2.3,1
2022-08-01,FLAN ABRICOT,5.0,2.3,2
2022-08-02,FLAN ABRICOT,4.0,2.3,4
2022-08-03,FLAN ABRICOT,3.0,2.3,2
2022-08-05,FLAN ABRICOT,5.0,2.3,2
2022-08-07,FLAN ABRICOT,6.0,2.3,3
2022-08-08,FLAN ABRICOT,3.0,2.3,2
2022-08-09,FLAN ABRICOT,3.0,2.3,2
2022-08-10,FLAN ABRICOT,2.0,2.3,2
2022-08-14,FLAN ABRICOT,2.0,2.3,1
2022-08-15,FLAN ABRICOT,5.0,2.3,3
2022-08-17,FLAN ABRICOT,3.0,2.3,2
2022-08-18,FLAN ABRICOT,2.0,2.3,1
2022-08-20,FLAN ABRICOT,1.0,2.3,1
2022-08-21,FLAN ABRICOT,1.0,2.3,1
2022-08-22,FLAN ABRICOT,4.0,2.3,3
2022-08-23,FLAN ABRICOT,6.0,2.3,4
2022-08-24,FLAN ABRICOT,2.0,2.3,2
2022-08-25,FLAN ABRICOT,3.0,2.3,2
2022-08-26,FLAN ABRICOT,1.0,2.3,1
2022-08-27,FLAN ABRICOT,2.0,2.3,1
2022-08-28,FLAN ABRICOT,6.0,2.3,3
2022-08-30,FLAN ABRICOT,1.0,2.3,1
2022-08-31,FLAN ABRICOT,1.0,2.3,1
2022-09-02,FLAN ABRICOT,1.0,2.3,1
2022-09-03,FLAN ABRICOT,1.0,2.3,1
2022-09-04,FLAN ABRICOT,3.0,2.3,2
2022-09-05,FLAN ABRICOT,1.0,2.3,1
2022-09-06,FLAN ABRICOT,1.0,2.3,1
2022-09-07,FLAN ABRICOT,1.0,2.3,1
2022-09-08,FLAN ABRICOT,4.0,2.3,3
2022-09-10,FLAN ABRICOT,1.0,2.3,1
2022-09-11,FLAN ABRICOT,7.0,2.3,5
2022-09-14,FLAN ABRICOT,5.0,2.3,1
2022-09-15,FLAN ABRICOT,1.0,2.3,1
2022-09-16,FLAN ABRICOT,1.0,2.3,1
2022-09-18,FLAN ABRICOT,3.0,2.3,2
2022-09-22,FLAN ABRICOT,1.0,2.3,1
2022-09-24,FLAN ABRICOT,2.0,2.3,1
2022-09-25,FLAN ABRICOT,2.0,2.3,1
2022-09-26,FLAN ABRICOT,4.0,2.3,2
2022-09-27,FLAN ABRICOT,4.0,2.3,2
2022-09-28,FLAN ABRICOT,1.0,2.3,1
2022-09-29,FLAN ABRICOT,1.0,2.3,1
2022-09-30,FLAN ABRICOT,1.0,2.3,1
2021-01-07,FONDANT CHOCOLAT,2.0,2.5,1
2021-01-08,FONDANT CHOCOLAT,1.0,2.5,1
2021-01-11,FONDANT CHOCOLAT,2.0,2.5,1
2021-01-17,FONDANT CHOCOLAT,3.0,2.5,2
2021-01-21,FONDANT CHOCOLAT,1.0,2.5,1
2021-01-22,FONDANT CHOCOLAT,1.0,2.5,1
2021-01-24,FONDANT CHOCOLAT,1.0,2.5,1
2021-01-26,FONDANT CHOCOLAT,1.0,2.5,1
2021-01-28,FONDANT CHOCOLAT,1.0,2.5,1
2021-01-29,FONDANT CHOCOLAT,3.0,2.5,1
2021-01-30,FONDANT CHOCOLAT,3.0,2.5,3
2021-01-31,FONDANT CHOCOLAT,2.0,2.5,2
2021-02-05,FONDANT CHOCOLAT,1.0,2.5,1
2021-02-06,FONDANT CHOCOLAT,2.0,2.5,1
2021-02-09,FONDANT CHOCOLAT,2.0,2.5,2
2021-02-13,FONDANT CHOCOLAT,1.0,2.5,1
2021-02-14,FONDANT CHOCOLAT,4.0,2.5,2
2021-02-16,FONDANT CHOCOLAT,2.0,2.5,1
2021-02-21,FONDANT CHOCOLAT,1.0,2.5,1
2021-02-22,FONDANT CHOCOLAT,1.0,2.5,1
2021-02-23,FONDANT CHOCOLAT,3.0,2.5,1
2021-02-25,FONDANT CHOCOLAT,1.0,2.5,1
2021-02-26,FONDANT CHOCOLAT,4.0,2.5,3
2021-02-28,FONDANT CHOCOLAT,2.0,2.5,1
2021-03-02,FONDANT CHOCOLAT,1.0,2.5,1
2021-03-04,FONDANT CHOCOLAT,2.0,2.5,2
2021-03-05,FONDANT CHOCOLAT,2.0,2.5,1
2021-03-07,FONDANT CHOCOLAT,6.0,2.5,4
2021-03-08,FONDANT CHOCOLAT,2.0,2.5,1
2021-03-11,FONDANT CHOCOLAT,2.0,2.5,1
2021-03-14,FONDANT CHOCOLAT,1.0,2.5,1
2021-03-15,FONDANT CHOCOLAT,2.0,2.5,2
2021-03-16,FONDANT CHOCOLAT,2.0,2.5,2
2021-03-18,FONDANT CHOCOLAT,1.0,2.5,1
2021-03-19,FONDANT CHOCOLAT,1.0,2.5,1
2021-03-20,FONDANT CHOCOLAT,3.0,2.5,3
2021-03-21,FONDANT CHOCOLAT,5.0,2.5,3
2021-03-23,FONDANT CHOCOLAT,2.0,2.5,1
2021-03-26,FONDANT CHOCOLAT,2.0,2.5,2
2021-03-27,FONDANT CHOCOLAT,3.0,2.5,1
2021-03-28,FONDANT CHOCOLAT,2.0,2.5,1
2021-03-29,FONDANT CHOCOLAT,1.0,2.5,1
2021-04-01,FONDANT CHOCOLAT,1.0,2.5,1
2021-04-02,FONDANT CHOCOLAT,3.0,2.5,3
2021-04-03,FONDANT CHOCOLAT,2.0,2.5,1
2021-04-04,FONDANT CHOCOLAT,1.0,2.5,1
2021-04-05,FONDANT CHOCOLAT,2.0,2.5,1
2021-04-08,FONDANT CHOCOLAT,2.0,2.5,2
2021-04-09,FONDANT CHOCOLAT,1.0,2.5,1
2021-04-10,FONDANT CHOCOLAT,2.0,2.5,1
2021-04-13,FONDANT CHOCOLAT,4.0,2.5,2
2021-04-14,FONDANT CHOCOLAT,6.0,2.5,3
2021-04-15,FONDANT CHOCOLAT,4.0,2.5,1
2021-04-18,FONDANT CHOCOLAT,3.0,2.5,2
2021-04-19,FONDANT CHOCOLAT,5.0,2.5,3
2021-04-20,FONDANT CHOCOLAT,1.0,2.5,1
2021-04-21,FONDANT CHOCOLAT,5.0,2.5,2
2021-04-22,FONDANT CHOCOLAT,1.0,2.5,1
2021-04-24,FONDANT CHOCOLAT,3.0,2.5,1
2021-04-25,FONDANT CHOCOLAT,4.0,2.5,3
2021-04-29,FONDANT CHOCOLAT,2.0,2.5,2
2021-04-30,FONDANT CHOCOLAT,3.0,2.5,3
2021-05-02,FONDANT CHOCOLAT,3.0,2.5,3
2021-05-04,FONDANT CHOCOLAT,1.0,2.5,1
2021-05-05,FONDANT CHOCOLAT,1.0,2.5,1
2021-05-06,FONDANT CHOCOLAT,1.0,2.5,1
2021-05-07,FONDANT CHOCOLAT,1.0,2.5,1
2021-05-08,FONDANT CHOCOLAT,2.0,2.5,1
2021-05-11,FONDANT CHOCOLAT,1.0,2.5,1
2021-05-12,FONDANT CHOCOLAT,5.0,2.5,3
2021-05-13,FONDANT CHOCOLAT,4.0,2.5,3
2021-05-14,FONDANT CHOCOLAT,1.0,2.5,1
2021-05-15,FONDANT CHOCOLAT,5.0,2.5,4
2021-05-21,FONDANT CHOCOLAT,1.0,2.5,1
2021-05-22,FONDANT CHOCOLAT,1.0,2.5,1
2021-05-23,FONDANT CHOCOLAT,1.0,2.5,1
2021-05-24,FONDANT CHOCOLAT,4.0,2.5,3
2021-05-25,FONDANT CHOCOLAT,2.0,2.5,2
2021-05-28,FONDANT CHOCOLAT,3.0,2.5,1
2021-05-29,FONDANT CHOCOLAT,1.0,2.5,1
2021-05-30,FONDANT CHOCOLAT,3.0,2.5,2
2021-06-01,FONDANT CHOCOLAT,3.0,2.5,1
2021-06-03,FONDANT CHOCOLAT,2.0,2.5,2
2021-06-05,FONDANT CHOCOLAT,1.0,2.5,1
2021-06-06,FONDANT CHOCOLAT,1.0,2.5,1
2021-06-08,FONDANT CHOCOLAT,3.0,2.5,3
2021-06-09,FONDANT CHOCOLAT,1.0,2.5,1
2021-06-10,FONDANT CHOCOLAT,1.0,2.5,1
2021-06-12,FONDANT CHOCOLAT,1.0,2.5,1
2021-06-13,FONDANT CHOCOLAT,6.0,2.5,4
2021-06-14,FONDANT CHOCOLAT,4.0,2.5,2
2021-06-15,FONDANT CHOCOLAT,3.0,2.5,2
2021-06-16,FONDANT CHOCOLAT,1.0,2.5,1
2021-06-17,FONDANT CHOCOLAT,1.0,2.5,1
2021-06-18,FONDANT CHOCOLAT,3.0,2.5,2
2021-06-19,FONDANT CHOCOLAT,1.0,2.5,1
2021-06-22,FONDANT CHOCOLAT,2.0,2.5,1
2021-06-23,FONDANT CHOCOLAT,1.0,2.5,1
2021-06-26,FONDANT CHOCOLAT,4.0,2.5,2
2021-07-03,FONDANT CHOCOLAT,1.0,2.5,1
2021-07-05,FONDANT CHOCOLAT,3.0,2.5,2
2021-07-10,FONDANT CHOCOLAT,5.0,2.5,2
2021-07-11,FONDANT CHOCOLAT,2.0,2.5,2
2021-07-12,FONDANT CHOCOLAT,1.0,2.5,1
2021-07-13,FONDANT CHOCOLAT,1.0,2.5,1
2021-07-15,FONDANT CHOCOLAT,4.0,2.5,3
2021-07-16,FONDANT CHOCOLAT,3.0,2.5,1
2021-07-17,FONDANT CHOCOLAT,5.0,2.5,2
2021-07-18,FONDANT CHOCOLAT,2.0,2.5,1
2021-07-19,FONDANT CHOCOLAT,3.0,2.5,2
2021-07-21,FONDANT CHOCOLAT,1.0,2.5,1
2021-07-22,FONDANT CHOCOLAT,2.0,2.5,1
2021-07-23,FONDANT CHOCOLAT,3.0,2.5,3
2021-07-24,FONDANT CHOCOLAT,6.0,2.5,3
2021-07-25,FONDANT CHOCOLAT,5.0,2.5,3
2021-07-26,FONDANT CHOCOLAT,1.0,2.5,1
2021-07-27,FONDANT CHOCOLAT,3.0,2.5,2
2021-07-30,FONDANT CHOCOLAT,2.0,2.5,2
2021-08-02,FONDANT CHOCOLAT,6.0,2.5,4
2021-08-03,FONDANT CHOCOLAT,7.0,2.5,4
2021-08-04,FONDANT CHOCOLAT,1.0,2.5,1
2021-08-12,FONDANT CHOCOLAT,5.0,2.5,2
2021-08-13,FONDANT CHOCOLAT,5.0,2.5,2
2021-08-14,FONDANT CHOCOLAT,1.0,2.5,1
2021-08-15,FONDANT CHOCOLAT,7.0,2.5,4
2021-08-17,FONDANT CHOCOLAT,1.0,2.5,1
2021-08-18,FONDANT CHOCOLAT,2.0,2.5,2
2021-08-20,FONDANT CHOCOLAT,2.0,2.5,1
2021-08-21,FONDANT CHOCOLAT,3.0,2.5,2
2021-08-22,FONDANT CHOCOLAT,3.0,2.5,3
2021-08-23,FONDANT CHOCOLAT,2.0,2.5,1
2022-03-23,FORMULE PATE,1.0,6.5,1
2022-07-12,FORMULE PATE,1.0,6.5,1
2021-07-12,FORMULE PLAT PREPARE,3.0,8.0,3
2021-07-13,FORMULE PLAT PREPARE,1.0,8.0,1
2021-11-04,FORMULE PLAT PREPARE,5.0,8.0,4
2021-11-05,FORMULE PLAT PREPARE,2.0,8.0,2
2021-01-04,FORMULE SANDWICH,4.0,6.5,4
2021-01-05,FORMULE SANDWICH,12.0,6.5,9
2021-01-07,FORMULE SANDWICH,8.0,6.5,7
2021-01-08,FORMULE SANDWICH,6.0,6.5,6
2021-01-09,FORMULE SANDWICH,4.0,6.5,2
2021-01-11,FORMULE SANDWICH,7.0,6.5,7
2021-01-12,FORMULE SANDWICH,5.0,6.5,4
2021-01-14,FORMULE SANDWICH,7.0,6.5,7
2021-01-15,FORMULE SANDWICH,13.0,6.5,12
2021-01-16,FORMULE SANDWICH,1.0,6.5,1
2021-01-17,FORMULE SANDWICH,2.0,6.5,2
2021-01-18,FORMULE SANDWICH,5.0,6.5,5
2021-01-19,FORMULE SANDWICH,6.0,6.5,5
2021-01-21,FORMULE SANDWICH,9.0,6.5,9
2021-01-22,FORMULE SANDWICH,5.0,6.5,3
2021-01-25,FORMULE SANDWICH,6.0,6.5,5
2021-01-26,FORMULE SANDWICH,7.0,6.5,7
2021-01-28,FORMULE SANDWICH,8.0,6.5,7
2021-01-29,FORMULE SANDWICH,13.0,6.5,12
2021-01-30,FORMULE SANDWICH,4.0,6.5,3
2021-01-31,FORMULE SANDWICH,2.0,6.5,1
2021-02-01,FORMULE SANDWICH,8.0,6.5,6
2021-02-02,FORMULE SANDWICH,11.0,6.5,11
2021-02-04,FORMULE SANDWICH,5.0,6.5,5
2021-02-05,FORMULE SANDWICH,9.0,6.5,7
2021-02-06,FORMULE SANDWICH,2.0,6.5,2
2021-02-07,FORMULE SANDWICH,4.0,6.5,2
2021-02-08,FORMULE SANDWICH,10.0,6.5,9
2021-02-09,FORMULE SANDWICH,6.0,6.5,6
2021-02-12,FORMULE SANDWICH,4.0,6.5,4
2021-02-15,FORMULE SANDWICH,8.0,6.5,5
2021-02-16,FORMULE SANDWICH,7.0,6.5,6
2021-02-18,FORMULE SANDWICH,12.0,6.5,12
2021-02-19,FORMULE SANDWICH,9.0,6.5,9
2021-02-21,FORMULE SANDWICH,2.0,6.5,1
2021-02-22,FORMULE SANDWICH,5.0,6.5,5
2021-02-23,FORMULE SANDWICH,5.0,6.5,5
2021-02-25,FORMULE SANDWICH,5.0,6.5,5
2021-02-26,FORMULE SANDWICH,13.0,6.5,13
2021-02-27,FORMULE SANDWICH,6.0,6.5,4
2021-02-28,FORMULE SANDWICH,10.0,6.5,5
2021-03-01,FORMULE SANDWICH,13.0,6.5,11
2021-03-02,FORMULE SANDWICH,14.0,6.5,12
2021-03-04,FORMULE SANDWICH,10.0,6.5,10
2021-03-05,FORMULE SANDWICH,15.0,6.5,10
2021-03-06,FORMULE SANDWICH,1.0,6.5,1
2021-03-08,FORMULE SANDWICH,13.0,6.5,11
2021-03-09,FORMULE SANDWICH,6.0,6.5,5
2021-03-11,FORMULE SANDWICH,14.0,6.5,11
2021-03-12,FORMULE SANDWICH,5.0,6.5,5
2021-03-13,FORMULE SANDWICH,3.0,6.5,2
2021-03-15,FORMULE SANDWICH,11.0,6.5,8
2021-03-16,FORMULE SANDWICH,20.0,6.5,17
2021-03-18,FORMULE SANDWICH,13.0,6.5,11
2021-03-19,FORMULE SANDWICH,18.0,6.5,13
2021-03-20,FORMULE SANDWICH,2.0,6.5,1
2021-03-22,FORMULE SANDWICH,9.0,6.5,8
2021-03-23,FORMULE SANDWICH,2.0,6.5,2
2021-03-25,FORMULE SANDWICH,15.0,6.5,8
2021-03-26,FORMULE SANDWICH,9.0,6.5,8
2021-03-27,FORMULE SANDWICH,4.0,6.5,2
2021-03-29,FORMULE SANDWICH,20.0,6.5,16
2021-03-30,FORMULE SANDWICH,16.0,6.5,12
2021-04-01,FORMULE SANDWICH,13.0,6.5,11
2021-04-02,FORMULE SANDWICH,15.0,6.5,12
2021-04-03,FORMULE SANDWICH,3.0,6.5,2
2021-04-04,FORMULE SANDWICH,2.0,6.5,1
2021-04-05,FORMULE SANDWICH,4.0,6.5,2
2021-04-06,FORMULE SANDWICH,23.0,6.5,15
2021-04-08,FORMULE SANDWICH,3.0,6.5,3
2021-04-09,FORMULE SANDWICH,7.0,6.5,7
2021-04-10,FORMULE SANDWICH,6.0,6.5,6
2021-04-12,FORMULE SANDWICH,14.0,6.5,12
2021-04-13,FORMULE SANDWICH,12.0,6.5,10
2021-04-14,FORMULE SANDWICH,5.0,6.5,5
2021-04-15,FORMULE SANDWICH,9.0,6.5,9
2021-04-16,FORMULE SANDWICH,12.0,6.5,11
2021-04-17,FORMULE SANDWICH,7.0,6.5,3
2021-04-19,FORMULE SANDWICH,18.0,6.5,15
2021-04-20,FORMULE SANDWICH,11.0,6.5,9
2021-04-21,FORMULE SANDWICH,8.0,6.5,6
2021-04-22,FORMULE SANDWICH,5.0,6.5,5
2021-04-23,FORMULE SANDWICH,7.0,6.5,6
2021-04-24,FORMULE SANDWICH,4.0,6.5,3
2021-04-25,FORMULE SANDWICH,6.0,6.5,1
2021-04-26,FORMULE SANDWICH,14.0,6.5,9
2021-04-27,FORMULE SANDWICH,7.0,6.5,5
2021-04-28,FORMULE SANDWICH,15.0,6.5,13
2021-04-29,FORMULE SANDWICH,13.0,6.5,11
2021-04-30,FORMULE SANDWICH,13.0,6.5,9
2021-05-01,FORMULE SANDWICH,2.0,6.5,1
2021-05-02,FORMULE SANDWICH,2.0,6.5,1
2021-05-03,FORMULE SANDWICH,20.0,6.5,13
2021-05-04,FORMULE SANDWICH,10.0,6.5,8
2021-05-05,FORMULE SANDWICH,21.0,6.5,13
2021-05-06,FORMULE SANDWICH,4.0,6.5,4
2021-05-07,FORMULE SANDWICH,11.0,6.5,10
2021-05-08,FORMULE SANDWICH,6.0,6.5,3
2021-05-09,FORMULE SANDWICH,7.0,6.5,3
2021-05-10,FORMULE SANDWICH,8.0,6.5,8
2021-05-11,FORMULE SANDWICH,5.0,6.5,5
2021-05-12,FORMULE SANDWICH,12.0,6.5,9
2021-05-13,FORMULE SANDWICH,4.0,6.5,2
2021-05-14,FORMULE SANDWICH,8.0,6.5,5
2021-05-15,FORMULE SANDWICH,11.0,6.5,6
2021-05-16,FORMULE SANDWICH,13.0,6.5,4
2021-05-21,FORMULE SANDWICH,10.0,6.5,9
2021-05-22,FORMULE SANDWICH,13.0,6.5,6
2021-05-23,FORMULE SANDWICH,8.0,6.5,3
2021-05-24,FORMULE SANDWICH,3.0,6.5,2
2021-05-25,FORMULE SANDWICH,11.0,6.5,11
2021-05-26,FORMULE SANDWICH,13.0,6.5,9
2021-05-27,FORMULE SANDWICH,14.0,6.5,11
2021-05-28,FORMULE SANDWICH,15.0,6.5,9
2021-05-29,FORMULE SANDWICH,9.0,6.5,6
2021-05-30,FORMULE SANDWICH,4.0,6.5,2
2021-05-31,FORMULE SANDWICH,18.0,6.5,15
2021-06-01,FORMULE SANDWICH,18.0,6.5,13
2021-06-02,FORMULE SANDWICH,19.0,6.5,15
2021-06-03,FORMULE SANDWICH,21.0,6.5,16
2021-06-04,FORMULE SANDWICH,26.0,6.5,18
2021-06-05,FORMULE SANDWICH,8.0,6.5,4
2021-06-06,FORMULE SANDWICH,2.0,6.5,1
2021-06-07,FORMULE SANDWICH,25.0,6.5,17
2021-06-08,FORMULE SANDWICH,24.0,6.5,17
2021-06-09,FORMULE SANDWICH,14.0,6.5,11
2021-06-10,FORMULE SANDWICH,16.0,6.5,10
2021-06-11,FORMULE SANDWICH,18.0,6.5,16
2021-06-12,FORMULE SANDWICH,8.0,6.5,5
2021-06-14,FORMULE SANDWICH,21.0,6.5,14
2021-06-15,FORMULE SANDWICH,17.0,6.5,9
2021-06-16,FORMULE SANDWICH,17.0,6.5,11
2021-06-17,FORMULE SANDWICH,13.0,6.5,8
2021-06-18,FORMULE SANDWICH,15.0,6.5,12
2021-06-19,FORMULE SANDWICH,4.0,6.5,3
2021-06-21,FORMULE SANDWICH,17.0,6.5,13
2021-06-22,FORMULE SANDWICH,11.0,6.5,6
2021-06-23,FORMULE SANDWICH,18.0,6.5,9
2021-06-24,FORMULE SANDWICH,16.0,6.5,12
2021-06-25,FORMULE SANDWICH,14.0,6.5,9
2021-06-26,FORMULE SANDWICH,2.0,6.5,2
2021-06-27,FORMULE SANDWICH,5.0,6.5,2
2021-06-28,FORMULE SANDWICH,15.0,6.5,12
2021-06-29,FORMULE SANDWICH,16.0,6.5,13
2021-06-30,FORMULE SANDWICH,15.0,6.5,13
2021-07-01,FORMULE SANDWICH,15.0,6.5,10
2021-07-02,FORMULE SANDWICH,16.0,6.5,14
2021-07-04,FORMULE SANDWICH,2.0,6.5,1
2021-07-05,FORMULE SANDWICH,11.0,6.5,10
2021-07-06,FORMULE SANDWICH,21.0,6.5,18
2021-07-07,FORMULE SANDWICH,17.0,6.5,14
2021-07-08,FORMULE SANDWICH,10.0,6.5,7
2021-07-09,FORMULE SANDWICH,8.0,6.5,7
2021-07-10,FORMULE SANDWICH,4.0,6.5,4
2021-07-12,FORMULE SANDWICH,15.0,6.5,13
2021-07-13,FORMULE SANDWICH,11.0,6.5,10
2021-07-14,FORMULE SANDWICH,3.0,6.5,3
2021-07-15,FORMULE SANDWICH,23.0,6.5,11
2021-07-16,FORMULE SANDWICH,17.0,6.5,12
2021-07-17,FORMULE SANDWICH,6.0,6.5,4
2021-07-18,FORMULE SANDWICH,2.0,6.5,1
2021-07-19,FORMULE SANDWICH,11.0,6.5,7
2021-07-20,FORMULE SANDWICH,10.0,6.5,10
2021-07-21,FORMULE SANDWICH,17.0,6.5,13
2021-07-22,FORMULE SANDWICH,14.0,6.5,11
2021-07-23,FORMULE SANDWICH,12.0,6.5,8
2021-07-24,FORMULE SANDWICH,4.0,6.5,2
2021-07-25,FORMULE SANDWICH,4.0,6.5,3
2021-07-26,FORMULE SANDWICH,14.0,6.5,9
2021-07-27,FORMULE SANDWICH,9.0,6.5,8
2021-07-28,FORMULE SANDWICH,12.0,6.5,9
2021-07-29,FORMULE SANDWICH,12.0,6.5,10
2021-07-30,FORMULE SANDWICH,7.0,6.5,6
2021-07-31,FORMULE SANDWICH,6.0,6.5,4
2021-08-01,FORMULE SANDWICH,2.0,6.5,1
2021-08-02,FORMULE SANDWICH,11.0,6.5,6
2021-08-03,FORMULE SANDWICH,5.0,6.5,5
2021-08-04,FORMULE SANDWICH,5.0,6.5,5
2021-08-05,FORMULE SANDWICH,13.0,6.5,8
2021-08-06,FORMULE SANDWICH,6.0,6.5,4
2021-08-07,FORMULE SANDWICH,14.0,6.5,8
2021-08-08,FORMULE SANDWICH,10.0,6.5,2
2021-08-09,FORMULE SANDWICH,13.0,6.5,12
2021-08-10,FORMULE SANDWICH,14.0,6.5,10
2021-08-11,FORMULE SANDWICH,13.0,6.5,8
2021-08-12,FORMULE SANDWICH,11.0,6.5,7
2021-08-13,FORMULE SANDWICH,10.0,6.5,8
2021-08-14,FORMULE SANDWICH,4.0,6.5,3
2021-08-15,FORMULE SANDWICH,11.0,6.5,4
2021-08-16,FORMULE SANDWICH,16.0,6.5,11
2021-08-17,FORMULE SANDWICH,6.0,6.5,6
2021-08-18,FORMULE SANDWICH,9.0,6.5,7
2021-08-19,FORMULE SANDWICH,12.0,6.5,7
2021-08-20,FORMULE SANDWICH,9.0,6.5,5
2021-08-21,FORMULE SANDWICH,7.0,6.5,2
2021-08-22,FORMULE SANDWICH,6.0,6.5,3
2021-08-23,FORMULE SANDWICH,11.0,6.5,8
2021-08-24,FORMULE SANDWICH,11.0,6.5,8
2021-08-25,FORMULE SANDWICH,8.0,6.5,7
2021-08-26,FORMULE SANDWICH,9.0,6.5,5
2021-08-27,FORMULE SANDWICH,12.0,6.5,7
2021-08-28,FORMULE SANDWICH,10.0,6.5,6
2021-08-29,FORMULE SANDWICH,9.0,6.5,3
2021-08-30,FORMULE SANDWICH,7.0,6.5,6
2021-08-31,FORMULE SANDWICH,12.0,6.5,8
2021-09-01,FORMULE SANDWICH,7.0,6.5,5
2021-09-02,FORMULE SANDWICH,15.0,6.5,8
2021-09-03,FORMULE SANDWICH,7.0,6.5,6
2021-09-04,FORMULE SANDWICH,3.0,6.5,3
2021-09-05,FORMULE SANDWICH,2.0,6.5,1
2021-09-06,FORMULE SANDWICH,14.0,6.5,10
2021-09-07,FORMULE SANDWICH,10.0,6.5,8
2021-09-08,FORMULE SANDWICH,12.0,6.5,8
2021-09-09,FORMULE SANDWICH,10.0,6.5,6
2021-09-10,FORMULE SANDWICH,16.0,6.5,14
2021-09-11,FORMULE SANDWICH,2.0,6.5,1
2021-09-12,FORMULE SANDWICH,6.0,6.5,3
2021-09-13,FORMULE SANDWICH,9.0,6.5,9
2021-09-14,FORMULE SANDWICH,8.0,6.5,7
2021-09-15,FORMULE SANDWICH,12.0,6.5,9
2021-09-16,FORMULE SANDWICH,12.0,6.5,8
2021-09-17,FORMULE SANDWICH,13.0,6.5,11
2021-09-18,FORMULE SANDWICH,4.0,6.5,2
2021-09-19,FORMULE SANDWICH,4.0,6.5,2
2021-09-20,FORMULE SANDWICH,7.0,6.5,5
2021-09-21,FORMULE SANDWICH,15.0,6.5,14
2021-09-23,FORMULE SANDWICH,6.0,6.5,6
2021-09-24,FORMULE SANDWICH,21.0,6.5,16
2021-09-25,FORMULE SANDWICH,2.0,6.5,1
2021-09-27,FORMULE SANDWICH,6.0,6.5,6
2021-09-28,FORMULE SANDWICH,11.0,6.5,9
2021-09-29,FORMULE SANDWICH,11.0,6.5,9
2021-09-30,FORMULE SANDWICH,14.0,6.5,11
2021-10-01,FORMULE SANDWICH,10.0,6.5,8
2021-10-03,FORMULE SANDWICH,3.0,6.5,3
2021-10-04,FORMULE SANDWICH,11.0,6.5,10
2021-10-05,FORMULE SANDWICH,12.0,6.5,10
2021-10-06,FORMULE SANDWICH,13.0,6.5,11
2021-10-07,FORMULE SANDWICH,8.0,6.5,7
2021-10-08,FORMULE SANDWICH,10.0,6.5,9
2021-10-09,FORMULE SANDWICH,7.0,6.5,3
2021-10-10,FORMULE SANDWICH,1.0,6.5,1
2021-10-11,FORMULE SANDWICH,14.0,6.5,12
2021-10-12,FORMULE SANDWICH,11.0,6.5,11
2021-10-13,FORMULE SANDWICH,15.0,6.5,15
2021-10-14,FORMULE SANDWICH,18.0,6.5,16
2021-10-15,FORMULE SANDWICH,6.0,6.5,5
2021-10-16,FORMULE SANDWICH,2.0,6.5,1
2021-10-17,FORMULE SANDWICH,2.0,6.5,2
2021-10-18,FORMULE SANDWICH,8.0,6.5,7
2021-10-19,FORMULE SANDWICH,15.0,6.5,14
2021-10-20,FORMULE SANDWICH,12.0,6.5,11
2021-10-21,FORMULE SANDWICH,7.0,6.5,7
2021-10-22,FORMULE SANDWICH,9.0,6.5,9
2021-10-23,FORMULE SANDWICH,3.0,6.5,2
2021-10-24,FORMULE SANDWICH,4.0,6.5,2
2021-10-25,FORMULE SANDWICH,7.0,6.5,6
2021-10-26,FORMULE SANDWICH,12.0,6.5,11
2021-10-27,FORMULE SANDWICH,10.0,6.5,9
2021-10-28,FORMULE SANDWICH,8.0,6.5,7
2021-10-29,FORMULE SANDWICH,11.0,6.5,9
2021-10-30,FORMULE SANDWICH,2.0,6.5,2
2021-10-31,FORMULE SANDWICH,1.0,6.5,1
2021-11-02,FORMULE SANDWICH,16.0,6.5,13
2021-11-03,FORMULE SANDWICH,8.0,6.5,8
2021-11-04,FORMULE SANDWICH,13.0,6.5,8
2021-11-05,FORMULE SANDWICH,8.0,6.5,7
2021-11-06,FORMULE SANDWICH,9.0,6.5,4
2021-11-07,FORMULE SANDWICH,1.0,6.5,1
2021-11-08,FORMULE SANDWICH,7.0,6.5,7
2021-11-09,FORMULE SANDWICH,9.0,6.5,8
2021-11-10,FORMULE SANDWICH,10.0,6.5,10
2021-11-12,FORMULE SANDWICH,4.0,6.5,4
2021-11-13,FORMULE SANDWICH,1.0,6.5,1
2021-11-14,FORMULE SANDWICH,4.0,6.5,3
2021-11-15,FORMULE SANDWICH,6.0,6.5,6
2021-11-16,FORMULE SANDWICH,15.0,6.5,13
2021-11-18,FORMULE SANDWICH,9.0,6.5,8
2021-11-19,FORMULE SANDWICH,7.0,6.5,5
2021-11-20,FORMULE SANDWICH,4.0,6.5,2
2021-11-22,FORMULE SANDWICH,12.0,6.5,9
2021-11-23,FORMULE SANDWICH,11.0,6.5,11
2021-11-25,FORMULE SANDWICH,8.0,6.5,8
2021-11-26,FORMULE SANDWICH,6.0,6.5,6
2021-11-29,FORMULE SANDWICH,12.0,6.5,10
2021-11-30,FORMULE SANDWICH,10.0,6.5,8
2021-12-02,FORMULE SANDWICH,8.0,6.5,7
2021-12-03,FORMULE SANDWICH,7.0,6.5,6
2021-12-04,FORMULE SANDWICH,6.0,6.5,4
2021-12-09,FORMULE SANDWICH,5.0,6.5,3
2021-12-10,FORMULE SANDWICH,12.0,6.5,6
2021-12-11,FORMULE SANDWICH,2.0,6.5,1
2021-12-13,FORMULE SANDWICH,10.0,6.5,9
2021-12-14,FORMULE SANDWICH,10.0,6.5,9
2021-12-16,FORMULE SANDWICH,7.0,6.5,7
2021-12-17,FORMULE SANDWICH,9.0,6.5,9
2021-12-19,FORMULE SANDWICH,1.0,6.5,1
2021-12-20,FORMULE SANDWICH,2.0,6.5,2
2021-12-21,FORMULE SANDWICH,4.0,6.5,4
2021-12-22,FORMULE SANDWICH,9.0,6.5,7
2021-12-23,FORMULE SANDWICH,9.0,6.5,6
2021-12-24,FORMULE SANDWICH,4.0,6.5,2
2021-12-27,FORMULE SANDWICH,3.0,6.5,2
2021-12-28,FORMULE SANDWICH,4.0,6.5,4
2021-12-29,FORMULE SANDWICH,6.0,6.5,5
2021-12-30,FORMULE SANDWICH,9.0,6.5,6
2022-01-02,FORMULE SANDWICH,3.0,6.5,2
2022-01-03,FORMULE SANDWICH,10.0,6.5,10
2022-01-06,FORMULE SANDWICH,4.0,6.5,4
2022-01-07,FORMULE SANDWICH,5.0,6.5,4
2022-01-08,FORMULE SANDWICH,1.0,6.5,1
2022-01-10,FORMULE SANDWICH,10.0,6.5,10
2022-01-11,FORMULE SANDWICH,11.0,6.5,11
2022-01-13,FORMULE SANDWICH,5.0,6.5,5
2022-01-14,FORMULE SANDWICH,3.0,6.5,3
2022-01-15,FORMULE SANDWICH,1.0,6.5,1
2022-01-17,FORMULE SANDWICH,11.0,6.5,10
2022-01-18,FORMULE SANDWICH,6.0,6.5,6
2022-01-20,FORMULE SANDWICH,8.0,6.5,6
2022-01-21,FORMULE SANDWICH,9.0,6.5,7
2022-01-24,FORMULE SANDWICH,12.0,6.5,10
2022-01-25,FORMULE SANDWICH,10.0,6.5,10
2022-01-27,FORMULE SANDWICH,12.0,6.5,11
2022-01-28,FORMULE SANDWICH,9.0,6.5,8
2022-01-29,FORMULE SANDWICH,2.0,6.5,1
2022-01-31,FORMULE SANDWICH,8.0,6.5,6
2022-02-01,FORMULE SANDWICH,7.0,6.5,7
2022-02-03,FORMULE SANDWICH,11.0,6.5,10
2022-02-04,FORMULE SANDWICH,13.0,6.5,11
2022-02-05,FORMULE SANDWICH,1.0,6.5,1
2022-02-07,FORMULE SANDWICH,5.0,6.5,5
2022-02-08,FORMULE SANDWICH,9.0,6.5,8
2022-02-10,FORMULE SANDWICH,8.0,6.5,7
2022-02-11,FORMULE SANDWICH,11.0,6.5,11
2022-02-12,FORMULE SANDWICH,5.0,6.5,2
2022-02-13,FORMULE SANDWICH,1.0,6.5,1
2022-02-14,FORMULE SANDWICH,7.0,6.5,6
2022-02-15,FORMULE SANDWICH,15.0,6.5,11
2022-02-17,FORMULE SANDWICH,16.0,6.5,12
2022-02-18,FORMULE SANDWICH,8.0,6.5,7
2022-02-19,FORMULE SANDWICH,3.0,6.5,2
2022-02-21,FORMULE SANDWICH,13.0,6.5,12
2022-02-22,FORMULE SANDWICH,6.0,7.0,5
2022-02-24,FORMULE SANDWICH,7.0,7.0,7
2022-02-25,FORMULE SANDWICH,12.0,7.0,11
2022-02-26,FORMULE SANDWICH,1.0,7.0,1
2022-02-28,FORMULE SANDWICH,13.0,7.0,11
2022-03-01,FORMULE SANDWICH,21.0,7.0,18
2022-03-02,FORMULE SANDWICH,15.0,7.0,13
2022-03-03,FORMULE SANDWICH,14.0,7.0,12
2022-03-04,FORMULE SANDWICH,16.0,7.0,13
2022-03-05,FORMULE SANDWICH,3.0,7.0,2
2022-03-07,FORMULE SANDWICH,16.0,7.0,14
2022-03-08,FORMULE SANDWICH,15.0,7.0,14
2022-03-09,FORMULE SANDWICH,11.0,7.0,11
2022-03-10,FORMULE SANDWICH,11.0,7.0,11
2022-03-11,FORMULE SANDWICH,10.0,7.0,9
2022-03-13,FORMULE SANDWICH,2.0,7.0,1
2022-03-14,FORMULE SANDWICH,19.0,7.0,17
2022-03-15,FORMULE SANDWICH,9.0,7.0,8
2022-03-16,FORMULE SANDWICH,12.0,7.0,10
2022-03-17,FORMULE SANDWICH,16.0,7.0,13
2022-03-18,FORMULE SANDWICH,6.0,7.0,6
2022-03-19,FORMULE SANDWICH,3.0,7.0,2
2022-03-21,FORMULE SANDWICH,23.0,7.0,18
2022-03-22,FORMULE SANDWICH,21.0,7.0,17
2022-03-23,FORMULE SANDWICH,15.0,7.0,13
2022-03-24,FORMULE SANDWICH,15.0,7.0,13
2022-03-25,FORMULE SANDWICH,12.0,7.0,11
2022-03-27,FORMULE SANDWICH,2.0,7.0,1
2022-03-28,FORMULE SANDWICH,13.0,7.0,12
2022-03-29,FORMULE SANDWICH,8.0,7.0,6
2022-03-30,FORMULE SANDWICH,11.0,7.0,10
2022-03-31,FORMULE SANDWICH,9.0,7.0,9
2022-04-01,FORMULE SANDWICH,13.0,7.0,12
2022-04-02,FORMULE SANDWICH,3.0,7.0,3
2022-04-04,FORMULE SANDWICH,10.0,7.0,10
2022-04-05,FORMULE SANDWICH,21.0,7.0,21
2022-04-06,FORMULE SANDWICH,16.0,7.0,11
2022-04-07,FORMULE SANDWICH,11.0,7.0,10
2022-04-08,FORMULE SANDWICH,9.0,7.0,8
2022-04-09,FORMULE SANDWICH,6.0,7.0,3
2022-04-10,FORMULE SANDWICH,5.0,7.0,2
2022-04-11,FORMULE SANDWICH,16.0,7.0,15
2022-04-12,FORMULE SANDWICH,12.0,7.0,11
2022-04-13,FORMULE SANDWICH,15.0,7.0,9
2022-04-14,FORMULE SANDWICH,4.0,7.0,3
2022-04-15,FORMULE SANDWICH,8.0,7.0,6
2022-04-16,FORMULE SANDWICH,5.0,7.0,3
2022-04-18,FORMULE SANDWICH,4.0,7.0,2
2022-04-19,FORMULE SANDWICH,17.0,7.0,12
2022-04-20,FORMULE SANDWICH,4.0,7.0,4
2022-04-21,FORMULE SANDWICH,12.0,7.0,9
2022-04-22,FORMULE SANDWICH,8.0,7.0,6
2022-04-23,FORMULE SANDWICH,7.0,7.0,5
2022-04-25,FORMULE SANDWICH,10.0,7.0,9
2022-04-26,FORMULE SANDWICH,17.0,7.0,13
2022-04-27,FORMULE SANDWICH,13.0,7.0,11
2022-04-28,FORMULE SANDWICH,11.0,7.0,10
2022-04-29,FORMULE SANDWICH,16.0,7.0,13
2022-04-30,FORMULE SANDWICH,9.0,7.0,6
2022-05-01,FORMULE SANDWICH,6.0,7.0,5
2022-05-02,FORMULE SANDWICH,18.0,7.0,16
2022-05-03,FORMULE SANDWICH,13.0,7.0,8
2022-05-05,FORMULE SANDWICH,13.0,7.0,10
2022-05-06,FORMULE SANDWICH,27.0,7.0,16
2022-05-07,FORMULE SANDWICH,2.0,7.0,1
2022-05-09,FORMULE SANDWICH,11.0,7.0,7
2022-05-10,FORMULE SANDWICH,11.0,7.0,9
2022-05-11,FORMULE SANDWICH,6.0,7.0,6
2022-05-12,FORMULE SANDWICH,14.0,7.0,12
2022-05-13,FORMULE SANDWICH,13.0,7.0,11
2022-05-14,FORMULE SANDWICH,3.0,7.0,3
2022-05-16,FORMULE SANDWICH,19.0,7.0,13
2022-05-17,FORMULE SANDWICH,20.0,7.0,16
2022-05-18,FORMULE SANDWICH,14.0,7.0,11
2022-05-19,FORMULE SANDWICH,13.0,7.0,11
2022-05-20,FORMULE SANDWICH,9.0,7.0,8
2022-05-21,FORMULE SANDWICH,3.0,7.0,3
2022-05-22,FORMULE SANDWICH,6.0,7.0,3
2022-05-23,FORMULE SANDWICH,12.0,7.0,11
2022-05-24,FORMULE SANDWICH,14.0,7.0,13
2022-05-25,FORMULE SANDWICH,8.0,7.0,7
2022-05-26,FORMULE SANDWICH,4.0,7.0,2
2022-05-27,FORMULE SANDWICH,24.0,7.0,11
2022-05-28,FORMULE SANDWICH,8.0,7.0,6
2022-05-29,FORMULE SANDWICH,4.0,7.0,2
2022-05-30,FORMULE SANDWICH,16.0,7.0,13
2022-05-31,FORMULE SANDWICH,15.0,7.0,13
2022-06-01,FORMULE SANDWICH,7.0,7.0,7
2022-06-02,FORMULE SANDWICH,14.0,7.0,13
2022-06-03,FORMULE SANDWICH,7.0,7.0,5
2022-06-04,FORMULE SANDWICH,10.0,7.0,5
2022-06-05,FORMULE SANDWICH,3.0,7.0,3
2022-06-06,FORMULE SANDWICH,4.0,7.0,3
2022-06-07,FORMULE SANDWICH,10.0,7.0,9
2022-06-08,FORMULE SANDWICH,11.0,7.0,10
2022-06-09,FORMULE SANDWICH,7.0,7.0,7
2022-06-10,FORMULE SANDWICH,19.0,7.0,18
2022-06-11,FORMULE SANDWICH,4.0,7.0,3
2022-06-12,FORMULE SANDWICH,6.0,7.0,6
2022-06-13,FORMULE SANDWICH,12.0,7.0,9
2022-06-14,FORMULE SANDWICH,15.0,7.0,11
2022-06-15,FORMULE SANDWICH,12.0,7.0,9
2022-06-16,FORMULE SANDWICH,16.0,7.0,13
2022-06-17,FORMULE SANDWICH,13.0,7.0,8
2022-06-18,FORMULE SANDWICH,9.0,7.0,4
2022-06-19,FORMULE SANDWICH,6.0,7.0,3
2022-06-20,FORMULE SANDWICH,13.0,7.0,12
2022-06-21,FORMULE SANDWICH,7.0,7.0,7
2022-06-22,FORMULE SANDWICH,6.0,7.0,6
2022-06-23,FORMULE SANDWICH,9.0,7.0,9
2022-06-24,FORMULE SANDWICH,12.0,7.0,11
2022-06-25,FORMULE SANDWICH,11.0,7.0,8
2022-06-27,FORMULE SANDWICH,22.0,7.0,16
2022-06-28,FORMULE SANDWICH,8.0,7.0,8
2022-06-29,FORMULE SANDWICH,14.0,7.0,10
2022-06-30,FORMULE SANDWICH,16.0,7.0,13
2022-07-01,FORMULE SANDWICH,18.0,7.0,14
2022-07-02,FORMULE SANDWICH,3.0,7.0,3
2022-07-04,FORMULE SANDWICH,14.0,7.0,9
2022-07-05,FORMULE SANDWICH,10.0,7.0,10
2022-07-06,FORMULE SANDWICH,9.0,7.0,9
2022-07-07,FORMULE SANDWICH,13.0,7.0,11
2022-07-08,FORMULE SANDWICH,10.0,7.0,7
2022-07-09,FORMULE SANDWICH,5.0,7.0,4
2022-07-10,FORMULE SANDWICH,6.0,7.0,3
2022-07-11,FORMULE SANDWICH,17.0,7.0,13
2022-07-12,FORMULE SANDWICH,23.0,7.0,17
2022-07-13,FORMULE SANDWICH,13.0,7.0,10
2022-07-15,FORMULE SANDWICH,15.0,7.0,10
2022-07-16,FORMULE SANDWICH,9.0,7.0,5
2022-07-17,FORMULE SANDWICH,7.0,7.0,3
2022-07-18,FORMULE SANDWICH,13.0,7.0,10
2022-07-19,FORMULE SANDWICH,8.0,7.0,8
2022-07-20,FORMULE SANDWICH,15.0,7.0,14
2022-07-21,FORMULE SANDWICH,10.0,7.0,9
2022-07-22,FORMULE SANDWICH,11.0,7.0,11
2022-07-23,FORMULE SANDWICH,1.0,7.0,1
2022-07-25,FORMULE SANDWICH,11.0,7.0,10
2022-07-26,FORMULE SANDWICH,25.0,7.0,17
2022-07-27,FORMULE SANDWICH,10.0,7.0,9
2022-07-28,FORMULE SANDWICH,18.0,7.0,15
2022-07-29,FORMULE SANDWICH,14.0,7.0,11
2022-07-30,FORMULE SANDWICH,11.0,7.0,4
2022-07-31,FORMULE SANDWICH,2.0,7.0,1
2022-08-01,FORMULE SANDWICH,13.0,7.0,10
2022-08-02,FORMULE SANDWICH,16.0,7.0,10
2022-08-03,FORMULE SANDWICH,14.0,7.0,13
2022-08-04,FORMULE SANDWICH,16.0,7.0,15
2022-08-05,FORMULE SANDWICH,11.0,7.0,6
2022-08-06,FORMULE SANDWICH,16.0,7.0,8
2022-08-07,FORMULE SANDWICH,6.0,7.0,2
2022-08-08,FORMULE SANDWICH,14.0,7.0,11
2022-08-09,FORMULE SANDWICH,10.0,7.0,8
2022-08-10,FORMULE SANDWICH,22.0,7.0,12
2022-08-11,FORMULE SANDWICH,10.0,7.0,8
2022-08-12,FORMULE SANDWICH,8.0,7.0,8
2022-08-13,FORMULE SANDWICH,15.0,7.0,8
2022-08-14,FORMULE SANDWICH,2.0,7.0,1
2022-08-15,FORMULE SANDWICH,5.0,7.0,5
2022-08-16,FORMULE SANDWICH,12.0,7.0,11
2022-08-17,FORMULE SANDWICH,8.0,7.0,7
2022-08-18,FORMULE SANDWICH,6.0,7.0,6
2022-08-19,FORMULE SANDWICH,3.0,7.0,3
2022-08-20,FORMULE SANDWICH,5.0,7.0,3
2022-08-21,FORMULE SANDWICH,4.0,7.0,2
2022-08-22,FORMULE SANDWICH,8.0,7.0,7
2022-08-23,FORMULE SANDWICH,18.0,7.0,10
2022-08-24,FORMULE SANDWICH,13.0,7.0,6
2022-08-25,FORMULE SANDWICH,14.0,7.0,11
2022-08-26,FORMULE SANDWICH,17.0,7.0,11
2022-08-27,FORMULE SANDWICH,1.0,7.0,1
2022-08-28,FORMULE SANDWICH,14.0,7.0,3
2022-08-29,FORMULE SANDWICH,9.0,7.0,9
2022-08-30,FORMULE SANDWICH,17.0,7.0,13
2022-08-31,FORMULE SANDWICH,10.0,7.0,8
2022-09-02,FORMULE SANDWICH,14.0,7.0,8
2022-09-03,FORMULE SANDWICH,6.0,7.0,2
2022-09-04,FORMULE SANDWICH,3.0,7.0,1
2022-09-05,FORMULE SANDWICH,12.0,7.0,8
2022-09-06,FORMULE SANDWICH,5.0,7.0,5
2022-09-07,FORMULE SANDWICH,10.0,7.0,8
2022-09-08,FORMULE SANDWICH,10.0,7.0,8
2022-09-09,FORMULE SANDWICH,4.0,7.0,3
2022-09-10,FORMULE SANDWICH,6.0,7.0,3
2022-09-11,FORMULE SANDWICH,2.0,7.0,1
2022-09-12,FORMULE SANDWICH,10.0,7.0,9
2022-09-13,FORMULE SANDWICH,7.0,7.0,7
2022-09-14,FORMULE SANDWICH,12.0,7.0,11
2022-09-15,FORMULE SANDWICH,6.0,7.0,6
2022-09-16,FORMULE SANDWICH,10.0,7.0,7
2022-09-17,FORMULE SANDWICH,6.0,7.0,5
2022-09-20,FORMULE SANDWICH,5.0,7.0,5
2022-09-21,FORMULE SANDWICH,12.0,7.0,12
2022-09-22,FORMULE SANDWICH,8.0,7.0,6
2022-09-23,FORMULE SANDWICH,5.0,7.0,5
2022-09-24,FORMULE SANDWICH,5.0,7.0,3
2022-09-26,FORMULE SANDWICH,6.0,7.0,6
2022-09-27,FORMULE SANDWICH,13.0,7.0,12
2022-09-28,FORMULE SANDWICH,9.0,7.0,8
2022-09-29,FORMULE SANDWICH,3.0,7.0,1
2022-09-30,FORMULE SANDWICH,9.0,7.0,7
2021-04-02,FRAISIER,6.0,3.0,3
2021-04-03,FRAISIER,7.0,3.0,5
2021-04-04,FRAISIER,20.0,3.0,14
2021-04-05,FRAISIER,5.0,3.0,4
2021-04-10,FRAISIER,7.0,3.0,4
2021-04-11,FRAISIER,9.0,3.0,6
2021-04-17,FRAISIER,5.0,3.0,3
2021-04-18,FRAISIER,14.0,3.0,5
2021-04-23,FRAISIER,1.0,3.0,1
2021-04-24,FRAISIER,3.0,3.0,2
2021-04-25,FRAISIER,6.0,3.0,4
2021-05-01,FRAISIER,6.0,3.0,4
2021-05-02,FRAISIER,6.0,3.0,5
2021-05-08,FRAISIER,3.0,3.0,2
2021-05-09,FRAISIER,9.0,3.0,5
2021-05-13,FRAISIER,8.0,3.0,6
2021-05-14,FRAISIER,4.0,3.0,1
2021-05-15,FRAISIER,5.0,3.0,3
2021-05-16,FRAISIER,3.0,3.0,3
2021-05-23,FRAISIER,8.0,3.0,6
2021-05-24,FRAISIER,6.0,3.0,1
2021-05-26,FRAISIER,1.0,3.0,1
2021-05-27,FRAISIER,1.0,3.0,1
2021-05-29,FRAISIER,6.0,3.0,2
2021-05-30,FRAISIER,8.0,3.0,5
2021-06-06,FRAISIER,6.0,3.0,4
2021-06-12,FRAISIER,2.0,3.0,2
2021-06-13,FRAISIER,7.0,3.0,4
2021-06-19,FRAISIER,3.0,3.0,2
2021-06-20,FRAISIER,11.0,3.0,5
2021-06-26,FRAISIER,8.0,3.0,3
2021-06-27,FRAISIER,7.0,3.0,5
2021-07-03,FRAISIER,4.0,3.0,3
2021-07-04,FRAISIER,21.0,3.0,10
2021-07-10,FRAISIER,2.0,3.0,2
2021-07-11,FRAISIER,6.0,3.0,4
2021-07-14,FRAISIER,8.0,3.0,3
2021-07-16,FRAISIER,2.0,3.0,1
2021-07-17,FRAISIER,2.0,3.0,2
2021-07-18,FRAISIER,5.0,3.0,3
2021-07-23,FRAISIER,1.0,3.0,1
2021-07-25,FRAISIER,6.0,3.0,5
2021-07-29,FRAISIER,2.0,3.0,1
2021-07-31,FRAISIER,3.0,3.0,1
2021-08-01,FRAISIER,4.0,3.0,3
2021-08-07,FRAISIER,5.0,3.0,1
2021-08-08,FRAISIER,4.0,3.0,3
2021-08-09,FRAISIER,3.0,3.0,2
2021-08-13,FRAISIER,2.0,3.0,1
2021-08-15,FRAISIER,7.0,3.0,3
2021-08-20,FRAISIER,1.0,3.0,1
2021-08-22,FRAISIER,5.0,3.0,4
2021-08-23,FRAISIER,3.0,3.0,3
2021-10-29,FRAISIER,2.0,3.0,1
2021-12-31,FRAISIER,2.0,3.0,1
2022-03-19,FRAISIER,5.0,3.5,4
2022-03-20,FRAISIER,7.0,3.5,5
2022-03-26,FRAISIER,1.0,3.5,1
2022-03-27,FRAISIER,1.0,3.5,1
2022-04-02,FRAISIER,6.0,3.5,3
2022-04-03,FRAISIER,6.0,3.5,2
2022-04-09,FRAISIER,3.0,3.5,2
2022-04-10,FRAISIER,13.0,3.5,11
2022-04-17,FRAISIER,5.0,3.5,3
2022-04-18,FRAISIER,8.0,3.5,5
2022-04-19,FRAISIER,1.0,3.5,1
2022-04-20,FRAISIER,1.0,3.5,1
2022-04-21,FRAISIER,1.0,3.5,1
2022-04-23,FRAISIER,4.0,3.5,3
2022-04-24,FRAISIER,5.0,3.5,3
2022-04-30,FRAISIER,13.0,3.5,2
2022-05-01,FRAISIER,14.0,3.5,6
2022-05-07,FRAISIER,3.0,3.5,2
2022-05-08,FRAISIER,7.0,3.5,3
2022-05-09,FRAISIER,1.0,3.5,1
2022-05-10,FRAISIER,2.0,3.5,1
2022-05-14,FRAISIER,4.0,3.5,1
2022-05-15,FRAISIER,10.0,3.5,7
2022-05-17,FRAISIER,4.0,3.5,1
2022-05-20,FRAISIER,2.0,3.5,2
2022-05-21,FRAISIER,3.0,3.5,2
2022-05-22,FRAISIER,7.0,3.5,5
2022-05-23,FRAISIER,2.0,3.5,2
2022-05-26,FRAISIER,8.0,3.5,6
2022-05-27,FRAISIER,1.0,3.5,1
2022-05-28,FRAISIER,7.0,3.5,4
2022-05-29,FRAISIER,7.0,3.5,4
2022-06-05,FRAISIER,6.0,3.5,5
2022-06-06,FRAISIER,2.0,3.5,2
2022-06-07,FRAISIER,3.0,3.5,1
2022-06-11,FRAISIER,3.0,3.5,2
2022-06-12,FRAISIER,3.0,3.5,2
2022-06-19,FRAISIER,6.0,3.5,3
2022-06-26,FRAISIER,21.0,3.5,6
2022-07-02,FRAISIER,7.0,3.5,2
2022-07-03,FRAISIER,6.0,3.5,4
2022-07-10,FRAISIER,5.0,3.5,5
2022-07-14,FRAISIER,4.0,3.5,4
2022-07-15,FRAISIER,4.0,3.5,3
2022-07-22,FRAISIER,2.0,3.5,2
2022-07-24,FRAISIER,4.0,3.5,3
2022-07-30,FRAISIER,1.0,3.5,1
2022-07-31,FRAISIER,2.0,3.5,2
2022-08-06,FRAISIER,3.0,3.5,2
2022-08-07,FRAISIER,7.0,3.5,5
2022-08-13,FRAISIER,3.0,3.5,3
2022-08-14,FRAISIER,3.0,3.5,3
2022-08-15,FRAISIER,10.0,3.5,4
2022-08-16,FRAISIER,6.0,3.5,4
2022-08-20,FRAISIER,4.0,3.5,2
2022-08-21,FRAISIER,18.0,3.5,9
2021-12-24,FRAMBOISIER,4.0,3.0,3
2021-12-25,FRAMBOISIER,2.0,3.0,1
2021-12-26,FRAMBOISIER,4.0,3.0,2
2021-12-27,FRAMBOISIER,1.0,3.0,1
2022-03-06,FRAMBOISIER,1.0,3.5,1
2022-03-12,FRAMBOISIER,1.0,3.5,1
2022-03-13,FRAMBOISIER,6.0,3.5,4
2022-04-02,FRAMBOISIER,1.0,3.5,1
2022-04-03,FRAMBOISIER,2.0,3.5,1
2022-04-10,FRAMBOISIER,2.0,3.5,2
2022-04-11,FRAMBOISIER,2.0,3.5,1
2022-04-17,FRAMBOISIER,4.0,3.5,1
2022-04-24,FRAMBOISIER,6.0,3.5,3
2022-05-01,FRAMBOISIER,6.0,3.5,4
2022-05-08,FRAMBOISIER,4.0,3.5,2
2022-05-15,FRAMBOISIER,1.0,3.5,1
2022-05-22,FRAMBOISIER,3.0,3.5,2
2022-05-23,FRAMBOISIER,1.0,3.5,1
2022-05-24,FRAMBOISIER,1.0,3.5,1
2022-05-27,FRAMBOISIER,2.0,3.5,2
2022-05-29,FRAMBOISIER,5.0,3.5,3
2022-06-26,FRAMBOISIER,2.0,3.5,1
2022-07-03,FRAMBOISIER,3.0,3.5,2
2022-07-04,FRAMBOISIER,1.0,3.5,1
2022-08-07,FRAMBOISIER,6.0,3.5,4
2022-08-14,FRAMBOISIER,10.0,3.5,1
2022-08-16,FRAMBOISIER,5.0,3.5,3
2022-08-21,FRAMBOISIER,6.0,3.5,3
2022-08-22,FRAMBOISIER,1.0,3.5,1
2022-08-28,FRAMBOISIER,5.0,3.5,2
2022-09-11,FRAMBOISIER,4.0,3.5,4
2022-09-25,FRAMBOISIER,4.0,3.5,3
2022-09-26,FRAMBOISIER,1.0,3.5,1
2021-01-02,GACHE,1.0,5.0,1
2021-01-08,GACHE,1.0,5.0,1
2021-01-10,GACHE,1.0,5.0,1
2021-01-14,GACHE,1.0,5.0,1
2021-01-15,GACHE,1.0,5.0,1
2021-01-16,GACHE,1.0,5.0,1
2021-01-17,GACHE,2.0,5.0,1
2021-01-21,GACHE,1.0,5.0,1
2021-01-22,GACHE,1.0,5.0,1
2021-01-23,GACHE,1.0,5.0,1
2021-01-24,GACHE,1.0,5.0,1
2021-01-30,GACHE,1.0,5.0,1
2021-01-31,GACHE,1.0,5.0,1
2021-02-02,GACHE,1.0,5.0,1
2021-02-07,GACHE,2.0,5.0,1
2021-02-09,GACHE,1.0,5.0,1
2021-02-12,GACHE,1.0,5.0,1
2021-02-13,GACHE,1.0,5.0,1
2021-02-14,GACHE,1.0,5.0,1
2021-02-19,GACHE,1.0,5.0,1
2021-02-20,GACHE,3.0,5.0,3
2021-02-21,GACHE,1.0,5.0,1
2021-02-22,GACHE,1.0,5.0,1
2021-02-23,GACHE,1.0,5.0,1
2021-02-25,GACHE,1.0,5.0,1
2021-02-26,GACHE,2.0,5.0,2
2021-02-28,GACHE,3.0,5.0,3
2021-03-04,GACHE,2.0,5.0,2
2021-03-05,GACHE,3.0,5.0,3
2021-03-06,GACHE,1.0,5.0,1
2021-03-07,GACHE,1.0,5.0,1
2021-03-12,GACHE,1.0,5.0,1
2021-03-13,GACHE,1.0,5.0,1
2021-03-14,GACHE,1.0,5.0,1
2021-03-15,GACHE,1.0,5.0,1
2021-03-16,GACHE,1.0,5.0,1
2021-03-19,GACHE,1.0,5.0,1
2021-03-21,GACHE,1.0,5.0,1
2021-03-23,GACHE,1.0,5.0,1
2021-03-25,GACHE,1.0,5.0,1
2021-03-26,GACHE,2.0,5.0,2
2021-03-29,GACHE,1.0,5.0,1
2021-04-02,GACHE,1.0,5.0,1
2021-04-03,GACHE,1.0,5.0,1
2021-04-04,GACHE,1.0,5.0,1
2021-04-05,GACHE,2.0,5.0,2
2021-04-06,GACHE,1.0,5.0,1
2021-04-11,GACHE,2.0,5.0,2
2021-04-12,GACHE,1.0,5.0,1
2021-04-13,GACHE,1.0,5.0,1
2021-04-17,GACHE,1.0,5.0,1
2021-04-18,GACHE,1.0,5.0,1
2021-04-20,GACHE,1.0,5.0,1
2021-04-26,GACHE,2.0,5.0,2
2021-04-29,GACHE,1.0,5.0,1
2021-04-30,GACHE,1.0,5.0,1
2021-05-01,GACHE,1.0,5.0,1
2021-05-02,GACHE,1.0,5.0,1
2021-05-06,GACHE,1.0,5.0,1
2021-05-08,GACHE,1.0,5.0,1
2021-05-09,GACHE,2.0,5.0,2
2021-05-10,GACHE,1.0,5.0,1
2021-05-12,GACHE,1.0,5.0,1
2021-05-13,GACHE,2.0,5.0,1
2021-05-14,GACHE,2.0,5.0,2
2021-05-15,GACHE,3.0,5.0,3
2021-05-16,GACHE,3.0,5.0,3
2021-05-21,GACHE,2.0,5.0,2
2021-05-22,GACHE,1.0,5.0,1
2021-05-23,GACHE,3.0,5.0,3
2021-05-25,GACHE,1.0,5.0,1
2021-05-26,GACHE,1.0,5.0,1
2021-05-30,GACHE,2.0,5.0,2
2021-06-03,GACHE,2.0,5.0,2
2021-06-05,GACHE,2.0,5.0,2
2021-06-13,GACHE,1.0,5.0,1
2021-06-19,GACHE,2.0,5.0,2
2021-06-27,GACHE,2.0,5.0,2
2021-06-30,GACHE,1.0,5.0,1
2021-07-01,GACHE,1.0,5.0,1
2021-07-02,GACHE,1.0,5.0,1
2021-07-03,GACHE,4.0,5.0,4
2021-07-04,GACHE,1.0,5.0,1
2021-07-05,GACHE,3.0,5.0,3
2021-07-07,GACHE,1.0,5.0,1
2021-07-09,GACHE,1.0,5.0,1
2021-07-10,GACHE,4.0,5.0,4
2021-07-11,GACHE,2.0,5.0,2
2021-07-12,GACHE,2.0,5.0,2
2021-07-13,GACHE,1.0,5.0,1
2021-07-25,GACHE,1.0,5.0,1
2021-01-02,GAL FRANGIPANE 4P,8.0,8.0,7
2021-01-03,GAL FRANGIPANE 4P,7.0,8.0,7
2021-01-04,GAL FRANGIPANE 4P,2.0,8.0,2
2021-01-05,GAL FRANGIPANE 4P,1.0,8.0,1
2021-01-07,GAL FRANGIPANE 4P,5.0,8.0,5
2021-01-08,GAL FRANGIPANE 4P,5.0,8.0,5
2021-01-09,GAL FRANGIPANE 4P,6.0,8.0,6
2021-01-10,GAL FRANGIPANE 4P,15.0,8.0,15
2021-01-16,GAL FRANGIPANE 4P,7.0,8.0,7
2021-01-17,GAL FRANGIPANE 4P,7.0,8.0,6
2021-01-18,GAL FRANGIPANE 4P,3.0,8.0,3
2021-01-21,GAL FRANGIPANE 4P,2.0,8.0,2
2021-01-22,GAL FRANGIPANE 4P,4.0,8.0,4
2021-01-23,GAL FRANGIPANE 4P,6.0,8.0,6
2021-01-24,GAL FRANGIPANE 4P,4.0,8.0,3
2021-01-25,GAL FRANGIPANE 4P,1.0,8.0,1
2021-01-26,GAL FRANGIPANE 4P,1.0,8.0,1
2021-01-30,GAL FRANGIPANE 4P,1.0,8.0,1
2021-01-31,GAL FRANGIPANE 4P,1.0,8.0,1
2021-12-26,GAL FRANGIPANE 4P,5.0,8.0,3
2021-12-27,GAL FRANGIPANE 4P,3.0,8.0,3
2021-12-28,GAL FRANGIPANE 4P,3.0,8.0,3
2021-12-29,GAL FRANGIPANE 4P,4.0,8.0,4
2021-12-30,GAL FRANGIPANE 4P,3.0,8.0,3
2022-01-02,GAL FRANGIPANE 4P,19.0,8.0,18
2022-01-03,GAL FRANGIPANE 4P,7.0,8.0,7
2022-01-04,GAL FRANGIPANE 4P,2.0,8.0,2
2022-01-06,GAL FRANGIPANE 4P,2.0,8.0,2
2022-01-07,GAL FRANGIPANE 4P,3.0,8.0,3
2022-01-08,GAL FRANGIPANE 4P,15.0,8.0,14
2022-01-09,GAL FRANGIPANE 4P,12.0,8.0,10
2022-01-10,GAL FRANGIPANE 4P,4.0,8.0,4
2022-01-13,GAL FRANGIPANE 4P,2.0,8.0,2
2022-01-14,GAL FRANGIPANE 4P,5.0,8.0,5
2022-01-15,GAL FRANGIPANE 4P,8.0,8.0,7
2022-01-16,GAL FRANGIPANE 4P,10.0,8.0,9
2022-01-17,GAL FRANGIPANE 4P,1.0,8.0,1
2022-01-18,GAL FRANGIPANE 4P,1.0,8.0,1
2022-01-20,GAL FRANGIPANE 4P,2.0,8.0,2
2022-01-21,GAL FRANGIPANE 4P,2.0,8.0,2
2022-01-22,GAL FRANGIPANE 4P,3.0,8.0,3
2022-01-23,GAL FRANGIPANE 4P,8.0,8.0,7
2022-01-24,GAL FRANGIPANE 4P,2.0,8.0,2
2022-01-25,GAL FRANGIPANE 4P,1.0,8.0,1
2022-01-28,GAL FRANGIPANE 4P,1.0,8.0,1
2021-01-02,GAL FRANGIPANE 6P,7.0,12.0,7
2021-01-03,GAL FRANGIPANE 6P,7.0,12.0,7
2021-01-05,GAL FRANGIPANE 6P,2.0,12.0,2
2021-01-07,GAL FRANGIPANE 6P,4.0,12.0,4
2021-01-08,GAL FRANGIPANE 6P,1.0,12.0,1
2021-01-09,GAL FRANGIPANE 6P,3.0,12.0,3
2021-01-10,GAL FRANGIPANE 6P,6.0,12.0,6
2021-01-16,GAL FRANGIPANE 6P,5.0,12.0,5
2021-01-17,GAL FRANGIPANE 6P,3.0,12.0,3
2021-01-18,GAL FRANGIPANE 6P,1.0,12.0,1
2021-01-22,GAL FRANGIPANE 6P,2.0,12.0,2
2021-01-23,GAL FRANGIPANE 6P,6.0,12.0,3
2021-01-24,GAL FRANGIPANE 6P,3.0,12.0,3
2021-01-25,GAL FRANGIPANE 6P,1.0,12.0,1
2021-01-26,GAL FRANGIPANE 6P,1.0,12.0,1
2021-12-26,GAL FRANGIPANE 6P,2.0,12.0,2
2021-12-27,GAL FRANGIPANE 6P,1.0,12.0,1
2021-12-28,GAL FRANGIPANE 6P,1.0,12.0,1
2021-12-29,GAL FRANGIPANE 6P,2.0,12.0,2
2021-12-30,GAL FRANGIPANE 6P,3.0,12.0,3
2021-12-31,GAL FRANGIPANE 6P,3.0,12.0,2
2022-01-02,GAL FRANGIPANE 6P,23.0,12.0,21
2022-01-03,GAL FRANGIPANE 6P,4.0,12.0,4
2022-01-06,GAL FRANGIPANE 6P,1.0,12.0,1
2022-01-07,GAL FRANGIPANE 6P,3.0,12.0,3
2022-01-08,GAL FRANGIPANE 6P,4.0,12.0,4
2022-01-09,GAL FRANGIPANE 6P,4.0,12.0,4
2022-01-10,GAL FRANGIPANE 6P,1.0,12.0,1
2022-01-11,GAL FRANGIPANE 6P,1.0,12.0,1
2022-01-14,GAL FRANGIPANE 6P,1.0,12.0,1
2022-01-15,GAL FRANGIPANE 6P,2.0,12.0,2
2022-01-16,GAL FRANGIPANE 6P,5.0,12.0,5
2022-01-18,GAL FRANGIPANE 6P,1.0,12.0,1
2022-01-20,GAL FRANGIPANE 6P,1.0,12.0,1
2022-01-22,GAL FRANGIPANE 6P,3.0,12.0,3
2022-01-23,GAL FRANGIPANE 6P,6.0,12.0,6
2022-01-24,GAL FRANGIPANE 6P,2.0,12.0,2
2022-01-25,GAL FRANGIPANE 6P,1.0,12.0,1
2022-01-28,GAL FRANGIPANE 6P,1.0,12.0,1
2021-01-09,GAL POIRE CHOCO 4P,2.0,8.0,2
2021-01-10,GAL POIRE CHOCO 4P,3.0,8.0,3
2021-01-17,GAL POIRE CHOCO 4P,3.0,8.0,3
2021-12-27,GAL POIRE CHOCO 4P,1.0,8.0,1
2021-12-28,GAL POIRE CHOCO 4P,1.0,8.0,1
2022-01-06,GAL POIRE CHOCO 4P,1.0,8.0,1
2022-01-07,GAL POIRE CHOCO 4P,2.0,8.0,2
2022-01-08,GAL POIRE CHOCO 4P,4.0,8.0,4
2022-01-09,GAL POIRE CHOCO 4P,4.0,8.0,4
2022-01-13,GAL POIRE CHOCO 4P,1.0,8.0,1
2022-01-24,GAL POIRE CHOCO 4P,1.0,8.0,1
2022-01-30,GAL POIRE CHOCO 4P,1.0,8.0,1
2021-01-09,GAL POIRE CHOCO 6P,3.0,12.0,3
2021-01-10,GAL POIRE CHOCO 6P,2.0,12.0,2
2021-01-17,GAL POIRE CHOCO 6P,2.0,12.0,2
2021-01-28,GAL POIRE CHOCO 6P,1.0,12.0,1
2022-01-06,GAL POIRE CHOCO 6P,1.0,12.0,1
2022-01-07,GAL POIRE CHOCO 6P,1.0,12.0,1
2022-01-08,GAL POIRE CHOCO 6P,2.0,12.0,2
2022-01-09,GAL POIRE CHOCO 6P,1.0,12.0,1
2022-01-25,GAL POIRE CHOCO 6P,1.0,12.0,1
2022-01-29,GAL POIRE CHOCO 6P,1.0,12.0,1
2021-01-02,GAL POMME 4P,9.0,8.0,9
2021-01-03,GAL POMME 4P,12.0,8.0,11
2021-01-04,GAL POMME 4P,3.0,8.0,3
2021-01-07,GAL POMME 4P,2.0,8.0,2
2021-01-08,GAL POMME 4P,4.0,8.0,4
2021-01-09,GAL POMME 4P,3.0,8.0,3
2021-01-10,GAL POMME 4P,5.0,8.0,5
2021-01-16,GAL POMME 4P,3.0,8.0,3
2021-01-18,GAL POMME 4P,4.0,8.0,3
2021-01-21,GAL POMME 4P,1.0,8.0,1
2021-01-23,GAL POMME 4P,1.0,8.0,1
2021-01-24,GAL POMME 4P,1.0,8.0,1
2021-12-26,GAL POMME 4P,1.0,8.0,1
2021-12-28,GAL POMME 4P,1.0,8.0,1
2021-12-29,GAL POMME 4P,1.0,8.0,1
2021-12-30,GAL POMME 4P,1.0,8.0,1
2021-12-31,GAL POMME 4P,3.0,8.0,3
2022-01-02,GAL POMME 4P,5.0,8.0,5
2022-01-03,GAL POMME 4P,3.0,8.0,3
2022-01-04,GAL POMME 4P,1.0,8.0,1
2022-01-06,GAL POMME 4P,2.0,8.0,2
2022-01-07,GAL POMME 4P,1.0,8.0,1
2022-01-08,GAL POMME 4P,1.0,8.0,1
2022-01-09,GAL POMME 4P,6.0,8.0,6
2022-01-11,GAL POMME 4P,1.0,8.0,1
2022-01-14,GAL POMME 4P,2.0,8.0,2
2022-01-15,GAL POMME 4P,2.0,8.0,2
2022-01-16,GAL POMME 4P,7.0,8.0,7
2022-01-17,GAL POMME 4P,1.0,8.0,1
2022-01-20,GAL POMME 4P,1.0,8.0,1
2022-01-21,GAL POMME 4P,2.0,8.0,2
2022-01-22,GAL POMME 4P,1.0,8.0,1
2022-01-23,GAL POMME 4P,5.0,8.0,5
2022-01-24,GAL POMME 4P,2.0,8.0,2
2022-01-28,GAL POMME 4P,1.0,8.0,1
2021-01-02,GAL POMME 6P,4.0,12.0,4
2021-01-03,GAL POMME 6P,9.0,12.0,9
2021-01-07,GAL POMME 6P,1.0,12.0,1
2021-01-08,GAL POMME 6P,1.0,12.0,1
2021-01-09,GAL POMME 6P,2.0,12.0,2
2021-01-10,GAL POMME 6P,3.0,12.0,3
2021-01-17,GAL POMME 6P,6.0,12.0,5
2021-01-21,GAL POMME 6P,1.0,12.0,1
2021-01-24,GAL POMME 6P,3.0,12.0,3
2021-12-26,GAL POMME 6P,2.0,12.0,2
2021-12-27,GAL POMME 6P,1.0,12.0,1
2021-12-29,GAL POMME 6P,1.0,12.0,1
2021-12-31,GAL POMME 6P,1.0,12.0,1
2022-01-02,GAL POMME 6P,4.0,12.0,4
2022-01-04,GAL POMME 6P,2.0,12.0,2
2022-01-06,GAL POMME 6P,1.0,12.0,1
2022-01-08,GAL POMME 6P,2.0,12.0,2
2022-01-09,GAL POMME 6P,4.0,12.0,4
2022-01-15,GAL POMME 6P,3.0,12.0,3
2022-01-16,GAL POMME 6P,4.0,12.0,4
2022-01-18,GAL POMME 6P,1.0,12.0,1
2022-01-20,GAL POMME 6P,1.0,12.0,1
2022-01-22,GAL POMME 6P,1.0,12.0,1
2022-01-23,GAL POMME 6P,4.0,12.0,4
2021-01-10,GALETTE 8 PERS,1.0,16.0,1
2021-01-22,GALETTE 8 PERS,1.0,16.0,1
2021-03-05,GD FAR BRETON,1.0,0.0,1
2021-11-04,GD FAR BRETON,2.0,7.0,2
2021-11-05,GD FAR BRETON,3.0,7.0,3
2021-11-06,GD FAR BRETON,1.0,7.0,1
2021-11-07,GD FAR BRETON,1.0,7.0,1
2021-11-12,GD FAR BRETON,2.0,7.0,2
2021-11-13,GD FAR BRETON,1.0,7.0,1
2021-11-14,GD FAR BRETON,2.0,7.0,2
2021-11-25,GD FAR BRETON,1.0,7.0,1
2021-11-26,GD FAR BRETON,1.0,7.0,1
2021-11-27,GD FAR BRETON,2.0,7.0,2
2021-11-28,GD FAR BRETON,2.0,7.0,2
2021-12-12,GD FAR BRETON,2.0,7.0,2
2021-12-13,GD FAR BRETON,2.0,7.0,2
2021-12-16,GD FAR BRETON,1.0,7.0,1
2021-12-22,GD FAR BRETON,1.0,7.0,1
2021-12-24,GD FAR BRETON,2.0,7.0,2
2021-12-25,GD FAR BRETON,2.0,7.0,1
2021-12-27,GD FAR BRETON,1.0,7.0,1
2021-12-28,GD FAR BRETON,2.0,7.0,2
2022-01-09,GD FAR BRETON,1.0,7.0,1
2022-01-11,GD FAR BRETON,1.0,7.0,1
2022-01-21,GD FAR BRETON,2.0,7.0,2
2022-01-23,GD FAR BRETON,2.0,7.0,2
2022-02-03,GD FAR BRETON,1.0,7.0,1
2022-02-10,GD FAR BRETON,2.0,7.5,2
2022-02-11,GD FAR BRETON,1.0,7.5,1
2022-02-24,GD FAR BRETON,2.0,7.5,2
2022-03-01,GD FAR BRETON,1.0,7.5,1
2022-03-18,GD FAR BRETON,1.0,7.5,1
2022-03-25,GD FAR BRETON,1.0,7.5,1
2022-03-31,GD FAR BRETON,1.0,7.5,1
2022-04-01,GD FAR BRETON,2.0,7.5,2
2022-04-11,GD FAR BRETON,1.0,0.0,1
2022-04-14,GD FAR BRETON,2.0,7.5,2
2022-04-15,GD FAR BRETON,2.0,7.5,1
2022-04-16,GD FAR BRETON,2.0,7.5,2
2022-04-17,GD FAR BRETON,4.0,7.5,4
2022-04-21,GD FAR BRETON,2.0,7.5,2
2022-04-22,GD FAR BRETON,6.0,7.5,6
2022-04-23,GD FAR BRETON,1.0,0.0,1
2022-04-29,GD FAR BRETON,1.0,7.5,1
2022-04-30,GD FAR BRETON,4.0,7.5,3
2022-05-01,GD FAR BRETON,4.0,7.5,4
2022-05-05,GD FAR BRETON,1.0,7.5,1
2022-05-09,GD FAR BRETON,3.0,7.5,2
2022-05-10,GD FAR BRETON,1.0,7.5,1
2022-05-26,GD FAR BRETON,4.0,7.5,4
2022-05-27,GD FAR BRETON,1.0,7.5,1
2022-05-28,GD FAR BRETON,3.0,7.5,3
2022-05-29,GD FAR BRETON,8.0,7.5,6
2022-05-31,GD FAR BRETON,2.0,7.5,2
2022-06-07,GD FAR BRETON,1.0,7.5,1
2022-06-08,GD FAR BRETON,1.0,7.5,1
2022-06-13,GD FAR BRETON,3.0,7.5,3
2022-06-14,GD FAR BRETON,3.0,7.5,2
2022-06-20,GD FAR BRETON,1.0,7.5,1
2022-06-21,GD FAR BRETON,1.0,7.5,1
2022-07-02,GD FAR BRETON,1.0,0.0,1
2022-07-18,GD FAR BRETON,4.0,7.5,4
2022-07-21,GD FAR BRETON,3.0,7.5,3
2022-07-25,GD FAR BRETON,4.0,7.5,4
2022-07-26,GD FAR BRETON,4.0,7.5,2
2022-07-27,GD FAR BRETON,4.0,7.5,4
2022-08-01,GD FAR BRETON,6.0,7.5,6
2022-08-02,GD FAR BRETON,4.0,7.5,3
2022-08-03,GD FAR BRETON,2.0,7.5,1
2022-08-16,GD FAR BRETON,6.0,7.5,4
2022-08-17,GD FAR BRETON,2.0,7.5,2
2022-08-22,GD FAR BRETON,5.0,7.5,5
2022-08-23,GD FAR BRETON,3.0,7.5,1
2022-08-29,GD FAR BRETON,3.0,7.5,2
2022-08-30,GD FAR BRETON,2.0,7.5,2
2022-09-05,GD FAR BRETON,2.0,7.5,2
2022-09-06,GD FAR BRETON,1.0,7.5,1
2022-09-12,GD FAR BRETON,1.0,7.5,1
2022-09-20,GD FAR BRETON,1.0,7.5,1
2022-09-26,GD FAR BRETON,1.0,7.5,1
2022-09-27,GD FAR BRETON,3.0,7.5,3
2021-01-02,GD KOUIGN AMANN,2.0,7.5,2
2021-01-03,GD KOUIGN AMANN,4.0,7.5,3
2021-01-04,GD KOUIGN AMANN,2.0,7.5,2
2021-01-17,GD KOUIGN AMANN,1.0,7.5,1
2021-01-23,GD KOUIGN AMANN,1.0,7.5,1
2021-01-24,GD KOUIGN AMANN,1.0,7.5,1
2021-01-31,GD KOUIGN AMANN,5.0,7.5,2
2021-02-05,GD KOUIGN AMANN,1.0,7.5,1
2021-02-07,GD KOUIGN AMANN,1.0,7.5,1
2021-02-12,GD KOUIGN AMANN,2.0,7.5,1
2021-02-14,GD KOUIGN AMANN,1.0,7.5,1
2021-02-15,GD KOUIGN AMANN,1.0,7.5,1
2021-02-16,GD KOUIGN AMANN,2.0,7.5,1
2021-02-18,GD KOUIGN AMANN,1.0,7.5,1
2021-02-19,GD KOUIGN AMANN,1.0,7.5,1
2021-02-20,GD KOUIGN AMANN,2.0,7.5,1
2021-02-21,GD KOUIGN AMANN,3.0,7.5,3
2021-02-22,GD KOUIGN AMANN,1.0,7.5,1
2021-02-25,GD KOUIGN AMANN,2.0,7.5,1
2021-02-26,GD KOUIGN AMANN,4.0,7.5,1
2021-02-27,GD KOUIGN AMANN,5.0,7.5,5
2021-02-28,GD KOUIGN AMANN,4.0,7.5,4
2021-03-01,GD KOUIGN AMANN,1.0,7.5,1
2021-03-02,GD KOUIGN AMANN,1.0,7.5,1
2021-03-04,GD KOUIGN AMANN,1.0,7.5,1
2021-03-05,GD KOUIGN AMANN,1.0,7.5,1
2021-03-06,GD KOUIGN AMANN,5.0,7.5,3
2021-03-07,GD KOUIGN AMANN,3.0,7.5,3
2021-03-12,GD KOUIGN AMANN,1.0,7.5,1
2021-03-13,GD KOUIGN AMANN,5.0,7.5,3
2021-03-14,GD KOUIGN AMANN,3.0,7.5,3
2021-03-20,GD KOUIGN AMANN,2.0,7.5,2
2021-03-21,GD KOUIGN AMANN,1.0,7.5,1
2021-03-22,GD KOUIGN AMANN,1.0,7.5,1
2021-03-23,GD KOUIGN AMANN,1.0,7.5,1
2021-03-27,GD KOUIGN AMANN,1.0,7.5,1
2021-03-28,GD KOUIGN AMANN,3.0,7.5,2
2021-03-30,GD KOUIGN AMANN,1.0,7.5,1
2021-04-03,GD KOUIGN AMANN,7.0,7.5,6
2021-04-04,GD KOUIGN AMANN,7.0,7.5,7
2021-04-05,GD KOUIGN AMANN,2.0,7.5,2
2021-04-06,GD KOUIGN AMANN,3.0,7.5,2
2021-04-08,GD KOUIGN AMANN,1.0,7.5,1
2021-04-10,GD KOUIGN AMANN,1.0,7.5,1
2021-04-11,GD KOUIGN AMANN,2.0,7.5,2
2021-04-12,GD KOUIGN AMANN,2.0,7.5,2
2021-04-13,GD KOUIGN AMANN,1.0,7.5,1
2021-04-14,GD KOUIGN AMANN,1.0,7.5,1
2021-04-16,GD KOUIGN AMANN,1.0,7.5,1
2021-04-17,GD KOUIGN AMANN,3.0,7.5,2
2021-04-18,GD KOUIGN AMANN,4.0,7.5,4
2021-04-20,GD KOUIGN AMANN,1.0,7.5,1
2021-04-26,GD KOUIGN AMANN,1.0,7.5,1
2021-04-30,GD KOUIGN AMANN,2.0,7.5,2
2021-05-01,GD KOUIGN AMANN,2.0,7.5,1
2021-05-02,GD KOUIGN AMANN,3.0,7.5,3
2021-05-07,GD KOUIGN AMANN,2.0,7.5,2
2021-05-08,GD KOUIGN AMANN,2.0,7.5,2
2021-05-09,GD KOUIGN AMANN,3.0,7.5,3
2021-05-10,GD KOUIGN AMANN,1.0,7.5,1
2021-05-12,GD KOUIGN AMANN,4.0,7.5,4
2021-05-13,GD KOUIGN AMANN,6.0,7.5,4
2021-05-14,GD KOUIGN AMANN,8.0,7.5,6
2021-05-15,GD KOUIGN AMANN,14.0,7.5,10
2021-05-16,GD KOUIGN AMANN,8.0,7.5,6
2021-05-21,GD KOUIGN AMANN,2.0,7.5,1
2021-05-22,GD KOUIGN AMANN,2.0,7.5,2
2021-05-23,GD KOUIGN AMANN,11.0,7.5,8
2021-05-24,GD KOUIGN AMANN,6.0,7.5,3
2021-05-27,GD KOUIGN AMANN,1.0,7.5,1
2021-05-28,GD KOUIGN AMANN,1.0,7.5,1
2021-05-29,GD KOUIGN AMANN,1.0,7.5,1
2021-05-30,GD KOUIGN AMANN,1.0,7.5,1
2021-05-31,GD KOUIGN AMANN,2.0,7.5,2
2021-06-01,GD KOUIGN AMANN,2.0,7.5,2
2021-06-05,GD KOUIGN AMANN,1.0,7.5,1
2021-06-06,GD KOUIGN AMANN,2.0,7.5,2
2021-06-07,GD KOUIGN AMANN,1.0,7.5,1
2021-06-08,GD KOUIGN AMANN,2.0,7.5,2
2021-06-09,GD KOUIGN AMANN,2.0,7.5,2
2021-06-12,GD KOUIGN AMANN,2.0,7.5,2
2021-06-13,GD KOUIGN AMANN,3.0,7.5,3
2021-06-20,GD KOUIGN AMANN,2.0,7.5,2
2021-06-24,GD KOUIGN AMANN,2.0,7.5,2
2021-06-25,GD KOUIGN AMANN,1.0,7.5,1
2021-06-26,GD KOUIGN AMANN,3.0,7.5,3
2021-06-27,GD KOUIGN AMANN,1.0,7.5,1
2021-07-02,GD KOUIGN AMANN,2.0,7.5,1
2021-07-03,GD KOUIGN AMANN,5.0,7.5,3
2021-07-04,GD KOUIGN AMANN,4.0,7.5,4
2021-07-07,GD KOUIGN AMANN,4.0,7.5,3
2021-07-09,GD KOUIGN AMANN,2.0,7.5,2
2021-07-10,GD KOUIGN AMANN,6.0,7.5,4
2021-07-11,GD KOUIGN AMANN,7.0,7.5,7
2021-07-12,GD KOUIGN AMANN,1.0,7.5,1
2021-07-13,GD KOUIGN AMANN,4.0,7.5,4
2021-07-14,GD KOUIGN AMANN,9.0,7.5,9
2021-07-15,GD KOUIGN AMANN,7.0,7.5,7
2021-07-16,GD KOUIGN AMANN,1.0,7.5,1
2021-07-17,GD KOUIGN AMANN,12.0,7.5,8
2021-07-18,GD KOUIGN AMANN,8.0,7.5,6
2021-07-19,GD KOUIGN AMANN,2.0,7.5,2
2021-07-20,GD KOUIGN AMANN,4.0,7.5,4
2021-07-21,GD KOUIGN AMANN,2.0,7.5,2
2021-07-23,GD KOUIGN AMANN,3.0,7.5,3
2021-07-24,GD KOUIGN AMANN,7.0,7.5,4
2021-07-25,GD KOUIGN AMANN,7.0,7.5,6
2021-07-26,GD KOUIGN AMANN,4.0,7.5,3
2021-07-27,GD KOUIGN AMANN,4.0,7.5,4
2021-07-28,GD KOUIGN AMANN,6.0,7.5,6
2021-07-29,GD KOUIGN AMANN,8.0,7.5,7
2021-07-30,GD KOUIGN AMANN,10.0,7.5,6
2021-07-31,GD KOUIGN AMANN,15.0,7.5,7
2021-08-01,GD KOUIGN AMANN,10.0,7.5,7
2021-08-02,GD KOUIGN AMANN,4.0,7.5,3
2021-08-03,GD KOUIGN AMANN,5.0,7.5,5
2021-08-04,GD KOUIGN AMANN,5.0,7.5,4
2021-08-05,GD KOUIGN AMANN,6.0,7.5,5
2021-08-06,GD KOUIGN AMANN,3.0,7.5,3
2021-08-07,GD KOUIGN AMANN,7.0,7.5,6
2021-08-08,GD KOUIGN AMANN,10.0,7.5,8
2021-08-09,GD KOUIGN AMANN,8.0,7.5,6
2021-08-10,GD KOUIGN AMANN,6.0,7.5,5
2021-08-11,GD KOUIGN AMANN,5.0,7.5,3
2021-08-12,GD KOUIGN AMANN,8.0,7.5,5
2021-08-13,GD KOUIGN AMANN,1.0,7.5,1
2021-08-14,GD KOUIGN AMANN,4.0,7.5,3
2021-08-15,GD KOUIGN AMANN,13.0,7.5,7
2021-08-16,GD KOUIGN AMANN,2.0,7.5,2
2021-08-17,GD KOUIGN AMANN,3.0,7.5,2
2021-08-18,GD KOUIGN AMANN,2.0,7.5,2
2021-08-19,GD KOUIGN AMANN,1.0,7.5,1
2021-08-20,GD KOUIGN AMANN,2.0,7.5,2
2021-08-21,GD KOUIGN AMANN,6.0,7.5,5
2021-08-22,GD KOUIGN AMANN,6.0,7.5,4
2021-08-23,GD KOUIGN AMANN,4.0,7.5,3
2021-08-24,GD KOUIGN AMANN,5.0,7.5,3
2021-08-25,GD KOUIGN AMANN,4.0,7.5,3
2021-08-26,GD KOUIGN AMANN,3.0,7.5,3
2021-08-27,GD KOUIGN AMANN,5.0,7.5,5
2021-08-28,GD KOUIGN AMANN,3.0,7.5,3
2021-08-29,GD KOUIGN AMANN,1.0,7.5,1
2021-08-30,GD KOUIGN AMANN,2.0,7.5,2
2021-08-31,GD KOUIGN AMANN,1.0,7.5,1
2021-09-03,GD KOUIGN AMANN,1.0,7.5,1
2021-09-05,GD KOUIGN AMANN,4.0,7.5,4
2021-09-10,GD KOUIGN AMANN,1.0,7.5,1
2021-09-12,GD KOUIGN AMANN,3.0,7.5,2
2021-09-17,GD KOUIGN AMANN,1.0,7.5,1
2021-09-18,GD KOUIGN AMANN,1.0,7.5,1
2021-09-20,GD KOUIGN AMANN,1.0,7.5,1
2021-09-22,GD KOUIGN AMANN,2.0,7.5,1
2021-09-24,GD KOUIGN AMANN,2.0,7.5,2
2021-09-25,GD KOUIGN AMANN,1.0,7.5,1
2021-09-26,GD KOUIGN AMANN,1.0,7.5,1
2021-09-30,GD KOUIGN AMANN,1.0,7.5,1
2021-10-01,GD KOUIGN AMANN,2.0,7.5,2
2021-10-03,GD KOUIGN AMANN,2.0,7.5,1
2021-10-08,GD KOUIGN AMANN,1.0,7.5,1
2021-10-09,GD KOUIGN AMANN,2.0,7.5,2
2021-10-10,GD KOUIGN AMANN,2.0,7.5,2
2021-10-15,GD KOUIGN AMANN,1.0,7.5,1
2021-10-21,GD KOUIGN AMANN,1.0,7.5,1
2021-10-23,GD KOUIGN AMANN,1.0,7.5,1
2021-10-24,GD KOUIGN AMANN,5.0,7.5,3
2021-10-26,GD KOUIGN AMANN,1.0,7.5,1
2021-10-29,GD KOUIGN AMANN,2.0,7.5,2
2021-10-30,GD KOUIGN AMANN,4.0,7.5,3
2021-10-31,GD KOUIGN AMANN,3.0,7.5,3
2021-11-01,GD KOUIGN AMANN,5.0,7.5,4
2021-11-02,GD KOUIGN AMANN,2.0,7.5,1
2021-11-03,GD KOUIGN AMANN,2.0,7.5,2
2021-11-04,GD KOUIGN AMANN,1.0,7.5,1
2021-11-05,GD KOUIGN AMANN,2.0,7.5,2
2021-11-07,GD KOUIGN AMANN,2.0,7.5,2
2021-11-09,GD KOUIGN AMANN,1.0,7.5,1
2021-11-12,GD KOUIGN AMANN,2.0,7.5,2
2021-11-20,GD KOUIGN AMANN,1.0,7.5,1
2021-11-28,GD KOUIGN AMANN,1.0,7.5,1
2021-12-04,GD KOUIGN AMANN,1.0,7.5,1
2021-12-11,GD KOUIGN AMANN,1.0,7.5,1
2021-12-17,GD KOUIGN AMANN,1.0,7.5,1
2021-12-18,GD KOUIGN AMANN,1.0,7.5,1
2021-12-19,GD KOUIGN AMANN,1.0,7.5,1
2021-12-28,GD KOUIGN AMANN,1.0,7.5,1
2021-12-31,GD KOUIGN AMANN,1.0,7.5,1
2022-01-23,GD KOUIGN AMANN,1.0,7.5,1
2022-01-29,GD KOUIGN AMANN,2.0,7.5,1
2022-01-30,GD KOUIGN AMANN,2.0,7.5,2
2022-02-05,GD KOUIGN AMANN,1.0,7.5,1
2022-02-12,GD KOUIGN AMANN,1.0,8.0,1
2022-02-13,GD KOUIGN AMANN,1.0,8.0,1
2022-02-14,GD KOUIGN AMANN,1.0,8.0,1
2022-02-15,GD KOUIGN AMANN,1.0,8.0,1
2022-02-18,GD KOUIGN AMANN,1.0,8.0,1
2022-02-19,GD KOUIGN AMANN,2.0,8.0,1
2022-02-26,GD KOUIGN AMANN,3.0,8.0,3
2022-02-27,GD KOUIGN AMANN,2.0,8.0,2
2022-03-01,GD KOUIGN AMANN,1.0,8.0,1
2022-03-05,GD KOUIGN AMANN,1.0,8.0,1
2022-03-06,GD KOUIGN AMANN,2.0,8.0,1
2022-03-21,GD KOUIGN AMANN,1.0,8.0,1
2022-03-26,GD KOUIGN AMANN,1.0,8.0,1
2022-03-27,GD KOUIGN AMANN,3.0,8.0,3
2022-04-01,GD KOUIGN AMANN,1.0,8.0,1
2022-04-09,GD KOUIGN AMANN,2.0,8.0,1
2022-04-11,GD KOUIGN AMANN,1.0,8.0,1
2022-04-14,GD KOUIGN AMANN,1.0,8.0,1
2022-04-16,GD KOUIGN AMANN,3.0,8.0,2
2022-04-17,GD KOUIGN AMANN,3.0,8.0,3
2022-04-18,GD KOUIGN AMANN,3.0,8.0,3
2022-04-20,GD KOUIGN AMANN,2.0,8.0,2
2022-04-21,GD KOUIGN AMANN,3.0,8.0,2
2022-04-22,GD KOUIGN AMANN,4.0,8.0,3
2022-04-24,GD KOUIGN AMANN,2.0,8.0,2
2022-04-26,GD KOUIGN AMANN,2.0,8.0,1
2022-04-28,GD KOUIGN AMANN,1.0,8.0,1
2022-04-30,GD KOUIGN AMANN,4.0,8.0,4
2022-05-01,GD KOUIGN AMANN,7.0,8.0,5
2022-05-02,GD KOUIGN AMANN,1.0,8.0,1
2022-05-03,GD KOUIGN AMANN,1.0,8.0,1
2022-05-07,GD KOUIGN AMANN,3.0,8.0,3
2022-05-09,GD KOUIGN AMANN,1.0,8.0,1
2022-05-13,GD KOUIGN AMANN,3.0,8.0,2
2022-05-14,GD KOUIGN AMANN,1.0,8.0,1
2022-05-15,GD KOUIGN AMANN,2.0,8.0,1
2022-05-18,GD KOUIGN AMANN,1.0,8.0,1
2022-05-20,GD KOUIGN AMANN,1.0,8.0,1
2022-05-25,GD KOUIGN AMANN,2.0,8.0,2
2022-05-26,GD KOUIGN AMANN,6.0,8.0,5
2022-05-28,GD KOUIGN AMANN,10.0,8.0,8
2022-05-29,GD KOUIGN AMANN,7.0,8.0,5
2022-06-03,GD KOUIGN AMANN,2.0,8.0,1
2022-06-04,GD KOUIGN AMANN,7.0,8.0,5
2022-06-05,GD KOUIGN AMANN,5.0,8.0,3
2022-06-06,GD KOUIGN AMANN,10.0,8.0,7
2022-06-11,GD KOUIGN AMANN,8.0,8.0,4
2022-06-12,GD KOUIGN AMANN,3.0,8.0,2
2022-06-18,GD KOUIGN AMANN,2.0,8.0,2
2022-06-19,GD KOUIGN AMANN,4.0,8.0,3
2022-06-24,GD KOUIGN AMANN,1.0,8.0,1
2022-06-25,GD KOUIGN AMANN,2.0,8.0,2
2022-06-26,GD KOUIGN AMANN,2.0,8.0,2
2022-07-01,GD KOUIGN AMANN,1.0,9.0,1
2022-07-03,GD KOUIGN AMANN,2.0,9.0,2
2022-07-07,GD KOUIGN AMANN,1.0,9.0,1
2022-07-08,GD KOUIGN AMANN,1.0,9.0,1
2022-07-09,GD KOUIGN AMANN,5.0,9.0,4
2022-07-10,GD KOUIGN AMANN,2.0,9.0,2
2022-07-11,GD KOUIGN AMANN,2.0,9.0,2
2022-07-13,GD KOUIGN AMANN,1.0,9.0,1
2022-07-14,GD KOUIGN AMANN,3.0,9.0,3
2022-07-15,GD KOUIGN AMANN,5.0,9.0,3
2022-07-16,GD KOUIGN AMANN,5.0,9.0,5
2022-07-17,GD KOUIGN AMANN,8.0,9.0,6
2022-07-18,GD KOUIGN AMANN,3.0,9.0,3
2022-07-19,GD KOUIGN AMANN,5.0,9.0,4
2022-07-20,GD KOUIGN AMANN,2.0,9.0,1
2022-07-21,GD KOUIGN AMANN,1.0,9.0,1
2022-07-23,GD KOUIGN AMANN,8.0,9.0,7
2022-07-24,GD KOUIGN AMANN,9.0,9.0,8
2022-07-25,GD KOUIGN AMANN,5.0,9.0,4
2022-07-26,GD KOUIGN AMANN,2.0,9.0,2
2022-07-27,GD KOUIGN AMANN,4.0,9.0,4
2022-07-28,GD KOUIGN AMANN,4.0,9.0,3
2022-07-29,GD KOUIGN AMANN,1.0,9.0,1
2022-07-30,GD KOUIGN AMANN,3.0,9.0,2
2022-07-31,GD KOUIGN AMANN,4.0,9.0,3
2022-08-01,GD KOUIGN AMANN,4.0,9.0,3
2022-08-02,GD KOUIGN AMANN,4.0,9.0,3
2022-08-03,GD KOUIGN AMANN,3.0,9.0,3
2022-08-04,GD KOUIGN AMANN,4.0,9.0,4
2022-08-05,GD KOUIGN AMANN,8.0,9.0,5
2022-08-06,GD KOUIGN AMANN,6.0,9.0,6
2022-08-07,GD KOUIGN AMANN,9.0,9.0,8
2022-08-08,GD KOUIGN AMANN,2.0,9.0,2
2022-08-09,GD KOUIGN AMANN,4.0,9.0,4
2022-08-10,GD KOUIGN AMANN,3.0,9.0,3
2022-08-11,GD KOUIGN AMANN,10.0,9.0,7
2022-08-12,GD KOUIGN AMANN,7.0,9.0,6
2022-08-13,GD KOUIGN AMANN,4.0,9.0,3
2022-08-14,GD KOUIGN AMANN,17.0,9.0,11
2022-08-15,GD KOUIGN AMANN,7.0,9.0,6
2022-08-16,GD KOUIGN AMANN,3.0,9.0,3
2022-08-17,GD KOUIGN AMANN,7.0,9.0,5
2022-08-18,GD KOUIGN AMANN,6.0,9.0,3
2022-08-19,GD KOUIGN AMANN,6.0,9.0,5
2022-08-20,GD KOUIGN AMANN,7.0,9.0,6
2022-08-21,GD KOUIGN AMANN,11.0,9.0,8
2022-08-22,GD KOUIGN AMANN,6.0,9.0,5
2022-08-23,GD KOUIGN AMANN,6.0,9.0,4
2022-08-24,GD KOUIGN AMANN,2.0,9.0,2
2022-08-25,GD KOUIGN AMANN,6.0,9.0,5
2022-08-27,GD KOUIGN AMANN,6.0,9.0,4
2022-08-28,GD KOUIGN AMANN,6.0,9.0,5
2022-08-30,GD KOUIGN AMANN,2.0,9.0,1
2022-08-31,GD KOUIGN AMANN,1.0,9.0,1
2022-09-02,GD KOUIGN AMANN,1.0,9.0,1
2022-09-03,GD KOUIGN AMANN,1.0,9.0,1
2022-09-04,GD KOUIGN AMANN,1.0,9.0,1
2022-09-06,GD KOUIGN AMANN,2.0,9.0,2
2022-09-11,GD KOUIGN AMANN,3.0,9.0,3
2022-09-12,GD KOUIGN AMANN,2.0,9.0,2
2022-09-16,GD KOUIGN AMANN,2.0,9.0,2
2022-09-17,GD KOUIGN AMANN,4.0,9.0,2
2022-09-18,GD KOUIGN AMANN,5.0,9.0,4
2022-09-23,GD KOUIGN AMANN,3.0,9.0,3
2022-09-24,GD KOUIGN AMANN,5.0,9.0,3
2022-09-25,GD KOUIGN AMANN,2.0,9.0,2
2021-07-31,GD NANTAIS,13.0,11.0,3
2021-08-01,GD NANTAIS,1.0,11.0,1
2021-08-04,GD NANTAIS,6.0,11.0,5
2021-08-05,GD NANTAIS,2.0,11.0,2
2021-08-08,GD NANTAIS,4.0,11.0,4
2021-08-09,GD NANTAIS,2.0,11.0,2
2021-08-12,GD NANTAIS,1.0,11.0,1
2021-08-13,GD NANTAIS,2.0,11.0,2
2021-08-14,GD NANTAIS,4.0,11.0,2
2021-08-15,GD NANTAIS,3.0,11.0,3
2021-08-17,GD NANTAIS,4.0,11.0,2
2021-08-18,GD NANTAIS,2.0,11.0,2
2021-08-19,GD NANTAIS,1.0,11.0,1
2021-08-21,GD NANTAIS,1.0,11.0,1
2021-08-22,GD NANTAIS,1.0,11.0,1
2021-08-23,GD NANTAIS,1.0,11.0,1
2021-08-25,GD NANTAIS,1.0,11.0,1
2021-08-26,GD NANTAIS,1.0,11.0,1
2021-08-27,GD NANTAIS,4.0,11.0,4
2021-08-28,GD NANTAIS,1.0,11.0,1
2021-08-29,GD NANTAIS,4.0,11.0,4
2021-08-30,GD NANTAIS,1.0,11.0,1
2021-09-12,GD NANTAIS,3.0,11.0,3
2021-09-19,GD NANTAIS,1.0,11.0,1
2021-09-24,GD NANTAIS,1.0,11.0,1
2021-09-26,GD NANTAIS,1.0,11.0,1
2021-09-27,GD NANTAIS,2.0,11.0,1
2021-09-29,GD NANTAIS,1.0,11.0,1
2021-10-06,GD NANTAIS,1.0,11.0,1
2021-10-10,GD NANTAIS,1.0,11.0,1
2021-10-17,GD NANTAIS,1.0,11.0,1
2021-10-21,GD NANTAIS,1.0,11.0,1
2021-10-26,GD NANTAIS,1.0,11.0,1
2021-10-27,GD NANTAIS,1.0,11.0,1
2021-10-31,GD NANTAIS,1.0,11.0,1
2021-11-01,GD NANTAIS,3.0,11.0,1
2021-11-05,GD NANTAIS,2.0,11.0,2
2021-11-06,GD NANTAIS,1.0,11.0,1
2021-11-11,GD NANTAIS,1.0,11.0,1
2021-11-12,GD NANTAIS,1.0,11.0,1
2021-11-13,GD NANTAIS,1.0,11.0,1
2021-11-14,GD NANTAIS,1.0,11.0,1
2021-11-18,GD NANTAIS,1.0,11.0,1
2021-11-20,GD NANTAIS,4.0,11.0,3
2021-11-28,GD NANTAIS,1.0,11.0,1
2021-12-19,GD NANTAIS,1.0,11.0,1
2021-12-20,GD NANTAIS,1.0,11.0,1
2021-12-21,GD NANTAIS,2.0,11.0,1
2021-12-23,GD NANTAIS,1.0,11.0,1
2021-12-24,GD NANTAIS,3.0,11.0,2
2021-12-26,GD NANTAIS,1.0,11.0,1
2022-04-29,GD NANTAIS,1.0,12.0,1
2022-04-30,GD NANTAIS,1.0,12.0,1
2022-05-11,GD NANTAIS,1.0,12.0,1
2022-05-13,GD NANTAIS,2.0,12.0,2
2022-05-14,GD NANTAIS,1.0,12.0,1
2022-07-07,GD NANTAIS,1.0,12.0,1
2022-07-11,GD NANTAIS,1.0,14.0,1
2021-12-24,GD PLATEAU SALE,1.0,18.0,1
2021-12-25,GD PLATEAU SALE,1.0,18.0,1
2021-01-02,GRAND FAR BRETON,6.0,7.0,5
2021-01-03,GRAND FAR BRETON,2.0,7.0,2
2021-01-04,GRAND FAR BRETON,1.0,7.0,1
2021-01-09,GRAND FAR BRETON,1.0,7.0,1
2021-01-22,GRAND FAR BRETON,1.0,7.0,1
2021-01-24,GRAND FAR BRETON,2.0,7.0,2
2021-01-28,GRAND FAR BRETON,1.0,7.0,1
2021-01-30,GRAND FAR BRETON,2.0,7.0,2
2021-02-06,GRAND FAR BRETON,5.0,7.0,3
2021-02-11,GRAND FAR BRETON,1.0,7.0,1
2021-02-12,GRAND FAR BRETON,1.0,7.0,1
2021-02-13,GRAND FAR BRETON,4.0,7.0,2
2021-02-14,GRAND FAR BRETON,2.0,7.0,2
2021-02-15,GRAND FAR BRETON,1.0,7.0,1
2021-02-18,GRAND FAR BRETON,1.0,7.0,1
2021-02-19,GRAND FAR BRETON,2.0,7.0,2
2021-02-20,GRAND FAR BRETON,3.0,7.0,3
2021-02-21,GRAND FAR BRETON,6.0,7.0,6
2021-02-23,GRAND FAR BRETON,4.0,7.0,4
2021-02-25,GRAND FAR BRETON,2.0,7.0,2
2021-02-26,GRAND FAR BRETON,3.0,7.0,3
2021-02-27,GRAND FAR BRETON,4.0,7.0,4
2021-02-28,GRAND FAR BRETON,5.0,7.0,4
2021-03-01,GRAND FAR BRETON,1.0,7.0,1
2021-03-02,GRAND FAR BRETON,1.0,7.0,1
2021-03-04,GRAND FAR BRETON,1.0,7.0,1
2021-03-05,GRAND FAR BRETON,4.0,7.0,4
2021-03-06,GRAND FAR BRETON,4.0,7.0,4
2021-03-07,GRAND FAR BRETON,3.0,7.0,3
2021-03-08,GRAND FAR BRETON,2.0,7.0,2
2021-03-09,GRAND FAR BRETON,1.0,7.0,1
2021-03-11,GRAND FAR BRETON,1.0,7.0,1
2021-03-12,GRAND FAR BRETON,2.0,7.0,2
2021-03-13,GRAND FAR BRETON,1.0,7.0,1
2021-03-14,GRAND FAR BRETON,2.0,7.0,2
2021-03-15,GRAND FAR BRETON,3.0,7.0,3
2021-03-16,GRAND FAR BRETON,1.0,7.0,1
2021-03-18,GRAND FAR BRETON,1.0,7.0,1
2021-03-19,GRAND FAR BRETON,1.0,7.0,1
2021-03-20,GRAND FAR BRETON,2.0,7.0,2
2021-03-21,GRAND FAR BRETON,4.0,7.0,4
2021-03-22,GRAND FAR BRETON,1.0,7.0,1
2021-03-26,GRAND FAR BRETON,1.0,7.0,1
2021-03-27,GRAND FAR BRETON,2.0,7.0,2
2021-03-28,GRAND FAR BRETON,2.0,7.0,2
2021-03-29,GRAND FAR BRETON,2.0,7.0,2
2021-03-30,GRAND FAR BRETON,3.0,7.0,3
2021-04-01,GRAND FAR BRETON,1.0,7.0,1
2021-04-02,GRAND FAR BRETON,3.0,7.0,3
2021-04-03,GRAND FAR BRETON,3.0,7.0,3
2021-04-04,GRAND FAR BRETON,6.0,7.0,6
2021-04-05,GRAND FAR BRETON,1.0,7.0,1
2021-04-09,GRAND FAR BRETON,1.0,7.0,1
2021-04-10,GRAND FAR BRETON,3.0,7.0,3
2021-04-11,GRAND FAR BRETON,1.0,7.0,1
2021-04-12,GRAND FAR BRETON,1.0,7.0,1
2021-04-13,GRAND FAR BRETON,2.0,7.0,2
2021-04-15,GRAND FAR BRETON,1.0,7.0,1
2021-04-17,GRAND FAR BRETON,2.0,7.0,2
2021-04-18,GRAND FAR BRETON,2.0,7.0,2
2021-04-19,GRAND FAR BRETON,1.0,7.0,1
2021-04-20,GRAND FAR BRETON,2.0,7.0,2
2021-04-21,GRAND FAR BRETON,1.0,7.0,1
2021-04-22,GRAND FAR BRETON,3.0,7.0,3
2021-04-23,GRAND FAR BRETON,1.0,7.0,1
2021-04-24,GRAND FAR BRETON,1.0,7.0,1
2021-04-25,GRAND FAR BRETON,2.0,7.0,2
2021-04-27,GRAND FAR BRETON,1.0,7.0,1
2021-04-28,GRAND FAR BRETON,4.0,7.0,4
2021-05-01,GRAND FAR BRETON,1.0,7.0,1
2021-05-02,GRAND FAR BRETON,2.0,7.0,2
2021-05-03,GRAND FAR BRETON,1.0,7.0,1
2021-05-04,GRAND FAR BRETON,1.0,7.0,1
2021-05-05,GRAND FAR BRETON,2.0,7.0,2
2021-05-06,GRAND FAR BRETON,2.0,7.0,2
2021-05-07,GRAND FAR BRETON,1.0,7.0,1
2021-05-08,GRAND FAR BRETON,5.0,7.0,4
2021-05-09,GRAND FAR BRETON,3.0,7.0,3
2021-05-10,GRAND FAR BRETON,3.0,7.0,3
2021-05-11,GRAND FAR BRETON,1.0,7.0,1
2021-05-12,GRAND FAR BRETON,2.0,7.0,2
2021-05-13,GRAND FAR BRETON,5.0,7.0,5
2021-05-14,GRAND FAR BRETON,5.0,7.0,5
2021-05-15,GRAND FAR BRETON,8.0,7.0,7
2021-05-16,GRAND FAR BRETON,8.0,7.0,7
2021-05-21,GRAND FAR BRETON,6.0,7.0,4
2021-05-22,GRAND FAR BRETON,5.0,7.0,5
2021-05-23,GRAND FAR BRETON,7.0,7.0,6
2021-05-24,GRAND FAR BRETON,7.0,7.0,7
2021-05-25,GRAND FAR BRETON,4.0,7.0,2
2021-05-26,GRAND FAR BRETON,1.0,7.0,1
2021-05-27,GRAND FAR BRETON,2.0,7.0,2
2021-05-29,GRAND FAR BRETON,2.0,7.0,2
2021-05-30,GRAND FAR BRETON,1.0,7.0,1
2021-06-01,GRAND FAR BRETON,1.0,7.0,1
2021-06-02,GRAND FAR BRETON,2.0,7.0,2
2021-06-03,GRAND FAR BRETON,1.0,7.0,1
2021-06-04,GRAND FAR BRETON,2.0,7.0,2
2021-06-05,GRAND FAR BRETON,3.0,7.0,3
2021-06-06,GRAND FAR BRETON,2.0,7.0,2
2021-06-08,GRAND FAR BRETON,1.0,7.0,1
2021-06-10,GRAND FAR BRETON,1.0,7.0,1
2021-06-11,GRAND FAR BRETON,1.0,7.0,1
2021-06-12,GRAND FAR BRETON,1.0,7.0,1
2021-06-13,GRAND FAR BRETON,4.0,7.0,4
2021-06-15,GRAND FAR BRETON,3.0,7.0,3
2021-06-16,GRAND FAR BRETON,3.0,7.0,3
2021-06-17,GRAND FAR BRETON,2.0,7.0,2
2021-06-18,GRAND FAR BRETON,3.0,7.0,3
2021-06-19,GRAND FAR BRETON,3.0,7.0,2
2021-06-20,GRAND FAR BRETON,5.0,7.0,3
2021-06-21,GRAND FAR BRETON,2.0,7.0,2
2021-06-22,GRAND FAR BRETON,1.0,7.0,1
2021-06-24,GRAND FAR BRETON,3.0,7.0,3
2021-06-26,GRAND FAR BRETON,1.0,7.0,1
2021-06-27,GRAND FAR BRETON,5.0,7.0,5
2021-06-28,GRAND FAR BRETON,2.0,7.0,2
2021-06-29,GRAND FAR BRETON,2.0,7.0,2
2021-06-30,GRAND FAR BRETON,2.0,7.0,2
2021-07-01,GRAND FAR BRETON,4.0,7.0,4
2021-07-02,GRAND FAR BRETON,3.0,7.0,3
2021-07-03,GRAND FAR BRETON,6.0,7.0,6
2021-07-04,GRAND FAR BRETON,3.0,7.0,3
2021-07-05,GRAND FAR BRETON,3.0,7.0,3
2021-07-06,GRAND FAR BRETON,2.0,7.0,2
2021-07-07,GRAND FAR BRETON,5.0,7.0,5
2021-07-09,GRAND FAR BRETON,3.0,7.0,3
2021-07-10,GRAND FAR BRETON,4.0,7.0,4
2021-07-11,GRAND FAR BRETON,6.0,7.0,6
2021-07-12,GRAND FAR BRETON,4.0,7.0,3
2021-07-14,GRAND FAR BRETON,11.0,7.0,11
2021-07-15,GRAND FAR BRETON,4.0,7.0,4
2021-07-16,GRAND FAR BRETON,5.0,7.0,5
2021-07-17,GRAND FAR BRETON,8.0,7.0,8
2021-07-18,GRAND FAR BRETON,7.0,7.0,7
2021-07-19,GRAND FAR BRETON,3.0,7.0,3
2021-07-20,GRAND FAR BRETON,4.0,7.0,4
2021-07-21,GRAND FAR BRETON,6.0,7.0,5
2021-07-22,GRAND FAR BRETON,5.0,7.0,3
2021-07-23,GRAND FAR BRETON,7.0,7.0,6
2021-07-24,GRAND FAR BRETON,7.0,7.0,7
2021-07-25,GRAND FAR BRETON,13.0,7.0,11
2021-07-26,GRAND FAR BRETON,1.0,7.0,1
2021-07-27,GRAND FAR BRETON,8.0,7.0,8
2021-07-28,GRAND FAR BRETON,7.0,7.0,5
2021-07-29,GRAND FAR BRETON,3.0,7.0,3
2021-07-30,GRAND FAR BRETON,12.0,7.0,11
2021-07-31,GRAND FAR BRETON,12.0,7.0,12
2021-08-01,GRAND FAR BRETON,6.0,7.0,6
2021-08-02,GRAND FAR BRETON,6.0,7.0,5
2021-08-03,GRAND FAR BRETON,5.0,7.0,5
2021-08-04,GRAND FAR BRETON,8.0,7.0,8
2021-08-05,GRAND FAR BRETON,8.0,7.0,8
2021-08-06,GRAND FAR BRETON,7.0,7.0,6
2021-08-07,GRAND FAR BRETON,8.0,7.0,8
2021-08-08,GRAND FAR BRETON,15.0,7.0,14
2021-08-09,GRAND FAR BRETON,7.0,7.0,5
2021-08-10,GRAND FAR BRETON,9.0,7.0,9
2021-08-11,GRAND FAR BRETON,18.0,7.0,9
2021-08-12,GRAND FAR BRETON,8.0,7.0,8
2021-08-13,GRAND FAR BRETON,8.0,7.0,8
2021-08-14,GRAND FAR BRETON,10.0,7.0,10
2021-08-15,GRAND FAR BRETON,18.0,7.0,17
2021-08-16,GRAND FAR BRETON,8.0,7.0,5
2021-08-17,GRAND FAR BRETON,8.0,7.0,7
2021-08-18,GRAND FAR BRETON,6.0,7.0,5
2021-08-19,GRAND FAR BRETON,7.0,7.0,5
2021-08-20,GRAND FAR BRETON,9.0,7.0,9
2021-08-21,GRAND FAR BRETON,9.0,7.0,8
2021-08-22,GRAND FAR BRETON,7.0,7.0,7
2021-08-23,GRAND FAR BRETON,3.0,7.0,3
2021-08-24,GRAND FAR BRETON,8.0,7.0,6
2021-08-25,GRAND FAR BRETON,8.0,7.0,7
2021-08-26,GRAND FAR BRETON,7.0,7.0,7
2021-08-27,GRAND FAR BRETON,3.0,7.0,3
2021-08-28,GRAND FAR BRETON,7.0,7.0,7
2021-08-29,GRAND FAR BRETON,7.0,7.0,6
2021-08-30,GRAND FAR BRETON,3.0,7.0,3
2021-08-31,GRAND FAR BRETON,3.0,7.0,3
2021-09-01,GRAND FAR BRETON,2.0,7.0,2
2021-09-02,GRAND FAR BRETON,1.0,7.0,1
2021-09-03,GRAND FAR BRETON,2.0,7.0,2
2021-09-04,GRAND FAR BRETON,7.0,7.0,6
2021-09-05,GRAND FAR BRETON,9.0,7.0,9
2021-09-06,GRAND FAR BRETON,1.0,7.0,1
2021-09-08,GRAND FAR BRETON,2.0,7.0,2
2021-09-09,GRAND FAR BRETON,2.0,7.0,2
2021-09-10,GRAND FAR BRETON,3.0,7.0,3
2021-09-11,GRAND FAR BRETON,3.0,7.0,3
2021-09-12,GRAND FAR BRETON,1.0,7.0,1
2021-09-13,GRAND FAR BRETON,1.0,7.0,1
2021-09-14,GRAND FAR BRETON,1.0,7.0,1
2021-09-15,GRAND FAR BRETON,2.0,7.0,2
2021-09-16,GRAND FAR BRETON,2.0,7.0,2
2021-09-17,GRAND FAR BRETON,4.0,7.0,4
2021-09-18,GRAND FAR BRETON,5.0,7.0,4
2021-09-19,GRAND FAR BRETON,5.0,7.0,4
2021-09-20,GRAND FAR BRETON,2.0,7.0,2
2021-09-21,GRAND FAR BRETON,1.0,7.0,1
2021-09-23,GRAND FAR BRETON,2.0,7.0,2
2021-09-24,GRAND FAR BRETON,4.0,7.0,4
2021-09-25,GRAND FAR BRETON,3.0,7.0,3
2021-09-26,GRAND FAR BRETON,7.0,7.0,7
2021-09-27,GRAND FAR BRETON,1.0,7.0,1
2021-09-29,GRAND FAR BRETON,2.0,7.0,2
2021-10-01,GRAND FAR BRETON,2.0,7.0,2
2021-10-02,GRAND FAR BRETON,3.0,7.0,3
2021-10-03,GRAND FAR BRETON,2.0,7.0,2
2021-10-04,GRAND FAR BRETON,2.0,7.0,2
2021-10-05,GRAND FAR BRETON,1.0,7.0,1
2021-10-06,GRAND FAR BRETON,2.0,7.0,1
2021-10-07,GRAND FAR BRETON,2.0,7.0,1
2021-10-08,GRAND FAR BRETON,3.0,7.0,3
2021-10-09,GRAND FAR BRETON,2.0,7.0,2
2021-10-10,GRAND FAR BRETON,3.0,7.0,3
2021-10-14,GRAND FAR BRETON,2.0,7.0,1
2021-10-15,GRAND FAR BRETON,1.0,7.0,1
2021-10-16,GRAND FAR BRETON,1.0,7.0,1
2021-10-17,GRAND FAR BRETON,4.0,7.0,3
2021-10-21,GRAND FAR BRETON,2.0,7.0,2
2021-10-23,GRAND FAR BRETON,1.0,7.0,1
2021-10-24,GRAND FAR BRETON,3.0,7.0,3
2021-10-25,GRAND FAR BRETON,1.0,7.0,1
2021-10-27,GRAND FAR BRETON,2.0,7.0,2
2021-10-28,GRAND FAR BRETON,2.0,7.0,1
2021-10-29,GRAND FAR BRETON,4.0,7.0,2
2021-10-30,GRAND FAR BRETON,6.0,7.0,5
2021-10-31,GRAND FAR BRETON,3.0,7.0,3
2021-11-01,GRAND FAR BRETON,6.0,7.0,5
2021-11-02,GRAND FAR BRETON,3.0,7.0,3
2021-11-03,GRAND FAR BRETON,3.0,7.0,3
2021-11-08,GRAND FAR BRETON,1.0,7.0,1
2021-11-10,GRAND FAR BRETON,1.0,7.0,1
2021-11-11,GRAND FAR BRETON,3.0,7.0,3
2021-11-19,GRAND FAR BRETON,1.0,7.0,1
2021-11-21,GRAND FAR BRETON,1.0,7.0,1
2021-11-30,GRAND FAR BRETON,1.0,7.0,1
2021-12-11,GRAND FAR BRETON,1.0,7.0,1
2021-12-18,GRAND FAR BRETON,2.0,7.0,2
2021-12-20,GRAND FAR BRETON,1.0,7.0,1
2021-12-24,GRAND FAR BRETON,1.0,7.0,1
2021-12-26,GRAND FAR BRETON,1.0,7.0,1
2021-12-30,GRAND FAR BRETON,2.0,7.0,2
2021-12-31,GRAND FAR BRETON,1.0,7.0,1
2022-01-02,GRAND FAR BRETON,2.0,7.0,2
2022-01-03,GRAND FAR BRETON,2.0,7.0,2
2022-01-15,GRAND FAR BRETON,1.0,7.0,1
2022-02-04,GRAND FAR BRETON,1.0,7.0,1
2022-02-05,GRAND FAR BRETON,2.0,7.0,2
2022-02-06,GRAND FAR BRETON,2.0,7.0,2
2022-02-12,GRAND FAR BRETON,1.0,7.5,1
2022-02-13,GRAND FAR BRETON,1.0,7.5,1
2022-02-18,GRAND FAR BRETON,1.0,7.5,1
2022-02-19,GRAND FAR BRETON,2.0,7.5,2
2022-02-20,GRAND FAR BRETON,1.0,7.5,1
2022-02-21,GRAND FAR BRETON,2.0,7.5,2
2022-02-25,GRAND FAR BRETON,1.0,7.5,1
2022-02-26,GRAND FAR BRETON,3.0,7.5,3
2022-02-27,GRAND FAR BRETON,5.0,7.5,5
2022-02-28,GRAND FAR BRETON,2.0,7.5,2
2022-03-01,GRAND FAR BRETON,1.0,7.5,1
2022-03-04,GRAND FAR BRETON,1.0,7.5,1
2022-03-05,GRAND FAR BRETON,4.0,7.5,4
2022-03-06,GRAND FAR BRETON,4.0,7.5,3
2022-03-07,GRAND FAR BRETON,1.0,7.5,1
2022-03-12,GRAND FAR BRETON,1.0,7.5,1
2022-03-13,GRAND FAR BRETON,3.0,7.5,3
2022-03-15,GRAND FAR BRETON,1.0,7.5,1
2022-03-19,GRAND FAR BRETON,3.0,7.5,3
2022-03-20,GRAND FAR BRETON,2.0,7.5,2
2022-03-22,GRAND FAR BRETON,1.0,7.5,1
2022-03-23,GRAND FAR BRETON,1.0,7.5,1
2022-03-26,GRAND FAR BRETON,1.0,7.5,1
2022-03-29,GRAND FAR BRETON,1.0,7.5,1
2022-04-02,GRAND FAR BRETON,1.0,7.5,1
2022-04-05,GRAND FAR BRETON,1.0,7.5,1
2022-04-06,GRAND FAR BRETON,1.0,7.5,1
2022-04-09,GRAND FAR BRETON,2.0,7.5,2
2022-04-10,GRAND FAR BRETON,1.0,7.5,1
2022-04-11,GRAND FAR BRETON,1.0,7.5,1
2022-04-13,GRAND FAR BRETON,2.0,7.5,2
2022-04-16,GRAND FAR BRETON,5.0,7.5,4
2022-04-18,GRAND FAR BRETON,4.0,7.5,4
2022-04-19,GRAND FAR BRETON,1.0,7.5,1
2022-04-20,GRAND FAR BRETON,3.0,7.5,3
2022-04-23,GRAND FAR BRETON,1.0,7.5,1
2022-04-24,GRAND FAR BRETON,3.0,7.5,3
2022-04-25,GRAND FAR BRETON,1.0,7.5,1
2022-04-26,GRAND FAR BRETON,1.0,7.5,1
2022-04-27,GRAND FAR BRETON,1.0,7.5,1
2022-05-02,GRAND FAR BRETON,3.0,7.5,3
2022-05-05,GRAND FAR BRETON,1.0,7.5,1
2022-05-06,GRAND FAR BRETON,3.0,7.5,3
2022-05-07,GRAND FAR BRETON,2.0,7.5,2
2022-05-08,GRAND FAR BRETON,1.0,7.5,1
2022-05-13,GRAND FAR BRETON,3.0,7.5,3
2022-05-14,GRAND FAR BRETON,2.0,7.5,2
2022-05-15,GRAND FAR BRETON,6.0,7.5,6
2022-05-16,GRAND FAR BRETON,1.0,7.5,1
2022-05-17,GRAND FAR BRETON,1.0,7.5,1
2022-05-18,GRAND FAR BRETON,1.0,7.5,1
2022-05-21,GRAND FAR BRETON,2.0,7.5,2
2022-05-22,GRAND FAR BRETON,4.0,7.5,4
2022-05-23,GRAND FAR BRETON,2.0,7.5,1
2022-05-25,GRAND FAR BRETON,3.0,7.5,3
2022-05-26,GRAND FAR BRETON,6.0,7.5,6
2022-05-27,GRAND FAR BRETON,8.0,7.5,6
2022-05-28,GRAND FAR BRETON,4.0,7.5,2
2022-05-29,GRAND FAR BRETON,5.0,7.5,4
2022-05-30,GRAND FAR BRETON,5.0,7.5,4
2022-06-02,GRAND FAR BRETON,1.0,7.5,1
2022-06-03,GRAND FAR BRETON,1.0,7.5,1
2022-06-04,GRAND FAR BRETON,4.0,7.5,3
2022-06-05,GRAND FAR BRETON,4.0,7.5,4
2022-06-06,GRAND FAR BRETON,7.0,7.5,6
2022-06-09,GRAND FAR BRETON,1.0,7.5,1
2022-06-10,GRAND FAR BRETON,2.0,7.5,2
2022-06-11,GRAND FAR BRETON,7.0,7.5,5
2022-06-12,GRAND FAR BRETON,4.0,7.5,4
2022-06-15,GRAND FAR BRETON,3.0,7.5,2
2022-06-18,GRAND FAR BRETON,4.0,7.5,4
2022-06-19,GRAND FAR BRETON,8.0,7.5,7
2022-06-23,GRAND FAR BRETON,1.0,7.5,1
2022-06-24,GRAND FAR BRETON,2.0,7.5,2
2022-06-25,GRAND FAR BRETON,2.0,7.5,2
2022-06-26,GRAND FAR BRETON,4.0,7.5,3
2022-06-28,GRAND FAR BRETON,1.0,7.5,1
2022-07-01,GRAND FAR BRETON,1.0,7.5,1
2022-07-02,GRAND FAR BRETON,1.0,7.5,1
2022-07-03,GRAND FAR BRETON,5.0,7.5,4
2022-07-05,GRAND FAR BRETON,1.0,7.5,1
2022-07-06,GRAND FAR BRETON,1.0,7.5,1
2022-07-07,GRAND FAR BRETON,7.0,7.5,6
2022-07-08,GRAND FAR BRETON,5.0,7.5,5
2022-07-09,GRAND FAR BRETON,3.0,7.5,3
2022-07-10,GRAND FAR BRETON,7.0,7.5,7
2022-07-11,GRAND FAR BRETON,3.0,7.5,3
2022-07-12,GRAND FAR BRETON,5.0,7.5,5
2022-07-13,GRAND FAR BRETON,8.0,7.5,5
2022-07-14,GRAND FAR BRETON,14.0,7.5,14
2022-07-15,GRAND FAR BRETON,6.0,7.5,6
2022-07-16,GRAND FAR BRETON,7.0,7.5,7
2022-07-17,GRAND FAR BRETON,11.0,7.5,10
2022-07-18,GRAND FAR BRETON,2.0,7.5,2
2022-07-19,GRAND FAR BRETON,7.0,7.5,7
2022-07-20,GRAND FAR BRETON,6.0,7.5,5
2022-07-21,GRAND FAR BRETON,4.0,7.5,4
2022-07-22,GRAND FAR BRETON,4.0,7.5,4
2022-07-23,GRAND FAR BRETON,13.0,7.5,10
2022-07-24,GRAND FAR BRETON,17.0,7.5,12
2022-07-25,GRAND FAR BRETON,3.0,7.5,3
2022-07-26,GRAND FAR BRETON,3.0,7.5,2
2022-07-27,GRAND FAR BRETON,2.0,7.5,2
2022-07-28,GRAND FAR BRETON,12.0,7.5,10
2022-07-29,GRAND FAR BRETON,7.0,7.5,5
2022-07-30,GRAND FAR BRETON,7.0,7.5,6
2022-07-31,GRAND FAR BRETON,11.0,7.5,9
2022-08-01,GRAND FAR BRETON,1.0,7.5,1
2022-08-02,GRAND FAR BRETON,6.0,7.5,5
2022-08-03,GRAND FAR BRETON,2.0,7.5,2
2022-08-04,GRAND FAR BRETON,5.0,7.5,5
2022-08-05,GRAND FAR BRETON,5.0,7.5,5
2022-08-06,GRAND FAR BRETON,8.0,7.5,7
2022-08-07,GRAND FAR BRETON,9.0,7.5,9
2022-08-08,GRAND FAR BRETON,7.0,7.5,5
2022-08-09,GRAND FAR BRETON,9.0,7.5,8
2022-08-10,GRAND FAR BRETON,8.0,7.5,7
2022-08-11,GRAND FAR BRETON,11.0,7.5,10
2022-08-12,GRAND FAR BRETON,11.0,7.5,10
2022-08-13,GRAND FAR BRETON,4.0,7.5,3
2022-08-14,GRAND FAR BRETON,10.0,7.5,9
2022-08-15,GRAND FAR BRETON,11.0,7.5,10
2022-08-16,GRAND FAR BRETON,3.0,7.5,2
2022-08-17,GRAND FAR BRETON,4.0,7.5,3
2022-08-18,GRAND FAR BRETON,6.0,7.5,5
2022-08-19,GRAND FAR BRETON,6.0,7.5,6
2022-08-20,GRAND FAR BRETON,9.0,7.5,8
2022-08-21,GRAND FAR BRETON,10.0,7.5,9
2022-08-22,GRAND FAR BRETON,4.0,7.5,4
2022-08-23,GRAND FAR BRETON,5.0,7.5,4
2022-08-24,GRAND FAR BRETON,6.0,7.5,5
2022-08-25,GRAND FAR BRETON,7.0,7.5,7
2022-08-26,GRAND FAR BRETON,2.0,7.5,2
2022-08-27,GRAND FAR BRETON,8.0,7.5,6
2022-08-28,GRAND FAR BRETON,8.0,7.5,7
2022-08-31,GRAND FAR BRETON,2.0,7.5,2
2022-09-02,GRAND FAR BRETON,3.0,7.5,3
2022-09-03,GRAND FAR BRETON,6.0,7.5,6
2022-09-04,GRAND FAR BRETON,5.0,7.5,5
2022-09-08,GRAND FAR BRETON,3.0,7.5,3
2022-09-09,GRAND FAR BRETON,6.0,7.5,6
2022-09-10,GRAND FAR BRETON,6.0,7.5,6
2022-09-11,GRAND FAR BRETON,4.0,7.5,4
2022-09-14,GRAND FAR BRETON,1.0,7.5,1
2022-09-15,GRAND FAR BRETON,2.0,7.5,2
2022-09-16,GRAND FAR BRETON,2.0,7.5,2
2022-09-17,GRAND FAR BRETON,5.0,7.5,5
2022-09-18,GRAND FAR BRETON,7.0,7.5,6
2022-09-21,GRAND FAR BRETON,1.0,7.5,1
2022-09-22,GRAND FAR BRETON,1.0,7.5,1
2022-09-24,GRAND FAR BRETON,3.0,7.5,3
2022-09-25,GRAND FAR BRETON,4.0,7.5,4
2022-09-28,GRAND FAR BRETON,3.0,7.5,3
2022-09-29,GRAND FAR BRETON,1.0,7.5,1
2022-09-30,GRAND FAR BRETON,3.0,7.5,3
2021-01-16,GRANDE SUCETTE,1.0,0.6,1
2021-02-07,GRANDE SUCETTE,2.0,0.6,1
2021-02-22,GRANDE SUCETTE,1.0,0.6,1
2021-02-23,GRANDE SUCETTE,2.0,0.6,1
2021-02-27,GRANDE SUCETTE,1.0,0.6,1
2021-02-28,GRANDE SUCETTE,4.0,0.6,1
2021-03-02,GRANDE SUCETTE,2.0,0.6,1
2021-03-05,GRANDE SUCETTE,1.0,0.6,1
2021-03-06,GRANDE SUCETTE,4.0,0.6,1
2021-03-09,GRANDE SUCETTE,3.0,0.6,2
2021-03-13,GRANDE SUCETTE,3.0,0.6,1
2021-03-14,GRANDE SUCETTE,1.0,0.6,1
2021-03-16,GRANDE SUCETTE,1.0,0.6,1
2021-03-18,GRANDE SUCETTE,1.0,0.6,1
2021-03-19,GRANDE SUCETTE,1.0,0.6,1
2021-03-27,GRANDE SUCETTE,1.0,0.6,1
2021-03-28,GRANDE SUCETTE,1.0,0.6,1
2021-04-06,GRANDE SUCETTE,2.0,0.6,1
2021-04-08,GRANDE SUCETTE,1.0,0.6,1
2021-04-11,GRANDE SUCETTE,3.0,0.6,1
2021-04-12,GRANDE SUCETTE,6.0,0.6,2
2021-04-13,GRANDE SUCETTE,2.0,0.6,1
2021-04-14,GRANDE SUCETTE,1.0,0.6,1
2021-04-15,GRANDE SUCETTE,1.0,0.6,1
2021-04-16,GRANDE SUCETTE,1.0,0.6,1
2021-04-17,GRANDE SUCETTE,4.0,0.6,2
2021-04-18,GRANDE SUCETTE,1.0,0.6,1
2021-04-22,GRANDE SUCETTE,1.0,0.6,1
2021-04-24,GRANDE SUCETTE,1.0,0.6,1
2021-04-26,GRANDE SUCETTE,1.0,0.6,1
2021-05-01,GRANDE SUCETTE,1.0,0.6,1
2021-05-03,GRANDE SUCETTE,4.0,0.6,3
2021-05-06,GRANDE SUCETTE,2.0,0.6,1
2021-05-08,GRANDE SUCETTE,2.0,0.6,1
2021-05-09,GRANDE SUCETTE,1.0,0.6,1
2021-05-14,GRANDE SUCETTE,2.0,0.6,1
2021-05-16,GRANDE SUCETTE,2.0,0.6,1
2021-05-21,GRANDE SUCETTE,2.0,0.6,1
2021-05-28,GRANDE SUCETTE,2.0,0.6,1
2021-06-04,GRANDE SUCETTE,4.0,0.6,2
2021-06-06,GRANDE SUCETTE,2.0,0.6,1
2021-06-11,GRANDE SUCETTE,1.0,0.6,1
2021-06-13,GRANDE SUCETTE,4.0,0.6,2
2021-06-14,GRANDE SUCETTE,2.0,0.6,1
2021-06-27,GRANDE SUCETTE,5.0,0.6,2
2021-06-29,GRANDE SUCETTE,3.0,0.6,1
2021-06-30,GRANDE SUCETTE,1.0,0.6,1
2021-07-01,GRANDE SUCETTE,13.0,0.6,3
2021-07-03,GRANDE SUCETTE,2.0,0.6,1
2021-07-06,GRANDE SUCETTE,1.0,0.6,1
2021-07-07,GRANDE SUCETTE,3.0,0.6,2
2021-07-11,GRANDE SUCETTE,4.0,0.6,2
2021-07-15,GRANDE SUCETTE,1.0,0.6,1
2021-07-20,GRANDE SUCETTE,1.0,0.6,1
2021-07-28,GRANDE SUCETTE,1.0,0.6,1
2021-07-29,GRANDE SUCETTE,4.0,0.6,3
2021-07-30,GRANDE SUCETTE,2.0,0.6,1
2021-08-04,GRANDE SUCETTE,1.0,0.6,1
2021-08-05,GRANDE SUCETTE,4.0,0.6,2
2021-08-06,GRANDE SUCETTE,5.0,0.6,2
2021-08-10,GRANDE SUCETTE,2.0,0.6,1
2021-08-11,GRANDE SUCETTE,2.0,0.6,1
2021-08-14,GRANDE SUCETTE,1.0,0.6,1
2021-08-17,GRANDE SUCETTE,2.0,0.6,1
2021-08-18,GRANDE SUCETTE,1.0,0.6,1
2021-08-20,GRANDE SUCETTE,1.0,0.6,1
2021-08-24,GRANDE SUCETTE,1.0,0.6,1
2021-08-25,GRANDE SUCETTE,2.0,0.6,2
2021-08-30,GRANDE SUCETTE,1.0,0.6,1
2021-08-31,GRANDE SUCETTE,3.0,0.6,2
2021-09-06,GRANDE SUCETTE,1.0,0.6,1
2021-09-11,GRANDE SUCETTE,2.0,0.6,1
2021-09-24,GRANDE SUCETTE,1.0,0.6,1
2021-09-25,GRANDE SUCETTE,2.0,0.6,1
2021-09-27,GRANDE SUCETTE,1.0,0.6,1
2021-10-07,GRANDE SUCETTE,1.0,0.6,1
2021-10-09,GRANDE SUCETTE,1.0,0.6,1
2021-10-17,GRANDE SUCETTE,1.0,0.6,1
2021-10-22,GRANDE SUCETTE,2.0,0.6,1
2021-10-25,GRANDE SUCETTE,1.0,0.6,1
2021-11-03,GRANDE SUCETTE,1.0,0.6,1
2021-11-09,GRANDE SUCETTE,2.0,0.6,1
2021-11-10,GRANDE SUCETTE,1.0,0.6,1
2021-11-13,GRANDE SUCETTE,2.0,0.6,2
2021-11-14,GRANDE SUCETTE,1.0,0.6,1
2021-11-19,GRANDE SUCETTE,6.0,0.6,3
2021-11-25,GRANDE SUCETTE,8.0,0.6,1
2021-11-27,GRANDE SUCETTE,10.0,0.6,1
2021-12-12,GRANDE SUCETTE,4.0,0.6,1
2021-12-22,GRANDE SUCETTE,1.0,0.6,1
2021-12-24,GRANDE SUCETTE,4.0,0.6,2
2021-12-25,GRANDE SUCETTE,1.0,0.6,1
2022-02-06,GRANDE SUCETTE,1.0,0.6,1
2022-02-08,GRANDE SUCETTE,1.0,0.6,1
2022-02-17,GRANDE SUCETTE,3.0,0.6,1
2022-02-18,GRANDE SUCETTE,1.0,0.6,1
2022-02-19,GRANDE SUCETTE,1.0,0.6,1
2022-02-20,GRANDE SUCETTE,2.0,0.6,1
2022-02-21,GRANDE SUCETTE,1.0,0.6,1
2022-02-25,GRANDE SUCETTE,1.0,0.6,1
2022-02-26,GRANDE SUCETTE,2.0,0.6,1
2022-03-05,GRANDE SUCETTE,1.0,0.6,1
2022-03-06,GRANDE SUCETTE,1.0,0.6,1
2022-03-09,GRANDE SUCETTE,3.0,0.6,2
2022-03-11,GRANDE SUCETTE,2.0,0.6,1
2022-03-16,GRANDE SUCETTE,1.0,0.6,1
2022-03-19,GRANDE SUCETTE,3.0,0.6,1
2022-03-22,GRANDE SUCETTE,1.0,0.6,1
2022-03-23,GRANDE SUCETTE,1.0,0.6,1
2022-03-25,GRANDE SUCETTE,3.0,0.6,1
2022-03-28,GRANDE SUCETTE,1.0,0.6,1
2022-03-30,GRANDE SUCETTE,1.0,0.6,1
2022-03-31,GRANDE SUCETTE,4.0,0.6,1
2022-04-01,GRANDE SUCETTE,1.0,0.6,1
2022-04-05,GRANDE SUCETTE,1.0,0.6,1
2022-04-10,GRANDE SUCETTE,2.0,0.6,1
2022-04-12,GRANDE SUCETTE,2.0,0.6,1
2022-04-16,GRANDE SUCETTE,2.0,0.6,1
2022-04-21,GRANDE SUCETTE,4.0,0.6,1
2022-04-22,GRANDE SUCETTE,2.0,0.6,1
2022-04-24,GRANDE SUCETTE,1.0,0.6,1
2022-04-25,GRANDE SUCETTE,1.0,0.6,1
2022-05-02,GRANDE SUCETTE,4.0,0.6,2
2022-05-06,GRANDE SUCETTE,2.0,0.6,2
2022-05-12,GRANDE SUCETTE,3.0,0.6,2
2022-05-18,GRANDE SUCETTE,3.0,0.6,2
2022-05-20,GRANDE SUCETTE,2.0,0.6,1
2022-05-22,GRANDE SUCETTE,1.0,0.6,1
2022-05-28,GRANDE SUCETTE,1.0,0.6,1
2022-05-30,GRANDE SUCETTE,1.0,0.6,1
2022-06-03,GRANDE SUCETTE,1.0,0.6,1
2022-06-05,GRANDE SUCETTE,4.0,0.6,2
2022-06-08,GRANDE SUCETTE,2.0,0.6,1
2022-06-10,GRANDE SUCETTE,1.0,0.6,1
2022-06-13,GRANDE SUCETTE,5.0,0.6,1
2022-06-22,GRANDE SUCETTE,2.0,0.6,1
2022-06-23,GRANDE SUCETTE,1.0,0.6,1
2022-06-27,GRANDE SUCETTE,6.0,0.6,2
2022-07-02,GRANDE SUCETTE,1.0,0.6,1
2022-07-13,GRANDE SUCETTE,2.0,0.6,1
2022-07-15,GRANDE SUCETTE,2.0,0.6,1
2022-07-17,GRANDE SUCETTE,1.0,0.6,1
2022-07-22,GRANDE SUCETTE,1.0,0.6,1
2022-07-23,GRANDE SUCETTE,2.0,0.6,1
2022-07-24,GRANDE SUCETTE,2.0,0.6,1
2022-07-25,GRANDE SUCETTE,1.0,0.6,1
2022-07-28,GRANDE SUCETTE,6.0,0.6,2
2022-07-30,GRANDE SUCETTE,3.0,0.6,1
2022-08-01,GRANDE SUCETTE,1.0,0.6,1
2022-08-03,GRANDE SUCETTE,2.0,0.6,1
2022-08-07,GRANDE SUCETTE,3.0,0.6,1
2022-08-09,GRANDE SUCETTE,2.0,0.6,1
2022-08-14,GRANDE SUCETTE,3.0,0.6,1
2022-08-16,GRANDE SUCETTE,2.0,0.6,2
2022-08-19,GRANDE SUCETTE,1.0,0.6,1
2022-08-20,GRANDE SUCETTE,2.0,0.6,1
2022-08-22,GRANDE SUCETTE,2.0,0.6,1
2022-08-27,GRANDE SUCETTE,1.0,0.6,1
2022-09-02,GRANDE SUCETTE,4.0,0.6,2
2022-09-07,GRANDE SUCETTE,1.0,0.6,1
2022-09-17,GRANDE SUCETTE,2.0,0.6,1
2022-03-26,GUERANDAIS,2.0,3.5,2
2022-07-03,GUERANDAIS,1.0,3.5,1
2021-01-02,KOUIGN AMANN,6.0,2.1,4
2021-01-03,KOUIGN AMANN,3.0,2.1,2
2021-01-04,KOUIGN AMANN,2.0,2.1,1
2021-01-05,KOUIGN AMANN,5.0,2.1,1
2021-01-08,KOUIGN AMANN,2.0,2.1,2
2021-01-09,KOUIGN AMANN,1.0,2.1,1
2021-01-10,KOUIGN AMANN,6.0,2.1,3
2021-01-11,KOUIGN AMANN,2.0,2.1,2
2021-01-12,KOUIGN AMANN,1.0,2.1,1
2021-01-14,KOUIGN AMANN,5.0,2.1,3
2021-01-15,KOUIGN AMANN,4.0,2.1,2
2021-01-16,KOUIGN AMANN,1.0,2.1,1
2021-01-17,KOUIGN AMANN,4.0,2.1,2
2021-01-18,KOUIGN AMANN,3.0,2.1,3
2021-01-19,KOUIGN AMANN,2.0,2.1,2
2021-01-21,KOUIGN AMANN,5.0,2.1,2
2021-01-22,KOUIGN AMANN,6.0,2.1,5
2021-01-24,KOUIGN AMANN,6.0,2.1,5
2021-01-25,KOUIGN AMANN,1.0,2.1,1
2021-01-26,KOUIGN AMANN,3.0,2.1,2
2021-01-28,KOUIGN AMANN,3.0,2.1,2
2021-01-30,KOUIGN AMANN,1.0,2.1,1
2021-01-31,KOUIGN AMANN,7.0,2.1,4
2021-02-01,KOUIGN AMANN,3.0,2.1,1
2021-02-05,KOUIGN AMANN,2.0,2.1,2
2021-02-06,KOUIGN AMANN,6.0,2.1,2
2021-02-07,KOUIGN AMANN,1.0,2.1,1
2021-02-08,KOUIGN AMANN,2.0,2.1,2
2021-02-09,KOUIGN AMANN,3.0,2.1,2
2021-02-11,KOUIGN AMANN,2.0,2.1,1
2021-02-12,KOUIGN AMANN,3.0,2.1,2
2021-02-13,KOUIGN AMANN,4.0,2.1,1
2021-02-14,KOUIGN AMANN,4.0,2.1,2
2021-02-15,KOUIGN AMANN,1.0,2.1,1
2021-02-16,KOUIGN AMANN,1.0,2.1,1
2021-02-18,KOUIGN AMANN,6.0,2.1,2
2021-02-20,KOUIGN AMANN,3.0,2.1,1
2021-02-21,KOUIGN AMANN,13.0,2.1,7
2021-02-22,KOUIGN AMANN,6.0,2.1,1
2021-02-25,KOUIGN AMANN,3.0,2.1,3
2021-02-26,KOUIGN AMANN,3.0,2.1,1
2021-02-27,KOUIGN AMANN,3.0,2.1,1
2021-03-01,KOUIGN AMANN,4.0,2.1,3
2021-03-02,KOUIGN AMANN,2.0,2.1,2
2021-03-04,KOUIGN AMANN,6.0,2.1,1
2021-03-05,KOUIGN AMANN,4.0,2.1,1
2021-03-06,KOUIGN AMANN,4.0,2.1,3
2021-03-07,KOUIGN AMANN,6.0,2.1,4
2021-03-08,KOUIGN AMANN,2.0,2.1,1
2021-03-09,KOUIGN AMANN,3.0,2.1,2
2021-03-11,KOUIGN AMANN,3.0,2.1,2
2021-03-12,KOUIGN AMANN,1.0,2.1,1
2021-03-13,KOUIGN AMANN,5.0,2.1,2
2021-03-14,KOUIGN AMANN,2.0,2.1,2
2021-03-16,KOUIGN AMANN,7.0,2.1,5
2021-03-18,KOUIGN AMANN,2.0,2.1,2
2021-03-20,KOUIGN AMANN,5.0,2.1,4
2021-03-21,KOUIGN AMANN,7.0,2.1,3
2021-03-23,KOUIGN AMANN,1.0,2.1,1
2021-03-25,KOUIGN AMANN,2.0,2.1,2
2021-03-26,KOUIGN AMANN,9.0,2.1,2
2021-03-28,KOUIGN AMANN,1.0,2.1,1
2021-03-29,KOUIGN AMANN,5.0,2.1,2
2021-03-30,KOUIGN AMANN,3.0,2.1,2
2021-04-01,KOUIGN AMANN,3.0,2.1,2
2021-04-02,KOUIGN AMANN,1.0,2.1,1
2021-04-03,KOUIGN AMANN,2.0,2.1,1
2021-04-04,KOUIGN AMANN,9.0,2.1,5
2021-04-05,KOUIGN AMANN,3.0,2.1,2
2021-04-06,KOUIGN AMANN,2.0,2.1,2
2021-04-09,KOUIGN AMANN,2.0,2.1,1
2021-04-10,KOUIGN AMANN,5.0,2.1,1
2021-04-11,KOUIGN AMANN,5.0,2.1,2
2021-04-12,KOUIGN AMANN,2.0,2.1,2
2021-04-13,KOUIGN AMANN,7.0,2.1,5
2021-04-15,KOUIGN AMANN,4.0,2.1,3
2021-04-16,KOUIGN AMANN,3.0,2.1,2
2021-04-17,KOUIGN AMANN,1.0,2.1,1
2021-04-18,KOUIGN AMANN,5.0,2.1,3
2021-04-19,KOUIGN AMANN,3.0,2.1,3
2021-04-20,KOUIGN AMANN,4.0,2.1,2
2021-04-21,KOUIGN AMANN,1.0,2.1,1
2021-04-22,KOUIGN AMANN,5.0,2.1,1
2021-04-24,KOUIGN AMANN,3.0,2.1,2
2021-04-25,KOUIGN AMANN,11.0,2.1,4
2021-04-26,KOUIGN AMANN,3.0,2.1,3
2021-04-27,KOUIGN AMANN,1.0,2.1,1
2021-04-28,KOUIGN AMANN,3.0,2.1,2
2021-04-30,KOUIGN AMANN,1.0,2.1,1
2021-05-01,KOUIGN AMANN,6.0,2.1,4
2021-05-02,KOUIGN AMANN,2.0,2.1,1
2021-05-03,KOUIGN AMANN,1.0,2.1,1
2021-05-04,KOUIGN AMANN,1.0,2.1,1
2021-05-05,KOUIGN AMANN,7.0,2.1,3
2021-05-06,KOUIGN AMANN,6.0,2.1,3
2021-05-07,KOUIGN AMANN,5.0,2.1,4
2021-05-08,KOUIGN AMANN,1.0,2.1,1
2021-05-09,KOUIGN AMANN,7.0,2.1,5
2021-05-10,KOUIGN AMANN,1.0,2.1,1
2021-05-11,KOUIGN AMANN,2.0,2.1,1
2021-05-12,KOUIGN AMANN,5.0,2.1,2
2021-05-13,KOUIGN AMANN,9.0,2.1,4
2021-05-14,KOUIGN AMANN,11.0,2.1,7
2021-05-15,KOUIGN AMANN,20.0,2.1,12
2021-05-16,KOUIGN AMANN,23.0,2.1,12
2021-05-22,KOUIGN AMANN,7.0,2.1,6
2021-05-23,KOUIGN AMANN,16.0,2.1,9
2021-05-24,KOUIGN AMANN,11.0,2.1,3
2021-05-25,KOUIGN AMANN,3.0,2.1,2
2021-05-26,KOUIGN AMANN,3.0,2.1,2
2021-05-27,KOUIGN AMANN,5.0,2.1,2
2021-05-28,KOUIGN AMANN,13.0,2.1,3
2021-05-29,KOUIGN AMANN,5.0,2.1,4
2021-05-30,KOUIGN AMANN,5.0,2.1,2
2021-06-01,KOUIGN AMANN,1.0,2.1,1
2021-06-02,KOUIGN AMANN,2.0,2.1,1
2021-06-03,KOUIGN AMANN,5.0,2.1,4
2021-06-04,KOUIGN AMANN,2.0,2.1,2
2021-06-05,KOUIGN AMANN,4.0,2.1,3
2021-06-06,KOUIGN AMANN,3.0,2.1,2
2021-06-07,KOUIGN AMANN,3.0,2.1,2
2021-06-08,KOUIGN AMANN,4.0,2.1,2
2021-06-09,KOUIGN AMANN,5.0,2.1,3
2021-06-10,KOUIGN AMANN,1.0,2.1,1
2021-06-12,KOUIGN AMANN,6.0,2.1,4
2021-06-13,KOUIGN AMANN,1.0,2.1,1
2021-06-14,KOUIGN AMANN,2.0,2.1,1
2021-06-15,KOUIGN AMANN,3.0,2.1,2
2021-06-17,KOUIGN AMANN,2.0,2.1,2
2021-06-18,KOUIGN AMANN,4.0,2.1,3
2021-06-19,KOUIGN AMANN,4.0,2.1,3
2021-06-20,KOUIGN AMANN,10.0,2.1,4
2021-06-21,KOUIGN AMANN,5.0,2.1,4
2021-06-23,KOUIGN AMANN,2.0,2.1,2
2021-06-24,KOUIGN AMANN,5.0,2.1,3
2021-06-25,KOUIGN AMANN,3.0,2.1,2
2021-06-26,KOUIGN AMANN,2.0,2.1,2
2021-06-27,KOUIGN AMANN,8.0,2.1,4
2021-06-28,KOUIGN AMANN,4.0,2.1,3
2021-06-29,KOUIGN AMANN,4.0,2.1,3
2021-07-01,KOUIGN AMANN,2.0,2.1,2
2021-07-02,KOUIGN AMANN,1.0,2.1,1
2021-07-04,KOUIGN AMANN,5.0,2.1,3
2021-07-05,KOUIGN AMANN,4.0,2.1,1
2021-07-06,KOUIGN AMANN,5.0,2.1,4
2021-07-07,KOUIGN AMANN,1.0,2.1,1
2021-07-08,KOUIGN AMANN,6.0,2.1,5
2021-07-09,KOUIGN AMANN,6.0,2.1,4
2021-07-10,KOUIGN AMANN,7.0,2.1,5
2021-07-11,KOUIGN AMANN,8.0,2.1,5
2021-07-12,KOUIGN AMANN,7.0,2.1,3
2021-07-13,KOUIGN AMANN,7.0,2.1,5
2021-07-14,KOUIGN AMANN,1.0,2.1,1
2021-07-15,KOUIGN AMANN,6.0,2.1,4
2021-07-16,KOUIGN AMANN,3.0,2.1,2
2021-07-17,KOUIGN AMANN,7.0,2.1,3
2021-07-18,KOUIGN AMANN,6.0,2.1,3
2021-07-19,KOUIGN AMANN,2.0,2.1,1
2021-07-20,KOUIGN AMANN,7.0,2.1,4
2021-07-21,KOUIGN AMANN,6.0,2.1,3
2021-07-22,KOUIGN AMANN,2.0,2.1,2
2021-07-23,KOUIGN AMANN,6.0,2.1,4
2021-07-24,KOUIGN AMANN,11.0,2.1,4
2021-07-25,KOUIGN AMANN,9.0,2.1,5
2021-07-26,KOUIGN AMANN,2.0,2.1,2
2021-07-27,KOUIGN AMANN,2.0,2.1,1
2021-07-28,KOUIGN AMANN,7.0,2.1,4
2021-07-29,KOUIGN AMANN,7.0,2.1,5
2021-07-30,KOUIGN AMANN,9.0,2.1,5
2021-07-31,KOUIGN AMANN,6.0,2.1,4
2021-08-01,KOUIGN AMANN,21.0,2.1,9
2021-08-02,KOUIGN AMANN,2.0,2.1,2
2021-08-03,KOUIGN AMANN,4.0,2.1,4
2021-08-04,KOUIGN AMANN,15.0,2.1,7
2021-08-05,KOUIGN AMANN,10.0,2.1,8
2021-08-06,KOUIGN AMANN,9.0,2.1,5
2021-08-07,KOUIGN AMANN,7.0,2.1,5
2021-08-08,KOUIGN AMANN,9.0,2.1,6
2021-08-09,KOUIGN AMANN,13.0,2.1,4
2021-08-10,KOUIGN AMANN,2.0,2.1,2
2021-08-11,KOUIGN AMANN,12.0,2.1,5
2021-08-12,KOUIGN AMANN,7.0,2.1,3
2021-08-13,KOUIGN AMANN,6.0,2.1,4
2021-08-14,KOUIGN AMANN,10.0,2.1,7
2021-08-15,KOUIGN AMANN,12.0,2.1,7
2021-08-16,KOUIGN AMANN,8.0,2.1,3
2021-08-17,KOUIGN AMANN,2.0,2.1,1
2021-08-18,KOUIGN AMANN,8.0,2.1,5
2021-08-19,KOUIGN AMANN,4.0,2.1,2
2021-08-20,KOUIGN AMANN,7.0,2.1,4
2021-08-21,KOUIGN AMANN,9.0,2.1,5
2021-08-22,KOUIGN AMANN,14.0,2.1,8
2021-08-23,KOUIGN AMANN,7.0,2.1,3
2021-08-24,KOUIGN AMANN,3.0,2.1,1
2021-08-25,KOUIGN AMANN,5.0,2.1,4
2021-08-26,KOUIGN AMANN,9.0,2.1,5
2021-08-27,KOUIGN AMANN,2.0,2.1,2
2021-08-28,KOUIGN AMANN,17.0,2.1,7
2021-08-29,KOUIGN AMANN,5.0,2.1,2
2021-08-30,KOUIGN AMANN,3.0,2.1,3
2021-08-31,KOUIGN AMANN,1.0,2.1,1
2021-09-02,KOUIGN AMANN,2.0,2.1,2
2021-09-03,KOUIGN AMANN,5.0,2.1,2
2021-09-04,KOUIGN AMANN,2.0,2.1,2
2021-09-05,KOUIGN AMANN,5.0,2.1,2
2021-09-06,KOUIGN AMANN,8.0,2.1,2
2021-09-07,KOUIGN AMANN,7.0,2.1,4
2021-09-10,KOUIGN AMANN,2.0,2.1,1
2021-09-12,KOUIGN AMANN,8.0,2.1,5
2021-09-14,KOUIGN AMANN,3.0,2.1,2
2021-09-15,KOUIGN AMANN,1.0,2.1,1
2021-09-17,KOUIGN AMANN,1.0,2.1,1
2021-09-18,KOUIGN AMANN,5.0,2.1,3
2021-09-19,KOUIGN AMANN,1.0,2.1,1
2021-09-21,KOUIGN AMANN,1.0,2.1,1
2021-09-22,KOUIGN AMANN,6.0,2.1,4
2021-09-24,KOUIGN AMANN,1.0,2.1,1
2021-09-25,KOUIGN AMANN,3.0,2.1,3
2021-09-26,KOUIGN AMANN,2.0,2.1,2
2021-09-27,KOUIGN AMANN,1.0,2.1,1
2021-09-28,KOUIGN AMANN,1.0,2.1,1
2021-09-30,KOUIGN AMANN,2.0,2.1,2
2021-10-01,KOUIGN AMANN,4.0,2.1,2
2021-10-02,KOUIGN AMANN,4.0,2.1,2
2021-10-04,KOUIGN AMANN,1.0,2.1,1
2021-10-05,KOUIGN AMANN,1.0,2.1,1
2021-10-06,KOUIGN AMANN,1.0,2.1,1
2021-10-07,KOUIGN AMANN,5.0,2.1,2
2021-10-08,KOUIGN AMANN,3.0,2.1,2
2021-10-09,KOUIGN AMANN,1.0,2.1,1
2021-10-10,KOUIGN AMANN,7.0,2.1,4
2021-10-11,KOUIGN AMANN,3.0,2.1,2
2021-10-12,KOUIGN AMANN,5.0,2.1,2
2021-10-14,KOUIGN AMANN,2.0,2.1,2
2021-10-16,KOUIGN AMANN,4.0,2.1,1
2021-10-17,KOUIGN AMANN,5.0,2.1,4
2021-10-19,KOUIGN AMANN,1.0,2.1,1
2021-10-20,KOUIGN AMANN,7.0,2.1,2
2021-10-22,KOUIGN AMANN,1.0,2.1,1
2021-10-23,KOUIGN AMANN,3.0,2.1,2
2021-10-24,KOUIGN AMANN,5.0,2.1,3
2021-10-25,KOUIGN AMANN,1.0,2.1,1
2021-10-26,KOUIGN AMANN,2.0,2.1,2
2021-10-27,KOUIGN AMANN,1.0,2.1,1
2021-10-28,KOUIGN AMANN,1.0,2.1,1
2021-10-30,KOUIGN AMANN,4.0,2.1,2
2021-10-31,KOUIGN AMANN,2.0,2.1,2
2021-11-01,KOUIGN AMANN,13.0,2.1,8
2021-11-02,KOUIGN AMANN,4.0,2.1,2
2021-11-03,KOUIGN AMANN,5.0,2.1,3
2021-11-04,KOUIGN AMANN,3.0,2.1,2
2021-11-06,KOUIGN AMANN,13.0,2.1,5
2021-11-07,KOUIGN AMANN,5.0,2.1,1
2021-11-09,KOUIGN AMANN,2.0,2.1,2
2021-11-10,KOUIGN AMANN,3.0,2.1,2
2021-11-12,KOUIGN AMANN,2.0,2.1,1
2021-11-14,KOUIGN AMANN,4.0,2.1,3
2021-11-19,KOUIGN AMANN,2.0,2.1,1
2021-11-21,KOUIGN AMANN,4.0,2.1,3
2021-11-22,KOUIGN AMANN,3.0,2.1,2
2021-11-23,KOUIGN AMANN,1.0,2.1,1
2021-11-25,KOUIGN AMANN,2.0,2.1,1
2021-11-28,KOUIGN AMANN,2.0,2.1,1
2021-11-29,KOUIGN AMANN,1.0,2.1,1
2021-11-30,KOUIGN AMANN,2.0,2.1,2
2021-12-02,KOUIGN AMANN,2.0,2.1,1
2021-12-04,KOUIGN AMANN,3.0,2.1,2
2021-12-05,KOUIGN AMANN,4.0,2.1,3
2021-12-11,KOUIGN AMANN,1.0,2.1,1
2021-12-12,KOUIGN AMANN,1.0,2.1,1
2021-12-13,KOUIGN AMANN,1.0,2.1,1
2021-12-14,KOUIGN AMANN,2.0,2.1,1
2021-12-16,KOUIGN AMANN,3.0,2.1,1
2021-12-19,KOUIGN AMANN,3.0,2.1,2
2021-12-20,KOUIGN AMANN,6.0,2.1,2
2021-12-21,KOUIGN AMANN,1.0,2.1,1
2021-12-23,KOUIGN AMANN,1.0,2.1,1
2021-12-24,KOUIGN AMANN,3.0,2.1,3
2021-12-25,KOUIGN AMANN,5.0,2.1,2
2021-12-26,KOUIGN AMANN,2.0,2.1,2
2021-12-27,KOUIGN AMANN,3.0,2.1,2
2021-12-28,KOUIGN AMANN,4.0,2.1,3
2021-12-29,KOUIGN AMANN,1.0,2.1,1
2021-12-30,KOUIGN AMANN,2.0,2.1,2
2021-12-31,KOUIGN AMANN,12.0,2.1,2
2022-01-02,KOUIGN AMANN,5.0,2.1,3
2022-01-03,KOUIGN AMANN,1.0,2.1,1
2022-01-07,KOUIGN AMANN,2.0,2.1,1
2022-01-08,KOUIGN AMANN,3.0,2.1,1
2022-01-10,KOUIGN AMANN,2.0,2.1,2
2022-01-11,KOUIGN AMANN,1.0,2.1,1
2022-01-16,KOUIGN AMANN,3.0,2.1,2
2022-01-20,KOUIGN AMANN,3.0,2.1,1
2022-01-22,KOUIGN AMANN,3.0,2.1,2
2022-01-27,KOUIGN AMANN,1.0,2.1,1
2022-01-30,KOUIGN AMANN,7.0,2.1,3
2022-02-03,KOUIGN AMANN,2.0,2.1,1
2022-02-07,KOUIGN AMANN,2.0,2.2,2
2022-02-08,KOUIGN AMANN,3.0,2.2,1
2022-02-10,KOUIGN AMANN,1.0,2.2,1
2022-02-11,KOUIGN AMANN,2.0,2.2,1
2022-02-13,KOUIGN AMANN,3.0,2.2,1
2022-02-14,KOUIGN AMANN,1.0,2.2,1
2022-02-15,KOUIGN AMANN,3.0,2.2,2
2022-02-17,KOUIGN AMANN,1.0,2.2,1
2022-02-18,KOUIGN AMANN,4.0,2.2,1
2022-02-20,KOUIGN AMANN,2.0,2.2,2
2022-02-21,KOUIGN AMANN,1.0,2.2,1
2022-02-22,KOUIGN AMANN,1.0,2.2,1
2022-02-24,KOUIGN AMANN,1.0,2.2,1
2022-02-25,KOUIGN AMANN,4.0,2.2,2
2022-02-26,KOUIGN AMANN,4.0,2.2,3
2022-02-27,KOUIGN AMANN,3.0,2.2,2
2022-02-28,KOUIGN AMANN,1.0,2.2,1
2022-03-01,KOUIGN AMANN,1.0,2.2,1
2022-03-04,KOUIGN AMANN,8.0,2.2,1
2022-03-07,KOUIGN AMANN,1.0,2.2,1
2022-03-10,KOUIGN AMANN,5.0,2.2,2
2022-03-12,KOUIGN AMANN,6.0,2.2,2
2022-03-16,KOUIGN AMANN,1.0,2.2,1
2022-03-17,KOUIGN AMANN,1.0,2.2,1
2022-03-18,KOUIGN AMANN,4.0,2.2,3
2022-03-20,KOUIGN AMANN,5.0,2.2,1
2022-03-22,KOUIGN AMANN,1.0,2.2,1
2022-03-26,KOUIGN AMANN,1.0,2.2,1
2022-03-27,KOUIGN AMANN,7.0,2.2,3
2022-03-28,KOUIGN AMANN,1.0,2.2,1
2022-03-29,KOUIGN AMANN,3.0,2.2,3
2022-03-30,KOUIGN AMANN,4.0,2.2,1
2022-04-01,KOUIGN AMANN,1.0,2.2,1
2022-04-02,KOUIGN AMANN,2.0,2.2,1
2022-04-03,KOUIGN AMANN,3.0,2.2,2
2022-04-05,KOUIGN AMANN,7.0,2.2,1
2022-04-06,KOUIGN AMANN,2.0,2.2,1
2022-04-09,KOUIGN AMANN,3.0,2.2,2
2022-04-10,KOUIGN AMANN,3.0,2.2,1
2022-04-13,KOUIGN AMANN,1.0,2.2,1
2022-04-16,KOUIGN AMANN,9.0,2.2,5
2022-04-17,KOUIGN AMANN,6.0,2.2,2
2022-04-18,KOUIGN AMANN,1.0,2.2,1
2022-04-19,KOUIGN AMANN,9.0,2.2,4
2022-04-20,KOUIGN AMANN,4.0,2.2,1
2022-04-21,KOUIGN AMANN,4.0,2.2,3
2022-04-22,KOUIGN AMANN,1.0,2.2,1
2022-04-23,KOUIGN AMANN,7.0,2.2,3
2022-04-24,KOUIGN AMANN,1.0,2.2,1
2022-04-25,KOUIGN AMANN,3.0,2.2,2
2022-04-26,KOUIGN AMANN,4.0,2.2,3
2022-04-27,KOUIGN AMANN,6.0,2.2,2
2022-04-28,KOUIGN AMANN,4.0,2.2,3
2022-04-29,KOUIGN AMANN,3.0,2.2,1
2022-04-30,KOUIGN AMANN,5.0,2.2,3
2022-05-01,KOUIGN AMANN,8.0,2.2,3
2022-05-02,KOUIGN AMANN,3.0,2.2,2
2022-05-05,KOUIGN AMANN,1.0,2.2,1
2022-05-06,KOUIGN AMANN,7.0,2.2,2
2022-05-07,KOUIGN AMANN,4.0,2.2,1
2022-05-08,KOUIGN AMANN,7.0,2.2,3
2022-05-10,KOUIGN AMANN,4.0,2.2,3
2022-05-12,KOUIGN AMANN,2.0,2.2,1
2022-05-13,KOUIGN AMANN,3.0,2.2,1
2022-05-14,KOUIGN AMANN,2.0,2.2,1
2022-05-15,KOUIGN AMANN,9.0,2.2,4
2022-05-16,KOUIGN AMANN,2.0,2.2,1
2022-05-18,KOUIGN AMANN,2.0,2.2,1
2022-05-19,KOUIGN AMANN,2.0,2.2,1
2022-05-20,KOUIGN AMANN,4.0,2.2,1
2022-05-21,KOUIGN AMANN,2.0,2.2,2
2022-05-22,KOUIGN AMANN,2.0,2.2,2
2022-05-23,KOUIGN AMANN,7.0,2.2,2
2022-05-24,KOUIGN AMANN,2.0,2.2,2
2022-05-25,KOUIGN AMANN,3.0,2.2,3
2022-05-26,KOUIGN AMANN,12.0,2.2,5
2022-05-27,KOUIGN AMANN,16.0,2.2,6
2022-05-28,KOUIGN AMANN,16.0,2.2,5
2022-05-29,KOUIGN AMANN,20.0,2.2,9
2022-05-30,KOUIGN AMANN,5.0,2.2,2
2022-06-01,KOUIGN AMANN,2.0,2.2,2
2022-06-03,KOUIGN AMANN,1.0,2.2,1
2022-06-04,KOUIGN AMANN,2.0,2.2,2
2022-06-05,KOUIGN AMANN,8.0,2.2,3
2022-06-06,KOUIGN AMANN,12.0,2.2,7
2022-06-07,KOUIGN AMANN,4.0,2.2,2
2022-06-08,KOUIGN AMANN,1.0,2.2,1
2022-06-10,KOUIGN AMANN,2.0,2.2,1
2022-06-11,KOUIGN AMANN,2.0,2.2,1
2022-06-12,KOUIGN AMANN,2.0,2.2,1
2022-06-13,KOUIGN AMANN,4.0,2.2,4
2022-06-14,KOUIGN AMANN,5.0,2.2,3
2022-06-17,KOUIGN AMANN,2.0,2.2,1
2022-06-18,KOUIGN AMANN,2.0,2.2,1
2022-06-19,KOUIGN AMANN,6.0,2.2,4
2022-06-21,KOUIGN AMANN,7.0,2.2,5
2022-06-22,KOUIGN AMANN,2.0,2.2,2
2022-06-24,KOUIGN AMANN,3.0,2.2,2
2022-06-25,KOUIGN AMANN,1.0,2.2,1
2022-06-26,KOUIGN AMANN,7.0,2.2,4
2022-06-27,KOUIGN AMANN,1.0,2.2,1
2022-06-28,KOUIGN AMANN,2.0,2.2,2
2022-06-30,KOUIGN AMANN,2.0,2.3,1
2022-07-01,KOUIGN AMANN,1.0,2.3,1
2022-07-02,KOUIGN AMANN,1.0,2.3,1
2022-07-03,KOUIGN AMANN,13.0,2.3,4
2022-07-04,KOUIGN AMANN,1.0,2.3,1
2022-07-05,KOUIGN AMANN,2.0,2.3,1
2022-07-06,KOUIGN AMANN,4.0,2.3,2
2022-07-07,KOUIGN AMANN,5.0,2.3,4
2022-07-08,KOUIGN AMANN,2.0,2.3,1
2022-07-09,KOUIGN AMANN,4.0,2.3,2
2022-07-10,KOUIGN AMANN,11.0,2.3,3
2022-07-11,KOUIGN AMANN,2.0,2.3,2
2022-07-12,KOUIGN AMANN,2.0,2.3,1
2022-07-13,KOUIGN AMANN,7.0,2.3,5
2022-07-14,KOUIGN AMANN,7.0,2.3,5
2022-07-15,KOUIGN AMANN,13.0,2.3,6
2022-07-16,KOUIGN AMANN,15.0,2.3,7
2022-07-17,KOUIGN AMANN,22.0,2.3,11
2022-07-18,KOUIGN AMANN,3.0,2.3,2
2022-07-19,KOUIGN AMANN,7.0,2.3,6
2022-07-20,KOUIGN AMANN,5.0,2.3,2
2022-07-21,KOUIGN AMANN,9.0,2.3,6
2022-07-22,KOUIGN AMANN,6.0,2.3,4
2022-07-23,KOUIGN AMANN,3.0,2.3,3
2022-07-24,KOUIGN AMANN,17.0,2.3,7
2022-07-25,KOUIGN AMANN,17.0,2.3,7
2022-07-26,KOUIGN AMANN,4.0,2.3,3
2022-07-27,KOUIGN AMANN,6.0,2.3,3
2022-07-28,KOUIGN AMANN,4.0,2.3,3
2022-07-29,KOUIGN AMANN,3.0,2.3,2
2022-07-30,KOUIGN AMANN,14.0,2.3,6
2022-07-31,KOUIGN AMANN,21.0,2.3,11
2022-08-01,KOUIGN AMANN,13.0,2.3,9
2022-08-02,KOUIGN AMANN,10.0,2.3,7
2022-08-03,KOUIGN AMANN,2.0,2.3,2
2022-08-04,KOUIGN AMANN,5.0,2.3,2
2022-08-05,KOUIGN AMANN,11.0,2.3,6
2022-08-06,KOUIGN AMANN,11.0,2.3,7
2022-08-07,KOUIGN AMANN,7.0,2.3,7
2022-08-08,KOUIGN AMANN,10.0,2.3,7
2022-08-09,KOUIGN AMANN,7.0,2.3,4
2022-08-10,KOUIGN AMANN,5.0,2.3,3
2022-08-11,KOUIGN AMANN,12.0,2.3,6
2022-08-12,KOUIGN AMANN,17.0,2.3,8
2022-08-13,KOUIGN AMANN,22.0,2.3,6
2022-08-14,KOUIGN AMANN,30.0,2.3,14
2022-08-15,KOUIGN AMANN,24.0,2.3,9
2022-08-16,KOUIGN AMANN,4.0,2.3,2
2022-08-17,KOUIGN AMANN,7.0,2.3,3
2022-08-18,KOUIGN AMANN,14.0,2.3,9
2022-08-19,KOUIGN AMANN,12.0,2.3,7
2022-08-20,KOUIGN AMANN,26.0,2.3,12
2022-08-21,KOUIGN AMANN,24.0,2.3,13
2022-08-22,KOUIGN AMANN,6.0,2.3,4
2022-08-23,KOUIGN AMANN,13.0,2.3,6
2022-08-24,KOUIGN AMANN,11.0,2.3,7
2022-08-25,KOUIGN AMANN,3.0,2.3,2
2022-08-26,KOUIGN AMANN,5.0,2.3,4
2022-08-27,KOUIGN AMANN,3.0,2.3,3
2022-08-28,KOUIGN AMANN,12.0,2.3,7
2022-08-29,KOUIGN AMANN,9.0,2.3,2
2022-08-30,KOUIGN AMANN,8.0,2.3,4
2022-08-31,KOUIGN AMANN,6.0,2.3,2
2022-09-02,KOUIGN AMANN,2.0,2.3,1
2022-09-03,KOUIGN AMANN,3.0,2.3,1
2022-09-04,KOUIGN AMANN,11.0,2.3,4
2022-09-05,KOUIGN AMANN,2.0,2.3,1
2022-09-06,KOUIGN AMANN,1.0,2.3,1
2022-09-08,KOUIGN AMANN,8.0,2.3,1
2022-09-09,KOUIGN AMANN,4.0,2.3,3
2022-09-10,KOUIGN AMANN,10.0,2.3,4
2022-09-11,KOUIGN AMANN,14.0,2.3,6
2022-09-12,KOUIGN AMANN,3.0,2.3,2
2022-09-14,KOUIGN AMANN,4.0,2.3,2
2022-09-15,KOUIGN AMANN,2.0,2.3,2
2022-09-16,KOUIGN AMANN,4.0,2.3,4
2022-09-17,KOUIGN AMANN,2.0,2.3,1
2022-09-18,KOUIGN AMANN,11.0,2.3,5
2022-09-20,KOUIGN AMANN,4.0,2.3,1
2022-09-21,KOUIGN AMANN,2.0,2.3,2
2022-09-22,KOUIGN AMANN,5.0,2.3,3
2022-09-23,KOUIGN AMANN,1.0,2.3,1
2022-09-24,KOUIGN AMANN,9.0,2.3,3
2022-09-25,KOUIGN AMANN,7.0,2.3,3
2022-09-27,KOUIGN AMANN,1.0,2.3,1
2022-09-28,KOUIGN AMANN,1.0,2.3,1
2022-09-30,KOUIGN AMANN,2.0,2.3,2
2022-07-11,MACARON,3.0,1.0,2
2022-07-12,MACARON,6.0,1.0,2
2022-07-14,MACARON,10.0,1.0,3
2022-07-15,MACARON,10.0,1.0,1
2022-07-16,MACARON,18.0,1.0,4
2022-07-17,MACARON,12.0,1.0,3
2022-07-19,MACARON,15.0,1.0,4
2022-07-23,MACARON,6.0,1.0,1
2022-07-25,MACARON,7.0,1.0,3
2022-07-26,MACARON,8.0,1.0,3
2022-07-29,MACARON,4.0,1.0,2
2022-07-30,MACARON,3.0,1.0,1
2022-07-31,MACARON,10.0,1.0,5
2022-08-01,MACARON,9.0,1.0,3
2022-08-02,MACARON,7.0,1.0,2
2022-08-03,MACARON,7.0,1.0,2
2022-08-04,MACARON,14.0,1.0,4
2022-08-05,MACARON,17.0,1.0,4
2022-08-06,MACARON,4.0,1.0,3
2022-08-07,MACARON,2.0,1.0,1
2022-08-08,MACARON,12.0,1.0,5
2022-08-11,MACARON,7.0,1.0,1
2022-08-12,MACARON,2.0,1.0,1
2022-08-13,MACARON,2.0,1.0,1
2022-08-14,MACARON,3.0,1.0,1
2022-08-15,MACARON,6.0,1.0,2
2022-08-16,MACARON,6.0,1.0,1
2022-08-17,MACARON,6.0,1.0,1
2022-08-18,MACARON,11.0,1.0,3
2022-08-19,MACARON,12.0,1.0,2
2022-08-20,MACARON,4.0,1.0,1
2022-08-21,MACARON,18.0,1.0,4
2022-08-22,MACARON,6.0,1.0,3
2022-08-23,MACARON,8.0,1.0,4
2022-08-25,MACARON,1.0,1.0,1
2022-08-26,MACARON,6.0,1.0,1
2022-08-27,MACARON,7.0,1.0,2
2022-08-28,MACARON,11.0,1.0,3
2022-08-29,MACARON,2.0,1.0,1
2022-08-31,MACARON,6.0,1.0,3
2022-09-02,MACARON,9.0,1.0,3
2022-09-03,MACARON,9.0,1.0,3
2022-09-04,MACARON,8.0,1.0,2
2022-09-05,MACARON,22.0,1.0,3
2022-09-06,MACARON,7.0,1.0,2
2022-09-07,MACARON,18.0,1.0,4
2022-09-08,MACARON,3.0,1.0,2
2022-09-09,MACARON,4.0,1.0,1
2022-09-10,MACARON,5.0,1.0,2
2022-09-11,MACARON,2.0,1.0,1
2022-09-13,MACARON,8.0,1.0,2
2022-09-15,MACARON,6.0,1.0,2
2022-09-16,MACARON,12.0,1.0,2
2022-09-17,MACARON,2.0,1.0,1
2022-09-21,MACARON,8.0,1.0,2
2022-09-24,MACARON,6.0,1.0,1
2022-09-26,MACARON,8.0,1.0,2
2022-09-28,MACARON,2.0,1.0,1
2022-09-29,MACARON,3.0,1.0,1
2022-02-08,MERINGUE,1.0,1.0,1
2022-02-10,MERINGUE,1.0,1.0,1
2022-02-11,MERINGUE,5.0,1.0,3
2022-02-25,MERINGUE,2.0,1.0,1
2022-02-26,MERINGUE,3.0,1.0,2
2022-03-01,MERINGUE,1.0,1.0,1
2022-04-02,MERINGUE,2.0,1.0,1
2022-04-03,MERINGUE,3.0,1.0,2
2022-04-10,MERINGUE,1.0,1.0,1
2022-04-11,MERINGUE,3.0,1.0,2
2022-04-12,MERINGUE,1.0,1.0,1
2022-04-15,MERINGUE,2.0,1.0,1
2022-04-16,MERINGUE,1.0,1.0,1
2022-04-19,MERINGUE,2.0,1.0,2
2022-04-20,MERINGUE,1.0,1.0,1
2022-04-21,MERINGUE,2.0,1.0,2
2022-04-23,MERINGUE,3.0,1.0,2
2022-04-24,MERINGUE,1.0,1.0,1
2022-04-26,MERINGUE,2.0,1.0,2
2022-04-27,MERINGUE,2.0,1.0,2
2022-05-12,MERINGUE,1.0,1.0,1
2022-05-13,MERINGUE,1.0,1.0,1
2022-05-14,MERINGUE,1.0,1.0,1
2022-05-18,MERINGUE,3.0,1.0,3
2022-05-21,MERINGUE,1.0,1.0,1
2022-05-22,MERINGUE,3.0,1.0,3
2022-05-23,MERINGUE,2.0,1.0,2
2022-05-24,MERINGUE,1.0,1.0,1
2022-05-25,MERINGUE,1.0,1.0,1
2022-05-27,MERINGUE,3.0,1.0,2
2022-05-28,MERINGUE,3.0,1.0,1
2022-06-02,MERINGUE,1.0,1.0,1
2022-06-03,MERINGUE,1.0,1.0,1
2022-06-05,MERINGUE,1.0,1.0,1
2022-06-06,MERINGUE,3.0,1.0,1
2021-01-23,MILLES FEUILLES,3.0,2.0,1
2021-01-31,MILLES FEUILLES,2.0,2.0,2
2021-02-05,MILLES FEUILLES,1.0,2.0,1
2021-02-06,MILLES FEUILLES,3.0,2.0,2
2021-02-08,MILLES FEUILLES,2.0,2.0,1
2021-02-09,MILLES FEUILLES,3.0,2.0,1
2021-02-13,MILLES FEUILLES,5.0,2.0,4
2021-02-19,MILLES FEUILLES,2.0,2.0,2
2021-02-20,MILLES FEUILLES,1.0,2.0,1
2021-02-21,MILLES FEUILLES,4.0,2.0,3
2021-02-23,MILLES FEUILLES,3.0,2.0,2
2021-02-26,MILLES FEUILLES,2.0,2.0,1
2021-02-27,MILLES FEUILLES,7.0,2.0,5
2021-02-28,MILLES FEUILLES,5.0,2.0,3
2021-03-01,MILLES FEUILLES,2.0,2.0,2
2021-03-06,MILLES FEUILLES,4.0,2.0,2
2021-03-07,MILLES FEUILLES,7.0,2.0,5
2021-03-08,MILLES FEUILLES,2.0,2.0,2
2021-03-09,MILLES FEUILLES,2.0,2.0,1
2021-03-12,MILLES FEUILLES,5.0,2.0,3
2021-03-13,MILLES FEUILLES,6.0,2.0,5
2021-03-14,MILLES FEUILLES,6.0,2.0,4
2021-03-19,MILLES FEUILLES,3.0,2.0,2
2021-03-20,MILLES FEUILLES,4.0,2.0,2
2021-03-21,MILLES FEUILLES,6.0,2.0,4
2021-03-26,MILLES FEUILLES,2.0,2.0,1
2021-03-27,MILLES FEUILLES,5.0,2.0,3
2021-03-28,MILLES FEUILLES,7.0,2.0,7
2021-04-02,MILLES FEUILLES,4.0,2.0,2
2021-04-04,MILLES FEUILLES,4.0,2.0,4
2021-04-05,MILLES FEUILLES,4.0,2.0,3
2021-04-08,MILLES FEUILLES,3.0,2.0,2
2021-04-09,MILLES FEUILLES,1.0,2.0,1
2021-04-10,MILLES FEUILLES,4.0,2.0,4
2021-04-11,MILLES FEUILLES,6.0,2.0,3
2021-04-12,MILLES FEUILLES,2.0,2.0,2
2021-04-13,MILLES FEUILLES,1.0,2.0,1
2021-04-14,MILLES FEUILLES,3.0,2.0,2
2021-04-15,MILLES FEUILLES,1.0,2.0,1
2021-04-16,MILLES FEUILLES,1.0,2.0,1
2021-04-17,MILLES FEUILLES,4.0,2.0,3
2021-04-18,MILLES FEUILLES,3.0,2.0,2
2021-04-19,MILLES FEUILLES,1.0,2.0,1
2021-04-20,MILLES FEUILLES,4.0,2.0,3
2021-04-22,MILLES FEUILLES,4.0,2.0,2
2021-04-23,MILLES FEUILLES,1.0,2.0,1
2021-04-24,MILLES FEUILLES,4.0,2.0,3
2021-04-25,MILLES FEUILLES,2.0,2.0,2
2021-04-28,MILLES FEUILLES,2.0,2.0,2
2021-04-30,MILLES FEUILLES,3.0,2.0,2
2021-05-01,MILLES FEUILLES,5.0,2.0,4
2021-05-03,MILLES FEUILLES,2.0,2.0,2
2021-05-04,MILLES FEUILLES,1.0,2.0,1
2021-05-06,MILLES FEUILLES,3.0,2.0,3
2021-05-09,MILLES FEUILLES,5.0,2.0,4
2021-05-10,MILLES FEUILLES,3.0,2.0,2
2021-05-12,MILLES FEUILLES,1.0,2.0,1
2021-05-13,MILLES FEUILLES,3.0,2.0,2
2021-05-14,MILLES FEUILLES,9.0,2.0,3
2021-05-15,MILLES FEUILLES,3.0,2.0,3
2021-05-16,MILLES FEUILLES,7.0,2.0,5
2021-05-22,MILLES FEUILLES,3.0,2.0,3
2021-05-23,MILLES FEUILLES,5.0,2.0,3
2021-05-24,MILLES FEUILLES,8.0,2.0,4
2021-05-28,MILLES FEUILLES,5.0,2.0,3
2021-05-29,MILLES FEUILLES,1.0,2.0,1
2021-05-30,MILLES FEUILLES,5.0,2.0,3
2021-06-01,MILLES FEUILLES,1.0,2.0,1
2021-06-02,MILLES FEUILLES,2.0,2.0,1
2021-06-03,MILLES FEUILLES,4.0,2.0,3
2021-06-04,MILLES FEUILLES,2.0,2.0,1
2021-06-05,MILLES FEUILLES,4.0,2.0,2
2021-06-06,MILLES FEUILLES,5.0,2.0,3
2021-06-07,MILLES FEUILLES,2.0,2.0,1
2021-06-08,MILLES FEUILLES,3.0,2.0,3
2021-06-09,MILLES FEUILLES,3.0,2.0,2
2021-06-10,MILLES FEUILLES,1.0,2.0,1
2021-06-11,MILLES FEUILLES,3.0,2.0,2
2021-06-12,MILLES FEUILLES,2.0,2.0,1
2021-06-13,MILLES FEUILLES,3.0,2.0,2
2021-06-15,MILLES FEUILLES,2.0,2.0,2
2021-06-16,MILLES FEUILLES,2.0,2.0,1
2021-06-17,MILLES FEUILLES,1.0,2.0,1
2021-06-18,MILLES FEUILLES,2.0,2.0,2
2021-06-19,MILLES FEUILLES,6.0,2.0,4
2021-06-20,MILLES FEUILLES,5.0,2.0,4
2021-06-21,MILLES FEUILLES,2.0,2.0,1
2021-06-22,MILLES FEUILLES,1.0,2.0,1
2021-06-24,MILLES FEUILLES,3.0,2.0,2
2021-06-25,MILLES FEUILLES,2.0,2.0,2
2021-06-26,MILLES FEUILLES,3.0,2.0,2
2021-06-27,MILLES FEUILLES,7.0,2.0,7
2021-06-28,MILLES FEUILLES,1.0,2.0,1
2021-07-05,MILLES FEUILLES,3.0,2.0,2
2021-07-08,MILLES FEUILLES,1.0,2.0,1
2021-07-09,MILLES FEUILLES,2.0,2.0,2
2021-07-10,MILLES FEUILLES,1.0,2.0,1
2021-07-11,MILLES FEUILLES,7.0,2.0,5
2021-07-12,MILLES FEUILLES,1.0,2.0,1
2021-07-13,MILLES FEUILLES,5.0,2.0,4
2021-07-14,MILLES FEUILLES,14.0,2.0,4
2021-07-16,MILLES FEUILLES,2.0,2.0,1
2021-07-18,MILLES FEUILLES,4.0,2.0,3
2021-07-20,MILLES FEUILLES,4.0,2.0,2
2021-07-22,MILLES FEUILLES,2.0,2.0,2
2021-07-24,MILLES FEUILLES,2.0,2.0,1
2021-07-26,MILLES FEUILLES,3.0,2.0,2
2021-07-27,MILLES FEUILLES,2.0,2.0,1
2021-07-28,MILLES FEUILLES,1.0,2.0,1
2021-07-29,MILLES FEUILLES,1.0,2.0,1
2021-07-31,MILLES FEUILLES,3.0,2.0,2
2021-08-01,MILLES FEUILLES,4.0,2.0,3
2021-08-03,MILLES FEUILLES,4.0,2.0,4
2021-08-04,MILLES FEUILLES,5.0,2.0,5
2021-08-05,MILLES FEUILLES,4.0,2.0,3
2021-08-06,MILLES FEUILLES,1.0,2.0,1
2021-08-07,MILLES FEUILLES,2.0,2.0,1
2021-08-08,MILLES FEUILLES,8.0,2.0,2
2021-08-10,MILLES FEUILLES,3.0,2.0,2
2021-08-11,MILLES FEUILLES,4.0,2.0,2
2021-08-12,MILLES FEUILLES,6.0,2.0,3
2021-08-15,MILLES FEUILLES,7.0,2.0,5
2021-08-16,MILLES FEUILLES,3.0,2.0,2
2021-08-17,MILLES FEUILLES,3.0,2.0,1
2021-08-18,MILLES FEUILLES,7.0,2.0,4
2021-08-19,MILLES FEUILLES,5.0,2.0,1
2021-08-21,MILLES FEUILLES,6.0,2.0,6
2021-08-22,MILLES FEUILLES,4.0,2.0,3
2021-08-24,MILLES FEUILLES,6.0,2.0,3
2021-08-25,MILLES FEUILLES,1.0,2.0,1
2021-08-26,MILLES FEUILLES,1.0,2.0,1
2021-08-28,MILLES FEUILLES,4.0,2.0,3
2021-08-29,MILLES FEUILLES,7.0,2.0,5
2021-08-30,MILLES FEUILLES,6.0,2.0,3
2021-08-31,MILLES FEUILLES,2.0,2.0,2
2021-09-01,MILLES FEUILLES,5.0,2.0,4
2021-09-03,MILLES FEUILLES,1.0,2.0,1
2021-09-04,MILLES FEUILLES,1.0,2.0,1
2021-09-05,MILLES FEUILLES,6.0,2.0,3
2021-09-10,MILLES FEUILLES,3.0,2.0,2
2021-09-11,MILLES FEUILLES,2.0,2.0,1
2021-09-12,MILLES FEUILLES,9.0,2.0,6
2021-09-15,MILLES FEUILLES,3.0,2.0,2
2021-09-16,MILLES FEUILLES,2.0,2.0,2
2021-09-17,MILLES FEUILLES,4.0,2.0,2
2021-09-18,MILLES FEUILLES,6.0,2.0,4
2021-09-19,MILLES FEUILLES,6.0,2.0,4
2021-09-25,MILLES FEUILLES,3.0,2.0,2
2021-09-26,MILLES FEUILLES,6.0,2.0,3
2021-09-29,MILLES FEUILLES,2.0,2.0,2
2021-09-30,MILLES FEUILLES,2.0,2.0,1
2021-10-01,MILLES FEUILLES,3.0,2.0,3
2021-10-02,MILLES FEUILLES,5.0,2.0,4
2021-10-03,MILLES FEUILLES,7.0,2.0,4
2021-10-08,MILLES FEUILLES,4.0,2.0,3
2021-10-09,MILLES FEUILLES,4.0,2.0,3
2021-10-10,MILLES FEUILLES,5.0,2.0,3
2021-10-13,MILLES FEUILLES,1.0,2.0,1
2021-10-14,MILLES FEUILLES,1.0,2.0,1
2021-10-15,MILLES FEUILLES,1.0,2.0,1
2021-10-16,MILLES FEUILLES,3.0,2.0,2
2021-10-17,MILLES FEUILLES,6.0,2.0,5
2021-10-20,MILLES FEUILLES,1.0,2.0,1
2021-10-21,MILLES FEUILLES,2.0,2.0,2
2021-10-22,MILLES FEUILLES,1.0,2.0,1
2021-10-23,MILLES FEUILLES,5.0,2.0,5
2021-10-24,MILLES FEUILLES,4.0,2.0,2
2021-10-25,MILLES FEUILLES,2.0,2.0,1
2021-10-26,MILLES FEUILLES,2.0,2.0,1
2021-10-29,MILLES FEUILLES,1.0,2.0,1
2021-10-30,MILLES FEUILLES,4.0,2.0,3
2021-10-31,MILLES FEUILLES,6.0,2.0,4
2021-11-01,MILLES FEUILLES,3.0,2.0,3
2021-11-04,MILLES FEUILLES,5.0,2.0,3
2021-11-05,MILLES FEUILLES,5.0,2.0,5
2021-11-06,MILLES FEUILLES,1.0,2.0,1
2021-11-07,MILLES FEUILLES,3.0,2.0,2
2021-11-08,MILLES FEUILLES,1.0,2.0,1
2021-11-09,MILLES FEUILLES,4.0,2.0,3
2021-11-11,MILLES FEUILLES,2.0,2.0,1
2021-11-18,MILLES FEUILLES,2.0,2.0,2
2021-11-21,MILLES FEUILLES,3.0,2.0,2
2021-11-22,MILLES FEUILLES,1.0,2.0,1
2021-11-27,MILLES FEUILLES,3.0,2.0,3
2021-11-28,MILLES FEUILLES,4.0,2.0,4
2021-12-03,MILLES FEUILLES,2.0,2.0,1
2021-12-10,MILLES FEUILLES,1.0,2.0,1
2021-12-17,MILLES FEUILLES,3.0,2.0,2
2021-12-19,MILLES FEUILLES,3.0,2.0,3
2021-12-22,MILLES FEUILLES,2.0,2.0,1
2021-12-23,MILLES FEUILLES,2.0,2.0,1
2021-12-26,MILLES FEUILLES,5.0,2.0,3
2021-12-28,MILLES FEUILLES,2.0,2.0,2
2021-12-29,MILLES FEUILLES,3.0,2.0,3
2022-01-21,MILLES FEUILLES,2.0,2.0,2
2022-01-22,MILLES FEUILLES,2.0,2.0,2
2022-01-23,MILLES FEUILLES,4.0,2.0,4
2022-01-24,MILLES FEUILLES,1.0,2.0,1
2022-01-27,MILLES FEUILLES,2.0,2.0,2
2022-01-28,MILLES FEUILLES,2.0,2.0,1
2022-01-30,MILLES FEUILLES,2.0,2.0,2
2022-02-05,MILLES FEUILLES,1.0,2.0,1
2022-02-06,MILLES FEUILLES,3.0,2.0,1
2022-02-12,MILLES FEUILLES,2.0,2.2,2
2022-02-13,MILLES FEUILLES,3.0,2.2,3
2022-02-19,MILLES FEUILLES,3.0,2.2,3
2022-02-20,MILLES FEUILLES,6.0,2.2,5
2022-03-01,MILLES FEUILLES,3.0,2.2,3
2022-03-02,MILLES FEUILLES,6.0,2.2,4
2022-03-04,MILLES FEUILLES,1.0,2.2,1
2022-03-05,MILLES FEUILLES,1.0,2.2,1
2022-03-13,MILLES FEUILLES,5.0,2.2,2
2022-03-15,MILLES FEUILLES,3.0,2.2,2
2022-03-20,MILLES FEUILLES,5.0,2.2,3
2022-03-26,MILLES FEUILLES,3.0,2.2,3
2022-03-27,MILLES FEUILLES,3.0,2.2,2
2022-03-30,MILLES FEUILLES,4.0,2.2,3
2022-04-02,MILLES FEUILLES,4.0,2.2,3
2022-04-03,MILLES FEUILLES,6.0,2.2,5
2022-04-05,MILLES FEUILLES,1.0,2.2,1
2022-04-08,MILLES FEUILLES,2.0,2.2,1
2022-04-10,MILLES FEUILLES,5.0,2.2,3
2022-04-14,MILLES FEUILLES,2.0,2.2,1
2022-04-15,MILLES FEUILLES,4.0,2.2,3
2022-04-18,MILLES FEUILLES,1.0,2.2,1
2022-04-22,MILLES FEUILLES,1.0,2.2,1
2022-04-23,MILLES FEUILLES,3.0,2.2,2
2022-04-27,MILLES FEUILLES,2.0,2.2,2
2022-04-28,MILLES FEUILLES,2.0,2.2,1
2022-05-07,MILLES FEUILLES,4.0,2.2,2
2022-05-08,MILLES FEUILLES,4.0,2.2,3
2022-05-14,MILLES FEUILLES,4.0,2.2,4
2022-05-21,MILLES FEUILLES,1.0,2.2,1
2022-05-24,MILLES FEUILLES,3.0,2.2,3
2022-05-27,MILLES FEUILLES,1.0,2.2,1
2022-05-28,MILLES FEUILLES,7.0,2.2,5
2022-06-01,MILLES FEUILLES,4.0,2.2,2
2022-06-02,MILLES FEUILLES,1.0,2.2,1
2022-06-03,MILLES FEUILLES,1.0,2.2,1
2022-06-06,MILLES FEUILLES,2.0,2.2,2
2022-06-07,MILLES FEUILLES,1.0,2.2,1
2022-06-08,MILLES FEUILLES,6.0,2.2,5
2022-06-10,MILLES FEUILLES,4.0,2.2,3
2022-06-11,MILLES FEUILLES,1.0,2.2,1
2022-06-25,MILLES FEUILLES,1.0,2.2,1
2022-06-26,MILLES FEUILLES,3.0,2.2,3
2022-07-02,MILLES FEUILLES,1.0,2.3,1
2022-07-03,MILLES FEUILLES,7.0,2.3,6
2022-07-09,MILLES FEUILLES,4.0,2.3,3
2022-07-10,MILLES FEUILLES,8.0,2.3,6
2022-07-11,MILLES FEUILLES,1.0,2.3,1
2022-07-12,MILLES FEUILLES,5.0,2.3,2
2022-07-14,MILLES FEUILLES,2.0,2.3,2
2022-07-15,MILLES FEUILLES,5.0,2.3,4
2022-07-16,MILLES FEUILLES,4.0,2.3,3
2022-07-17,MILLES FEUILLES,6.0,2.3,6
2022-07-19,MILLES FEUILLES,4.0,2.3,3
2022-07-20,MILLES FEUILLES,2.0,2.3,2
2022-07-21,MILLES FEUILLES,1.0,2.3,1
2022-07-22,MILLES FEUILLES,1.0,2.3,1
2022-07-23,MILLES FEUILLES,2.0,2.3,2
2022-07-24,MILLES FEUILLES,6.0,2.3,4
2022-07-25,MILLES FEUILLES,3.0,2.3,2
2022-07-26,MILLES FEUILLES,4.0,2.3,3
2022-07-27,MILLES FEUILLES,2.0,2.3,2
2022-07-28,MILLES FEUILLES,4.0,2.3,4
2022-07-29,MILLES FEUILLES,2.0,2.3,2
2022-07-30,MILLES FEUILLES,6.0,2.3,5
2022-07-31,MILLES FEUILLES,5.0,2.3,3
2022-08-01,MILLES FEUILLES,3.0,2.3,2
2022-08-02,MILLES FEUILLES,2.0,2.5,2
2022-08-03,MILLES FEUILLES,3.0,2.5,2
2022-08-05,MILLES FEUILLES,1.0,2.5,1
2022-08-06,MILLES FEUILLES,4.0,2.5,3
2022-08-07,MILLES FEUILLES,6.0,2.5,5
2022-08-08,MILLES FEUILLES,7.0,2.5,4
2022-08-09,MILLES FEUILLES,3.0,2.5,2
2022-08-11,MILLES FEUILLES,2.0,2.5,2
2022-08-13,MILLES FEUILLES,3.0,2.5,2
2022-08-14,MILLES FEUILLES,8.0,2.5,6
2022-08-15,MILLES FEUILLES,7.0,2.5,4
2022-08-16,MILLES FEUILLES,2.0,2.5,1
2022-08-17,MILLES FEUILLES,6.0,2.5,2
2022-08-18,MILLES FEUILLES,4.0,2.5,3
2022-08-19,MILLES FEUILLES,2.0,2.5,2
2022-08-20,MILLES FEUILLES,2.0,2.5,1
2022-08-21,MILLES FEUILLES,8.0,2.5,5
2022-08-22,MILLES FEUILLES,5.0,2.5,2
2022-08-23,MILLES FEUILLES,1.0,2.5,1
2022-08-24,MILLES FEUILLES,3.0,2.5,3
2022-08-25,MILLES FEUILLES,3.0,2.5,1
2022-08-26,MILLES FEUILLES,4.0,2.5,2
2022-08-27,MILLES FEUILLES,1.0,2.5,1
2022-08-28,MILLES FEUILLES,6.0,2.5,5
2022-08-30,MILLES FEUILLES,3.0,2.5,3
2022-08-31,MILLES FEUILLES,1.0,2.5,1
2022-09-02,MILLES FEUILLES,1.0,2.5,1
2022-09-03,MILLES FEUILLES,1.0,2.5,1
2022-09-04,MILLES FEUILLES,7.0,2.5,4
2022-09-05,MILLES FEUILLES,1.0,2.5,1
2022-09-07,MILLES FEUILLES,2.0,2.5,2
2022-09-08,MILLES FEUILLES,5.0,2.5,4
2022-09-10,MILLES FEUILLES,2.0,2.5,2
2022-09-11,MILLES FEUILLES,7.0,2.5,5
2022-09-14,MILLES FEUILLES,2.0,2.5,2
2022-09-15,MILLES FEUILLES,2.0,2.5,2
2022-09-16,MILLES FEUILLES,2.0,2.5,1
2022-09-17,MILLES FEUILLES,3.0,2.5,3
2022-09-18,MILLES FEUILLES,10.0,2.5,6
2022-09-21,MILLES FEUILLES,1.0,2.5,1
2022-09-22,MILLES FEUILLES,1.0,2.5,1
2022-09-23,MILLES FEUILLES,2.0,2.5,2
2022-09-24,MILLES FEUILLES,1.0,2.5,1
2022-09-25,MILLES FEUILLES,5.0,2.5,4
2022-09-27,MILLES FEUILLES,1.0,2.5,1
2022-09-28,MILLES FEUILLES,1.0,2.5,1
2022-09-29,MILLES FEUILLES,4.0,2.5,3
2022-09-30,MILLES FEUILLES,3.0,2.5,2
2021-01-02,MOISSON,10.0,2.0,8
2021-01-03,MOISSON,6.0,2.0,5
2021-01-04,MOISSON,1.0,2.0,1
2021-01-05,MOISSON,6.0,2.0,6
2021-01-07,MOISSON,7.0,2.0,6
2021-01-08,MOISSON,5.0,2.0,4
2021-01-09,MOISSON,4.0,2.0,4
2021-01-10,MOISSON,1.0,2.0,1
2021-01-12,MOISSON,2.0,2.0,2
2021-01-14,MOISSON,4.0,2.0,4
2021-01-15,MOISSON,5.0,2.0,4
2021-01-16,MOISSON,4.0,2.0,4
2021-01-17,MOISSON,5.0,2.0,5
2021-01-18,MOISSON,1.0,2.0,1
2021-01-19,MOISSON,2.0,2.0,2
2021-01-21,MOISSON,5.0,2.0,4
2021-01-22,MOISSON,1.0,2.0,1
2021-01-23,MOISSON,5.0,2.0,5
2021-01-24,MOISSON,5.0,2.0,4
2021-01-25,MOISSON,5.0,2.0,5
2021-01-26,MOISSON,2.0,2.0,2
2021-01-28,MOISSON,5.0,2.0,4
2021-01-29,MOISSON,1.0,2.0,1
2021-01-30,MOISSON,4.0,2.0,4
2021-01-31,MOISSON,5.0,2.0,5
2021-02-01,MOISSON,2.0,2.0,1
2021-02-02,MOISSON,4.0,2.0,4
2021-02-04,MOISSON,4.0,2.0,3
2021-02-05,MOISSON,5.0,2.0,5
2021-02-06,MOISSON,5.0,2.0,5
2021-02-07,MOISSON,5.0,2.0,4
2021-02-08,MOISSON,3.0,2.0,2
2021-02-09,MOISSON,7.0,2.0,6
2021-02-11,MOISSON,5.0,2.0,4
2021-02-12,MOISSON,4.0,2.0,4
2021-02-13,MOISSON,4.0,2.0,3
2021-02-14,MOISSON,5.0,2.0,5
2021-02-15,MOISSON,2.0,2.0,2
2021-02-16,MOISSON,4.0,2.0,4
2021-02-18,MOISSON,3.0,2.0,3
2021-02-19,MOISSON,4.0,2.0,2
2021-02-20,MOISSON,5.0,2.0,4
2021-02-21,MOISSON,10.0,2.0,9
2021-02-22,MOISSON,7.0,2.0,7
2021-02-23,MOISSON,8.0,2.0,7
2021-02-25,MOISSON,9.0,2.0,8
2021-02-26,MOISSON,6.0,2.0,5
2021-02-27,MOISSON,10.0,2.0,8
2021-02-28,MOISSON,10.0,2.0,10
2021-03-01,MOISSON,10.0,2.0,8
2021-03-02,MOISSON,10.0,2.0,9
2021-03-04,MOISSON,10.0,2.0,10
2021-03-05,MOISSON,10.0,2.0,7
2021-03-06,MOISSON,8.0,2.0,7
2021-03-07,MOISSON,10.0,2.0,10
2021-03-08,MOISSON,4.0,2.0,4
2021-03-09,MOISSON,5.0,2.0,4
2021-03-11,MOISSON,5.0,2.0,4
2021-03-12,MOISSON,5.0,2.0,5
2021-03-13,MOISSON,4.0,2.0,2
2021-03-14,MOISSON,8.0,2.0,8
2021-03-15,MOISSON,7.0,2.0,5
2021-03-16,MOISSON,5.0,2.0,5
2021-03-18,MOISSON,5.0,2.0,5
2021-03-19,MOISSON,2.0,2.0,2
2021-03-20,MOISSON,6.0,2.0,5
2021-03-21,MOISSON,8.0,2.0,8
2021-03-22,MOISSON,6.0,2.0,6
2021-03-23,MOISSON,8.0,2.0,7
2021-03-25,MOISSON,4.0,2.0,4
2021-03-26,MOISSON,4.0,2.0,4
2021-03-27,MOISSON,6.0,2.0,5
2021-03-28,MOISSON,4.0,2.0,4
2021-03-29,MOISSON,5.0,2.0,5
2021-03-30,MOISSON,5.0,2.0,4
2021-04-01,MOISSON,5.0,2.0,5
2021-04-02,MOISSON,6.0,2.0,3
2021-04-03,MOISSON,8.0,2.0,7
2021-04-04,MOISSON,11.0,2.0,11
2021-04-05,MOISSON,5.0,2.0,5
2021-04-06,MOISSON,5.0,2.0,5
2021-04-08,MOISSON,9.0,2.0,7
2021-04-09,MOISSON,4.0,2.0,4
2021-04-10,MOISSON,10.0,2.0,8
2021-04-11,MOISSON,7.0,2.0,7
2021-04-12,MOISSON,10.0,2.0,9
2021-04-13,MOISSON,6.0,2.0,4
2021-04-14,MOISSON,7.0,2.0,7
2021-04-15,MOISSON,7.0,2.0,7
2021-04-16,MOISSON,6.0,2.0,5
2021-04-17,MOISSON,6.0,2.0,3
2021-04-18,MOISSON,7.0,2.0,7
2021-04-19,MOISSON,6.0,2.0,5
2021-04-20,MOISSON,6.0,2.0,5
2021-04-21,MOISSON,6.0,2.0,6
2021-04-22,MOISSON,9.0,2.0,8
2021-04-23,MOISSON,5.0,2.0,5
2021-04-24,MOISSON,4.0,2.0,3
2021-04-25,MOISSON,10.0,2.0,10
2021-04-26,MOISSON,7.0,2.0,7
2021-04-27,MOISSON,8.0,2.0,5
2021-04-28,MOISSON,2.0,2.0,2
2021-04-29,MOISSON,6.0,2.0,5
2021-04-30,MOISSON,6.0,2.0,5
2021-05-01,MOISSON,10.0,2.0,9
2021-05-02,MOISSON,10.0,2.0,9
2021-05-03,MOISSON,4.0,2.0,4
2021-05-04,MOISSON,6.0,2.0,6
2021-05-05,MOISSON,6.0,2.0,5
2021-05-06,MOISSON,6.0,2.0,5
2021-05-07,MOISSON,8.0,2.0,8
2021-05-08,MOISSON,10.0,2.0,9
2021-05-09,MOISSON,12.0,2.0,10
2021-05-10,MOISSON,6.0,2.0,6
2021-05-11,MOISSON,5.0,2.0,5
2021-05-12,MOISSON,5.0,2.0,4
2021-05-13,MOISSON,10.0,2.0,8
2021-05-14,MOISSON,12.0,2.0,11
2021-05-15,MOISSON,8.0,2.0,6
2021-05-16,MOISSON,8.0,2.0,7
2021-05-21,MOISSON,7.0,2.0,5
2021-05-22,MOISSON,5.0,2.0,3
2021-05-23,MOISSON,6.0,2.0,6
2021-05-24,MOISSON,6.0,2.0,6
2021-05-25,MOISSON,6.0,2.0,5
2021-05-26,MOISSON,4.0,2.0,3
2021-05-27,MOISSON,9.0,2.0,7
2021-05-28,MOISSON,4.0,2.0,3
2021-05-29,MOISSON,5.0,2.0,4
2021-05-30,MOISSON,10.0,2.0,9
2021-05-31,MOISSON,3.0,2.0,3
2021-06-01,MOISSON,3.0,2.0,3
2021-06-02,MOISSON,6.0,2.0,5
2021-06-03,MOISSON,7.0,2.0,6
2021-06-04,MOISSON,6.0,2.0,5
2021-06-05,MOISSON,5.0,2.0,4
2021-06-06,MOISSON,6.0,2.0,4
2021-06-07,MOISSON,5.0,2.0,5
2021-06-08,MOISSON,6.0,2.0,5
2021-06-09,MOISSON,7.0,2.0,6
2021-06-10,MOISSON,4.0,2.0,3
2021-06-11,MOISSON,5.0,2.0,5
2021-06-12,MOISSON,5.0,2.0,3
2021-06-13,MOISSON,8.0,2.0,8
2021-06-14,MOISSON,5.0,2.0,5
2021-06-15,MOISSON,5.0,2.0,5
2021-06-16,MOISSON,5.0,2.0,5
2021-06-17,MOISSON,5.0,2.0,4
2021-06-18,MOISSON,2.0,2.0,2
2021-06-19,MOISSON,7.0,2.0,6
2021-06-20,MOISSON,6.0,2.0,6
2021-06-21,MOISSON,6.0,2.0,6
2021-06-22,MOISSON,5.0,2.0,4
2021-06-23,MOISSON,2.0,2.0,2
2021-06-24,MOISSON,5.0,2.0,4
2021-06-25,MOISSON,9.0,2.0,5
2021-06-26,MOISSON,1.0,2.0,1
2021-06-27,MOISSON,6.0,2.0,6
2021-06-28,MOISSON,8.0,2.0,7
2021-06-29,MOISSON,5.0,2.0,5
2021-06-30,MOISSON,10.0,2.0,9
2021-07-01,MOISSON,7.0,2.0,6
2021-07-02,MOISSON,5.0,2.0,5
2021-07-03,MOISSON,9.0,2.0,7
2021-07-04,MOISSON,6.0,2.0,5
2021-07-05,MOISSON,8.0,2.0,3
2021-07-06,MOISSON,4.0,2.0,4
2021-07-07,MOISSON,5.0,2.0,5
2021-07-08,MOISSON,10.0,2.0,8
2021-07-09,MOISSON,8.0,2.0,8
2021-07-10,MOISSON,8.0,2.0,7
2021-07-11,MOISSON,8.0,2.0,8
2021-07-12,MOISSON,8.0,2.0,7
2021-07-13,MOISSON,8.0,2.0,7
2021-07-14,MOISSON,10.0,2.0,10
2021-07-15,MOISSON,9.0,2.0,7
2021-07-16,MOISSON,8.0,2.0,6
2021-07-17,MOISSON,8.0,2.0,7
2021-07-18,MOISSON,15.0,2.0,12
2021-07-19,MOISSON,8.0,2.0,7
2021-07-20,MOISSON,3.0,2.0,3
2021-07-21,MOISSON,5.0,2.0,5
2021-07-22,MOISSON,11.0,2.0,10
2021-07-23,MOISSON,8.0,2.0,7
2021-07-24,MOISSON,7.0,2.0,6
2021-07-25,MOISSON,15.0,2.0,11
2021-07-26,MOISSON,8.0,2.0,7
2021-07-27,MOISSON,7.0,2.0,7
2021-07-28,MOISSON,8.0,2.0,8
2021-07-29,MOISSON,1.0,2.0,1
2021-07-30,MOISSON,8.0,2.0,6
2021-07-31,MOISSON,8.0,2.0,7
2021-08-01,MOISSON,9.0,2.0,8
2021-08-02,MOISSON,7.0,2.0,6
2021-08-03,MOISSON,8.0,2.0,7
2021-08-04,MOISSON,6.0,2.0,6
2021-08-05,MOISSON,9.0,2.0,4
2021-08-06,MOISSON,10.0,2.0,9
2021-08-07,MOISSON,6.0,2.0,5
2021-08-08,MOISSON,8.0,2.0,7
2021-08-09,MOISSON,7.0,2.0,7
2021-08-10,MOISSON,8.0,2.0,6
2021-08-11,MOISSON,8.0,2.0,8
2021-08-12,MOISSON,8.0,2.0,8
2021-08-13,MOISSON,10.0,2.0,10
2021-08-14,MOISSON,12.0,2.0,10
2021-08-15,MOISSON,11.0,2.0,11
2021-08-16,MOISSON,10.0,2.0,10
2021-08-17,MOISSON,5.0,2.0,5
2021-08-18,MOISSON,10.0,2.0,10
2021-08-19,MOISSON,9.0,2.0,8
2021-08-20,MOISSON,9.0,2.0,9
2021-08-21,MOISSON,10.0,2.0,10
2021-08-22,MOISSON,7.0,2.0,6
2021-08-23,MOISSON,4.0,2.0,4
2021-08-24,MOISSON,10.0,2.0,10
2021-08-25,MOISSON,3.0,2.0,3
2021-08-26,MOISSON,10.0,2.0,8
2021-08-27,MOISSON,8.0,2.0,8
2021-08-28,MOISSON,10.0,2.0,10
2021-08-29,MOISSON,10.0,2.0,10
2021-08-30,MOISSON,10.0,2.0,9
2021-08-31,MOISSON,10.0,2.0,9
2021-09-01,MOISSON,8.0,2.0,8
2021-09-02,MOISSON,7.0,2.0,7
2021-09-03,MOISSON,5.0,2.0,4
2021-09-04,MOISSON,6.0,2.0,5
2021-09-05,MOISSON,8.0,2.0,8
2021-09-06,MOISSON,6.0,2.0,6
2021-09-07,MOISSON,6.0,2.0,6
2021-09-08,MOISSON,7.0,2.0,5
2021-09-09,MOISSON,10.0,2.0,8
2021-09-10,MOISSON,6.0,2.0,6
2021-09-11,MOISSON,6.0,2.0,5
2021-09-12,MOISSON,6.0,2.0,6
2021-09-13,MOISSON,6.0,2.0,5
2021-09-14,MOISSON,3.0,2.0,3
2021-09-15,MOISSON,4.0,2.0,4
2021-09-16,MOISSON,3.0,2.0,3
2021-09-17,MOISSON,4.0,2.0,4
2021-09-18,MOISSON,4.0,2.0,4
2021-09-19,MOISSON,6.0,2.0,6
2021-09-20,MOISSON,7.0,2.0,7
2021-09-21,MOISSON,6.0,2.0,6
2021-09-22,MOISSON,2.0,2.0,2
2021-09-23,MOISSON,3.0,2.0,3
2021-09-24,MOISSON,2.0,2.0,2
2021-09-25,MOISSON,4.0,2.0,3
2021-09-26,MOISSON,5.0,2.0,5
2021-09-27,MOISSON,2.0,2.0,2
2021-09-28,MOISSON,4.0,2.0,4
2021-09-29,MOISSON,3.0,2.0,3
2021-09-30,MOISSON,2.0,2.0,2
2021-10-01,MOISSON,4.0,2.0,4
2021-10-02,MOISSON,2.0,2.0,2
2021-10-03,MOISSON,6.0,2.0,6
2021-10-04,MOISSON,2.0,2.0,2
2021-10-05,MOISSON,5.0,2.0,5
2021-10-06,MOISSON,6.0,2.0,6
2021-10-07,MOISSON,6.0,2.0,5
2021-10-08,MOISSON,6.0,2.0,6
2021-10-09,MOISSON,7.0,2.0,6
2021-10-10,MOISSON,3.0,2.0,3
2021-10-11,MOISSON,3.0,2.0,3
2021-10-12,MOISSON,2.0,2.0,2
2021-10-13,MOISSON,4.0,2.0,4
2021-10-14,MOISSON,3.0,2.0,3
2021-10-15,MOISSON,1.0,2.0,1
2021-10-16,MOISSON,3.0,2.0,3
2021-10-17,MOISSON,5.0,2.0,5
2021-10-18,MOISSON,5.0,2.0,5
2021-10-19,MOISSON,5.0,2.0,5
2021-10-20,MOISSON,3.0,2.0,3
2021-10-21,MOISSON,6.0,2.0,6
2021-10-22,MOISSON,3.0,2.0,3
2021-10-23,MOISSON,6.0,2.0,6
2021-10-24,MOISSON,6.0,2.0,4
2021-10-25,MOISSON,3.0,2.0,3
2021-10-26,MOISSON,3.0,2.0,3
2021-10-27,MOISSON,8.0,2.0,8
2021-10-28,MOISSON,8.0,2.0,8
2021-10-29,MOISSON,6.0,2.0,4
2021-10-30,MOISSON,8.0,2.0,8
2021-10-31,MOISSON,8.0,2.0,8
2021-11-01,MOISSON,8.0,2.0,8
2021-11-02,MOISSON,7.0,2.0,7
2021-11-03,MOISSON,6.0,2.0,6
2021-11-04,MOISSON,4.0,2.0,4
2021-11-05,MOISSON,6.0,2.0,6
2021-11-06,MOISSON,4.0,2.0,3
2021-11-07,MOISSON,6.0,2.0,5
2021-11-08,MOISSON,3.0,2.0,3
2021-11-09,MOISSON,4.0,2.0,3
2021-11-10,MOISSON,4.0,2.0,4
2021-11-11,MOISSON,6.0,2.0,6
2021-11-12,MOISSON,3.0,2.0,3
2021-11-13,MOISSON,1.0,2.0,1
2021-11-14,MOISSON,6.0,2.0,5
2021-11-15,MOISSON,4.0,2.0,3
2021-11-16,MOISSON,4.0,2.0,4
2021-11-18,MOISSON,4.0,2.0,3
2021-11-19,MOISSON,2.0,2.0,2
2021-11-20,MOISSON,4.0,2.0,4
2021-11-21,MOISSON,1.0,2.0,1
2021-11-22,MOISSON,1.0,2.0,1
2021-11-23,MOISSON,4.0,2.0,4
2021-11-25,MOISSON,3.0,2.0,3
2021-11-26,MOISSON,3.0,2.0,3
2021-11-27,MOISSON,3.0,2.0,3
2021-11-28,MOISSON,4.0,2.0,3
2021-11-29,MOISSON,3.0,2.0,3
2021-11-30,MOISSON,4.0,2.0,3
2021-12-02,MOISSON,1.0,2.0,1
2021-12-03,MOISSON,3.0,2.0,3
2021-12-04,MOISSON,1.0,2.0,1
2021-12-05,MOISSON,6.0,2.0,5
2021-12-09,MOISSON,4.0,2.0,3
2021-12-10,MOISSON,4.0,2.0,2
2021-12-11,MOISSON,3.0,2.0,3
2021-12-12,MOISSON,5.0,2.0,5
2021-12-13,MOISSON,5.0,2.0,5
2021-12-14,MOISSON,4.0,2.0,4
2021-12-16,MOISSON,4.0,2.0,3
2021-12-17,MOISSON,5.0,2.0,5
2021-12-18,MOISSON,4.0,2.0,4
2021-12-19,MOISSON,5.0,2.0,5
2021-12-20,MOISSON,4.0,2.0,4
2021-12-21,MOISSON,6.0,2.0,6
2021-12-22,MOISSON,2.0,2.0,2
2021-12-23,MOISSON,2.0,2.0,2
2021-12-24,MOISSON,21.0,2.0,15
2021-12-26,MOISSON,1.0,2.0,1
2021-12-27,MOISSON,5.0,2.0,5
2021-12-28,MOISSON,5.0,2.0,4
2021-12-29,MOISSON,5.0,2.0,5
2021-12-30,MOISSON,3.0,2.0,3
2021-12-31,MOISSON,5.0,2.0,5
2022-01-02,MOISSON,6.0,2.0,6
2022-01-03,MOISSON,6.0,2.0,6
2022-01-06,MOISSON,3.0,2.0,3
2022-01-07,MOISSON,6.0,2.0,4
2022-01-08,MOISSON,7.0,2.0,6
2022-01-09,MOISSON,5.0,2.0,5
2022-01-10,MOISSON,4.0,2.0,4
2022-01-11,MOISSON,6.0,2.0,6
2022-01-14,MOISSON,5.0,2.0,5
2022-01-16,MOISSON,4.0,2.0,4
2022-01-17,MOISSON,1.0,2.0,1
2022-01-18,MOISSON,4.0,2.0,4
2022-01-20,MOISSON,1.0,2.0,1
2022-01-21,MOISSON,3.0,2.0,3
2022-01-22,MOISSON,3.0,2.0,3
2022-01-23,MOISSON,2.0,2.0,1
2022-01-24,MOISSON,4.0,2.0,3
2022-01-25,MOISSON,6.0,2.0,5
2022-01-27,MOISSON,7.0,2.0,6
2022-01-28,MOISSON,5.0,2.0,5
2022-01-29,MOISSON,2.0,2.0,2
2022-01-30,MOISSON,3.0,2.0,3
2022-01-31,MOISSON,1.0,2.0,1
2022-02-01,MOISSON,1.0,2.0,1
2022-02-03,MOISSON,2.0,2.0,2
2022-02-04,MOISSON,5.0,2.0,4
2022-02-05,MOISSON,1.0,2.0,1
2022-02-06,MOISSON,6.0,2.0,6
2022-02-07,MOISSON,2.0,2.1,2
2022-02-08,MOISSON,5.0,2.1,4
2022-02-10,MOISSON,5.0,2.1,5
2022-02-11,MOISSON,3.0,2.1,2
2022-02-12,MOISSON,5.0,2.1,5
2022-02-13,MOISSON,6.0,2.1,5
2022-02-14,MOISSON,4.0,2.1,4
2022-02-15,MOISSON,6.0,2.1,6
2022-02-17,MOISSON,4.0,2.1,4
2022-02-18,MOISSON,6.0,2.1,6
2022-02-19,MOISSON,6.0,2.1,6
2022-02-20,MOISSON,6.0,2.1,6
2022-02-21,MOISSON,7.0,2.1,7
2022-02-22,MOISSON,6.0,2.1,6
2022-02-24,MOISSON,6.0,2.1,6
2022-02-25,MOISSON,4.0,2.1,4
2022-02-26,MOISSON,5.0,2.1,5
2022-02-27,MOISSON,8.0,2.1,8
2022-02-28,MOISSON,6.0,2.1,6
2022-03-01,MOISSON,5.0,2.1,5
2022-03-02,MOISSON,3.0,2.1,3
2022-03-03,MOISSON,7.0,2.1,7
2022-03-04,MOISSON,2.0,2.1,2
2022-03-05,MOISSON,2.0,2.1,2
2022-03-06,MOISSON,7.0,2.1,6
2022-03-07,MOISSON,8.0,2.1,6
2022-03-08,MOISSON,6.0,2.1,6
2022-03-09,MOISSON,1.0,2.1,1
2022-03-10,MOISSON,1.0,2.1,1
2022-03-11,MOISSON,3.0,2.1,3
2022-03-12,MOISSON,1.0,2.1,1
2022-03-13,MOISSON,4.0,2.1,3
2022-03-14,MOISSON,6.0,2.1,4
2022-03-15,MOISSON,5.0,2.1,4
2022-03-17,MOISSON,2.0,2.1,2
2022-03-18,MOISSON,1.0,2.1,1
2022-03-19,MOISSON,5.0,2.1,5
2022-03-20,MOISSON,4.0,2.1,4
2022-03-21,MOISSON,4.0,2.1,4
2022-03-22,MOISSON,4.0,2.1,4
2022-03-24,MOISSON,2.0,2.1,2
2022-03-25,MOISSON,2.0,2.1,2
2022-03-26,MOISSON,3.0,2.1,3
2022-03-27,MOISSON,5.0,2.1,5
2022-03-28,MOISSON,3.0,2.1,2
2022-03-29,MOISSON,5.0,2.1,5
2022-03-31,MOISSON,2.0,2.1,2
2022-04-01,MOISSON,5.0,2.1,5
2022-04-02,MOISSON,6.0,2.1,6
2022-04-03,MOISSON,2.0,2.1,2
2022-04-04,MOISSON,4.0,2.1,4
2022-04-05,MOISSON,3.0,2.1,3
2022-04-06,MOISSON,4.0,2.1,4
2022-04-07,MOISSON,3.0,2.1,3
2022-04-08,MOISSON,2.0,2.1,2
2022-04-09,MOISSON,6.0,2.1,6
2022-04-10,MOISSON,6.0,2.1,6
2022-04-11,MOISSON,6.0,2.1,6
2022-04-12,MOISSON,8.0,2.1,7
2022-04-13,MOISSON,4.0,2.1,4
2022-04-14,MOISSON,5.0,2.1,5
2022-04-15,MOISSON,4.0,2.1,3
2022-04-16,MOISSON,8.0,2.1,7
2022-04-17,MOISSON,2.0,2.1,2
2022-04-18,MOISSON,10.0,2.1,10
2022-04-19,MOISSON,4.0,2.1,3
2022-04-20,MOISSON,8.0,2.1,7
2022-04-21,MOISSON,8.0,2.1,8
2022-04-22,MOISSON,5.0,2.1,5
2022-04-23,MOISSON,2.0,2.1,2
2022-04-24,MOISSON,3.0,2.1,3
2022-04-25,MOISSON,2.0,2.1,2
2022-04-26,MOISSON,4.0,2.1,4
2022-04-27,MOISSON,5.0,2.1,4
2022-04-28,MOISSON,10.0,2.1,9
2022-04-29,MOISSON,3.0,2.1,3
2022-04-30,MOISSON,9.0,2.1,8
2022-05-01,MOISSON,4.0,2.1,4
2022-05-02,MOISSON,8.0,2.1,7
2022-05-03,MOISSON,6.0,2.1,6
2022-05-05,MOISSON,5.0,2.1,5
2022-05-06,MOISSON,4.0,2.1,4
2022-05-07,MOISSON,6.0,2.1,6
2022-05-08,MOISSON,6.0,2.1,6
2022-05-09,MOISSON,5.0,2.1,5
2022-05-10,MOISSON,5.0,2.1,5
2022-05-11,MOISSON,6.0,2.1,5
2022-05-12,MOISSON,7.0,2.1,7
2022-05-13,MOISSON,1.0,2.1,1
2022-05-14,MOISSON,5.0,2.1,5
2022-05-15,MOISSON,6.0,2.1,6
2022-05-16,MOISSON,4.0,2.1,4
2022-05-17,MOISSON,5.0,2.1,5
2022-05-18,MOISSON,6.0,2.1,6
2022-05-19,MOISSON,4.0,2.1,4
2022-05-20,MOISSON,4.0,2.1,4
2022-05-21,MOISSON,2.0,2.1,2
2022-05-22,MOISSON,7.0,2.1,6
2022-05-23,MOISSON,6.0,2.1,6
2022-05-24,MOISSON,8.0,2.1,8
2022-05-25,MOISSON,6.0,2.1,5
2022-05-26,MOISSON,10.0,2.1,9
2022-05-27,MOISSON,11.0,2.1,11
2022-05-28,MOISSON,10.0,2.1,9
2022-05-29,MOISSON,7.0,2.1,6
2022-05-30,MOISSON,6.0,2.1,6
2022-05-31,MOISSON,4.0,2.1,4
2022-06-01,MOISSON,6.0,2.1,3
2022-06-02,MOISSON,3.0,2.1,2
2022-06-03,MOISSON,6.0,2.1,6
2022-06-04,MOISSON,8.0,2.1,7
2022-06-05,MOISSON,10.0,2.1,8
2022-06-06,MOISSON,8.0,2.1,6
2022-06-07,MOISSON,6.0,2.1,5
2022-06-08,MOISSON,4.0,2.1,3
2022-06-09,MOISSON,1.0,2.1,1
2022-06-10,MOISSON,2.0,2.1,2
2022-06-11,MOISSON,5.0,2.1,5
2022-06-12,MOISSON,6.0,2.1,6
2022-06-13,MOISSON,5.0,2.1,5
2022-06-14,MOISSON,6.0,2.1,5
2022-06-15,MOISSON,5.0,2.1,5
2022-06-16,MOISSON,6.0,2.1,6
2022-06-17,MOISSON,6.0,2.1,6
2022-06-18,MOISSON,8.0,2.1,6
2022-06-19,MOISSON,4.0,2.1,4
2022-06-20,MOISSON,3.0,2.1,3
2022-06-21,MOISSON,6.0,2.1,6
2022-06-22,MOISSON,1.0,2.1,1
2022-06-23,MOISSON,6.0,2.1,5
2022-06-24,MOISSON,6.0,2.1,6
2022-06-25,MOISSON,6.0,2.1,6
2022-06-26,MOISSON,4.0,2.1,4
2022-06-27,MOISSON,5.0,2.1,4
2022-06-28,MOISSON,3.0,2.1,3
2022-06-29,MOISSON,4.0,2.2,3
2022-06-30,MOISSON,8.0,2.2,8
2022-07-01,MOISSON,4.0,2.2,4
2022-07-02,MOISSON,6.0,2.2,6
2022-07-03,MOISSON,4.0,2.2,4
2022-07-04,MOISSON,8.0,2.2,7
2022-07-05,MOISSON,2.0,2.2,2
2022-07-06,MOISSON,6.0,2.2,5
2022-07-07,MOISSON,3.0,2.2,3
2022-07-08,MOISSON,7.0,2.2,6
2022-07-09,MOISSON,6.0,2.2,6
2022-07-10,MOISSON,10.0,2.2,9
2022-07-11,MOISSON,6.0,2.2,6
2022-07-12,MOISSON,7.0,2.2,6
2022-07-13,MOISSON,10.0,2.2,9
2022-07-14,MOISSON,12.0,2.2,11
2022-07-15,MOISSON,11.0,2.2,9
2022-07-16,MOISSON,10.0,2.2,9
2022-07-17,MOISSON,8.0,2.2,8
2022-07-18,MOISSON,4.0,2.2,4
2022-07-19,MOISSON,5.0,2.2,5
2022-07-20,MOISSON,7.0,2.2,7
2022-07-21,MOISSON,5.0,2.2,5
2022-07-22,MOISSON,7.0,2.2,7
2022-07-23,MOISSON,6.0,2.2,6
2022-07-24,MOISSON,10.0,2.2,10
2022-07-25,MOISSON,9.0,2.2,8
2022-07-26,MOISSON,6.0,2.2,6
2022-07-27,MOISSON,2.0,2.2,2
2022-07-28,MOISSON,7.0,2.2,7
2022-07-29,MOISSON,7.0,2.2,7
2022-07-30,MOISSON,9.0,2.2,9
2022-07-31,MOISSON,10.0,2.2,10
2022-08-01,MOISSON,13.0,2.2,12
2022-08-02,MOISSON,6.0,2.2,6
2022-08-03,MOISSON,10.0,2.2,10
2022-08-04,MOISSON,6.0,2.2,6
2022-08-05,MOISSON,7.0,2.2,7
2022-08-06,MOISSON,10.0,2.2,10
2022-08-07,MOISSON,5.0,2.2,5
2022-08-08,MOISSON,10.0,2.2,10
2022-08-09,MOISSON,10.0,2.2,7
2022-08-10,MOISSON,10.0,2.2,9
2022-08-11,MOISSON,10.0,2.2,10
2022-08-12,MOISSON,11.0,2.2,11
2022-08-13,MOISSON,10.0,2.2,9
2022-08-14,MOISSON,10.0,2.2,10
2022-08-15,MOISSON,10.0,2.2,10
2022-08-16,MOISSON,10.0,2.2,10
2022-08-17,MOISSON,8.0,2.2,7
2022-08-18,MOISSON,10.0,2.2,10
2022-08-19,MOISSON,6.0,2.2,6
2022-08-20,MOISSON,5.0,2.2,5
2022-08-21,MOISSON,10.0,2.2,10
2022-08-22,MOISSON,9.0,2.2,8
2022-08-23,MOISSON,10.0,2.2,8
2022-08-24,MOISSON,7.0,2.2,7
2022-08-25,MOISSON,5.0,2.2,5
2022-08-26,MOISSON,8.0,2.2,8
2022-08-27,MOISSON,4.0,2.2,4
2022-08-28,MOISSON,10.0,2.2,10
2022-08-29,MOISSON,8.0,2.2,6
2022-08-30,MOISSON,6.0,2.2,6
2022-08-31,MOISSON,3.0,2.2,3
2022-09-02,MOISSON,6.0,2.2,6
2022-09-03,MOISSON,7.0,2.2,7
2022-09-04,MOISSON,8.0,2.2,8
2022-09-05,MOISSON,3.0,2.2,3
2022-09-06,MOISSON,8.0,2.2,8
2022-09-07,MOISSON,6.0,2.2,6
2022-09-08,MOISSON,2.0,2.2,2
2022-09-09,MOISSON,2.0,2.2,2
2022-09-10,MOISSON,6.0,2.2,5
2022-09-11,MOISSON,6.0,2.2,6
2022-09-12,MOISSON,6.0,2.2,6
2022-09-13,MOISSON,5.0,2.2,4
2022-09-14,MOISSON,3.0,2.2,3
2022-09-15,MOISSON,5.0,2.2,4
2022-09-16,MOISSON,1.0,2.2,1
2022-09-17,MOISSON,6.0,2.2,6
2022-09-18,MOISSON,5.0,2.2,5
2022-09-20,MOISSON,6.0,2.2,4
2022-09-21,MOISSON,3.0,2.2,3
2022-09-22,MOISSON,5.0,2.2,5
2022-09-23,MOISSON,4.0,2.2,4
2022-09-24,MOISSON,6.0,2.2,5
2022-09-25,MOISSON,6.0,2.2,6
2022-09-26,MOISSON,6.0,2.2,6
2022-09-27,MOISSON,6.0,2.2,6
2022-09-28,MOISSON,4.0,2.2,3
2022-09-29,MOISSON,6.0,2.2,5
2022-09-30,MOISSON,5.0,2.2,4
2021-01-05,NANTAIS,1.0,2.5,1
2021-01-09,NANTAIS,3.0,2.5,3
2021-01-10,NANTAIS,3.0,2.5,2
2021-01-11,NANTAIS,2.0,2.5,1
2021-01-12,NANTAIS,1.0,2.5,1
2021-01-14,NANTAIS,6.0,2.5,3
2021-01-16,NANTAIS,3.0,2.5,3
2021-01-17,NANTAIS,2.0,2.5,2
2021-01-22,NANTAIS,3.0,2.5,3
2021-01-23,NANTAIS,1.0,2.5,1
2021-01-25,NANTAIS,1.0,2.5,1
2021-01-26,NANTAIS,2.0,2.5,1
2021-01-29,NANTAIS,4.0,2.5,1
2021-01-30,NANTAIS,6.0,2.5,4
2021-01-31,NANTAIS,2.0,2.5,2
2021-02-01,NANTAIS,1.0,2.5,1
2021-02-02,NANTAIS,1.0,2.5,1
2021-02-05,NANTAIS,2.0,2.5,2
2021-02-06,NANTAIS,4.0,2.5,2
2021-02-09,NANTAIS,3.0,2.5,1
2021-02-11,NANTAIS,1.0,2.5,1
2021-02-12,NANTAIS,4.0,2.5,3
2021-02-13,NANTAIS,1.0,2.5,1
2021-02-14,NANTAIS,5.0,2.5,4
2021-02-15,NANTAIS,6.0,2.5,2
2021-02-19,NANTAIS,3.0,2.5,1
2021-02-20,NANTAIS,7.0,2.5,3
2021-02-21,NANTAIS,3.0,2.5,2
2021-02-22,NANTAIS,3.0,2.5,2
2021-02-23,NANTAIS,3.0,2.5,3
2021-02-25,NANTAIS,3.0,2.5,3
2021-02-26,NANTAIS,6.0,2.5,4
2021-02-27,NANTAIS,5.0,2.5,3
2021-02-28,NANTAIS,6.0,2.5,4
2021-03-02,NANTAIS,2.0,2.5,1
2021-03-04,NANTAIS,5.0,2.5,4
2021-03-05,NANTAIS,2.0,2.5,2
2021-03-06,NANTAIS,10.0,2.5,4
2021-03-07,NANTAIS,4.0,2.5,3
2021-03-08,NANTAIS,4.0,2.5,1
2021-03-09,NANTAIS,2.0,2.5,2
2021-03-11,NANTAIS,5.0,2.5,3
2021-03-12,NANTAIS,4.0,2.5,3
2021-03-13,NANTAIS,4.0,2.5,3
2021-03-14,NANTAIS,2.0,2.5,2
2021-03-18,NANTAIS,4.0,2.5,2
2021-03-20,NANTAIS,4.0,2.5,4
2021-03-21,NANTAIS,7.0,2.5,4
2021-03-22,NANTAIS,1.0,2.5,1
2021-03-25,NANTAIS,4.0,2.5,3
2021-03-26,NANTAIS,2.0,2.5,1
2021-03-27,NANTAIS,6.0,2.5,3
2021-03-28,NANTAIS,5.0,2.5,4
2021-03-29,NANTAIS,1.0,2.5,1
2021-03-30,NANTAIS,4.0,2.5,1
2021-04-01,NANTAIS,1.0,2.5,1
2021-04-02,NANTAIS,2.0,2.5,2
2021-04-04,NANTAIS,8.0,2.5,5
2021-04-05,NANTAIS,2.0,2.5,1
2021-04-06,NANTAIS,1.0,2.5,1
2021-04-09,NANTAIS,2.0,2.5,1
2021-04-10,NANTAIS,4.0,2.5,2
2021-04-12,NANTAIS,3.0,2.5,3
2021-04-13,NANTAIS,4.0,2.5,3
2021-04-14,NANTAIS,5.0,2.5,3
2021-04-15,NANTAIS,6.0,2.5,3
2021-04-16,NANTAIS,6.0,2.5,6
2021-04-17,NANTAIS,4.0,2.5,2
2021-04-18,NANTAIS,5.0,2.5,3
2021-04-19,NANTAIS,1.0,2.5,1
2021-04-20,NANTAIS,2.0,2.5,1
2021-04-21,NANTAIS,2.0,2.5,1
2021-04-22,NANTAIS,3.0,2.5,1
2021-04-23,NANTAIS,4.0,2.5,1
2021-04-24,NANTAIS,6.0,2.5,4
2021-04-25,NANTAIS,4.0,2.5,3
2021-04-27,NANTAIS,3.0,2.5,2
2021-04-28,NANTAIS,2.0,2.5,2
2021-04-29,NANTAIS,1.0,2.5,1
2021-04-30,NANTAIS,2.0,2.5,1
2021-05-01,NANTAIS,1.0,2.5,1
2021-05-02,NANTAIS,9.0,2.5,7
2021-05-03,NANTAIS,2.0,2.5,1
2021-05-04,NANTAIS,1.0,2.5,1
2021-05-05,NANTAIS,1.0,2.5,1
2021-05-06,NANTAIS,5.0,2.5,2
2021-05-07,NANTAIS,3.0,2.5,2
2021-05-08,NANTAIS,1.0,2.5,1
2021-05-09,NANTAIS,4.0,2.5,3
2021-05-10,NANTAIS,3.0,2.5,2
2021-05-11,NANTAIS,5.0,2.5,4
2021-05-12,NANTAIS,8.0,2.5,4
2021-05-13,NANTAIS,15.0,2.5,6
2021-05-14,NANTAIS,6.0,2.5,2
2021-05-15,NANTAIS,6.0,2.5,6
2021-05-16,NANTAIS,4.0,2.5,4
2021-05-21,NANTAIS,7.0,2.5,4
2021-05-22,NANTAIS,1.0,2.5,1
2021-05-23,NANTAIS,13.0,2.5,8
2021-05-27,NANTAIS,1.0,2.5,1
2021-05-28,NANTAIS,5.0,2.5,2
2021-05-29,NANTAIS,8.0,2.5,3
2021-05-30,NANTAIS,7.0,2.5,4
2021-06-01,NANTAIS,2.0,2.5,2
2021-06-02,NANTAIS,5.0,2.5,4
2021-06-03,NANTAIS,7.0,2.5,4
2021-06-04,NANTAIS,4.0,2.5,3
2021-06-05,NANTAIS,1.0,2.5,1
2021-06-06,NANTAIS,3.0,2.5,2
2021-06-07,NANTAIS,6.0,2.5,3
2021-06-08,NANTAIS,2.0,2.5,2
2021-06-09,NANTAIS,3.0,2.5,2
2021-06-10,NANTAIS,5.0,2.5,4
2021-06-12,NANTAIS,1.0,2.5,1
2021-06-13,NANTAIS,3.0,2.5,2
2021-06-14,NANTAIS,4.0,2.5,3
2021-06-15,NANTAIS,4.0,2.5,3
2021-06-17,NANTAIS,8.0,2.5,7
2021-06-18,NANTAIS,2.0,2.5,2
2021-06-19,NANTAIS,1.0,2.5,1
2021-06-20,NANTAIS,3.0,2.5,2
2021-06-21,NANTAIS,3.0,2.5,1
2021-06-22,NANTAIS,1.0,2.5,1
2021-06-23,NANTAIS,1.0,2.5,1
2021-06-24,NANTAIS,4.0,2.5,3
2021-06-26,NANTAIS,2.0,2.5,1
2021-06-27,NANTAIS,3.0,2.5,3
2021-06-28,NANTAIS,6.0,2.5,1
2021-07-01,NANTAIS,3.0,2.5,2
2021-07-02,NANTAIS,4.0,2.5,2
2021-07-04,NANTAIS,2.0,2.5,1
2021-07-05,NANTAIS,1.0,2.5,1
2021-07-06,NANTAIS,2.0,2.5,1
2021-07-08,NANTAIS,2.0,2.5,2
2021-07-09,NANTAIS,4.0,2.5,1
2021-07-10,NANTAIS,2.0,2.5,1
2021-07-11,NANTAIS,6.0,2.5,5
2021-07-12,NANTAIS,1.0,2.5,1
2021-07-13,NANTAIS,1.0,2.5,1
2021-07-14,NANTAIS,10.0,2.5,4
2021-07-15,NANTAIS,4.0,2.5,3
2021-07-16,NANTAIS,2.0,2.5,2
2021-07-17,NANTAIS,10.0,2.5,7
2021-07-18,NANTAIS,4.0,2.5,2
2021-07-19,NANTAIS,1.0,2.5,1
2021-07-20,NANTAIS,5.0,2.5,2
2021-07-21,NANTAIS,4.0,2.5,4
2021-07-22,NANTAIS,3.0,2.5,2
2021-07-23,NANTAIS,8.0,2.5,4
2021-07-24,NANTAIS,10.0,2.5,6
2021-07-25,NANTAIS,5.0,5.0,4
2021-07-26,NANTAIS,4.0,5.0,3
2021-07-27,NANTAIS,5.0,5.0,3
2021-07-28,NANTAIS,5.0,5.0,2
2021-07-29,NANTAIS,2.0,5.0,2
2021-07-30,NANTAIS,1.0,5.0,1
2021-07-31,NANTAIS,4.0,5.0,3
2021-08-01,NANTAIS,5.0,5.0,3
2021-08-05,NANTAIS,1.0,5.0,1
2021-10-11,NANTAIS,1.0,5.0,1
2021-12-23,NANTAIS,1.0,5.0,1
2021-04-03,NID DE POULE,1.0,2.5,1
2021-04-04,NID DE POULE,34.0,2.5,11
2021-01-31,NOIX JAPONAISE,1.0,2.0,1
2021-02-07,NOIX JAPONAISE,4.0,2.0,3
2021-02-08,NOIX JAPONAISE,1.0,2.0,1
2021-02-11,NOIX JAPONAISE,1.0,2.0,1
2021-02-12,NOIX JAPONAISE,3.0,2.0,3
2021-02-14,NOIX JAPONAISE,6.0,2.0,5
2021-02-20,NOIX JAPONAISE,1.0,2.0,1
2021-02-21,NOIX JAPONAISE,6.0,2.0,4
2021-02-27,NOIX JAPONAISE,6.0,2.0,4
2021-02-28,NOIX JAPONAISE,8.0,2.0,5
2021-03-01,NOIX JAPONAISE,3.0,2.0,1
2021-03-07,NOIX JAPONAISE,7.0,2.0,6
2021-03-13,NOIX JAPONAISE,6.0,2.0,2
2021-03-14,NOIX JAPONAISE,9.0,2.0,5
2021-03-15,NOIX JAPONAISE,1.0,2.0,1
2021-03-16,NOIX JAPONAISE,1.0,2.0,1
2021-03-21,NOIX JAPONAISE,5.0,2.0,3
2021-03-26,NOIX JAPONAISE,2.0,2.0,1
2021-03-27,NOIX JAPONAISE,3.0,2.0,3
2021-03-28,NOIX JAPONAISE,2.0,2.0,2
2021-03-30,NOIX JAPONAISE,1.0,2.0,1
2021-04-04,NOIX JAPONAISE,7.0,2.0,5
2021-04-09,NOIX JAPONAISE,1.0,2.0,1
2021-04-10,NOIX JAPONAISE,1.0,2.0,1
2021-04-11,NOIX JAPONAISE,4.0,2.0,3
2021-04-12,NOIX JAPONAISE,1.0,2.0,1
2021-04-13,NOIX JAPONAISE,3.0,2.0,2
2021-04-18,NOIX JAPONAISE,4.0,2.0,4
2021-04-20,NOIX JAPONAISE,2.0,2.0,1
2021-04-21,NOIX JAPONAISE,2.0,2.0,2
2021-04-25,NOIX JAPONAISE,5.0,2.0,4
2021-04-26,NOIX JAPONAISE,1.0,2.0,1
2021-04-28,NOIX JAPONAISE,2.0,2.0,1
2021-04-30,NOIX JAPONAISE,2.0,2.0,2
2021-05-02,NOIX JAPONAISE,3.0,2.0,2
2021-05-04,NOIX JAPONAISE,2.0,2.0,2
2021-05-05,NOIX JAPONAISE,3.0,2.0,2
2021-05-07,NOIX JAPONAISE,3.0,2.0,2
2021-05-08,NOIX JAPONAISE,1.0,2.0,1
2021-05-09,NOIX JAPONAISE,10.0,2.0,7
2021-05-12,NOIX JAPONAISE,2.0,2.0,1
2021-05-13,NOIX JAPONAISE,1.0,2.0,1
2021-05-15,NOIX JAPONAISE,1.0,2.0,1
2021-05-16,NOIX JAPONAISE,7.0,2.0,5
2021-05-23,NOIX JAPONAISE,8.0,2.0,5
2021-05-24,NOIX JAPONAISE,2.0,2.0,2
2021-05-25,NOIX JAPONAISE,2.0,2.0,2
2021-05-26,NOIX JAPONAISE,1.0,2.0,1
2021-05-27,NOIX JAPONAISE,2.0,2.0,1
2021-05-30,NOIX JAPONAISE,6.0,2.0,5
2021-06-05,NOIX JAPONAISE,1.0,2.0,1
2021-06-06,NOIX JAPONAISE,1.0,2.0,1
2021-06-13,NOIX JAPONAISE,2.0,2.0,2
2021-06-28,NOIX JAPONAISE,3.0,2.0,1
2021-07-01,NOIX JAPONAISE,1.0,2.0,1
2021-07-02,NOIX JAPONAISE,1.0,2.0,1
2021-07-04,NOIX JAPONAISE,7.0,2.0,7
2021-07-06,NOIX JAPONAISE,1.0,2.0,1
2021-07-08,NOIX JAPONAISE,2.0,2.0,2
2021-07-09,NOIX JAPONAISE,2.0,2.0,1
2021-07-11,NOIX JAPONAISE,4.0,2.0,4
2021-07-12,NOIX JAPONAISE,3.0,2.0,2
2021-07-13,NOIX JAPONAISE,2.0,2.0,2
2021-07-18,NOIX JAPONAISE,1.0,2.0,1
2021-07-20,NOIX JAPONAISE,1.0,2.0,1
2021-07-23,NOIX JAPONAISE,2.0,2.0,2
2021-07-24,NOIX JAPONAISE,1.0,2.0,1
2021-07-25,NOIX JAPONAISE,3.0,2.0,1
2021-07-27,NOIX JAPONAISE,2.0,2.0,1
2021-07-29,NOIX JAPONAISE,2.0,2.0,1
2021-08-01,NOIX JAPONAISE,1.0,2.0,1
2021-08-04,NOIX JAPONAISE,1.0,2.0,1
2021-08-05,NOIX JAPONAISE,1.0,2.0,1
2021-08-08,NOIX JAPONAISE,2.0,2.0,2
2021-08-15,NOIX JAPONAISE,6.0,2.0,4
2021-08-16,NOIX JAPONAISE,1.0,2.0,1
2021-08-18,NOIX JAPONAISE,1.0,2.0,1
2021-08-22,NOIX JAPONAISE,6.0,2.0,5
2021-08-24,NOIX JAPONAISE,1.0,2.0,1
2021-08-25,NOIX JAPONAISE,1.0,2.0,1
2021-08-26,NOIX JAPONAISE,2.0,2.0,2
2021-08-28,NOIX JAPONAISE,1.0,2.0,1
2021-08-29,NOIX JAPONAISE,3.0,2.0,2
2021-08-30,NOIX JAPONAISE,4.0,2.0,3
2021-09-02,NOIX JAPONAISE,1.0,2.0,1
2021-09-03,NOIX JAPONAISE,4.0,2.0,3
2021-09-05,NOIX JAPONAISE,3.0,2.0,3
2021-09-12,NOIX JAPONAISE,2.0,2.0,1
2021-09-13,NOIX JAPONAISE,1.0,2.0,1
2021-09-14,NOIX JAPONAISE,1.0,2.0,1
2021-09-19,NOIX JAPONAISE,3.0,2.0,2
2021-10-10,NOIX JAPONAISE,4.0,2.0,4
2021-10-12,NOIX JAPONAISE,1.0,2.0,1
2021-10-17,NOIX JAPONAISE,4.0,2.0,3
2021-10-24,NOIX JAPONAISE,4.0,2.0,3
2021-10-26,NOIX JAPONAISE,2.0,2.0,2
2021-10-29,NOIX JAPONAISE,2.0,2.0,1
2021-10-30,NOIX JAPONAISE,3.0,2.0,3
2021-11-01,NOIX JAPONAISE,1.0,2.0,1
2021-11-02,NOIX JAPONAISE,4.0,2.0,3
2021-11-06,NOIX JAPONAISE,1.0,2.0,1
2021-11-07,NOIX JAPONAISE,4.0,2.0,3
2021-11-11,NOIX JAPONAISE,2.0,2.0,2
2021-11-12,NOIX JAPONAISE,2.0,2.0,1
2021-11-14,NOIX JAPONAISE,4.0,2.0,3
2021-11-20,NOIX JAPONAISE,2.0,2.0,2
2021-11-21,NOIX JAPONAISE,2.0,2.0,2
2021-12-04,NOIX JAPONAISE,2.0,2.0,1
2021-12-17,NOIX JAPONAISE,2.0,2.0,1
2021-12-18,NOIX JAPONAISE,2.0,2.0,1
2021-12-19,NOIX JAPONAISE,1.0,2.0,1
2021-12-26,NOIX JAPONAISE,3.0,2.0,1
2021-12-31,NOIX JAPONAISE,5.0,2.0,4
2022-01-17,NOIX JAPONAISE,1.0,2.0,1
2022-01-18,NOIX JAPONAISE,1.0,2.0,1
2022-01-23,NOIX JAPONAISE,1.0,2.0,1
2022-01-25,NOIX JAPONAISE,1.0,2.0,1
2022-01-29,NOIX JAPONAISE,2.0,2.0,1
2022-01-30,NOIX JAPONAISE,2.0,2.0,2
2022-02-12,NOIX JAPONAISE,2.0,2.2,1
2022-02-13,NOIX JAPONAISE,2.0,2.2,2
2022-02-19,NOIX JAPONAISE,2.0,2.2,1
2022-02-20,NOIX JAPONAISE,4.0,2.2,3
2022-02-26,NOIX JAPONAISE,5.0,2.2,2
2022-02-27,NOIX JAPONAISE,1.0,2.2,1
2022-03-06,NOIX JAPONAISE,3.0,2.2,3
2022-03-07,NOIX JAPONAISE,1.0,2.2,1
2022-03-11,NOIX JAPONAISE,1.0,2.2,1
2022-03-13,NOIX JAPONAISE,2.0,2.2,2
2022-03-14,NOIX JAPONAISE,1.0,2.2,1
2022-03-23,NOIX JAPONAISE,1.0,2.2,1
2022-03-24,NOIX JAPONAISE,1.0,2.2,1
2022-04-03,NOIX JAPONAISE,1.0,2.2,1
2022-04-05,NOIX JAPONAISE,1.0,2.2,1
2022-04-09,NOIX JAPONAISE,2.0,2.2,1
2022-04-10,NOIX JAPONAISE,3.0,2.2,2
2022-04-24,NOIX JAPONAISE,3.0,2.2,3
2022-04-30,NOIX JAPONAISE,2.0,2.2,1
2022-05-01,NOIX JAPONAISE,1.0,2.2,1
2022-05-05,NOIX JAPONAISE,2.0,2.2,1
2022-05-06,NOIX JAPONAISE,2.0,2.2,2
2022-05-13,NOIX JAPONAISE,1.0,2.2,1
2022-05-15,NOIX JAPONAISE,2.0,2.2,1
2022-05-16,NOIX JAPONAISE,3.0,2.2,2
2022-05-26,NOIX JAPONAISE,2.0,2.2,1
2022-05-28,NOIX JAPONAISE,3.0,2.2,1
2022-05-30,NOIX JAPONAISE,1.0,2.2,1
2022-06-01,NOIX JAPONAISE,2.0,2.2,2
2022-06-17,NOIX JAPONAISE,2.0,2.2,2
2022-06-19,NOIX JAPONAISE,3.0,2.2,2
2022-06-26,NOIX JAPONAISE,2.0,2.2,1
2022-06-27,NOIX JAPONAISE,1.0,2.2,1
2022-07-08,NOIX JAPONAISE,1.0,2.3,1
2022-07-09,NOIX JAPONAISE,4.0,2.3,3
2022-07-10,NOIX JAPONAISE,4.0,2.3,3
2022-07-17,NOIX JAPONAISE,1.0,2.3,1
2022-07-19,NOIX JAPONAISE,2.0,2.3,2
2022-07-24,NOIX JAPONAISE,7.0,2.3,4
2022-07-28,NOIX JAPONAISE,4.0,2.3,1
2022-07-29,NOIX JAPONAISE,4.0,2.3,1
2022-07-31,NOIX JAPONAISE,2.0,2.3,1
2022-08-01,NOIX JAPONAISE,2.0,2.3,2
2022-08-02,NOIX JAPONAISE,2.0,2.3,1
2022-08-07,NOIX JAPONAISE,1.0,2.3,1
2022-08-08,NOIX JAPONAISE,1.0,2.3,1
2022-08-14,NOIX JAPONAISE,8.0,2.3,5
2022-08-15,NOIX JAPONAISE,1.0,2.3,1
2022-08-16,NOIX JAPONAISE,4.0,2.3,1
2022-08-28,NOIX JAPONAISE,5.0,2.3,3
2022-09-11,NOIX JAPONAISE,2.0,2.3,2
2022-09-12,NOIX JAPONAISE,1.0,2.3,1
2022-09-13,NOIX JAPONAISE,2.0,2.3,1
2022-09-24,NOIX JAPONAISE,1.0,2.3,1
2022-09-25,NOIX JAPONAISE,3.0,2.3,3
2022-09-26,NOIX JAPONAISE,1.0,2.3,1
2022-02-25,PAILLE,1.0,1.5,1
2022-02-26,PAILLE,3.0,1.5,2
2022-02-27,PAILLE,2.0,1.5,1
2022-03-01,PAILLE,3.0,1.5,3
2022-03-02,PAILLE,2.0,1.5,2
2022-03-03,PAILLE,4.0,1.5,3
2022-03-04,PAILLE,3.0,1.5,2
2022-03-06,PAILLE,1.0,1.5,1
2022-03-12,PAILLE,1.0,1.5,1
2022-03-13,PAILLE,1.0,1.5,1
2022-03-16,PAILLE,1.0,1.5,1
2022-03-20,PAILLE,1.0,1.5,1
2022-03-21,PAILLE,1.0,1.5,1
2022-03-22,PAILLE,2.0,1.5,2
2022-03-26,PAILLE,4.0,1.5,2
2022-03-27,PAILLE,4.0,1.5,2
2022-03-28,PAILLE,3.0,1.5,3
2022-03-29,PAILLE,3.0,1.5,2
2022-03-30,PAILLE,2.0,1.5,2
2022-04-01,PAILLE,3.0,1.5,3
2022-04-03,PAILLE,4.0,1.5,3
2022-04-07,PAILLE,1.0,1.5,1
2022-04-08,PAILLE,1.0,1.5,1
2022-04-10,PAILLE,1.0,1.5,1
2022-04-11,PAILLE,3.0,1.5,2
2022-04-13,PAILLE,1.0,1.5,1
2022-04-14,PAILLE,3.0,1.5,2
2022-04-15,PAILLE,2.0,1.5,1
2022-04-16,PAILLE,4.0,1.5,2
2022-04-17,PAILLE,1.0,1.5,1
2022-04-20,PAILLE,1.0,1.5,1
2022-04-21,PAILLE,1.0,1.5,1
2022-04-23,PAILLE,4.0,1.5,2
2022-04-25,PAILLE,3.0,1.5,3
2022-04-26,PAILLE,2.0,1.5,2
2022-04-27,PAILLE,2.0,1.5,1
2022-04-28,PAILLE,2.0,1.5,2
2022-04-29,PAILLE,4.0,1.5,2
2022-05-01,PAILLE,4.0,1.5,3
2022-05-05,PAILLE,1.0,1.5,1
2022-05-06,PAILLE,2.0,1.5,1
2022-05-08,PAILLE,4.0,1.5,3
2022-05-09,PAILLE,3.0,1.5,3
2022-05-13,PAILLE,2.0,1.5,2
2022-05-14,PAILLE,4.0,1.5,3
2022-05-15,PAILLE,2.0,1.5,1
2022-05-16,PAILLE,2.0,1.5,2
2022-05-17,PAILLE,1.0,1.5,1
2022-05-18,PAILLE,1.0,1.5,1
2022-05-19,PAILLE,1.0,1.5,1
2022-05-20,PAILLE,1.0,1.5,1
2022-05-22,PAILLE,2.0,1.5,2
2022-05-23,PAILLE,1.0,1.5,1
2022-05-24,PAILLE,1.0,1.5,1
2022-05-25,PAILLE,1.0,1.5,1
2022-05-26,PAILLE,8.0,1.5,6
2022-05-27,PAILLE,2.0,1.5,2
2022-05-28,PAILLE,3.0,1.5,2
2022-05-29,PAILLE,2.0,1.5,2
2021-01-02,PAIN,6.0,1.15,5
2021-01-03,PAIN,4.0,1.15,3
2021-01-04,PAIN,3.0,1.15,2
2021-01-05,PAIN,3.0,1.15,3
2021-01-07,PAIN,4.0,1.15,3
2021-01-08,PAIN,1.0,1.15,1
2021-01-09,PAIN,5.0,1.15,4
2021-01-10,PAIN,2.0,1.15,1
2021-01-11,PAIN,6.0,1.15,4
2021-01-12,PAIN,2.0,1.15,2
2021-01-14,PAIN,4.0,1.15,3
2021-01-15,PAIN,1.0,1.15,1
2021-01-16,PAIN,3.0,1.15,2
2021-01-17,PAIN,6.0,1.15,5
2021-01-18,PAIN,1.0,1.15,1
2021-01-19,PAIN,7.0,1.15,6
2021-01-21,PAIN,4.0,1.15,3
2021-01-22,PAIN,1.0,1.15,1
2021-01-23,PAIN,5.0,1.15,4
2021-01-24,PAIN,3.0,1.15,3
2021-01-25,PAIN,4.0,1.15,3
2021-01-28,PAIN,5.0,1.15,4
2021-01-29,PAIN,2.0,1.15,2
2021-01-30,PAIN,2.0,1.15,2
2021-01-31,PAIN,5.0,1.15,4
2021-02-01,PAIN,1.0,1.15,1
2021-02-02,PAIN,5.0,1.15,5
2021-02-04,PAIN,4.0,1.15,3
2021-02-06,PAIN,3.0,1.15,3
2021-02-07,PAIN,4.0,1.15,3
2021-02-08,PAIN,2.0,1.15,2
2021-02-09,PAIN,5.0,1.15,4
2021-02-11,PAIN,2.0,1.15,2
2021-02-12,PAIN,1.0,1.15,1
2021-02-13,PAIN,6.0,1.15,5
2021-02-14,PAIN,5.0,1.15,5
2021-02-15,PAIN,3.0,1.15,2
2021-02-16,PAIN,1.0,1.15,1
2021-02-18,PAIN,6.0,1.15,5
2021-02-19,PAIN,4.0,1.15,3
2021-02-20,PAIN,5.0,1.15,5
2021-02-21,PAIN,6.0,1.15,5
2021-02-22,PAIN,4.0,1.15,3
2021-02-23,PAIN,6.0,1.15,4
2021-02-25,PAIN,1.0,1.15,1
2021-02-26,PAIN,5.0,1.15,4
2021-02-27,PAIN,4.0,1.15,4
2021-02-28,PAIN,7.0,1.15,4
2021-03-01,PAIN,6.0,1.15,4
2021-03-02,PAIN,6.0,1.15,4
2021-03-04,PAIN,6.0,1.15,5
2021-03-05,PAIN,4.0,1.15,4
2021-03-06,PAIN,7.0,1.15,6
2021-03-07,PAIN,2.0,1.15,2
2021-03-08,PAIN,3.0,1.15,1
2021-03-09,PAIN,6.0,1.15,5
2021-03-11,PAIN,3.0,1.15,2
2021-03-12,PAIN,7.0,1.15,6
2021-03-13,PAIN,4.0,1.15,3
2021-03-14,PAIN,6.0,1.15,5
2021-03-16,PAIN,6.0,1.15,5
2021-03-18,PAIN,5.0,1.15,4
2021-03-19,PAIN,2.0,1.15,2
2021-03-20,PAIN,6.0,1.15,5
2021-03-21,PAIN,5.0,1.15,4
2021-03-22,PAIN,6.0,1.15,5
2021-03-23,PAIN,2.0,1.15,2
2021-03-25,PAIN,6.0,1.15,4
2021-03-27,PAIN,4.0,1.15,4
2021-03-28,PAIN,6.0,1.15,4
2021-03-29,PAIN,2.0,1.15,2
2021-03-30,PAIN,6.0,1.15,5
2021-04-01,PAIN,4.0,1.15,4
2021-04-02,PAIN,3.0,1.15,3
2021-04-03,PAIN,4.0,1.15,3
2021-04-04,PAIN,6.0,1.15,4
2021-04-05,PAIN,4.0,1.15,3
2021-04-06,PAIN,4.0,1.15,2
2021-04-08,PAIN,4.0,1.15,3
2021-04-09,PAIN,4.0,1.15,4
2021-04-10,PAIN,3.0,1.15,2
2021-04-11,PAIN,3.0,1.15,2
2021-04-12,PAIN,3.0,1.15,3
2021-04-13,PAIN,5.0,1.15,4
2021-04-14,PAIN,5.0,1.15,3
2021-04-15,PAIN,6.0,1.15,5
2021-04-16,PAIN,4.0,1.15,2
2021-04-17,PAIN,6.0,1.15,5
2021-04-18,PAIN,6.0,1.15,4
2021-04-19,PAIN,5.0,1.15,4
2021-04-20,PAIN,6.0,1.15,5
2021-04-21,PAIN,2.0,1.15,2
2021-04-22,PAIN,5.0,1.15,4
2021-04-23,PAIN,4.0,1.15,3
2021-04-24,PAIN,6.0,1.15,5
2021-04-26,PAIN,4.0,1.15,3
2021-04-27,PAIN,6.0,1.15,5
2021-04-28,PAIN,5.0,1.15,4
2021-04-29,PAIN,5.0,1.15,4
2021-04-30,PAIN,7.0,1.15,6
2021-05-01,PAIN,5.0,1.15,4
2021-05-02,PAIN,3.0,1.15,3
2021-05-03,PAIN,5.0,1.15,3
2021-05-04,PAIN,4.0,1.15,4
2021-05-05,PAIN,4.0,1.15,3
2021-05-06,PAIN,5.0,1.15,4
2021-05-07,PAIN,8.0,1.15,7
2021-05-08,PAIN,6.0,1.15,5
2021-05-09,PAIN,6.0,1.15,5
2021-05-10,PAIN,3.0,1.15,2
2021-05-11,PAIN,4.0,1.15,4
2021-05-12,PAIN,1.0,1.15,1
2021-05-13,PAIN,5.0,1.15,4
2021-05-14,PAIN,4.0,1.15,3
2021-05-15,PAIN,6.0,1.15,6
2021-05-16,PAIN,4.0,1.15,4
2021-05-21,PAIN,2.0,1.15,2
2021-05-22,PAIN,4.0,1.15,3
2021-05-23,PAIN,5.0,1.15,5
2021-05-24,PAIN,5.0,1.15,4
2021-05-25,PAIN,4.0,1.15,4
2021-05-27,PAIN,5.0,1.15,4
2021-05-28,PAIN,4.0,1.15,4
2021-05-29,PAIN,3.0,1.15,3
2021-05-30,PAIN,3.0,1.15,2
2021-05-31,PAIN,3.0,1.15,2
2021-06-01,PAIN,2.0,1.15,2
2021-06-02,PAIN,5.0,1.15,3
2021-06-04,PAIN,3.0,1.15,2
2021-06-05,PAIN,3.0,1.15,3
2021-06-06,PAIN,5.0,1.15,5
2021-06-07,PAIN,3.0,1.15,2
2021-06-08,PAIN,4.0,1.15,3
2021-06-09,PAIN,4.0,1.15,3
2021-06-10,PAIN,4.0,1.15,3
2021-06-11,PAIN,3.0,1.15,3
2021-06-12,PAIN,6.0,1.15,2
2021-06-13,PAIN,5.0,1.15,4
2021-06-14,PAIN,5.0,1.15,4
2021-06-15,PAIN,6.0,1.15,5
2021-06-16,PAIN,2.0,1.15,2
2021-06-17,PAIN,5.0,1.15,3
2021-06-18,PAIN,5.0,1.15,4
2021-06-19,PAIN,4.0,1.15,3
2021-06-20,PAIN,3.0,1.15,3
2021-06-21,PAIN,4.0,1.15,3
2021-06-22,PAIN,4.0,1.15,3
2021-06-23,PAIN,1.0,1.15,1
2021-06-24,PAIN,3.0,1.15,3
2021-06-25,PAIN,3.0,1.15,3
2021-06-26,PAIN,6.0,1.15,6
2021-06-27,PAIN,8.0,1.15,7
2021-06-28,PAIN,3.0,1.15,3
2021-06-29,PAIN,4.0,1.15,4
2021-06-30,PAIN,4.0,1.15,3
2021-07-01,PAIN,3.0,1.15,3
2021-07-02,PAIN,6.0,1.15,6
2021-07-03,PAIN,3.0,1.15,2
2021-07-04,PAIN,6.0,1.15,6
2021-07-05,PAIN,2.0,1.15,1
2021-07-06,PAIN,4.0,1.15,4
2021-07-07,PAIN,2.0,1.15,1
2021-07-08,PAIN,5.0,1.15,5
2021-07-09,PAIN,4.0,1.15,4
2021-07-10,PAIN,1.0,1.15,1
2021-07-11,PAIN,6.0,1.15,4
2021-07-12,PAIN,6.0,1.15,5
2021-07-13,PAIN,2.0,1.15,2
2021-07-14,PAIN,2.0,1.15,2
2021-07-15,PAIN,4.0,1.15,3
2021-07-16,PAIN,6.0,1.15,3
2021-07-17,PAIN,3.0,1.15,3
2021-07-18,PAIN,6.0,1.15,5
2021-07-19,PAIN,7.0,1.15,5
2021-07-20,PAIN,2.0,1.15,2
2021-07-21,PAIN,5.0,1.15,4
2021-07-22,PAIN,5.0,1.15,5
2021-07-23,PAIN,6.0,1.15,4
2021-07-24,PAIN,5.0,1.15,5
2021-07-25,PAIN,7.0,1.15,6
2021-07-26,PAIN,4.0,1.15,3
2021-07-27,PAIN,2.0,1.15,2
2021-07-28,PAIN,4.0,1.15,4
2021-07-29,PAIN,6.0,1.15,6
2021-07-30,PAIN,4.0,1.15,4
2021-07-31,PAIN,1.0,1.15,1
2021-08-01,PAIN,5.0,1.15,4
2021-08-02,PAIN,3.0,1.15,3
2021-08-03,PAIN,6.0,1.15,5
2021-08-04,PAIN,3.0,1.15,3
2021-08-05,PAIN,2.0,1.15,2
2021-08-06,PAIN,3.0,1.15,3
2021-08-07,PAIN,6.0,1.15,5
2021-08-08,PAIN,6.0,1.15,3
2021-08-09,PAIN,6.0,1.15,5
2021-08-11,PAIN,3.0,1.15,3
2021-08-12,PAIN,2.0,1.15,2
2021-08-13,PAIN,1.0,1.15,1
2021-08-14,PAIN,3.0,1.15,3
2021-08-15,PAIN,6.0,1.15,4
2021-08-16,PAIN,3.0,1.15,2
2021-08-17,PAIN,2.0,1.15,2
2021-08-18,PAIN,5.0,1.15,4
2021-08-19,PAIN,6.0,1.15,3
2021-08-20,PAIN,5.0,1.15,5
2021-08-21,PAIN,4.0,1.15,4
2021-08-22,PAIN,5.0,1.15,4
2021-08-23,PAIN,3.0,1.15,3
2021-08-24,PAIN,2.0,1.15,2
2021-08-25,PAIN,4.0,1.15,3
2021-08-26,PAIN,4.0,1.15,4
2021-08-27,PAIN,4.0,1.15,4
2021-08-28,PAIN,4.0,1.15,3
2021-08-29,PAIN,6.0,1.15,6
2021-08-30,PAIN,4.0,1.15,3
2021-08-31,PAIN,1.0,1.15,1
2021-09-01,PAIN,6.0,1.15,5
2021-09-02,PAIN,3.0,1.15,2
2021-09-03,PAIN,5.0,1.15,4
2021-09-04,PAIN,5.0,1.15,5
2021-09-05,PAIN,5.0,1.15,2
2021-09-06,PAIN,5.0,1.15,3
2021-09-07,PAIN,5.0,1.15,3
2021-09-08,PAIN,2.0,1.15,1
2021-09-09,PAIN,5.0,1.15,4
2021-09-10,PAIN,5.0,1.15,4
2021-09-11,PAIN,3.0,1.15,3
2021-09-12,PAIN,6.0,1.15,5
2021-09-13,PAIN,2.0,1.15,2
2021-09-15,PAIN,4.0,1.15,3
2021-09-16,PAIN,2.0,1.15,1
2021-09-17,PAIN,1.0,1.15,1
2021-09-18,PAIN,6.0,1.15,4
2021-09-19,PAIN,5.0,1.15,5
2021-09-20,PAIN,3.0,1.15,2
2021-09-21,PAIN,5.0,1.15,4
2021-09-23,PAIN,4.0,1.15,3
2021-09-24,PAIN,2.0,1.15,2
2021-09-25,PAIN,6.0,1.15,3
2021-09-26,PAIN,4.0,1.15,4
2021-09-27,PAIN,3.0,1.15,2
2021-09-28,PAIN,6.0,1.15,4
2021-09-29,PAIN,1.0,1.15,1
2021-09-30,PAIN,3.0,1.15,3
2021-10-01,PAIN,3.0,1.15,2
2021-10-02,PAIN,3.0,1.15,3
2021-10-03,PAIN,4.0,1.15,2
2021-10-04,PAIN,6.0,1.15,4
2021-10-05,PAIN,1.0,1.15,1
2021-10-06,PAIN,6.0,1.15,2
2021-10-07,PAIN,5.0,1.15,4
2021-10-08,PAIN,6.0,1.15,4
2021-10-09,PAIN,4.0,1.15,3
2021-10-10,PAIN,6.0,1.15,4
2021-10-11,PAIN,4.0,1.15,3
2021-10-12,PAIN,2.0,1.15,2
2021-10-13,PAIN,2.0,1.15,1
2021-10-14,PAIN,1.0,1.15,1
2021-10-15,PAIN,2.0,1.15,2
2021-10-16,PAIN,5.0,1.15,3
2021-10-17,PAIN,6.0,1.15,2
2021-10-18,PAIN,3.0,1.15,2
2021-10-19,PAIN,6.0,1.15,4
2021-10-20,PAIN,2.0,1.15,2
2021-10-21,PAIN,6.0,1.15,2
2021-10-22,PAIN,4.0,1.15,3
2021-10-23,PAIN,3.0,1.15,3
2021-10-24,PAIN,6.0,1.15,3
2021-10-25,PAIN,6.0,1.15,1
2021-10-27,PAIN,6.0,1.15,5
2021-10-28,PAIN,6.0,1.15,6
2021-10-29,PAIN,4.0,1.15,3
2021-10-30,PAIN,6.0,1.15,5
2021-10-31,PAIN,6.0,1.15,5
2021-11-01,PAIN,6.0,1.15,6
2021-11-02,PAIN,10.0,1.15,3
2021-11-03,PAIN,14.0,1.15,4
2021-11-04,PAIN,11.0,1.15,3
2021-11-05,PAIN,14.0,1.15,4
2021-11-06,PAIN,6.0,1.15,6
2021-11-07,PAIN,5.0,1.15,2
2021-11-08,PAIN,3.0,1.15,2
2021-11-09,PAIN,1.0,1.15,1
2021-11-10,PAIN,4.0,1.15,3
2021-11-11,PAIN,6.0,1.15,4
2021-11-12,PAIN,4.0,1.15,3
2021-11-13,PAIN,3.0,1.15,3
2021-11-14,PAIN,1.0,1.15,1
2021-11-15,PAIN,3.0,1.15,3
2021-11-16,PAIN,2.0,1.15,1
2021-11-18,PAIN,4.0,1.15,3
2021-11-19,PAIN,5.0,1.15,3
2021-11-20,PAIN,4.0,1.15,3
2021-11-21,PAIN,3.0,1.15,3
2021-11-22,PAIN,5.0,1.15,3
2021-11-23,PAIN,1.0,1.15,1
2021-11-25,PAIN,5.0,1.15,3
2021-11-26,PAIN,2.0,1.15,2
2021-11-27,PAIN,5.0,1.15,5
2021-11-28,PAIN,3.0,1.15,3
2021-11-29,PAIN,5.0,1.15,4
2021-11-30,PAIN,1.0,1.15,1
2021-12-02,PAIN,1.0,1.15,1
2021-12-03,PAIN,4.0,1.15,3
2021-12-04,PAIN,4.0,1.15,2
2021-12-05,PAIN,5.0,1.15,2
2021-12-09,PAIN,4.0,1.15,3
2021-12-10,PAIN,1.0,1.15,1
2021-12-11,PAIN,4.0,1.15,3
2021-12-12,PAIN,4.0,1.15,4
2021-12-13,PAIN,5.0,1.15,4
2021-12-14,PAIN,4.0,1.15,3
2021-12-16,PAIN,5.0,1.15,5
2021-12-17,PAIN,4.0,1.15,3
2021-12-18,PAIN,3.0,1.15,3
2021-12-19,PAIN,5.0,1.15,4
2021-12-20,PAIN,6.0,1.15,6
2021-12-21,PAIN,5.0,1.15,2
2021-12-22,PAIN,3.0,1.15,2
2021-12-23,PAIN,4.0,1.15,3
2021-12-24,PAIN,6.0,1.15,4
2021-12-25,PAIN,2.0,1.15,2
2021-12-26,PAIN,2.0,1.15,1
2021-12-27,PAIN,5.0,1.15,5
2021-12-28,PAIN,5.0,1.15,4
2021-12-29,PAIN,9.0,1.15,4
2021-12-30,PAIN,5.0,1.15,3
2021-12-31,PAIN,5.0,1.15,4
2022-01-02,PAIN,7.0,1.15,5
2022-01-03,PAIN,3.0,1.15,2
2022-01-06,PAIN,3.0,1.15,3
2022-01-07,PAIN,5.0,1.15,4
2022-01-09,PAIN,3.0,1.15,3
2022-01-10,PAIN,2.0,1.15,2
2022-01-11,PAIN,4.0,1.15,3
2022-01-13,PAIN,2.0,1.15,1
2022-01-14,PAIN,4.0,1.15,3
2022-01-15,PAIN,2.0,1.15,2
2022-01-17,PAIN,5.0,1.15,4
2022-01-18,PAIN,4.0,1.15,3
2022-01-20,PAIN,4.0,1.15,2
2022-01-21,PAIN,4.0,1.15,4
2022-01-22,PAIN,7.0,1.15,4
2022-01-23,PAIN,4.0,1.15,4
2022-01-24,PAIN,2.0,1.15,2
2022-01-25,PAIN,5.0,1.15,3
2022-01-27,PAIN,3.0,1.15,2
2022-01-28,PAIN,4.0,1.15,3
2022-01-29,PAIN,4.0,1.15,3
2022-01-30,PAIN,4.0,1.15,2
2022-01-31,PAIN,3.0,1.15,3
2022-02-01,PAIN,11.0,1.15,6
2022-02-03,PAIN,7.0,1.15,4
2022-02-05,PAIN,3.0,1.15,3
2022-02-06,PAIN,3.0,1.15,2
2022-02-07,PAIN,3.0,1.25,2
2022-02-08,PAIN,5.0,1.25,4
2022-02-10,PAIN,4.0,1.25,3
2022-02-11,PAIN,5.0,1.25,3
2022-02-12,PAIN,4.0,1.25,4
2022-02-14,PAIN,15.0,1.25,6
2022-02-15,PAIN,13.0,1.25,4
2022-02-17,PAIN,13.0,1.25,4
2022-02-18,PAIN,11.0,1.25,3
2022-02-19,PAIN,5.0,1.25,4
2022-02-20,PAIN,10.0,1.25,5
2022-02-21,PAIN,2.0,1.25,2
2022-02-22,PAIN,3.0,1.25,2
2022-02-24,PAIN,5.0,1.25,5
2022-02-25,PAIN,3.0,1.25,3
2022-02-26,PAIN,5.0,1.25,5
2022-02-27,PAIN,4.0,1.25,4
2022-02-28,PAIN,3.0,1.25,3
2022-03-01,PAIN,3.0,1.25,3
2022-03-02,PAIN,6.0,1.25,2
2022-03-03,PAIN,2.0,1.25,2
2022-03-04,PAIN,5.0,1.25,4
2022-03-05,PAIN,4.0,1.25,3
2022-03-06,PAIN,4.0,1.25,3
2022-03-07,PAIN,3.0,1.25,3
2022-03-08,PAIN,5.0,1.25,4
2022-03-09,PAIN,4.0,1.25,3
2022-03-10,PAIN,2.0,1.25,2
2022-03-11,PAIN,3.0,1.25,3
2022-03-12,PAIN,2.0,1.25,2
2022-03-13,PAIN,3.0,1.25,2
2022-03-14,PAIN,1.0,1.25,1
2022-03-15,PAIN,5.0,1.25,3
2022-03-16,PAIN,1.0,1.25,1
2022-03-18,PAIN,4.0,1.25,3
2022-03-19,PAIN,2.0,1.25,2
2022-03-20,PAIN,1.0,1.25,1
2022-03-21,PAIN,4.0,1.25,3
2022-03-22,PAIN,3.0,1.25,2
2022-03-23,PAIN,5.0,1.25,4
2022-03-24,PAIN,2.0,1.25,2
2022-03-25,PAIN,4.0,1.25,4
2022-03-26,PAIN,4.0,1.25,4
2022-03-27,PAIN,5.0,1.25,3
2022-03-28,PAIN,5.0,1.25,4
2022-03-29,PAIN,1.0,1.25,1
2022-03-30,PAIN,2.0,1.25,2
2022-03-31,PAIN,2.0,1.25,1
2022-04-01,PAIN,5.0,1.25,5
2022-04-02,PAIN,4.0,1.25,4
2022-04-03,PAIN,5.0,1.25,4
2022-04-04,PAIN,1.0,1.25,1
2022-04-05,PAIN,2.0,1.25,2
2022-04-07,PAIN,4.0,1.25,3
2022-04-08,PAIN,3.0,1.25,2
2022-04-09,PAIN,5.0,1.25,4
2022-04-10,PAIN,5.0,1.25,4
2022-04-11,PAIN,3.0,1.25,3
2022-04-12,PAIN,2.0,1.25,2
2022-04-13,PAIN,5.0,1.25,4
2022-04-14,PAIN,5.0,1.25,4
2022-04-15,PAIN,5.0,1.25,5
2022-04-16,PAIN,9.0,1.25,8
2022-04-17,PAIN,3.0,1.25,3
2022-04-18,PAIN,5.0,1.25,3
2022-04-19,PAIN,3.0,1.25,3
2022-04-20,PAIN,4.0,1.25,3
2022-04-21,PAIN,6.0,1.25,6
2022-04-22,PAIN,4.0,1.25,4
2022-04-23,PAIN,4.0,1.25,4
2022-04-24,PAIN,3.0,1.25,3
2022-04-25,PAIN,4.0,1.25,3
2022-04-26,PAIN,4.0,1.25,4
2022-04-27,PAIN,5.0,1.25,4
2022-04-28,PAIN,3.0,1.25,3
2022-04-29,PAIN,2.0,1.25,2
2022-04-30,PAIN,6.0,1.25,5
2022-05-01,PAIN,4.0,1.25,2
2022-05-02,PAIN,4.0,1.25,4
2022-05-03,PAIN,2.0,1.25,2
2022-05-06,PAIN,3.0,1.25,3
2022-05-07,PAIN,3.0,1.25,3
2022-05-08,PAIN,6.0,1.25,5
2022-05-09,PAIN,4.0,1.25,3
2022-05-10,PAIN,3.0,1.25,3
2022-05-11,PAIN,2.0,1.25,2
2022-05-12,PAIN,5.0,1.25,5
2022-05-13,PAIN,2.0,1.25,2
2022-05-14,PAIN,4.0,1.25,4
2022-05-15,PAIN,3.0,1.25,3
2022-05-16,PAIN,4.0,1.25,3
2022-05-17,PAIN,4.0,1.25,4
2022-05-19,PAIN,4.0,1.25,4
2022-05-20,PAIN,6.0,1.25,6
2022-05-21,PAIN,2.0,1.25,2
2022-05-22,PAIN,5.0,1.25,4
2022-05-23,PAIN,6.0,1.25,6
2022-05-24,PAIN,4.0,1.25,4
2022-05-25,PAIN,5.0,1.25,5
2022-05-26,PAIN,9.0,1.25,5
2022-05-27,PAIN,10.0,1.25,6
2022-05-28,PAIN,2.0,1.25,2
2022-05-29,PAIN,10.0,1.25,4
2022-05-30,PAIN,2.0,1.25,2
2022-05-31,PAIN,4.0,1.25,4
2022-06-01,PAIN,2.0,1.25,2
2022-06-02,PAIN,5.0,1.25,5
2022-06-03,PAIN,4.0,1.25,4
2022-06-04,PAIN,4.0,1.25,4
2022-06-05,PAIN,6.0,1.25,4
2022-06-06,PAIN,6.0,1.25,2
2022-06-07,PAIN,4.0,1.25,4
2022-06-08,PAIN,3.0,1.25,3
2022-06-09,PAIN,1.0,1.25,1
2022-06-10,PAIN,3.0,1.25,3
2022-06-11,PAIN,5.0,1.25,5
2022-06-12,PAIN,3.0,1.25,2
2022-06-13,PAIN,6.0,1.25,3
2022-06-14,PAIN,5.0,1.25,5
2022-06-15,PAIN,5.0,1.25,4
2022-06-16,PAIN,2.0,1.25,2
2022-06-17,PAIN,1.0,1.25,1
2022-06-18,PAIN,5.0,1.25,5
2022-06-19,PAIN,3.0,1.25,3
2022-06-20,PAIN,2.0,1.25,2
2022-06-21,PAIN,5.0,1.25,4
2022-06-22,PAIN,4.0,1.25,3
2022-06-23,PAIN,5.0,1.25,4
2022-06-24,PAIN,3.0,1.25,2
2022-06-25,PAIN,5.0,1.25,4
2022-06-26,PAIN,4.0,1.25,4
2022-06-27,PAIN,2.0,1.25,2
2022-06-28,PAIN,2.0,1.25,2
2022-06-29,PAIN,3.0,1.3,2
2022-06-30,PAIN,3.0,1.3,3
2022-07-01,PAIN,3.0,1.3,3
2022-07-02,PAIN,6.0,1.3,5
2022-07-03,PAIN,6.0,1.3,3
2022-07-04,PAIN,6.0,1.3,5
2022-07-05,PAIN,1.0,1.3,1
2022-07-06,PAIN,6.0,1.3,5
2022-07-07,PAIN,3.0,1.3,3
2022-07-08,PAIN,5.0,1.3,3
2022-07-09,PAIN,6.0,1.3,6
2022-07-10,PAIN,5.0,1.3,4
2022-07-11,PAIN,7.0,1.3,6
2022-07-12,PAIN,3.0,1.3,3
2022-07-13,PAIN,7.0,1.3,6
2022-07-14,PAIN,5.0,1.3,5
2022-07-15,PAIN,5.0,1.3,4
2022-07-16,PAIN,5.0,1.3,4
2022-07-17,PAIN,6.0,1.3,5
2022-07-18,PAIN,4.0,1.3,4
2022-07-19,PAIN,6.0,1.3,5
2022-07-20,PAIN,4.0,1.3,4
2022-07-22,PAIN,3.0,1.3,3
2022-07-23,PAIN,56.0,1.3,6
2022-07-24,PAIN,5.0,1.3,5
2022-07-25,PAIN,1.0,1.3,1
2022-07-26,PAIN,7.0,1.3,3
2022-07-27,PAIN,2.0,1.3,2
2022-07-28,PAIN,4.0,1.3,3
2022-07-29,PAIN,5.0,1.3,5
2022-07-30,PAIN,7.0,1.3,7
2022-07-31,PAIN,7.0,1.3,7
2022-08-01,PAIN,9.0,1.3,6
2022-08-02,PAIN,1.0,1.3,1
2022-08-03,PAIN,2.0,1.3,2
2022-08-04,PAIN,3.0,1.3,3
2022-08-05,PAIN,7.0,1.3,3
2022-08-06,PAIN,8.0,1.3,7
2022-08-07,PAIN,8.0,1.3,8
2022-08-08,PAIN,10.0,1.3,8
2022-08-09,PAIN,8.0,1.3,6
2022-08-10,PAIN,4.0,1.3,4
2022-08-11,PAIN,5.0,1.3,5
2022-08-12,PAIN,7.0,1.3,6
2022-08-13,PAIN,3.0,1.3,3
2022-08-14,PAIN,5.0,1.3,4
2022-08-15,PAIN,6.0,1.3,6
2022-08-16,PAIN,5.0,1.3,4
2022-08-17,PAIN,4.0,1.3,4
2022-08-18,PAIN,8.0,1.3,7
2022-08-19,PAIN,6.0,1.3,5
2022-08-20,PAIN,4.0,1.3,4
2022-08-21,PAIN,6.0,1.3,5
2022-08-22,PAIN,5.0,1.3,4
2022-08-23,PAIN,5.0,1.3,5
2022-08-25,PAIN,4.0,1.3,3
2022-08-26,PAIN,3.0,1.3,3
2022-08-27,PAIN,5.0,1.3,2
2022-08-28,PAIN,6.0,1.3,5
2022-08-29,PAIN,2.0,1.3,2
2022-08-30,PAIN,2.0,1.3,2
2022-08-31,PAIN,3.0,1.3,3
2022-09-03,PAIN,2.0,1.3,2
2022-09-04,PAIN,1.0,1.3,1
2022-09-05,PAIN,1.0,1.3,1
2022-09-06,PAIN,1.0,1.3,1
2022-09-07,PAIN,3.0,1.3,2
2022-09-08,PAIN,5.0,1.3,1
2022-09-10,PAIN,2.0,1.3,2
2022-09-11,PAIN,6.0,1.3,5
2022-09-12,PAIN,3.0,1.3,2
2022-09-13,PAIN,3.0,1.3,3
2022-09-14,PAIN,2.0,1.3,2
2022-09-16,PAIN,4.0,1.3,3
2022-09-17,PAIN,3.0,1.3,2
2022-09-18,PAIN,6.0,1.3,4
2022-09-20,PAIN,4.0,1.3,3
2022-09-21,PAIN,3.0,1.3,3
2022-09-22,PAIN,1.0,1.3,1
2022-09-23,PAIN,2.0,1.3,2
2022-09-24,PAIN,2.0,1.3,1
2022-09-26,PAIN,3.0,1.3,3
2022-09-28,PAIN,6.0,1.3,3
2022-09-30,PAIN,2.0,1.3,2
2021-01-02,PAIN AU CHOCOLAT,48.0,1.2,19
2021-01-03,PAIN AU CHOCOLAT,45.0,1.2,15
2021-01-04,PAIN AU CHOCOLAT,17.0,1.2,6
2021-01-05,PAIN AU CHOCOLAT,6.0,1.2,6
2021-01-07,PAIN AU CHOCOLAT,15.0,1.2,7
2021-01-08,PAIN AU CHOCOLAT,24.0,1.2,12
2021-01-09,PAIN AU CHOCOLAT,25.0,1.2,10
2021-01-10,PAIN AU CHOCOLAT,42.0,1.2,16
2021-01-11,PAIN AU CHOCOLAT,17.0,1.2,12
2021-01-12,PAIN AU CHOCOLAT,12.0,1.2,9
2021-01-14,PAIN AU CHOCOLAT,18.0,1.2,10
2021-01-15,PAIN AU CHOCOLAT,26.0,1.2,9
2021-01-16,PAIN AU CHOCOLAT,16.0,1.2,10
2021-01-17,PAIN AU CHOCOLAT,47.0,1.2,11
2021-01-18,PAIN AU CHOCOLAT,14.0,1.2,9
2021-01-19,PAIN AU CHOCOLAT,11.0,1.2,7
2021-01-22,PAIN AU CHOCOLAT,23.0,1.2,8
2021-01-23,PAIN AU CHOCOLAT,33.0,1.2,16
2021-01-24,PAIN AU CHOCOLAT,22.0,1.2,10
2021-01-25,PAIN AU CHOCOLAT,21.0,1.2,11
2021-01-26,PAIN AU CHOCOLAT,20.0,1.2,10
2021-01-28,PAIN AU CHOCOLAT,20.0,1.2,9
2021-01-29,PAIN AU CHOCOLAT,18.0,1.2,10
2021-01-30,PAIN AU CHOCOLAT,28.0,1.2,13
2021-01-31,PAIN AU CHOCOLAT,48.0,1.2,17
2021-02-01,PAIN AU CHOCOLAT,14.0,1.2,10
2021-02-02,PAIN AU CHOCOLAT,11.0,1.2,9
2021-02-04,PAIN AU CHOCOLAT,19.0,1.2,9
2021-02-05,PAIN AU CHOCOLAT,27.0,1.2,11
2021-02-06,PAIN AU CHOCOLAT,35.0,1.2,15
2021-02-07,PAIN AU CHOCOLAT,47.0,1.2,19
2021-02-08,PAIN AU CHOCOLAT,14.0,1.2,9
2021-02-09,PAIN AU CHOCOLAT,19.0,1.2,11
2021-02-11,PAIN AU CHOCOLAT,26.0,1.2,15
2021-02-12,PAIN AU CHOCOLAT,14.0,1.2,6
2021-02-13,PAIN AU CHOCOLAT,30.0,1.2,10
2021-02-14,PAIN AU CHOCOLAT,72.0,1.2,24
2021-02-15,PAIN AU CHOCOLAT,11.0,1.2,7
2021-02-16,PAIN AU CHOCOLAT,21.0,1.2,13
2021-02-18,PAIN AU CHOCOLAT,5.0,1.2,4
2021-02-19,PAIN AU CHOCOLAT,28.0,1.2,13
2021-02-20,PAIN AU CHOCOLAT,30.0,1.2,14
2021-02-21,PAIN AU CHOCOLAT,63.0,1.2,26
2021-02-22,PAIN AU CHOCOLAT,43.0,1.2,20
2021-02-23,PAIN AU CHOCOLAT,38.0,1.2,19
2021-02-25,PAIN AU CHOCOLAT,36.0,1.2,15
2021-02-26,PAIN AU CHOCOLAT,61.0,1.2,27
2021-02-27,PAIN AU CHOCOLAT,47.0,1.2,20
2021-02-28,PAIN AU CHOCOLAT,136.0,1.2,40
2021-03-01,PAIN AU CHOCOLAT,36.0,1.2,16
2021-03-02,PAIN AU CHOCOLAT,26.0,1.2,13
2021-03-04,PAIN AU CHOCOLAT,35.0,1.2,16
2021-03-05,PAIN AU CHOCOLAT,36.0,1.2,16
2021-03-06,PAIN AU CHOCOLAT,51.0,1.2,15
2021-03-07,PAIN AU CHOCOLAT,79.0,1.2,27
2021-03-08,PAIN AU CHOCOLAT,24.0,1.2,15
2021-03-09,PAIN AU CHOCOLAT,32.0,1.2,20
2021-03-11,PAIN AU CHOCOLAT,30.0,1.2,17
2021-03-12,PAIN AU CHOCOLAT,38.0,1.2,17
2021-03-13,PAIN AU CHOCOLAT,53.0,1.2,17
2021-03-14,PAIN AU CHOCOLAT,71.0,1.2,22
2021-03-15,PAIN AU CHOCOLAT,31.0,1.2,15
2021-03-16,PAIN AU CHOCOLAT,30.0,1.2,19
2021-03-18,PAIN AU CHOCOLAT,17.0,1.2,11
2021-03-19,PAIN AU CHOCOLAT,35.0,1.2,14
2021-03-20,PAIN AU CHOCOLAT,38.0,1.2,14
2021-03-21,PAIN AU CHOCOLAT,50.0,1.2,20
2021-03-22,PAIN AU CHOCOLAT,19.0,1.2,11
2021-03-23,PAIN AU CHOCOLAT,13.0,1.2,9
2021-03-25,PAIN AU CHOCOLAT,15.0,1.2,11
2021-03-26,PAIN AU CHOCOLAT,40.0,1.2,17
2021-03-27,PAIN AU CHOCOLAT,22.0,1.2,10
2021-03-28,PAIN AU CHOCOLAT,43.0,1.2,19
2021-03-29,PAIN AU CHOCOLAT,15.0,1.2,8
2021-03-30,PAIN AU CHOCOLAT,26.0,1.2,12
2021-04-01,PAIN AU CHOCOLAT,16.0,1.2,9
2021-04-02,PAIN AU CHOCOLAT,31.0,1.2,16
2021-04-03,PAIN AU CHOCOLAT,40.0,1.2,17
2021-04-04,PAIN AU CHOCOLAT,108.0,1.2,32
2021-04-05,PAIN AU CHOCOLAT,43.0,1.2,19
2021-04-06,PAIN AU CHOCOLAT,24.0,1.2,16
2021-04-08,PAIN AU CHOCOLAT,31.0,1.2,12
2021-04-09,PAIN AU CHOCOLAT,12.0,1.2,7
2021-04-10,PAIN AU CHOCOLAT,38.0,1.2,17
2021-04-11,PAIN AU CHOCOLAT,40.0,1.2,19
2021-04-12,PAIN AU CHOCOLAT,20.0,1.2,12
2021-04-13,PAIN AU CHOCOLAT,36.0,1.2,19
2021-04-14,PAIN AU CHOCOLAT,12.0,1.2,5
2021-04-15,PAIN AU CHOCOLAT,14.0,1.2,8
2021-04-16,PAIN AU CHOCOLAT,38.0,1.2,17
2021-04-17,PAIN AU CHOCOLAT,46.0,1.2,16
2021-04-18,PAIN AU CHOCOLAT,82.0,1.2,27
2021-04-19,PAIN AU CHOCOLAT,19.0,1.2,9
2021-04-20,PAIN AU CHOCOLAT,41.0,1.2,19
2021-04-21,PAIN AU CHOCOLAT,23.0,1.2,13
2021-04-22,PAIN AU CHOCOLAT,30.0,1.2,16
2021-04-23,PAIN AU CHOCOLAT,27.0,1.2,10
2021-04-24,PAIN AU CHOCOLAT,50.0,1.2,23
2021-04-25,PAIN AU CHOCOLAT,94.0,1.2,31
2021-04-26,PAIN AU CHOCOLAT,38.0,1.2,16
2021-04-27,PAIN AU CHOCOLAT,20.0,1.2,10
2021-04-28,PAIN AU CHOCOLAT,18.0,1.2,12
2021-04-29,PAIN AU CHOCOLAT,25.0,1.2,14
2021-04-30,PAIN AU CHOCOLAT,17.0,1.2,11
2021-05-01,PAIN AU CHOCOLAT,35.0,1.2,15
2021-05-02,PAIN AU CHOCOLAT,73.0,1.2,32
2021-05-03,PAIN AU CHOCOLAT,26.0,1.2,14
2021-05-04,PAIN AU CHOCOLAT,17.0,1.2,7
2021-05-05,PAIN AU CHOCOLAT,32.0,1.2,13
2021-05-06,PAIN AU CHOCOLAT,27.0,1.2,16
2021-05-07,PAIN AU CHOCOLAT,25.0,1.2,14
2021-05-08,PAIN AU CHOCOLAT,73.0,1.2,20
2021-05-09,PAIN AU CHOCOLAT,49.0,1.2,27
2021-05-10,PAIN AU CHOCOLAT,21.0,1.2,14
2021-05-11,PAIN AU CHOCOLAT,30.0,1.2,15
2021-05-12,PAIN AU CHOCOLAT,25.0,1.2,15
2021-05-13,PAIN AU CHOCOLAT,65.0,1.2,23
2021-05-14,PAIN AU CHOCOLAT,110.0,1.2,38
2021-05-15,PAIN AU CHOCOLAT,123.0,1.2,33
2021-05-16,PAIN AU CHOCOLAT,144.0,1.2,43
2021-05-21,PAIN AU CHOCOLAT,17.0,1.2,8
2021-05-22,PAIN AU CHOCOLAT,63.0,1.2,25
2021-05-23,PAIN AU CHOCOLAT,100.0,1.2,28
2021-05-24,PAIN AU CHOCOLAT,107.0,1.2,34
2021-05-25,PAIN AU CHOCOLAT,30.0,1.2,20
2021-05-26,PAIN AU CHOCOLAT,8.0,1.2,5
2021-05-27,PAIN AU CHOCOLAT,12.0,1.2,5
2021-05-28,PAIN AU CHOCOLAT,23.0,1.2,11
2021-05-29,PAIN AU CHOCOLAT,49.0,1.2,22
2021-05-30,PAIN AU CHOCOLAT,78.0,1.2,29
2021-05-31,PAIN AU CHOCOLAT,19.0,1.2,13
2021-06-01,PAIN AU CHOCOLAT,9.0,1.2,8
2021-06-02,PAIN AU CHOCOLAT,21.0,1.2,10
2021-06-03,PAIN AU CHOCOLAT,14.0,1.2,10
2021-06-04,PAIN AU CHOCOLAT,42.0,1.2,12
2021-06-05,PAIN AU CHOCOLAT,46.0,1.2,15
2021-06-06,PAIN AU CHOCOLAT,93.0,1.2,32
2021-06-07,PAIN AU CHOCOLAT,16.0,1.2,10
2021-06-08,PAIN AU CHOCOLAT,30.0,1.2,12
2021-06-09,PAIN AU CHOCOLAT,34.0,1.2,16
2021-06-10,PAIN AU CHOCOLAT,36.0,1.2,13
2021-06-11,PAIN AU CHOCOLAT,32.0,1.2,17
2021-06-12,PAIN AU CHOCOLAT,67.0,1.2,24
2021-06-13,PAIN AU CHOCOLAT,112.0,1.2,34
2021-06-14,PAIN AU CHOCOLAT,28.0,1.2,14
2021-06-15,PAIN AU CHOCOLAT,32.0,1.2,17
2021-06-16,PAIN AU CHOCOLAT,21.0,1.2,8
2021-06-17,PAIN AU CHOCOLAT,23.0,1.2,13
2021-06-18,PAIN AU CHOCOLAT,20.0,1.2,10
2021-06-19,PAIN AU CHOCOLAT,46.0,1.2,18
2021-06-20,PAIN AU CHOCOLAT,87.0,1.2,33
2021-06-21,PAIN AU CHOCOLAT,10.0,1.2,6
2021-06-22,PAIN AU CHOCOLAT,30.0,1.2,15
2021-06-23,PAIN AU CHOCOLAT,9.0,1.2,7
2021-06-24,PAIN AU CHOCOLAT,22.0,1.2,9
2021-06-25,PAIN AU CHOCOLAT,33.0,1.2,16
2021-06-26,PAIN AU CHOCOLAT,48.0,1.2,19
2021-06-27,PAIN AU CHOCOLAT,84.0,1.2,39
2021-06-28,PAIN AU CHOCOLAT,23.0,1.2,11
2021-06-29,PAIN AU CHOCOLAT,16.0,1.2,10
2021-06-30,PAIN AU CHOCOLAT,13.0,1.2,6
2021-07-01,PAIN AU CHOCOLAT,34.0,1.2,17
2021-07-02,PAIN AU CHOCOLAT,41.0,1.2,17
2021-07-03,PAIN AU CHOCOLAT,46.0,1.2,19
2021-07-04,PAIN AU CHOCOLAT,79.0,1.2,27
2021-07-05,PAIN AU CHOCOLAT,22.0,1.2,14
2021-07-06,PAIN AU CHOCOLAT,30.0,1.2,16
2021-07-07,PAIN AU CHOCOLAT,36.0,1.2,17
2021-07-08,PAIN AU CHOCOLAT,25.0,1.2,13
2021-07-09,PAIN AU CHOCOLAT,37.0,1.2,17
2021-07-10,PAIN AU CHOCOLAT,66.0,1.2,24
2021-07-11,PAIN AU CHOCOLAT,93.0,1.2,36
2021-07-12,PAIN AU CHOCOLAT,59.0,1.2,27
2021-07-13,PAIN AU CHOCOLAT,42.0,1.2,20
2021-07-14,PAIN AU CHOCOLAT,70.0,1.2,32
2021-07-15,PAIN AU CHOCOLAT,59.0,1.2,23
2021-07-16,PAIN AU CHOCOLAT,65.0,1.2,22
2021-07-17,PAIN AU CHOCOLAT,103.0,1.2,33
2021-07-18,PAIN AU CHOCOLAT,120.0,1.2,45
2021-07-19,PAIN AU CHOCOLAT,43.0,1.2,15
2021-07-20,PAIN AU CHOCOLAT,65.0,1.2,29
2021-07-21,PAIN AU CHOCOLAT,32.0,1.2,16
2021-07-22,PAIN AU CHOCOLAT,68.0,1.2,30
2021-07-23,PAIN AU CHOCOLAT,74.0,1.2,29
2021-07-24,PAIN AU CHOCOLAT,112.0,1.2,41
2021-07-25,PAIN AU CHOCOLAT,112.0,1.2,35
2021-07-26,PAIN AU CHOCOLAT,44.0,1.2,22
2021-07-27,PAIN AU CHOCOLAT,35.0,1.2,15
2021-07-28,PAIN AU CHOCOLAT,64.0,1.2,24
2021-07-29,PAIN AU CHOCOLAT,40.0,1.2,20
2021-07-30,PAIN AU CHOCOLAT,61.0,1.2,24
2021-07-31,PAIN AU CHOCOLAT,88.0,1.2,28
2021-08-01,PAIN AU CHOCOLAT,104.0,1.2,39
2021-08-02,PAIN AU CHOCOLAT,109.0,1.2,39
2021-08-03,PAIN AU CHOCOLAT,96.0,1.2,40
2021-08-04,PAIN AU CHOCOLAT,74.0,1.2,28
2021-08-05,PAIN AU CHOCOLAT,55.0,1.2,22
2021-08-06,PAIN AU CHOCOLAT,74.0,1.2,30
2021-08-07,PAIN AU CHOCOLAT,54.0,1.2,26
2021-08-08,PAIN AU CHOCOLAT,117.0,1.2,48
2021-08-09,PAIN AU CHOCOLAT,97.0,1.2,33
2021-08-10,PAIN AU CHOCOLAT,59.0,1.2,19
2021-08-11,PAIN AU CHOCOLAT,68.0,1.2,27
2021-08-12,PAIN AU CHOCOLAT,91.0,1.2,30
2021-08-13,PAIN AU CHOCOLAT,94.0,1.2,35
2021-08-14,PAIN AU CHOCOLAT,98.0,1.2,33
2021-08-15,PAIN AU CHOCOLAT,189.0,1.2,62
2021-08-16,PAIN AU CHOCOLAT,54.0,1.2,22
2021-08-17,PAIN AU CHOCOLAT,63.0,1.2,29
2021-08-18,PAIN AU CHOCOLAT,56.0,1.2,23
2021-08-19,PAIN AU CHOCOLAT,72.0,1.2,28
2021-08-20,PAIN AU CHOCOLAT,65.0,1.2,27
2021-08-21,PAIN AU CHOCOLAT,119.0,1.2,46
2021-08-22,PAIN AU CHOCOLAT,154.0,1.2,46
2021-08-23,PAIN AU CHOCOLAT,60.0,1.2,25
2021-08-24,PAIN AU CHOCOLAT,43.0,1.2,20
2021-08-25,PAIN AU CHOCOLAT,23.0,1.2,10
2021-08-26,PAIN AU CHOCOLAT,72.0,1.2,27
2021-08-27,PAIN AU CHOCOLAT,34.0,1.2,18
2021-08-28,PAIN AU CHOCOLAT,67.0,1.2,29
2021-08-29,PAIN AU CHOCOLAT,74.0,1.2,29
2021-08-30,PAIN AU CHOCOLAT,36.0,1.2,16
2021-08-31,PAIN AU CHOCOLAT,52.0,1.2,16
2021-09-01,PAIN AU CHOCOLAT,16.0,1.2,7
2021-09-02,PAIN AU CHOCOLAT,22.0,1.2,14
2021-09-03,PAIN AU CHOCOLAT,38.0,1.2,17
2021-09-04,PAIN AU CHOCOLAT,66.0,1.2,26
2021-09-05,PAIN AU CHOCOLAT,77.0,1.2,28
2021-09-06,PAIN AU CHOCOLAT,18.0,1.2,11
2021-09-07,PAIN AU CHOCOLAT,27.0,1.2,16
2021-09-08,PAIN AU CHOCOLAT,27.0,1.2,16
2021-09-09,PAIN AU CHOCOLAT,12.0,1.2,8
2021-09-10,PAIN AU CHOCOLAT,24.0,1.2,13
2021-09-11,PAIN AU CHOCOLAT,33.0,1.2,14
2021-09-12,PAIN AU CHOCOLAT,89.0,1.2,30
2021-09-13,PAIN AU CHOCOLAT,31.0,1.2,15
2021-09-14,PAIN AU CHOCOLAT,23.0,1.2,14
2021-09-15,PAIN AU CHOCOLAT,20.0,1.2,13
2021-09-16,PAIN AU CHOCOLAT,23.0,1.2,11
2021-09-17,PAIN AU CHOCOLAT,30.0,1.2,12
2021-09-18,PAIN AU CHOCOLAT,43.0,1.2,20
2021-09-19,PAIN AU CHOCOLAT,43.0,1.2,19
2021-09-20,PAIN AU CHOCOLAT,23.0,1.2,6
2021-09-21,PAIN AU CHOCOLAT,23.0,1.2,9
2021-09-23,PAIN AU CHOCOLAT,31.0,1.2,12
2021-09-24,PAIN AU CHOCOLAT,32.0,1.2,16
2021-09-25,PAIN AU CHOCOLAT,45.0,1.2,18
2021-09-26,PAIN AU CHOCOLAT,67.0,1.2,23
2021-09-27,PAIN AU CHOCOLAT,19.0,1.2,10
2021-09-28,PAIN AU CHOCOLAT,27.0,1.2,13
2021-09-29,PAIN AU CHOCOLAT,27.0,1.2,9
2021-09-30,PAIN AU CHOCOLAT,19.0,1.2,9
2021-10-01,PAIN AU CHOCOLAT,24.0,1.2,9
2021-10-02,PAIN AU CHOCOLAT,42.0,1.2,12
2021-10-03,PAIN AU CHOCOLAT,48.0,1.2,17
2021-10-04,PAIN AU CHOCOLAT,22.0,1.2,7
2021-10-05,PAIN AU CHOCOLAT,23.0,1.2,11
2021-10-06,PAIN AU CHOCOLAT,23.0,1.2,10
2021-10-07,PAIN AU CHOCOLAT,27.0,1.2,15
2021-10-08,PAIN AU CHOCOLAT,27.0,1.2,15
2021-10-09,PAIN AU CHOCOLAT,38.0,1.2,17
2021-10-10,PAIN AU CHOCOLAT,70.0,1.2,22
2021-10-11,PAIN AU CHOCOLAT,22.0,1.2,8
2021-10-12,PAIN AU CHOCOLAT,17.0,1.2,10
2021-10-13,PAIN AU CHOCOLAT,24.0,1.2,10
2021-10-14,PAIN AU CHOCOLAT,15.0,1.2,7
2021-10-15,PAIN AU CHOCOLAT,49.0,1.2,8
2021-10-16,PAIN AU CHOCOLAT,23.0,1.2,13
2021-10-17,PAIN AU CHOCOLAT,58.0,1.2,19
2021-10-18,PAIN AU CHOCOLAT,8.0,1.2,5
2021-10-19,PAIN AU CHOCOLAT,23.0,1.2,15
2021-10-20,PAIN AU CHOCOLAT,20.0,1.2,11
2021-10-21,PAIN AU CHOCOLAT,19.0,1.2,10
2021-10-22,PAIN AU CHOCOLAT,21.0,1.2,10
2021-10-23,PAIN AU CHOCOLAT,45.0,1.2,23
2021-10-24,PAIN AU CHOCOLAT,68.0,1.2,24
2021-10-25,PAIN AU CHOCOLAT,28.0,1.2,14
2021-10-26,PAIN AU CHOCOLAT,39.0,1.2,20
2021-10-27,PAIN AU CHOCOLAT,48.0,1.2,25
2021-10-28,PAIN AU CHOCOLAT,28.0,1.2,18
2021-10-29,PAIN AU CHOCOLAT,42.0,1.2,17
2021-10-30,PAIN AU CHOCOLAT,45.0,1.2,25
2021-10-31,PAIN AU CHOCOLAT,96.0,1.2,31
2021-11-01,PAIN AU CHOCOLAT,76.0,1.2,27
2021-11-02,PAIN AU CHOCOLAT,38.0,1.2,21
2021-11-03,PAIN AU CHOCOLAT,20.0,1.2,11
2021-11-04,PAIN AU CHOCOLAT,20.0,1.2,9
2021-11-05,PAIN AU CHOCOLAT,23.0,1.2,12
2021-11-06,PAIN AU CHOCOLAT,59.0,1.2,21
2021-11-07,PAIN AU CHOCOLAT,44.0,1.2,14
2021-11-08,PAIN AU CHOCOLAT,30.0,1.2,12
2021-11-09,PAIN AU CHOCOLAT,12.0,1.2,9
2021-11-10,PAIN AU CHOCOLAT,29.0,1.2,13
2021-11-11,PAIN AU CHOCOLAT,41.0,1.2,15
2021-11-12,PAIN AU CHOCOLAT,19.0,1.2,10
2021-11-13,PAIN AU CHOCOLAT,21.0,1.2,8
2021-11-14,PAIN AU CHOCOLAT,70.0,1.2,21
2021-11-15,PAIN AU CHOCOLAT,3.0,1.2,2
2021-11-16,PAIN AU CHOCOLAT,19.0,1.2,10
2021-11-18,PAIN AU CHOCOLAT,13.0,1.2,8
2021-11-19,PAIN AU CHOCOLAT,13.0,1.2,7
2021-11-20,PAIN AU CHOCOLAT,32.0,1.2,11
2021-11-21,PAIN AU CHOCOLAT,44.0,1.2,15
2021-11-22,PAIN AU CHOCOLAT,12.0,1.2,7
2021-11-23,PAIN AU CHOCOLAT,16.0,1.2,12
2021-11-25,PAIN AU CHOCOLAT,12.0,1.2,6
2021-11-26,PAIN AU CHOCOLAT,16.0,1.2,6
2021-11-27,PAIN AU CHOCOLAT,21.0,1.2,8
2021-11-28,PAIN AU CHOCOLAT,64.0,1.2,25
2021-11-29,PAIN AU CHOCOLAT,19.0,1.2,11
2021-11-30,PAIN AU CHOCOLAT,22.0,1.2,13
2021-12-02,PAIN AU CHOCOLAT,18.0,1.2,6
2021-12-03,PAIN AU CHOCOLAT,31.0,1.2,12
2021-12-04,PAIN AU CHOCOLAT,21.0,1.2,9
2021-12-05,PAIN AU CHOCOLAT,47.0,1.2,19
2021-12-09,PAIN AU CHOCOLAT,16.0,1.2,4
2021-12-10,PAIN AU CHOCOLAT,25.0,1.2,14
2021-12-11,PAIN AU CHOCOLAT,39.0,1.2,13
2021-12-12,PAIN AU CHOCOLAT,48.0,1.2,22
2021-12-13,PAIN AU CHOCOLAT,11.0,1.2,6
2021-12-14,PAIN AU CHOCOLAT,18.0,1.2,11
2021-12-16,PAIN AU CHOCOLAT,17.0,1.2,7
2021-12-17,PAIN AU CHOCOLAT,43.0,1.2,17
2021-12-18,PAIN AU CHOCOLAT,28.0,1.2,15
2021-12-19,PAIN AU CHOCOLAT,62.0,1.2,20
2021-12-20,PAIN AU CHOCOLAT,34.0,1.2,13
2021-12-21,PAIN AU CHOCOLAT,33.0,1.2,13
2021-12-22,PAIN AU CHOCOLAT,16.0,1.2,8
2021-12-23,PAIN AU CHOCOLAT,29.0,1.2,15
2021-12-24,PAIN AU CHOCOLAT,37.0,1.2,12
2021-12-25,PAIN AU CHOCOLAT,61.0,1.2,15
2021-12-26,PAIN AU CHOCOLAT,59.0,1.2,16
2021-12-27,PAIN AU CHOCOLAT,37.0,1.2,17
2021-12-28,PAIN AU CHOCOLAT,27.0,1.2,13
2021-12-29,PAIN AU CHOCOLAT,38.0,1.2,11
2021-12-30,PAIN AU CHOCOLAT,22.0,1.2,10
2021-12-31,PAIN AU CHOCOLAT,30.0,1.2,10
2022-01-02,PAIN AU CHOCOLAT,71.0,1.2,24
2022-01-03,PAIN AU CHOCOLAT,22.0,1.2,9
2022-01-04,PAIN AU CHOCOLAT,6.0,1.2,5
2022-01-06,PAIN AU CHOCOLAT,23.0,1.2,10
2022-01-07,PAIN AU CHOCOLAT,12.0,1.2,6
2022-01-08,PAIN AU CHOCOLAT,19.0,1.2,10
2022-01-09,PAIN AU CHOCOLAT,33.0,1.2,14
2022-01-10,PAIN AU CHOCOLAT,14.0,1.2,7
2022-01-11,PAIN AU CHOCOLAT,17.0,1.2,11
2022-01-13,PAIN AU CHOCOLAT,7.0,1.2,4
2022-01-14,PAIN AU CHOCOLAT,19.0,1.2,9
2022-01-15,PAIN AU CHOCOLAT,22.0,1.2,11
2022-01-16,PAIN AU CHOCOLAT,52.0,1.2,20
2022-01-17,PAIN AU CHOCOLAT,10.0,1.2,5
2022-01-18,PAIN AU CHOCOLAT,14.0,1.2,8
2022-01-20,PAIN AU CHOCOLAT,23.0,1.2,8
2022-01-21,PAIN AU CHOCOLAT,30.0,1.2,11
2022-01-22,PAIN AU CHOCOLAT,12.0,1.2,5
2022-01-23,PAIN AU CHOCOLAT,38.0,1.2,13
2022-01-24,PAIN AU CHOCOLAT,7.0,1.2,5
2022-01-25,PAIN AU CHOCOLAT,23.0,1.2,14
2022-01-27,PAIN AU CHOCOLAT,23.0,1.2,11
2022-01-28,PAIN AU CHOCOLAT,29.0,1.2,9
2022-01-29,PAIN AU CHOCOLAT,29.0,1.2,10
2022-01-30,PAIN AU CHOCOLAT,48.0,1.2,21
2022-01-31,PAIN AU CHOCOLAT,12.0,1.2,6
2022-02-01,PAIN AU CHOCOLAT,12.0,1.2,7
2022-02-03,PAIN AU CHOCOLAT,22.0,1.2,12
2022-02-04,PAIN AU CHOCOLAT,8.0,1.2,2
2022-02-05,PAIN AU CHOCOLAT,19.0,1.2,9
2022-02-06,PAIN AU CHOCOLAT,38.0,1.2,18
2022-02-07,PAIN AU CHOCOLAT,14.0,1.25,7
2022-02-08,PAIN AU CHOCOLAT,24.0,1.25,10
2022-02-10,PAIN AU CHOCOLAT,29.0,1.25,14
2022-02-11,PAIN AU CHOCOLAT,23.0,1.25,9
2022-02-12,PAIN AU CHOCOLAT,17.0,1.25,10
2022-02-13,PAIN AU CHOCOLAT,53.0,1.25,17
2022-02-14,PAIN AU CHOCOLAT,18.0,1.25,10
2022-02-15,PAIN AU CHOCOLAT,46.0,1.25,19
2022-02-17,PAIN AU CHOCOLAT,26.0,1.25,14
2022-02-18,PAIN AU CHOCOLAT,46.0,1.25,16
2022-02-19,PAIN AU CHOCOLAT,28.0,1.25,11
2022-02-20,PAIN AU CHOCOLAT,87.0,1.25,32
2022-02-21,PAIN AU CHOCOLAT,16.0,1.25,11
2022-02-22,PAIN AU CHOCOLAT,20.0,1.25,13
2022-02-24,PAIN AU CHOCOLAT,34.0,1.25,17
2022-02-25,PAIN AU CHOCOLAT,37.0,1.25,13
2022-02-26,PAIN AU CHOCOLAT,39.0,1.25,17
2022-02-27,PAIN AU CHOCOLAT,68.0,1.25,25
2022-02-28,PAIN AU CHOCOLAT,15.0,1.25,8
2022-03-01,PAIN AU CHOCOLAT,17.0,1.25,10
2022-03-02,PAIN AU CHOCOLAT,15.0,1.25,8
2022-03-03,PAIN AU CHOCOLAT,22.0,1.25,13
2022-03-04,PAIN AU CHOCOLAT,23.0,1.25,10
2022-03-05,PAIN AU CHOCOLAT,45.0,1.25,17
2022-03-06,PAIN AU CHOCOLAT,76.0,1.25,29
2022-03-07,PAIN AU CHOCOLAT,23.0,1.25,11
2022-03-08,PAIN AU CHOCOLAT,20.0,1.25,13
2022-03-09,PAIN AU CHOCOLAT,31.0,1.25,9
2022-03-10,PAIN AU CHOCOLAT,18.0,1.25,8
2022-03-11,PAIN AU CHOCOLAT,12.0,1.25,8
2022-03-12,PAIN AU CHOCOLAT,27.0,1.25,12
2022-03-13,PAIN AU CHOCOLAT,50.0,1.25,21
2022-03-14,PAIN AU CHOCOLAT,13.0,1.25,7
2022-03-15,PAIN AU CHOCOLAT,20.0,1.25,11
2022-03-16,PAIN AU CHOCOLAT,24.0,1.25,8
2022-03-17,PAIN AU CHOCOLAT,18.0,1.25,6
2022-03-18,PAIN AU CHOCOLAT,28.0,1.25,8
2022-03-19,PAIN AU CHOCOLAT,31.0,1.25,14
2022-03-20,PAIN AU CHOCOLAT,80.0,1.25,31
2022-03-21,PAIN AU CHOCOLAT,26.0,1.25,12
2022-03-22,PAIN AU CHOCOLAT,17.0,1.25,10
2022-03-23,PAIN AU CHOCOLAT,32.0,1.25,12
2022-03-24,PAIN AU CHOCOLAT,29.0,1.25,11
2022-03-25,PAIN AU CHOCOLAT,29.0,1.25,12
2022-03-26,PAIN AU CHOCOLAT,42.0,1.25,18
2022-03-27,PAIN AU CHOCOLAT,65.0,1.25,24
2022-03-28,PAIN AU CHOCOLAT,11.0,1.25,7
2022-03-29,PAIN AU CHOCOLAT,17.0,1.25,10
2022-03-30,PAIN AU CHOCOLAT,21.0,1.25,10
2022-03-31,PAIN AU CHOCOLAT,12.0,1.25,6
2022-04-01,PAIN AU CHOCOLAT,33.0,1.25,9
2022-04-02,PAIN AU CHOCOLAT,25.0,1.25,11
2022-04-03,PAIN AU CHOCOLAT,32.0,1.25,15
2022-04-04,PAIN AU CHOCOLAT,20.0,1.25,9
2022-04-05,PAIN AU CHOCOLAT,22.0,1.25,12
2022-04-06,PAIN AU CHOCOLAT,8.0,1.25,3
2022-04-07,PAIN AU CHOCOLAT,28.0,1.25,7
2022-04-08,PAIN AU CHOCOLAT,13.0,1.25,5
2022-04-09,PAIN AU CHOCOLAT,32.0,1.25,12
2022-04-10,PAIN AU CHOCOLAT,46.0,1.25,21
2022-04-11,PAIN AU CHOCOLAT,21.0,1.25,11
2022-04-12,PAIN AU CHOCOLAT,27.0,1.25,15
2022-04-13,PAIN AU CHOCOLAT,14.0,1.25,8
2022-04-14,PAIN AU CHOCOLAT,21.0,1.25,8
2022-04-15,PAIN AU CHOCOLAT,31.0,1.25,12
2022-04-16,PAIN AU CHOCOLAT,82.0,1.25,31
2022-04-17,PAIN AU CHOCOLAT,105.0,1.25,30
2022-04-18,PAIN AU CHOCOLAT,93.0,1.25,28
2022-04-19,PAIN AU CHOCOLAT,47.0,1.25,18
2022-04-20,PAIN AU CHOCOLAT,26.0,1.25,12
2022-04-21,PAIN AU CHOCOLAT,43.0,1.25,22
2022-04-22,PAIN AU CHOCOLAT,44.0,1.25,23
2022-04-23,PAIN AU CHOCOLAT,38.0,1.25,20
2022-04-24,PAIN AU CHOCOLAT,67.0,1.25,24
2022-04-25,PAIN AU CHOCOLAT,27.0,1.25,14
2022-04-26,PAIN AU CHOCOLAT,28.0,1.25,12
2022-04-27,PAIN AU CHOCOLAT,25.0,1.25,11
2022-04-28,PAIN AU CHOCOLAT,19.0,1.25,11
2022-04-29,PAIN AU CHOCOLAT,43.0,1.25,19
2022-04-30,PAIN AU CHOCOLAT,56.0,1.25,20
2022-05-01,PAIN AU CHOCOLAT,90.0,1.25,37
2022-05-02,PAIN AU CHOCOLAT,40.0,1.25,19
2022-05-03,PAIN AU CHOCOLAT,17.0,1.25,11
2022-05-05,PAIN AU CHOCOLAT,32.0,1.25,17
2022-05-06,PAIN AU CHOCOLAT,19.0,1.25,12
2022-05-07,PAIN AU CHOCOLAT,37.0,1.25,17
2022-05-08,PAIN AU CHOCOLAT,78.0,1.25,31
2022-05-09,PAIN AU CHOCOLAT,26.0,1.25,14
2022-05-10,PAIN AU CHOCOLAT,26.0,1.25,10
2022-05-11,PAIN AU CHOCOLAT,21.0,1.25,13
2022-05-12,PAIN AU CHOCOLAT,20.0,1.25,10
2022-05-13,PAIN AU CHOCOLAT,25.0,1.25,11
2022-05-14,PAIN AU CHOCOLAT,28.0,1.25,13
2022-05-15,PAIN AU CHOCOLAT,77.0,1.25,26
2022-05-16,PAIN AU CHOCOLAT,22.0,1.25,11
2022-05-17,PAIN AU CHOCOLAT,11.0,1.25,6
2022-05-18,PAIN AU CHOCOLAT,18.0,1.25,11
2022-05-19,PAIN AU CHOCOLAT,29.0,1.25,11
2022-05-20,PAIN AU CHOCOLAT,25.0,1.25,12
2022-05-21,PAIN AU CHOCOLAT,57.0,1.25,23
2022-05-22,PAIN AU CHOCOLAT,66.0,1.25,24
2022-05-23,PAIN AU CHOCOLAT,14.0,1.25,7
2022-05-24,PAIN AU CHOCOLAT,21.0,1.25,13
2022-05-25,PAIN AU CHOCOLAT,19.0,1.25,12
2022-05-26,PAIN AU CHOCOLAT,75.0,1.25,29
2022-05-27,PAIN AU CHOCOLAT,108.0,1.25,34
2022-05-28,PAIN AU CHOCOLAT,100.0,1.25,32
2022-05-29,PAIN AU CHOCOLAT,157.0,1.25,56
2022-05-30,PAIN AU CHOCOLAT,31.0,1.25,16
2022-05-31,PAIN AU CHOCOLAT,20.0,1.25,13
2022-06-01,PAIN AU CHOCOLAT,29.0,1.25,17
2022-06-02,PAIN AU CHOCOLAT,19.0,1.25,12
2022-06-03,PAIN AU CHOCOLAT,26.0,1.25,18
2022-06-04,PAIN AU CHOCOLAT,44.0,1.25,19
2022-06-05,PAIN AU CHOCOLAT,129.0,1.25,41
2022-06-06,PAIN AU CHOCOLAT,119.0,1.25,37
2022-06-07,PAIN AU CHOCOLAT,26.0,1.25,12
2022-06-08,PAIN AU CHOCOLAT,17.0,1.25,11
2022-06-09,PAIN AU CHOCOLAT,24.0,1.25,11
2022-06-10,PAIN AU CHOCOLAT,21.0,1.25,12
2022-06-11,PAIN AU CHOCOLAT,60.0,1.25,26
2022-06-12,PAIN AU CHOCOLAT,84.0,1.25,24
2022-06-13,PAIN AU CHOCOLAT,33.0,1.25,16
2022-06-14,PAIN AU CHOCOLAT,27.0,1.25,12
2022-06-15,PAIN AU CHOCOLAT,15.0,1.25,10
2022-06-16,PAIN AU CHOCOLAT,29.0,1.25,11
2022-06-17,PAIN AU CHOCOLAT,15.0,1.25,7
2022-06-18,PAIN AU CHOCOLAT,44.0,1.25,21
2022-06-19,PAIN AU CHOCOLAT,91.0,1.25,38
2022-06-20,PAIN AU CHOCOLAT,29.0,1.25,17
2022-06-21,PAIN AU CHOCOLAT,40.0,1.25,15
2022-06-22,PAIN AU CHOCOLAT,30.0,1.25,17
2022-06-23,PAIN AU CHOCOLAT,29.0,1.25,17
2022-06-24,PAIN AU CHOCOLAT,34.0,1.25,12
2022-06-25,PAIN AU CHOCOLAT,34.0,1.25,15
2022-06-26,PAIN AU CHOCOLAT,68.0,1.25,33
2022-06-27,PAIN AU CHOCOLAT,20.0,1.25,8
2022-06-28,PAIN AU CHOCOLAT,19.0,1.25,15
2022-06-29,PAIN AU CHOCOLAT,16.0,1.3,10
2022-06-30,PAIN AU CHOCOLAT,41.0,1.3,20
2022-07-01,PAIN AU CHOCOLAT,39.0,1.3,18
2022-07-02,PAIN AU CHOCOLAT,40.0,1.3,19
2022-07-03,PAIN AU CHOCOLAT,60.0,1.3,27
2022-07-04,PAIN AU CHOCOLAT,26.0,1.3,11
2022-07-05,PAIN AU CHOCOLAT,30.0,1.3,16
2022-07-06,PAIN AU CHOCOLAT,37.0,1.3,21
2022-07-07,PAIN AU CHOCOLAT,26.0,1.3,12
2022-07-08,PAIN AU CHOCOLAT,33.0,1.3,17
2022-07-09,PAIN AU CHOCOLAT,63.0,1.3,24
2022-07-10,PAIN AU CHOCOLAT,106.0,1.3,44
2022-07-11,PAIN AU CHOCOLAT,54.0,1.3,17
2022-07-12,PAIN AU CHOCOLAT,57.0,1.3,27
2022-07-13,PAIN AU CHOCOLAT,38.0,1.3,20
2022-07-14,PAIN AU CHOCOLAT,81.0,1.3,36
2022-07-15,PAIN AU CHOCOLAT,131.0,1.3,46
2022-07-16,PAIN AU CHOCOLAT,112.0,1.3,38
2022-07-17,PAIN AU CHOCOLAT,138.0,1.3,53
2022-07-18,PAIN AU CHOCOLAT,86.0,1.3,33
2022-07-19,PAIN AU CHOCOLAT,52.0,1.3,22
2022-07-20,PAIN AU CHOCOLAT,66.0,1.3,26
2022-07-21,PAIN AU CHOCOLAT,68.0,1.3,26
2022-07-22,PAIN AU CHOCOLAT,67.0,1.3,29
2022-07-23,PAIN AU CHOCOLAT,87.0,1.3,34
2022-07-24,PAIN AU CHOCOLAT,97.0,1.3,40
2022-07-25,PAIN AU CHOCOLAT,76.0,1.3,28
2022-07-26,PAIN AU CHOCOLAT,39.0,1.3,20
2022-07-27,PAIN AU CHOCOLAT,60.0,1.3,25
2022-07-28,PAIN AU CHOCOLAT,56.0,1.3,25
2022-07-29,PAIN AU CHOCOLAT,45.0,1.3,20
2022-07-30,PAIN AU CHOCOLAT,104.0,1.3,39
2022-07-31,PAIN AU CHOCOLAT,163.0,1.3,63
2022-08-01,PAIN AU CHOCOLAT,84.0,1.3,32
2022-08-02,PAIN AU CHOCOLAT,79.0,1.3,29
2022-08-03,PAIN AU CHOCOLAT,47.0,1.3,20
2022-08-04,PAIN AU CHOCOLAT,63.0,1.3,25
2022-08-05,PAIN AU CHOCOLAT,77.0,1.3,30
2022-08-06,PAIN AU CHOCOLAT,83.0,1.3,36
2022-08-07,PAIN AU CHOCOLAT,154.0,1.3,47
2022-08-08,PAIN AU CHOCOLAT,116.0,1.3,44
2022-08-09,PAIN AU CHOCOLAT,70.0,1.3,26
2022-08-10,PAIN AU CHOCOLAT,68.0,1.3,29
2022-08-11,PAIN AU CHOCOLAT,94.0,1.3,36
2022-08-12,PAIN AU CHOCOLAT,103.0,1.3,36
2022-08-13,PAIN AU CHOCOLAT,93.0,1.3,40
2022-08-14,PAIN AU CHOCOLAT,232.0,1.3,67
2022-08-15,PAIN AU CHOCOLAT,109.0,1.3,43
2022-08-16,PAIN AU CHOCOLAT,62.0,1.3,34
2022-08-17,PAIN AU CHOCOLAT,70.0,1.3,30
2022-08-18,PAIN AU CHOCOLAT,106.0,1.3,40
2022-08-19,PAIN AU CHOCOLAT,71.0,1.3,28
2022-08-20,PAIN AU CHOCOLAT,83.0,1.3,32
2022-08-21,PAIN AU CHOCOLAT,141.0,1.3,50
2022-08-22,PAIN AU CHOCOLAT,72.0,1.3,31
2022-08-23,PAIN AU CHOCOLAT,61.0,1.3,28
2022-08-24,PAIN AU CHOCOLAT,60.0,1.3,25
2022-08-25,PAIN AU CHOCOLAT,30.0,1.3,17
2022-08-26,PAIN AU CHOCOLAT,57.0,1.3,24
2022-08-27,PAIN AU CHOCOLAT,59.0,1.3,26
2022-08-28,PAIN AU CHOCOLAT,76.0,1.3,33
2022-08-29,PAIN AU CHOCOLAT,38.0,1.3,19
2022-08-30,PAIN AU CHOCOLAT,37.0,1.3,18
2022-08-31,PAIN AU CHOCOLAT,43.0,1.3,19
2022-09-02,PAIN AU CHOCOLAT,26.0,1.3,15
2022-09-03,PAIN AU CHOCOLAT,30.0,1.3,14
2022-09-04,PAIN AU CHOCOLAT,39.0,1.3,17
2022-09-05,PAIN AU CHOCOLAT,45.0,1.3,18
2022-09-06,PAIN AU CHOCOLAT,16.0,1.3,12
2022-09-07,PAIN AU CHOCOLAT,31.0,1.3,14
2022-09-08,PAIN AU CHOCOLAT,27.0,1.3,14
2022-09-09,PAIN AU CHOCOLAT,40.0,1.3,17
2022-09-10,PAIN AU CHOCOLAT,40.0,1.3,17
2022-09-11,PAIN AU CHOCOLAT,92.0,1.3,26
2022-09-12,PAIN AU CHOCOLAT,18.0,1.3,9
2022-09-13,PAIN AU CHOCOLAT,26.0,1.3,12
2022-09-14,PAIN AU CHOCOLAT,20.0,1.3,9
2022-09-15,PAIN AU CHOCOLAT,25.0,1.3,10
2022-09-16,PAIN AU CHOCOLAT,27.0,1.3,14
2022-09-17,PAIN AU CHOCOLAT,36.0,1.3,17
2022-09-18,PAIN AU CHOCOLAT,63.0,1.3,30
2022-09-20,PAIN AU CHOCOLAT,14.0,1.3,9
2022-09-21,PAIN AU CHOCOLAT,23.0,1.3,14
2022-09-22,PAIN AU CHOCOLAT,23.0,1.3,8
2022-09-23,PAIN AU CHOCOLAT,38.0,1.3,12
2022-09-24,PAIN AU CHOCOLAT,38.0,1.3,16
2022-09-25,PAIN AU CHOCOLAT,62.0,1.3,26
2022-09-26,PAIN AU CHOCOLAT,22.0,1.3,16
2022-09-27,PAIN AU CHOCOLAT,22.0,1.3,10
2022-09-28,PAIN AU CHOCOLAT,17.0,1.3,9
2022-09-29,PAIN AU CHOCOLAT,36.0,1.3,23
2022-09-30,PAIN AU CHOCOLAT,32.0,1.3,15
2021-01-02,PAIN AUX RAISINS,6.0,1.4,4
2021-01-03,PAIN AUX RAISINS,4.0,1.4,3
2021-01-04,PAIN AUX RAISINS,2.0,1.4,1
2021-01-05,PAIN AUX RAISINS,4.0,1.4,3
2021-01-07,PAIN AUX RAISINS,3.0,1.4,2
2021-01-08,PAIN AUX RAISINS,4.0,1.4,3
2021-01-09,PAIN AUX RAISINS,4.0,1.4,2
2021-01-10,PAIN AUX RAISINS,3.0,1.4,2
2021-01-11,PAIN AUX RAISINS,1.0,1.4,1
2021-01-12,PAIN AUX RAISINS,1.0,1.4,1
2021-01-14,PAIN AUX RAISINS,2.0,1.4,1
2021-01-15,PAIN AUX RAISINS,4.0,1.4,3
2021-01-16,PAIN AUX RAISINS,2.0,1.4,2
2021-01-17,PAIN AUX RAISINS,1.0,1.4,1
2021-01-18,PAIN AUX RAISINS,3.0,1.4,2
2021-01-19,PAIN AUX RAISINS,4.0,1.4,4
2021-01-21,PAIN AUX RAISINS,1.0,1.4,1
2021-01-22,PAIN AUX RAISINS,2.0,1.4,1
2021-01-24,PAIN AUX RAISINS,1.0,1.4,1
2021-01-25,PAIN AUX RAISINS,4.0,1.4,3
2021-01-26,PAIN AUX RAISINS,4.0,1.4,3
2021-01-28,PAIN AUX RAISINS,4.0,1.4,3
2021-01-29,PAIN AUX RAISINS,4.0,1.4,3
2021-01-30,PAIN AUX RAISINS,3.0,1.4,3
2021-01-31,PAIN AUX RAISINS,4.0,1.4,2
2021-02-01,PAIN AUX RAISINS,3.0,1.4,3
2021-02-02,PAIN AUX RAISINS,2.0,1.4,2
2021-02-04,PAIN AUX RAISINS,3.0,1.4,2
2021-02-05,PAIN AUX RAISINS,4.0,1.4,2
2021-02-06,PAIN AUX RAISINS,4.0,1.4,3
2021-02-07,PAIN AUX RAISINS,4.0,1.4,2
2021-02-08,PAIN AUX RAISINS,4.0,1.4,3
2021-02-09,PAIN AUX RAISINS,4.0,1.4,3
2021-02-11,PAIN AUX RAISINS,4.0,1.4,3
2021-02-12,PAIN AUX RAISINS,3.0,1.4,2
2021-02-13,PAIN AUX RAISINS,2.0,1.4,2
2021-02-14,PAIN AUX RAISINS,4.0,1.4,3
2021-02-15,PAIN AUX RAISINS,3.0,1.4,2
2021-02-16,PAIN AUX RAISINS,2.0,1.4,2
2021-02-18,PAIN AUX RAISINS,4.0,1.4,3
2021-02-19,PAIN AUX RAISINS,5.0,1.4,3
2021-02-20,PAIN AUX RAISINS,5.0,1.4,3
2021-02-21,PAIN AUX RAISINS,6.0,1.4,4
2021-02-22,PAIN AUX RAISINS,4.0,1.4,3
2021-02-23,PAIN AUX RAISINS,5.0,1.4,3
2021-02-25,PAIN AUX RAISINS,2.0,1.4,1
2021-02-26,PAIN AUX RAISINS,4.0,1.4,3
2021-02-27,PAIN AUX RAISINS,5.0,1.4,4
2021-02-28,PAIN AUX RAISINS,8.0,1.4,5
2021-03-01,PAIN AUX RAISINS,6.0,1.4,4
2021-03-02,PAIN AUX RAISINS,3.0,1.4,2
2021-03-04,PAIN AUX RAISINS,6.0,1.4,5
2021-03-05,PAIN AUX RAISINS,5.0,1.4,3
2021-03-06,PAIN AUX RAISINS,6.0,1.4,5
2021-03-07,PAIN AUX RAISINS,6.0,1.4,3
2021-03-08,PAIN AUX RAISINS,4.0,1.4,3
2021-03-09,PAIN AUX RAISINS,3.0,1.4,2
2021-03-11,PAIN AUX RAISINS,4.0,1.4,2
2021-03-12,PAIN AUX RAISINS,5.0,1.4,4
2021-03-13,PAIN AUX RAISINS,6.0,1.4,4
2021-03-14,PAIN AUX RAISINS,5.0,1.4,3
2021-03-15,PAIN AUX RAISINS,4.0,1.4,3
2021-03-16,PAIN AUX RAISINS,4.0,1.4,3
2021-03-18,PAIN AUX RAISINS,3.0,1.4,2
2021-03-19,PAIN AUX RAISINS,6.0,1.4,4
2021-03-20,PAIN AUX RAISINS,5.0,1.4,5
2021-03-21,PAIN AUX RAISINS,6.0,1.4,4
2021-03-22,PAIN AUX RAISINS,4.0,1.4,2
2021-03-23,PAIN AUX RAISINS,4.0,1.4,2
2021-03-25,PAIN AUX RAISINS,3.0,1.4,2
2021-03-26,PAIN AUX RAISINS,6.0,1.4,4
2021-03-27,PAIN AUX RAISINS,3.0,1.4,3
2021-03-28,PAIN AUX RAISINS,2.0,1.4,1
2021-03-29,PAIN AUX RAISINS,3.0,1.4,2
2021-03-30,PAIN AUX RAISINS,4.0,1.4,3
2021-04-01,PAIN AUX RAISINS,3.0,1.4,2
2021-04-02,PAIN AUX RAISINS,4.0,1.4,4
2021-04-03,PAIN AUX RAISINS,6.0,1.4,5
2021-04-04,PAIN AUX RAISINS,10.0,1.4,7
2021-04-05,PAIN AUX RAISINS,6.0,1.4,3
2021-04-06,PAIN AUX RAISINS,3.0,1.4,3
2021-04-08,PAIN AUX RAISINS,6.0,1.4,2
2021-04-09,PAIN AUX RAISINS,4.0,1.4,2
2021-04-10,PAIN AUX RAISINS,2.0,1.4,2
2021-04-11,PAIN AUX RAISINS,2.0,1.4,2
2021-04-12,PAIN AUX RAISINS,4.0,1.4,3
2021-04-13,PAIN AUX RAISINS,5.0,1.4,4
2021-04-14,PAIN AUX RAISINS,5.0,1.4,4
2021-04-15,PAIN AUX RAISINS,3.0,1.4,2
2021-04-16,PAIN AUX RAISINS,5.0,1.4,3
2021-04-17,PAIN AUX RAISINS,3.0,1.4,3
2021-04-18,PAIN AUX RAISINS,5.0,1.4,3
2021-04-19,PAIN AUX RAISINS,4.0,1.4,3
2021-04-20,PAIN AUX RAISINS,5.0,1.4,5
2021-04-21,PAIN AUX RAISINS,2.0,1.4,2
2021-04-22,PAIN AUX RAISINS,6.0,1.4,5
2021-04-23,PAIN AUX RAISINS,5.0,1.4,4
2021-04-24,PAIN AUX RAISINS,6.0,1.4,4
2021-04-25,PAIN AUX RAISINS,6.0,1.4,4
2021-04-27,PAIN AUX RAISINS,5.0,1.4,3
2021-04-28,PAIN AUX RAISINS,5.0,1.4,3
2021-04-29,PAIN AUX RAISINS,5.0,1.4,4
2021-04-30,PAIN AUX RAISINS,6.0,1.4,5
2021-05-01,PAIN AUX RAISINS,4.0,1.4,3
2021-05-02,PAIN AUX RAISINS,6.0,1.4,4
2021-05-03,PAIN AUX RAISINS,3.0,1.4,2
2021-05-04,PAIN AUX RAISINS,5.0,1.4,4
2021-05-05,PAIN AUX RAISINS,6.0,1.4,4
2021-05-06,PAIN AUX RAISINS,5.0,1.4,4
2021-05-07,PAIN AUX RAISINS,3.0,1.4,2
2021-05-08,PAIN AUX RAISINS,5.0,1.4,4
2021-05-09,PAIN AUX RAISINS,4.0,1.4,3
2021-05-10,PAIN AUX RAISINS,4.0,1.4,3
2021-05-11,PAIN AUX RAISINS,5.0,1.4,3
2021-05-12,PAIN AUX RAISINS,5.0,1.4,4
2021-05-13,PAIN AUX RAISINS,2.0,1.4,2
2021-05-14,PAIN AUX RAISINS,9.0,1.4,7
2021-05-15,PAIN AUX RAISINS,8.0,1.4,4
2021-05-16,PAIN AUX RAISINS,12.0,1.4,6
2021-05-21,PAIN AUX RAISINS,1.0,1.4,1
2021-05-22,PAIN AUX RAISINS,5.0,1.4,4
2021-05-23,PAIN AUX RAISINS,9.0,1.4,6
2021-05-24,PAIN AUX RAISINS,4.0,1.4,4
2021-05-25,PAIN AUX RAISINS,6.0,1.4,4
2021-05-26,PAIN AUX RAISINS,6.0,1.4,4
2021-05-27,PAIN AUX RAISINS,5.0,1.4,4
2021-05-28,PAIN AUX RAISINS,3.0,1.4,2
2021-05-29,PAIN AUX RAISINS,5.0,1.4,4
2021-05-30,PAIN AUX RAISINS,8.0,1.4,5
2021-05-31,PAIN AUX RAISINS,2.0,1.4,1
2021-06-01,PAIN AUX RAISINS,5.0,1.4,4
2021-06-02,PAIN AUX RAISINS,5.0,1.4,2
2021-06-03,PAIN AUX RAISINS,6.0,1.4,4
2021-06-04,PAIN AUX RAISINS,5.0,1.4,4
2021-06-05,PAIN AUX RAISINS,5.0,1.4,4
2021-06-06,PAIN AUX RAISINS,9.0,1.4,6
2021-06-07,PAIN AUX RAISINS,6.0,1.4,4
2021-06-08,PAIN AUX RAISINS,6.0,1.4,3
2021-06-09,PAIN AUX RAISINS,5.0,1.4,4
2021-06-10,PAIN AUX RAISINS,1.0,1.4,1
2021-06-11,PAIN AUX RAISINS,4.0,1.4,3
2021-06-12,PAIN AUX RAISINS,10.0,1.4,3
2021-06-13,PAIN AUX RAISINS,8.0,1.4,5
2021-06-14,PAIN AUX RAISINS,5.0,1.4,3
2021-06-15,PAIN AUX RAISINS,5.0,1.4,4
2021-06-16,PAIN AUX RAISINS,4.0,1.4,2
2021-06-17,PAIN AUX RAISINS,3.0,1.4,2
2021-06-18,PAIN AUX RAISINS,5.0,1.4,3
2021-06-19,PAIN AUX RAISINS,6.0,1.4,3
2021-06-20,PAIN AUX RAISINS,7.0,1.4,5
2021-06-21,PAIN AUX RAISINS,5.0,1.4,3
2021-06-22,PAIN AUX RAISINS,5.0,1.4,3
2021-06-23,PAIN AUX RAISINS,5.0,1.4,4
2021-06-24,PAIN AUX RAISINS,6.0,1.4,3
2021-06-25,PAIN AUX RAISINS,8.0,1.4,4
2021-06-26,PAIN AUX RAISINS,8.0,1.4,6
2021-06-27,PAIN AUX RAISINS,10.0,1.4,7
2021-06-29,PAIN AUX RAISINS,5.0,1.4,3
2021-06-30,PAIN AUX RAISINS,4.0,1.4,3
2021-07-01,PAIN AUX RAISINS,6.0,1.4,4
2021-07-02,PAIN AUX RAISINS,6.0,1.4,3
2021-07-03,PAIN AUX RAISINS,6.0,1.4,4
2021-07-04,PAIN AUX RAISINS,6.0,1.4,2
2021-07-05,PAIN AUX RAISINS,6.0,1.4,4
2021-07-06,PAIN AUX RAISINS,4.0,1.4,3
2021-07-07,PAIN AUX RAISINS,6.0,1.4,5
2021-07-08,PAIN AUX RAISINS,9.0,1.4,5
2021-07-09,PAIN AUX RAISINS,11.0,1.4,6
2021-07-10,PAIN AUX RAISINS,7.0,1.4,5
2021-07-11,PAIN AUX RAISINS,12.0,1.4,7
2021-07-12,PAIN AUX RAISINS,10.0,1.4,8
2021-07-13,PAIN AUX RAISINS,6.0,1.4,5
2021-07-14,PAIN AUX RAISINS,7.0,1.4,5
2021-07-15,PAIN AUX RAISINS,11.0,1.4,8
2021-07-16,PAIN AUX RAISINS,7.0,1.4,4
2021-07-17,PAIN AUX RAISINS,8.0,1.4,5
2021-07-18,PAIN AUX RAISINS,8.0,1.4,4
2021-07-19,PAIN AUX RAISINS,3.0,1.4,3
2021-07-20,PAIN AUX RAISINS,3.0,1.4,2
2021-07-21,PAIN AUX RAISINS,6.0,1.4,2
2021-07-22,PAIN AUX RAISINS,8.0,1.4,3
2021-07-23,PAIN AUX RAISINS,6.0,1.4,4
2021-07-24,PAIN AUX RAISINS,8.0,1.4,5
2021-07-25,PAIN AUX RAISINS,4.0,1.4,4
2021-07-26,PAIN AUX RAISINS,3.0,1.4,2
2021-07-27,PAIN AUX RAISINS,7.0,1.4,6
2021-07-28,PAIN AUX RAISINS,6.0,1.4,4
2021-07-29,PAIN AUX RAISINS,6.0,1.4,5
2021-07-30,PAIN AUX RAISINS,8.0,1.4,7
2021-07-31,PAIN AUX RAISINS,2.0,1.4,1
2021-08-01,PAIN AUX RAISINS,6.0,1.4,4
2021-08-02,PAIN AUX RAISINS,6.0,1.4,6
2021-08-03,PAIN AUX RAISINS,8.0,1.4,5
2021-08-04,PAIN AUX RAISINS,7.0,1.4,4
2021-08-05,PAIN AUX RAISINS,6.0,1.4,6
2021-08-06,PAIN AUX RAISINS,3.0,1.4,3
2021-08-07,PAIN AUX RAISINS,8.0,1.4,6
2021-08-08,PAIN AUX RAISINS,7.0,1.4,6
2021-08-09,PAIN AUX RAISINS,5.0,1.4,5
2021-08-10,PAIN AUX RAISINS,7.0,1.4,6
2021-08-11,PAIN AUX RAISINS,5.0,1.4,3
2021-08-12,PAIN AUX RAISINS,6.0,1.4,5
2021-08-13,PAIN AUX RAISINS,7.0,1.4,6
2021-08-14,PAIN AUX RAISINS,10.0,1.4,7
2021-08-15,PAIN AUX RAISINS,10.0,1.4,7
2021-08-16,PAIN AUX RAISINS,7.0,1.4,5
2021-08-17,PAIN AUX RAISINS,7.0,1.4,7
2021-08-18,PAIN AUX RAISINS,6.0,1.4,6
2021-08-19,PAIN AUX RAISINS,10.0,1.4,6
2021-08-20,PAIN AUX RAISINS,9.0,1.4,5
2021-08-21,PAIN AUX RAISINS,12.0,1.4,9
2021-08-22,PAIN AUX RAISINS,8.0,1.4,6
2021-08-23,PAIN AUX RAISINS,5.0,1.4,5
2021-08-24,PAIN AUX RAISINS,9.0,1.4,8
2021-08-25,PAIN AUX RAISINS,8.0,1.4,5
2021-08-26,PAIN AUX RAISINS,7.0,1.4,4
2021-08-27,PAIN AUX RAISINS,8.0,1.4,6
2021-08-28,PAIN AUX RAISINS,11.0,1.4,9
2021-08-29,PAIN AUX RAISINS,9.0,1.4,6
2021-08-30,PAIN AUX RAISINS,5.0,1.4,5
2021-08-31,PAIN AUX RAISINS,6.0,1.4,6
2021-09-01,PAIN AUX RAISINS,7.0,1.4,5
2021-09-02,PAIN AUX RAISINS,6.0,1.4,6
2021-09-03,PAIN AUX RAISINS,6.0,1.4,3
2021-09-04,PAIN AUX RAISINS,4.0,1.4,4
2021-09-05,PAIN AUX RAISINS,3.0,1.4,3
2021-09-06,PAIN AUX RAISINS,7.0,1.4,4
2021-09-07,PAIN AUX RAISINS,3.0,1.4,2
2021-09-08,PAIN AUX RAISINS,3.0,1.4,2
2021-09-09,PAIN AUX RAISINS,3.0,1.4,2
2021-09-10,PAIN AUX RAISINS,5.0,1.4,3
2021-09-11,PAIN AUX RAISINS,2.0,1.4,2
2021-09-12,PAIN AUX RAISINS,6.0,1.4,5
2021-09-13,PAIN AUX RAISINS,5.0,1.4,4
2021-09-14,PAIN AUX RAISINS,5.0,1.4,3
2021-09-15,PAIN AUX RAISINS,6.0,1.4,4
2021-09-16,PAIN AUX RAISINS,2.0,1.4,1
2021-09-17,PAIN AUX RAISINS,6.0,1.4,4
2021-09-18,PAIN AUX RAISINS,3.0,1.4,2
2021-09-19,PAIN AUX RAISINS,4.0,1.4,3
2021-09-20,PAIN AUX RAISINS,4.0,1.4,2
2021-09-21,PAIN AUX RAISINS,3.0,1.4,2
2021-09-23,PAIN AUX RAISINS,3.0,1.4,2
2021-09-24,PAIN AUX RAISINS,3.0,1.4,2
2021-09-25,PAIN AUX RAISINS,6.0,1.4,4
2021-09-26,PAIN AUX RAISINS,3.0,1.4,3
2021-09-27,PAIN AUX RAISINS,1.0,1.4,1
2021-09-28,PAIN AUX RAISINS,5.0,1.4,3
2021-09-29,PAIN AUX RAISINS,6.0,1.4,1
2021-09-30,PAIN AUX RAISINS,5.0,1.4,4
2021-10-01,PAIN AUX RAISINS,4.0,1.4,2
2021-10-02,PAIN AUX RAISINS,3.0,1.4,3
2021-10-03,PAIN AUX RAISINS,6.0,1.4,4
2021-10-04,PAIN AUX RAISINS,3.0,1.4,2
2021-10-05,PAIN AUX RAISINS,4.0,1.4,3
2021-10-06,PAIN AUX RAISINS,2.0,1.4,2
2021-10-07,PAIN AUX RAISINS,4.0,1.4,2
2021-10-08,PAIN AUX RAISINS,4.0,1.4,3
2021-10-09,PAIN AUX RAISINS,6.0,1.4,4
2021-10-10,PAIN AUX RAISINS,6.0,1.4,4
2021-10-11,PAIN AUX RAISINS,3.0,1.4,3
2021-10-12,PAIN AUX RAISINS,3.0,1.4,2
2021-10-13,PAIN AUX RAISINS,6.0,1.4,6
2021-10-14,PAIN AUX RAISINS,4.0,1.4,2
2021-10-15,PAIN AUX RAISINS,5.0,1.4,3
2021-10-16,PAIN AUX RAISINS,2.0,1.4,2
2021-10-17,PAIN AUX RAISINS,6.0,1.4,5
2021-10-18,PAIN AUX RAISINS,5.0,1.4,4
2021-10-19,PAIN AUX RAISINS,5.0,1.4,4
2021-10-20,PAIN AUX RAISINS,4.0,1.4,4
2021-10-21,PAIN AUX RAISINS,2.0,1.4,2
2021-10-22,PAIN AUX RAISINS,4.0,1.4,3
2021-10-23,PAIN AUX RAISINS,8.0,1.4,4
2021-10-24,PAIN AUX RAISINS,6.0,1.4,4
2021-10-25,PAIN AUX RAISINS,6.0,1.4,5
2021-10-26,PAIN AUX RAISINS,5.0,1.4,5
2021-10-27,PAIN AUX RAISINS,5.0,1.4,2
2021-10-28,PAIN AUX RAISINS,4.0,1.4,4
2021-10-29,PAIN AUX RAISINS,3.0,1.4,2
2021-10-30,PAIN AUX RAISINS,8.0,1.4,7
2021-10-31,PAIN AUX RAISINS,8.0,1.4,7
2021-11-01,PAIN AUX RAISINS,9.0,1.4,6
2021-11-02,PAIN AUX RAISINS,6.0,1.4,6
2021-11-03,PAIN AUX RAISINS,1.0,1.4,1
2021-11-04,PAIN AUX RAISINS,3.0,1.4,3
2021-11-05,PAIN AUX RAISINS,6.0,1.4,4
2021-11-06,PAIN AUX RAISINS,3.0,1.4,3
2021-11-07,PAIN AUX RAISINS,2.0,1.4,1
2021-11-08,PAIN AUX RAISINS,1.0,1.4,1
2021-11-09,PAIN AUX RAISINS,3.0,1.4,2
2021-11-10,PAIN AUX RAISINS,1.0,1.4,1
2021-11-11,PAIN AUX RAISINS,5.0,1.4,4
2021-11-12,PAIN AUX RAISINS,6.0,1.4,3
2021-11-13,PAIN AUX RAISINS,2.0,1.4,2
2021-11-14,PAIN AUX RAISINS,2.0,1.4,2
2021-11-15,PAIN AUX RAISINS,1.0,1.4,1
2021-11-16,PAIN AUX RAISINS,3.0,1.4,2
2021-11-18,PAIN AUX RAISINS,3.0,1.4,2
2021-11-19,PAIN AUX RAISINS,3.0,1.4,3
2021-11-21,PAIN AUX RAISINS,3.0,1.4,3
2021-11-22,PAIN AUX RAISINS,3.0,1.4,1
2021-11-25,PAIN AUX RAISINS,4.0,1.4,3
2021-11-26,PAIN AUX RAISINS,1.0,1.4,1
2021-11-27,PAIN AUX RAISINS,6.0,1.4,4
2021-11-28,PAIN AUX RAISINS,6.0,1.4,2
2021-11-29,PAIN AUX RAISINS,2.0,1.4,2
2021-11-30,PAIN AUX RAISINS,4.0,1.4,3
2021-12-02,PAIN AUX RAISINS,2.0,1.4,2
2021-12-03,PAIN AUX RAISINS,3.0,1.4,3
2021-12-04,PAIN AUX RAISINS,5.0,1.4,5
2021-12-05,PAIN AUX RAISINS,1.0,1.4,1
2021-12-09,PAIN AUX RAISINS,1.0,1.4,1
2021-12-10,PAIN AUX RAISINS,4.0,1.4,2
2021-12-11,PAIN AUX RAISINS,4.0,1.4,2
2021-12-12,PAIN AUX RAISINS,3.0,1.4,2
2021-12-13,PAIN AUX RAISINS,4.0,1.4,1
2021-12-14,PAIN AUX RAISINS,2.0,1.4,2
2021-12-16,PAIN AUX RAISINS,3.0,1.4,3
2021-12-17,PAIN AUX RAISINS,4.0,1.4,3
2021-12-18,PAIN AUX RAISINS,2.0,1.4,1
2021-12-19,PAIN AUX RAISINS,5.0,1.4,4
2021-12-20,PAIN AUX RAISINS,5.0,1.4,3
2021-12-21,PAIN AUX RAISINS,5.0,1.4,4
2021-12-22,PAIN AUX RAISINS,3.0,1.4,3
2021-12-23,PAIN AUX RAISINS,4.0,1.4,4
2021-12-24,PAIN AUX RAISINS,4.0,1.4,4
2021-12-25,PAIN AUX RAISINS,5.0,1.4,4
2021-12-26,PAIN AUX RAISINS,3.0,1.4,3
2021-12-27,PAIN AUX RAISINS,5.0,1.4,3
2021-12-28,PAIN AUX RAISINS,6.0,1.4,4
2021-12-29,PAIN AUX RAISINS,5.0,1.4,2
2021-12-30,PAIN AUX RAISINS,6.0,1.4,4
2021-12-31,PAIN AUX RAISINS,3.0,1.4,3
2022-01-02,PAIN AUX RAISINS,6.0,1.4,5
2022-01-03,PAIN AUX RAISINS,3.0,1.4,3
2022-01-06,PAIN AUX RAISINS,4.0,1.4,2
2022-01-07,PAIN AUX RAISINS,3.0,1.4,2
2022-01-08,PAIN AUX RAISINS,4.0,1.4,4
2022-01-09,PAIN AUX RAISINS,2.0,1.4,2
2022-01-10,PAIN AUX RAISINS,1.0,1.4,1
2022-01-11,PAIN AUX RAISINS,1.0,1.4,1
2022-01-13,PAIN AUX RAISINS,4.0,1.4,3
2022-01-14,PAIN AUX RAISINS,4.0,1.4,4
2022-01-15,PAIN AUX RAISINS,3.0,1.4,2
2022-01-16,PAIN AUX RAISINS,2.0,1.4,1
2022-01-17,PAIN AUX RAISINS,3.0,1.4,3
2022-01-18,PAIN AUX RAISINS,1.0,1.4,1
2022-01-20,PAIN AUX RAISINS,3.0,1.4,2
2022-01-21,PAIN AUX RAISINS,3.0,1.4,2
2022-01-22,PAIN AUX RAISINS,1.0,1.4,1
2022-01-24,PAIN AUX RAISINS,1.0,1.4,1
2022-01-27,PAIN AUX RAISINS,2.0,1.4,1
2022-01-28,PAIN AUX RAISINS,3.0,1.4,3
2022-01-29,PAIN AUX RAISINS,4.0,1.4,3
2022-01-30,PAIN AUX RAISINS,1.0,1.4,1
2022-01-31,PAIN AUX RAISINS,3.0,1.4,2
2022-02-01,PAIN AUX RAISINS,2.0,1.4,2
2022-02-03,PAIN AUX RAISINS,8.0,1.4,2
2022-02-04,PAIN AUX RAISINS,1.0,1.4,1
2022-02-05,PAIN AUX RAISINS,3.0,1.4,2
2022-02-06,PAIN AUX RAISINS,4.0,1.4,3
2022-02-07,PAIN AUX RAISINS,1.0,1.5,1
2022-02-08,PAIN AUX RAISINS,4.0,1.5,2
2022-02-11,PAIN AUX RAISINS,4.0,1.5,4
2022-02-12,PAIN AUX RAISINS,1.0,1.5,1
2022-02-13,PAIN AUX RAISINS,4.0,1.5,3
2022-02-14,PAIN AUX RAISINS,3.0,1.5,3
2022-02-15,PAIN AUX RAISINS,4.0,1.5,3
2022-02-17,PAIN AUX RAISINS,3.0,1.5,2
2022-02-18,PAIN AUX RAISINS,1.0,1.5,1
2022-02-19,PAIN AUX RAISINS,4.0,1.5,2
2022-02-20,PAIN AUX RAISINS,4.0,1.5,3
2022-02-21,PAIN AUX RAISINS,2.0,1.5,2
2022-02-22,PAIN AUX RAISINS,1.0,1.5,1
2022-02-24,PAIN AUX RAISINS,4.0,1.5,2
2022-02-25,PAIN AUX RAISINS,4.0,1.5,3
2022-02-26,PAIN AUX RAISINS,5.0,1.5,5
2022-02-27,PAIN AUX RAISINS,4.0,1.5,4
2022-02-28,PAIN AUX RAISINS,3.0,1.5,3
2022-03-01,PAIN AUX RAISINS,1.0,1.5,1
2022-03-02,PAIN AUX RAISINS,5.0,1.5,3
2022-03-05,PAIN AUX RAISINS,4.0,1.5,3
2022-03-06,PAIN AUX RAISINS,5.0,1.5,5
2022-03-07,PAIN AUX RAISINS,4.0,1.5,2
2022-03-08,PAIN AUX RAISINS,3.0,1.5,3
2022-03-09,PAIN AUX RAISINS,2.0,1.5,2
2022-03-10,PAIN AUX RAISINS,3.0,1.5,2
2022-03-11,PAIN AUX RAISINS,2.0,1.5,2
2022-03-12,PAIN AUX RAISINS,2.0,1.5,2
2022-03-13,PAIN AUX RAISINS,6.0,1.5,5
2022-03-14,PAIN AUX RAISINS,4.0,1.5,3
2022-03-15,PAIN AUX RAISINS,4.0,1.5,3
2022-03-16,PAIN AUX RAISINS,2.0,1.5,2
2022-03-18,PAIN AUX RAISINS,3.0,1.5,2
2022-03-19,PAIN AUX RAISINS,4.0,1.5,3
2022-03-20,PAIN AUX RAISINS,6.0,1.5,3
2022-03-21,PAIN AUX RAISINS,3.0,1.5,2
2022-03-22,PAIN AUX RAISINS,2.0,1.5,1
2022-03-24,PAIN AUX RAISINS,1.0,1.5,1
2022-03-25,PAIN AUX RAISINS,3.0,1.5,3
2022-03-26,PAIN AUX RAISINS,6.0,1.5,4
2022-03-27,PAIN AUX RAISINS,4.0,1.5,4
2022-03-28,PAIN AUX RAISINS,1.0,1.5,1
2022-03-29,PAIN AUX RAISINS,1.0,1.5,1
2022-03-30,PAIN AUX RAISINS,2.0,1.5,2
2022-03-31,PAIN AUX RAISINS,4.0,1.5,2
2022-04-01,PAIN AUX RAISINS,4.0,1.5,4
2022-04-02,PAIN AUX RAISINS,4.0,1.5,3
2022-04-03,PAIN AUX RAISINS,7.0,1.5,6
2022-04-04,PAIN AUX RAISINS,1.0,1.5,1
2022-04-05,PAIN AUX RAISINS,4.0,1.5,3
2022-04-06,PAIN AUX RAISINS,2.0,1.5,2
2022-04-08,PAIN AUX RAISINS,2.0,1.5,2
2022-04-09,PAIN AUX RAISINS,6.0,1.5,3
2022-04-10,PAIN AUX RAISINS,2.0,1.5,2
2022-04-11,PAIN AUX RAISINS,4.0,1.5,3
2022-04-12,PAIN AUX RAISINS,2.0,1.5,1
2022-04-13,PAIN AUX RAISINS,4.0,1.5,2
2022-04-14,PAIN AUX RAISINS,3.0,1.5,2
2022-04-15,PAIN AUX RAISINS,5.0,1.5,3
2022-04-16,PAIN AUX RAISINS,6.0,1.5,6
2022-04-17,PAIN AUX RAISINS,9.0,1.5,6
2022-04-18,PAIN AUX RAISINS,7.0,1.5,5
2022-04-19,PAIN AUX RAISINS,4.0,1.5,3
2022-04-21,PAIN AUX RAISINS,4.0,1.5,3
2022-04-22,PAIN AUX RAISINS,5.0,1.5,5
2022-04-23,PAIN AUX RAISINS,8.0,1.5,5
2022-04-24,PAIN AUX RAISINS,6.0,1.5,5
2022-04-25,PAIN AUX RAISINS,3.0,1.5,3
2022-04-26,PAIN AUX RAISINS,1.0,1.5,1
2022-04-27,PAIN AUX RAISINS,1.0,1.5,1
2022-04-28,PAIN AUX RAISINS,5.0,1.5,4
2022-04-29,PAIN AUX RAISINS,5.0,1.5,5
2022-04-30,PAIN AUX RAISINS,4.0,1.5,3
2022-05-01,PAIN AUX RAISINS,6.0,1.5,5
2022-05-02,PAIN AUX RAISINS,5.0,1.5,3
2022-05-03,PAIN AUX RAISINS,3.0,1.5,2
2022-05-05,PAIN AUX RAISINS,5.0,1.5,5
2022-05-06,PAIN AUX RAISINS,4.0,1.5,3
2022-05-07,PAIN AUX RAISINS,6.0,1.5,3
2022-05-08,PAIN AUX RAISINS,5.0,1.5,5
2022-05-09,PAIN AUX RAISINS,4.0,1.5,3
2022-05-10,PAIN AUX RAISINS,3.0,1.5,2
2022-05-11,PAIN AUX RAISINS,4.0,1.5,4
2022-05-12,PAIN AUX RAISINS,5.0,1.5,4
2022-05-13,PAIN AUX RAISINS,3.0,1.5,3
2022-05-14,PAIN AUX RAISINS,4.0,1.5,3
2022-05-15,PAIN AUX RAISINS,5.0,1.5,3
2022-05-16,PAIN AUX RAISINS,2.0,1.5,1
2022-05-17,PAIN AUX RAISINS,3.0,1.5,2
2022-05-18,PAIN AUX RAISINS,2.0,1.5,2
2022-05-19,PAIN AUX RAISINS,2.0,1.5,2
2022-05-20,PAIN AUX RAISINS,5.0,1.5,3
2022-05-21,PAIN AUX RAISINS,2.0,1.5,2
2022-05-22,PAIN AUX RAISINS,5.0,1.5,5
2022-05-23,PAIN AUX RAISINS,2.0,1.5,2
2022-05-24,PAIN AUX RAISINS,4.0,1.5,4
2022-05-25,PAIN AUX RAISINS,3.0,1.5,3
2022-05-26,PAIN AUX RAISINS,5.0,1.5,5
2022-05-27,PAIN AUX RAISINS,9.0,1.5,4
2022-05-28,PAIN AUX RAISINS,7.0,1.5,5
2022-05-29,PAIN AUX RAISINS,6.0,1.5,1
2022-05-30,PAIN AUX RAISINS,3.0,1.5,2
2022-05-31,PAIN AUX RAISINS,5.0,1.5,2
2022-06-01,PAIN AUX RAISINS,2.0,1.5,2
2022-06-02,PAIN AUX RAISINS,2.0,1.5,2
2022-06-03,PAIN AUX RAISINS,5.0,1.5,4
2022-06-04,PAIN AUX RAISINS,6.0,1.5,3
2022-06-05,PAIN AUX RAISINS,7.0,1.5,5
2022-06-06,PAIN AUX RAISINS,5.0,1.5,4
2022-06-07,PAIN AUX RAISINS,5.0,1.5,3
2022-06-08,PAIN AUX RAISINS,1.0,1.5,1
2022-06-09,PAIN AUX RAISINS,3.0,1.5,3
2022-06-10,PAIN AUX RAISINS,1.0,1.5,1
2022-06-11,PAIN AUX RAISINS,3.0,1.5,3
2022-06-12,PAIN AUX RAISINS,6.0,1.5,5
2022-06-13,PAIN AUX RAISINS,4.0,1.5,2
2022-06-14,PAIN AUX RAISINS,4.0,1.5,4
2022-06-15,PAIN AUX RAISINS,6.0,1.5,4
2022-06-16,PAIN AUX RAISINS,3.0,1.5,3
2022-06-17,PAIN AUX RAISINS,2.0,1.5,2
2022-06-18,PAIN AUX RAISINS,5.0,1.5,5
2022-06-19,PAIN AUX RAISINS,9.0,1.5,8
2022-06-20,PAIN AUX RAISINS,5.0,1.5,3
2022-06-21,PAIN AUX RAISINS,3.0,1.5,3
2022-06-22,PAIN AUX RAISINS,4.0,1.5,3
2022-06-23,PAIN AUX RAISINS,1.0,1.5,1
2022-06-24,PAIN AUX RAISINS,2.0,1.5,2
2022-06-25,PAIN AUX RAISINS,5.0,1.5,3
2022-06-26,PAIN AUX RAISINS,6.0,1.5,2
2022-06-27,PAIN AUX RAISINS,4.0,1.5,2
2022-06-28,PAIN AUX RAISINS,4.0,1.5,3
2022-06-29,PAIN AUX RAISINS,1.0,1.6,1
2022-06-30,PAIN AUX RAISINS,3.0,1.6,3
2022-07-01,PAIN AUX RAISINS,5.0,1.6,5
2022-07-02,PAIN AUX RAISINS,3.0,1.6,3
2022-07-03,PAIN AUX RAISINS,6.0,1.6,5
2022-07-04,PAIN AUX RAISINS,4.0,1.6,4
2022-07-05,PAIN AUX RAISINS,7.0,1.6,7
2022-07-06,PAIN AUX RAISINS,6.0,1.6,4
2022-07-07,PAIN AUX RAISINS,3.0,1.6,3
2022-07-08,PAIN AUX RAISINS,4.0,1.6,3
2022-07-09,PAIN AUX RAISINS,4.0,1.6,3
2022-07-10,PAIN AUX RAISINS,9.0,1.6,8
2022-07-11,PAIN AUX RAISINS,4.0,1.6,4
2022-07-12,PAIN AUX RAISINS,7.0,1.6,5
2022-07-13,PAIN AUX RAISINS,5.0,1.6,4
2022-07-14,PAIN AUX RAISINS,4.0,1.6,4
2022-07-15,PAIN AUX RAISINS,6.0,1.6,5
2022-07-16,PAIN AUX RAISINS,9.0,1.6,7
2022-07-17,PAIN AUX RAISINS,15.0,1.6,11
2022-07-18,PAIN AUX RAISINS,3.0,1.6,3
2022-07-19,PAIN AUX RAISINS,5.0,1.6,4
2022-07-20,PAIN AUX RAISINS,1.0,1.6,1
2022-07-21,PAIN AUX RAISINS,7.0,1.6,4
2022-07-22,PAIN AUX RAISINS,7.0,1.6,3
2022-07-23,PAIN AUX RAISINS,9.0,1.6,6
2022-07-24,PAIN AUX RAISINS,9.0,1.6,7
2022-07-25,PAIN AUX RAISINS,9.0,1.6,4
2022-07-26,PAIN AUX RAISINS,8.0,1.6,6
2022-07-27,PAIN AUX RAISINS,7.0,1.6,4
2022-07-28,PAIN AUX RAISINS,6.0,1.6,4
2022-07-29,PAIN AUX RAISINS,4.0,1.6,3
2022-07-30,PAIN AUX RAISINS,4.0,1.6,3
2022-07-31,PAIN AUX RAISINS,14.0,1.6,7
2022-08-01,PAIN AUX RAISINS,7.0,1.6,5
2022-08-02,PAIN AUX RAISINS,6.0,1.6,2
2022-08-03,PAIN AUX RAISINS,7.0,1.6,6
2022-08-04,PAIN AUX RAISINS,9.0,1.6,7
2022-08-05,PAIN AUX RAISINS,8.0,1.6,7
2022-08-06,PAIN AUX RAISINS,11.0,1.6,9
2022-08-07,PAIN AUX RAISINS,6.0,1.6,4
2022-08-08,PAIN AUX RAISINS,10.0,1.6,7
2022-08-09,PAIN AUX RAISINS,9.0,1.6,7
2022-08-10,PAIN AUX RAISINS,9.0,1.6,6
2022-08-11,PAIN AUX RAISINS,11.0,1.6,7
2022-08-12,PAIN AUX RAISINS,11.0,1.6,8
2022-08-13,PAIN AUX RAISINS,11.0,1.6,8
2022-08-14,PAIN AUX RAISINS,16.0,1.6,10
2022-08-15,PAIN AUX RAISINS,12.0,1.6,9
2022-08-16,PAIN AUX RAISINS,9.0,1.6,8
2022-08-17,PAIN AUX RAISINS,5.0,1.6,3
2022-08-18,PAIN AUX RAISINS,9.0,1.6,6
2022-08-19,PAIN AUX RAISINS,7.0,1.6,3
2022-08-20,PAIN AUX RAISINS,12.0,1.6,9
2022-08-21,PAIN AUX RAISINS,5.0,1.6,3
2022-08-22,PAIN AUX RAISINS,10.0,1.6,4
2022-08-23,PAIN AUX RAISINS,3.0,1.6,3
2022-08-24,PAIN AUX RAISINS,7.0,1.6,5
2022-08-25,PAIN AUX RAISINS,7.0,1.6,5
2022-08-26,PAIN AUX RAISINS,6.0,1.6,5
2022-08-27,PAIN AUX RAISINS,3.0,1.6,2
2022-08-28,PAIN AUX RAISINS,8.0,1.6,5
2022-08-29,PAIN AUX RAISINS,5.0,1.6,3
2022-08-30,PAIN AUX RAISINS,3.0,1.6,2
2022-09-02,PAIN AUX RAISINS,5.0,1.6,4
2022-09-03,PAIN AUX RAISINS,4.0,1.6,3
2022-09-04,PAIN AUX RAISINS,6.0,1.6,3
2022-09-05,PAIN AUX RAISINS,5.0,1.6,3
2022-09-06,PAIN AUX RAISINS,3.0,1.6,3
2022-09-07,PAIN AUX RAISINS,4.0,1.6,3
2022-09-08,PAIN AUX RAISINS,3.0,1.6,2
2022-09-09,PAIN AUX RAISINS,4.0,1.6,4
2022-09-10,PAIN AUX RAISINS,5.0,1.6,3
2022-09-11,PAIN AUX RAISINS,7.0,1.6,4
2022-09-12,PAIN AUX RAISINS,4.0,1.6,3
2022-09-13,PAIN AUX RAISINS,3.0,1.6,2
2022-09-14,PAIN AUX RAISINS,3.0,1.6,3
2022-09-15,PAIN AUX RAISINS,3.0,1.6,2
2022-09-16,PAIN AUX RAISINS,2.0,1.6,2
2022-09-17,PAIN AUX RAISINS,3.0,1.6,3
2022-09-18,PAIN AUX RAISINS,7.0,1.6,5
2022-09-20,PAIN AUX RAISINS,1.0,1.6,1
2022-09-21,PAIN AUX RAISINS,4.0,1.6,3
2022-09-22,PAIN AUX RAISINS,4.0,1.6,1
2022-09-23,PAIN AUX RAISINS,3.0,1.6,3
2022-09-24,PAIN AUX RAISINS,6.0,1.6,5
2022-09-25,PAIN AUX RAISINS,6.0,1.6,5
2022-09-27,PAIN AUX RAISINS,4.0,1.6,3
2022-09-28,PAIN AUX RAISINS,3.0,1.6,2
2022-09-29,PAIN AUX RAISINS,4.0,1.6,1
2022-09-30,PAIN AUX RAISINS,3.0,1.6,3
2021-01-02,PAIN BANETTE,6.0,1.4,4
2021-01-03,PAIN BANETTE,5.0,1.4,4
2021-01-05,PAIN BANETTE,5.0,1.4,4
2021-01-07,PAIN BANETTE,2.0,1.4,2
2021-01-08,PAIN BANETTE,5.0,1.4,4
2021-01-09,PAIN BANETTE,6.0,1.4,3
2021-01-10,PAIN BANETTE,6.0,1.4,5
2021-01-11,PAIN BANETTE,2.0,1.4,2
2021-01-14,PAIN BANETTE,6.0,1.4,4
2021-01-15,PAIN BANETTE,1.0,1.4,1
2021-01-16,PAIN BANETTE,5.0,1.4,5
2021-01-17,PAIN BANETTE,6.0,1.4,6
2021-01-18,PAIN BANETTE,3.0,1.4,3
2021-01-19,PAIN BANETTE,2.0,1.4,2
2021-01-21,PAIN BANETTE,3.0,1.4,3
2021-01-22,PAIN BANETTE,2.0,1.4,2
2021-01-23,PAIN BANETTE,7.0,1.4,5
2021-01-24,PAIN BANETTE,2.0,1.4,2
2021-01-25,PAIN BANETTE,2.0,1.4,2
2021-01-26,PAIN BANETTE,2.0,1.4,2
2021-01-28,PAIN BANETTE,4.0,1.4,4
2021-01-29,PAIN BANETTE,3.0,1.4,3
2021-01-30,PAIN BANETTE,6.0,1.4,3
2021-01-31,PAIN BANETTE,1.0,1.4,1
2021-02-01,PAIN BANETTE,5.0,1.4,5
2021-02-02,PAIN BANETTE,3.0,1.4,3
2021-02-04,PAIN BANETTE,2.0,1.4,2
2021-02-05,PAIN BANETTE,1.0,1.4,1
2021-02-06,PAIN BANETTE,1.0,1.4,1
2021-02-07,PAIN BANETTE,5.0,1.4,5
2021-02-08,PAIN BANETTE,3.0,1.4,1
2021-02-09,PAIN BANETTE,5.0,1.4,2
2021-02-11,PAIN BANETTE,4.0,1.4,4
2021-02-12,PAIN BANETTE,4.0,1.4,4
2021-02-13,PAIN BANETTE,8.0,1.4,8
2021-02-14,PAIN BANETTE,6.0,1.4,6
2021-02-15,PAIN BANETTE,2.0,1.4,2
2021-02-16,PAIN BANETTE,1.0,1.4,1
2021-02-18,PAIN BANETTE,6.0,1.4,2
2021-02-19,PAIN BANETTE,4.0,1.4,3
2021-02-20,PAIN BANETTE,7.0,1.4,7
2021-02-21,PAIN BANETTE,7.0,1.4,5
2021-02-22,PAIN BANETTE,7.0,1.4,7
2021-02-23,PAIN BANETTE,7.0,1.4,7
2021-02-25,PAIN BANETTE,4.0,1.4,4
2021-02-26,PAIN BANETTE,7.0,1.4,7
2021-02-27,PAIN BANETTE,8.0,1.4,8
2021-02-28,PAIN BANETTE,7.0,1.4,6
2021-03-01,PAIN BANETTE,7.0,1.4,6
2021-03-02,PAIN BANETTE,7.0,1.4,7
2021-03-04,PAIN BANETTE,7.0,1.4,7
2021-03-05,PAIN BANETTE,7.0,1.4,6
2021-03-06,PAIN BANETTE,10.0,1.4,9
2021-03-07,PAIN BANETTE,8.0,1.4,7
2021-03-08,PAIN BANETTE,5.0,1.4,4
2021-03-09,PAIN BANETTE,6.0,1.4,5
2021-03-11,PAIN BANETTE,6.0,1.4,5
2021-03-12,PAIN BANETTE,5.0,1.4,5
2021-03-13,PAIN BANETTE,6.0,1.4,5
2021-03-14,PAIN BANETTE,6.0,1.4,6
2021-03-15,PAIN BANETTE,5.0,1.4,4
2021-03-16,PAIN BANETTE,6.0,1.4,4
2021-03-18,PAIN BANETTE,1.0,1.4,1
2021-03-19,PAIN BANETTE,1.0,1.4,1
2021-03-20,PAIN BANETTE,6.0,1.4,6
2021-03-21,PAIN BANETTE,6.0,1.4,5
2021-03-22,PAIN BANETTE,5.0,1.4,4
2021-03-23,PAIN BANETTE,1.0,1.4,1
2021-03-25,PAIN BANETTE,5.0,1.4,5
2021-03-26,PAIN BANETTE,2.0,1.4,2
2021-03-27,PAIN BANETTE,3.0,1.4,3
2021-03-28,PAIN BANETTE,6.0,1.4,6
2021-03-29,PAIN BANETTE,6.0,1.4,6
2021-03-30,PAIN BANETTE,7.0,1.4,7
2021-04-01,PAIN BANETTE,3.0,1.4,3
2021-04-02,PAIN BANETTE,8.0,1.4,6
2021-04-03,PAIN BANETTE,7.0,1.4,7
2021-04-04,PAIN BANETTE,6.0,1.4,5
2021-04-05,PAIN BANETTE,6.0,1.4,5
2021-04-06,PAIN BANETTE,1.0,1.4,1
2021-04-08,PAIN BANETTE,7.0,1.4,7
2021-04-09,PAIN BANETTE,5.0,1.4,4
2021-04-10,PAIN BANETTE,5.0,1.4,5
2021-04-11,PAIN BANETTE,7.0,1.4,5
2021-04-12,PAIN BANETTE,2.0,1.4,2
2021-04-13,PAIN BANETTE,3.0,1.4,3
2021-04-14,PAIN BANETTE,5.0,1.4,4
2021-04-15,PAIN BANETTE,6.0,1.4,6
2021-04-16,PAIN BANETTE,3.0,1.4,3
2021-04-17,PAIN BANETTE,2.0,1.4,2
2021-04-18,PAIN BANETTE,7.0,1.4,6
2021-04-19,PAIN BANETTE,7.0,1.4,6
2021-04-20,PAIN BANETTE,8.0,1.4,4
2021-04-21,PAIN BANETTE,1.0,1.4,1
2021-04-22,PAIN BANETTE,6.0,1.4,5
2021-04-23,PAIN BANETTE,4.0,1.4,4
2021-04-24,PAIN BANETTE,5.0,1.4,4
2021-04-25,PAIN BANETTE,8.0,1.4,7
2021-04-26,PAIN BANETTE,4.0,1.4,4
2021-04-27,PAIN BANETTE,5.0,1.4,5
2021-04-28,PAIN BANETTE,4.0,1.4,4
2021-04-29,PAIN BANETTE,5.0,1.4,5
2021-04-30,PAIN BANETTE,5.0,1.4,5
2021-05-01,PAIN BANETTE,6.0,1.4,5
2021-05-02,PAIN BANETTE,7.0,1.4,7
2021-05-03,PAIN BANETTE,6.0,1.4,6
2021-05-04,PAIN BANETTE,5.0,1.4,5
2021-05-05,PAIN BANETTE,4.0,1.4,4
2021-05-06,PAIN BANETTE,3.0,1.4,3
2021-05-07,PAIN BANETTE,8.0,1.4,8
2021-05-08,PAIN BANETTE,4.0,1.4,3
2021-05-09,PAIN BANETTE,5.0,1.4,5
2021-05-10,PAIN BANETTE,1.0,1.4,1
2021-05-11,PAIN BANETTE,2.0,1.4,2
2021-05-12,PAIN BANETTE,6.0,1.4,5
2021-05-13,PAIN BANETTE,9.0,1.4,7
2021-05-14,PAIN BANETTE,10.0,1.4,7
2021-05-15,PAIN BANETTE,10.0,1.4,8
2021-05-16,PAIN BANETTE,8.0,1.4,6
2021-05-21,PAIN BANETTE,4.0,1.4,4
2021-05-22,PAIN BANETTE,7.0,1.4,4
2021-05-23,PAIN BANETTE,6.0,1.4,5
2021-05-24,PAIN BANETTE,8.0,1.4,8
2021-05-25,PAIN BANETTE,4.0,1.4,4
2021-05-26,PAIN BANETTE,4.0,1.4,4
2021-05-27,PAIN BANETTE,4.0,1.4,4
2021-05-28,PAIN BANETTE,6.0,1.4,6
2021-05-29,PAIN BANETTE,4.0,1.4,4
2021-05-30,PAIN BANETTE,6.0,1.4,3
2021-05-31,PAIN BANETTE,3.0,1.4,3
2021-06-01,PAIN BANETTE,5.0,1.4,5
2021-06-02,PAIN BANETTE,1.0,1.4,1
2021-06-03,PAIN BANETTE,3.0,1.4,3
2021-06-04,PAIN BANETTE,6.0,1.4,6
2021-06-05,PAIN BANETTE,9.0,1.4,7
2021-06-06,PAIN BANETTE,6.0,1.4,6
2021-06-07,PAIN BANETTE,6.0,1.4,6
2021-06-08,PAIN BANETTE,5.0,1.4,4
2021-06-09,PAIN BANETTE,4.0,1.4,4
2021-06-10,PAIN BANETTE,4.0,1.4,4
2021-06-11,PAIN BANETTE,5.0,1.4,5
2021-06-12,PAIN BANETTE,3.0,1.4,3
2021-06-13,PAIN BANETTE,5.0,1.4,5
2021-06-14,PAIN BANETTE,6.0,1.4,5
2021-06-16,PAIN BANETTE,5.0,1.4,5
2021-06-17,PAIN BANETTE,1.0,1.4,1
2021-06-18,PAIN BANETTE,5.0,1.4,5
2021-06-19,PAIN BANETTE,6.0,1.4,6
2021-06-20,PAIN BANETTE,6.0,1.4,6
2021-06-21,PAIN BANETTE,4.0,1.4,4
2021-06-22,PAIN BANETTE,6.0,1.4,6
2021-06-23,PAIN BANETTE,5.0,1.4,4
2021-06-24,PAIN BANETTE,5.0,1.4,5
2021-06-25,PAIN BANETTE,6.0,1.4,5
2021-06-26,PAIN BANETTE,7.0,1.4,7
2021-06-27,PAIN BANETTE,10.0,1.4,8
2021-06-28,PAIN BANETTE,5.0,1.4,4
2021-06-29,PAIN BANETTE,3.0,1.4,3
2021-06-30,PAIN BANETTE,2.0,1.4,2
2021-07-01,PAIN BANETTE,4.0,1.4,3
2021-07-02,PAIN BANETTE,4.0,1.4,4
2021-07-03,PAIN BANETTE,3.0,1.4,3
2021-07-04,PAIN BANETTE,6.0,1.4,6
2021-07-05,PAIN BANETTE,5.0,1.4,5
2021-07-06,PAIN BANETTE,5.0,1.4,5
2021-07-07,PAIN BANETTE,3.0,1.4,3
2021-07-08,PAIN BANETTE,4.0,1.4,4
2021-07-09,PAIN BANETTE,10.0,1.4,9
2021-07-10,PAIN BANETTE,8.0,1.4,8
2021-07-11,PAIN BANETTE,8.0,1.4,7
2021-07-12,PAIN BANETTE,12.0,1.4,10
2021-07-13,PAIN BANETTE,8.0,1.4,7
2021-07-14,PAIN BANETTE,8.0,1.4,8
2021-07-15,PAIN BANETTE,11.0,1.4,11
2021-07-16,PAIN BANETTE,13.0,1.4,10
2021-07-17,PAIN BANETTE,15.0,1.4,14
2021-07-18,PAIN BANETTE,14.0,1.4,13
2021-07-19,PAIN BANETTE,16.0,1.4,13
2021-07-20,PAIN BANETTE,9.0,1.4,8
2021-07-21,PAIN BANETTE,3.0,1.4,3
2021-07-22,PAIN BANETTE,15.0,1.4,14
2021-07-23,PAIN BANETTE,12.0,1.4,8
2021-07-24,PAIN BANETTE,10.0,1.4,8
2021-07-25,PAIN BANETTE,13.0,1.4,11
2021-07-26,PAIN BANETTE,9.0,1.4,9
2021-07-27,PAIN BANETTE,11.0,1.4,10
2021-07-28,PAIN BANETTE,2.0,1.4,2
2021-07-29,PAIN BANETTE,7.0,1.4,6
2021-07-30,PAIN BANETTE,7.0,1.4,6
2021-07-31,PAIN BANETTE,10.0,1.4,9
2021-08-01,PAIN BANETTE,10.0,1.4,9
2021-08-02,PAIN BANETTE,10.0,1.4,8
2021-08-03,PAIN BANETTE,12.0,1.4,11
2021-08-04,PAIN BANETTE,12.0,1.4,9
2021-08-05,PAIN BANETTE,8.0,1.4,5
2021-08-06,PAIN BANETTE,12.0,1.4,10
2021-08-07,PAIN BANETTE,7.0,1.4,6
2021-08-08,PAIN BANETTE,13.0,1.4,11
2021-08-09,PAIN BANETTE,12.0,1.4,11
2021-08-10,PAIN BANETTE,10.0,1.4,8
2021-08-11,PAIN BANETTE,12.0,1.4,11
2021-08-12,PAIN BANETTE,12.0,1.4,8
2021-08-13,PAIN BANETTE,11.0,1.4,10
2021-08-14,PAIN BANETTE,10.0,1.4,9
2021-08-15,PAIN BANETTE,12.0,1.4,8
2021-08-16,PAIN BANETTE,10.0,1.4,10
2021-08-17,PAIN BANETTE,12.0,1.4,10
2021-08-18,PAIN BANETTE,6.0,1.4,5
2021-08-19,PAIN BANETTE,12.0,1.4,10
2021-08-20,PAIN BANETTE,9.0,1.4,5
2021-08-21,PAIN BANETTE,6.0,1.4,6
2021-08-22,PAIN BANETTE,12.0,1.4,11
2021-08-23,PAIN BANETTE,8.0,1.4,6
2021-08-24,PAIN BANETTE,12.0,1.4,10
2021-08-25,PAIN BANETTE,6.0,1.4,6
2021-08-26,PAIN BANETTE,7.0,1.4,5
2021-08-27,PAIN BANETTE,8.0,1.4,8
2021-08-28,PAIN BANETTE,12.0,1.4,11
2021-08-29,PAIN BANETTE,6.0,1.4,6
2021-08-30,PAIN BANETTE,6.0,1.4,5
2021-08-31,PAIN BANETTE,4.0,1.4,4
2021-09-01,PAIN BANETTE,4.0,1.4,4
2021-09-02,PAIN BANETTE,6.0,1.4,4
2021-09-03,PAIN BANETTE,4.0,1.4,4
2021-09-04,PAIN BANETTE,7.0,1.4,7
2021-09-05,PAIN BANETTE,4.0,1.4,4
2021-09-06,PAIN BANETTE,5.0,1.4,5
2021-09-07,PAIN BANETTE,6.0,1.4,6
2021-09-08,PAIN BANETTE,5.0,1.4,5
2021-09-09,PAIN BANETTE,5.0,1.4,3
2021-09-10,PAIN BANETTE,5.0,1.4,5
2021-09-11,PAIN BANETTE,3.0,1.4,3
2021-09-12,PAIN BANETTE,3.0,1.4,2
2021-09-13,PAIN BANETTE,3.0,1.4,3
2021-09-14,PAIN BANETTE,3.0,1.4,3
2021-09-15,PAIN BANETTE,2.0,1.4,2
2021-09-16,PAIN BANETTE,5.0,1.4,5
2021-09-17,PAIN BANETTE,4.0,1.4,4
2021-09-18,PAIN BANETTE,7.0,1.4,5
2021-09-19,PAIN BANETTE,6.0,1.4,5
2021-09-20,PAIN BANETTE,6.0,1.4,6
2021-09-21,PAIN BANETTE,3.0,1.4,3
2021-09-23,PAIN BANETTE,1.0,1.4,1
2021-09-24,PAIN BANETTE,3.0,1.4,3
2021-09-25,PAIN BANETTE,5.0,1.4,5
2021-09-26,PAIN BANETTE,5.0,1.4,5
2021-09-27,PAIN BANETTE,6.0,1.4,6
2021-09-28,PAIN BANETTE,5.0,1.4,5
2021-09-29,PAIN BANETTE,4.0,1.4,4
2021-09-30,PAIN BANETTE,4.0,1.4,4
2021-10-01,PAIN BANETTE,5.0,1.4,5
2021-10-02,PAIN BANETTE,6.0,1.4,4
2021-10-03,PAIN BANETTE,5.0,1.4,5
2021-10-04,PAIN BANETTE,4.0,1.4,4
2021-10-05,PAIN BANETTE,3.0,1.4,3
2021-10-06,PAIN BANETTE,4.0,1.4,4
2021-10-07,PAIN BANETTE,4.0,1.4,4
2021-10-08,PAIN BANETTE,6.0,1.4,5
2021-10-09,PAIN BANETTE,6.0,1.4,3
2021-10-10,PAIN BANETTE,6.0,1.4,6
2021-10-11,PAIN BANETTE,3.0,1.4,3
2021-10-12,PAIN BANETTE,3.0,1.4,3
2021-10-13,PAIN BANETTE,5.0,1.4,5
2021-10-14,PAIN BANETTE,3.0,1.4,3
2021-10-15,PAIN BANETTE,2.0,1.4,2
2021-10-16,PAIN BANETTE,2.0,1.4,2
2021-10-17,PAIN BANETTE,4.0,1.4,4
2021-10-18,PAIN BANETTE,5.0,1.4,5
2021-10-19,PAIN BANETTE,2.0,1.4,2
2021-10-20,PAIN BANETTE,2.0,1.4,2
2021-10-21,PAIN BANETTE,5.0,1.4,5
2021-10-22,PAIN BANETTE,3.0,1.4,3
2021-10-23,PAIN BANETTE,4.0,1.4,4
2021-10-24,PAIN BANETTE,6.0,1.4,6
2021-10-25,PAIN BANETTE,4.0,1.4,3
2021-10-26,PAIN BANETTE,5.0,1.4,2
2021-10-27,PAIN BANETTE,7.0,1.4,7
2021-10-28,PAIN BANETTE,3.0,1.4,3
2021-10-29,PAIN BANETTE,4.0,1.4,4
2021-10-30,PAIN BANETTE,4.0,1.4,4
2021-10-31,PAIN BANETTE,5.0,1.4,5
2021-11-01,PAIN BANETTE,5.0,1.4,3
2021-11-02,PAIN BANETTE,5.0,1.4,4
2021-11-03,PAIN BANETTE,2.0,1.4,2
2021-11-04,PAIN BANETTE,4.0,1.4,4
2021-11-05,PAIN BANETTE,5.0,1.4,5
2021-11-06,PAIN BANETTE,5.0,1.4,5
2021-11-07,PAIN BANETTE,5.0,1.4,5
2021-11-08,PAIN BANETTE,2.0,1.4,2
2021-11-09,PAIN BANETTE,2.0,1.4,2
2021-11-10,PAIN BANETTE,4.0,1.4,4
2021-11-11,PAIN BANETTE,3.0,1.4,3
2021-11-12,PAIN BANETTE,3.0,1.4,3
2021-11-13,PAIN BANETTE,3.0,1.4,3
2021-11-14,PAIN BANETTE,5.0,1.4,4
2021-11-15,PAIN BANETTE,2.0,1.4,1
2021-11-16,PAIN BANETTE,1.0,1.4,1
2021-11-18,PAIN BANETTE,4.0,1.4,4
2021-11-19,PAIN BANETTE,5.0,1.4,5
2021-11-20,PAIN BANETTE,5.0,1.4,4
2021-11-21,PAIN BANETTE,3.0,1.4,3
2021-11-22,PAIN BANETTE,5.0,1.4,5
2021-11-23,PAIN BANETTE,2.0,1.4,2
2021-11-25,PAIN BANETTE,5.0,1.4,4
2021-11-26,PAIN BANETTE,2.0,1.4,1
2021-11-27,PAIN BANETTE,5.0,1.4,3
2021-11-28,PAIN BANETTE,5.0,1.4,5
2021-11-29,PAIN BANETTE,4.0,1.4,4
2021-11-30,PAIN BANETTE,1.0,1.4,1
2021-12-02,PAIN BANETTE,4.0,1.4,4
2021-12-03,PAIN BANETTE,1.0,1.4,1
2021-12-04,PAIN BANETTE,2.0,1.4,2
2021-12-05,PAIN BANETTE,5.0,1.4,3
2021-12-09,PAIN BANETTE,5.0,1.4,5
2021-12-10,PAIN BANETTE,2.0,1.4,2
2021-12-11,PAIN BANETTE,2.0,1.4,2
2021-12-12,PAIN BANETTE,4.0,1.4,4
2021-12-13,PAIN BANETTE,2.0,1.4,2
2021-12-14,PAIN BANETTE,3.0,1.4,2
2021-12-16,PAIN BANETTE,3.0,1.4,2
2021-12-17,PAIN BANETTE,4.0,1.4,4
2021-12-18,PAIN BANETTE,5.0,1.4,4
2021-12-19,PAIN BANETTE,4.0,1.4,3
2021-12-20,PAIN BANETTE,5.0,1.4,3
2021-12-21,PAIN BANETTE,4.0,1.4,3
2021-12-22,PAIN BANETTE,5.0,1.4,5
2021-12-23,PAIN BANETTE,2.0,1.4,2
2021-12-24,PAIN BANETTE,4.0,1.4,4
2021-12-25,PAIN BANETTE,1.0,1.4,1
2021-12-26,PAIN BANETTE,4.0,1.4,4
2021-12-27,PAIN BANETTE,3.0,1.4,3
2021-12-28,PAIN BANETTE,5.0,1.4,4
2021-12-29,PAIN BANETTE,1.0,1.4,1
2021-12-30,PAIN BANETTE,2.0,1.4,2
2021-12-31,PAIN BANETTE,5.0,1.4,4
2022-01-02,PAIN BANETTE,4.0,1.4,4
2022-01-03,PAIN BANETTE,3.0,1.4,3
2022-01-06,PAIN BANETTE,3.0,1.4,3
2022-01-08,PAIN BANETTE,4.0,1.4,3
2022-01-09,PAIN BANETTE,4.0,1.4,2
2022-01-10,PAIN BANETTE,1.0,1.4,1
2022-01-11,PAIN BANETTE,4.0,1.4,3
2022-01-13,PAIN BANETTE,2.0,1.4,2
2022-01-14,PAIN BANETTE,3.0,1.4,3
2022-01-15,PAIN BANETTE,2.0,1.4,2
2022-01-16,PAIN BANETTE,2.0,1.4,2
2022-01-17,PAIN BANETTE,4.0,1.4,4
2022-01-18,PAIN BANETTE,4.0,1.4,2
2022-01-20,PAIN BANETTE,4.0,1.4,3
2022-01-21,PAIN BANETTE,3.0,1.4,3
2022-01-22,PAIN BANETTE,4.0,1.4,2
2022-01-23,PAIN BANETTE,6.0,1.4,5
2022-01-24,PAIN BANETTE,1.0,1.4,1
2022-01-25,PAIN BANETTE,3.0,1.4,2
2022-01-27,PAIN BANETTE,1.0,1.4,1
2022-01-28,PAIN BANETTE,3.0,1.4,2
2022-01-29,PAIN BANETTE,3.0,1.4,3
2022-01-30,PAIN BANETTE,3.0,1.4,3
2022-01-31,PAIN BANETTE,4.0,1.4,3
2022-02-01,PAIN BANETTE,5.0,1.4,5
2022-02-03,PAIN BANETTE,5.0,1.4,5
2022-02-04,PAIN BANETTE,4.0,1.4,4
2022-02-05,PAIN BANETTE,3.0,1.4,3
2022-02-07,PAIN BANETTE,5.0,1.5,4
2022-02-08,PAIN BANETTE,5.0,1.5,2
2022-02-10,PAIN BANETTE,2.0,1.5,2
2022-02-11,PAIN BANETTE,3.0,1.5,3
2022-02-12,PAIN BANETTE,5.0,1.5,5
2022-02-13,PAIN BANETTE,1.0,1.5,1
2022-02-14,PAIN BANETTE,1.0,1.5,1
2022-02-15,PAIN BANETTE,5.0,1.5,5
2022-02-17,PAIN BANETTE,6.0,1.5,6
2022-02-18,PAIN BANETTE,5.0,1.5,4
2022-02-19,PAIN BANETTE,5.0,1.5,4
2022-02-20,PAIN BANETTE,5.0,1.5,4
2022-02-21,PAIN BANETTE,3.0,1.5,3
2022-02-22,PAIN BANETTE,4.0,1.5,4
2022-02-24,PAIN BANETTE,3.0,1.5,3
2022-02-25,PAIN BANETTE,4.0,1.5,3
2022-02-26,PAIN BANETTE,5.0,1.5,5
2022-02-27,PAIN BANETTE,5.0,1.5,5
2022-02-28,PAIN BANETTE,2.0,1.5,2
2022-03-01,PAIN BANETTE,6.0,1.5,6
2022-03-02,PAIN BANETTE,5.0,1.5,4
2022-03-03,PAIN BANETTE,3.0,1.5,3
2022-03-04,PAIN BANETTE,3.0,1.5,3
2022-03-05,PAIN BANETTE,4.0,1.5,4
2022-03-06,PAIN BANETTE,5.0,1.5,4
2022-03-07,PAIN BANETTE,1.0,1.5,1
2022-03-08,PAIN BANETTE,4.0,1.5,3
2022-03-09,PAIN BANETTE,1.0,1.5,1
2022-03-10,PAIN BANETTE,2.0,1.5,2
2022-03-11,PAIN BANETTE,1.0,1.5,1
2022-03-12,PAIN BANETTE,4.0,1.5,3
2022-03-13,PAIN BANETTE,3.0,1.5,3
2022-03-14,PAIN BANETTE,2.0,1.5,2
2022-03-16,PAIN BANETTE,3.0,1.5,3
2022-03-17,PAIN BANETTE,2.0,1.5,1
2022-03-18,PAIN BANETTE,2.0,1.5,2
2022-03-19,PAIN BANETTE,3.0,1.5,3
2022-03-20,PAIN BANETTE,1.0,1.5,1
2022-03-21,PAIN BANETTE,2.0,1.5,2
2022-03-22,PAIN BANETTE,2.0,1.5,2
2022-03-23,PAIN BANETTE,2.0,1.5,2
2022-03-24,PAIN BANETTE,3.0,1.5,3
2022-03-26,PAIN BANETTE,3.0,1.5,3
2022-03-27,PAIN BANETTE,6.0,1.5,5
2022-03-28,PAIN BANETTE,3.0,1.5,3
2022-03-29,PAIN BANETTE,4.0,1.5,4
2022-03-30,PAIN BANETTE,1.0,1.5,1
2022-03-31,PAIN BANETTE,1.0,1.5,1
2022-04-01,PAIN BANETTE,5.0,1.5,5
2022-04-02,PAIN BANETTE,1.0,1.5,1
2022-04-03,PAIN BANETTE,5.0,1.5,2
2022-04-04,PAIN BANETTE,1.0,1.5,1
2022-04-05,PAIN BANETTE,2.0,1.5,2
2022-04-06,PAIN BANETTE,2.0,1.5,2
2022-04-07,PAIN BANETTE,1.0,1.5,1
2022-04-08,PAIN BANETTE,2.0,1.5,2
2022-04-09,PAIN BANETTE,5.0,1.5,4
2022-04-10,PAIN BANETTE,4.0,1.5,3
2022-04-11,PAIN BANETTE,5.0,1.5,5
2022-04-12,PAIN BANETTE,2.0,1.5,2
2022-04-13,PAIN BANETTE,3.0,1.5,3
2022-04-14,PAIN BANETTE,6.0,1.5,6
2022-04-15,PAIN BANETTE,5.0,1.5,5
2022-04-16,PAIN BANETTE,6.0,1.5,6
2022-04-18,PAIN BANETTE,7.0,1.5,6
2022-04-19,PAIN BANETTE,5.0,1.5,5
2022-04-20,PAIN BANETTE,7.0,1.5,6
2022-04-21,PAIN BANETTE,6.0,1.5,6
2022-04-22,PAIN BANETTE,1.0,1.5,1
2022-04-23,PAIN BANETTE,3.0,1.5,2
2022-04-24,PAIN BANETTE,4.0,1.5,4
2022-04-25,PAIN BANETTE,4.0,1.5,4
2022-04-26,PAIN BANETTE,3.0,1.5,3
2022-04-27,PAIN BANETTE,2.0,1.5,2
2022-04-28,PAIN BANETTE,2.0,1.5,2
2022-04-29,PAIN BANETTE,4.0,1.5,4
2022-04-30,PAIN BANETTE,7.0,1.5,6
2022-05-01,PAIN BANETTE,7.0,1.5,7
2022-05-02,PAIN BANETTE,4.0,1.5,4
2022-05-03,PAIN BANETTE,6.0,1.5,6
2022-05-05,PAIN BANETTE,5.0,1.5,4
2022-05-06,PAIN BANETTE,1.0,1.5,1
2022-05-07,PAIN BANETTE,7.0,1.5,6
2022-05-08,PAIN BANETTE,6.0,1.5,4
2022-05-09,PAIN BANETTE,4.0,1.5,4
2022-05-10,PAIN BANETTE,4.0,1.5,4
2022-05-11,PAIN BANETTE,2.0,1.5,2
2022-05-12,PAIN BANETTE,3.0,1.5,3
2022-05-13,PAIN BANETTE,3.0,1.5,3
2022-05-14,PAIN BANETTE,7.0,1.5,5
2022-05-15,PAIN BANETTE,6.0,1.5,6
2022-05-16,PAIN BANETTE,3.0,1.5,2
2022-05-17,PAIN BANETTE,2.0,1.5,2
2022-05-18,PAIN BANETTE,4.0,1.5,4
2022-05-19,PAIN BANETTE,3.0,1.5,3
2022-05-20,PAIN BANETTE,3.0,1.5,3
2022-05-21,PAIN BANETTE,3.0,1.5,3
2022-05-22,PAIN BANETTE,7.0,1.5,7
2022-05-23,PAIN BANETTE,2.0,1.5,2
2022-05-24,PAIN BANETTE,7.0,1.5,6
2022-05-25,PAIN BANETTE,7.0,1.5,7
2022-05-26,PAIN BANETTE,10.0,1.5,8
2022-05-27,PAIN BANETTE,9.0,1.5,8
2022-05-28,PAIN BANETTE,9.0,1.5,7
2022-05-29,PAIN BANETTE,9.0,1.5,8
2022-05-30,PAIN BANETTE,2.0,1.5,2
2022-05-31,PAIN BANETTE,3.0,1.5,3
2022-06-01,PAIN BANETTE,4.0,1.5,4
2022-06-02,PAIN BANETTE,5.0,1.5,5
2022-06-03,PAIN BANETTE,3.0,1.5,3
2022-06-04,PAIN BANETTE,5.0,1.5,5
2022-06-05,PAIN BANETTE,6.0,1.5,5
2022-06-06,PAIN BANETTE,5.0,1.5,5
2022-06-07,PAIN BANETTE,5.0,1.5,5
2022-06-08,PAIN BANETTE,3.0,1.5,3
2022-06-09,PAIN BANETTE,6.0,1.5,6
2022-06-10,PAIN BANETTE,4.0,1.5,4
2022-06-11,PAIN BANETTE,4.0,1.5,3
2022-06-12,PAIN BANETTE,5.0,1.5,4
2022-06-13,PAIN BANETTE,4.0,1.5,4
2022-06-14,PAIN BANETTE,5.0,1.5,5
2022-06-15,PAIN BANETTE,5.0,1.5,5
2022-06-16,PAIN BANETTE,5.0,1.5,5
2022-06-17,PAIN BANETTE,5.0,1.5,5
2022-06-18,PAIN BANETTE,6.0,1.5,5
2022-06-19,PAIN BANETTE,5.0,1.5,4
2022-06-20,PAIN BANETTE,5.0,1.5,4
2022-06-21,PAIN BANETTE,4.0,1.5,4
2022-06-22,PAIN BANETTE,6.0,1.5,6
2022-06-23,PAIN BANETTE,3.0,1.5,3
2022-06-24,PAIN BANETTE,4.0,1.5,4
2022-06-25,PAIN BANETTE,5.0,1.5,5
2022-06-26,PAIN BANETTE,4.0,1.5,4
2022-06-27,PAIN BANETTE,4.0,1.5,4
2022-06-28,PAIN BANETTE,6.0,1.5,5
2022-06-29,PAIN BANETTE,5.0,1.6,5
2022-06-30,PAIN BANETTE,4.0,1.6,4
2022-07-01,PAIN BANETTE,4.0,1.6,4
2022-07-02,PAIN BANETTE,6.0,1.6,6
2022-07-03,PAIN BANETTE,5.0,1.6,5
2022-07-04,PAIN BANETTE,5.0,1.6,5
2022-07-05,PAIN BANETTE,4.0,1.6,4
2022-07-06,PAIN BANETTE,6.0,1.6,6
2022-07-07,PAIN BANETTE,3.0,1.6,3
2022-07-08,PAIN BANETTE,6.0,1.6,6
2022-07-09,PAIN BANETTE,7.0,1.6,6
2022-07-10,PAIN BANETTE,9.0,1.6,9
2022-07-11,PAIN BANETTE,8.0,1.6,6
2022-07-12,PAIN BANETTE,7.0,1.6,6
2022-07-13,PAIN BANETTE,8.0,1.6,7
2022-07-14,PAIN BANETTE,8.0,1.6,6
2022-07-15,PAIN BANETTE,7.0,1.6,6
2022-07-16,PAIN BANETTE,8.0,1.6,5
2022-07-17,PAIN BANETTE,8.0,1.6,8
2022-07-18,PAIN BANETTE,7.0,1.6,6
2022-07-19,PAIN BANETTE,7.0,1.6,7
2022-07-20,PAIN BANETTE,8.0,1.6,7
2022-07-21,PAIN BANETTE,2.0,1.6,2
2022-07-22,PAIN BANETTE,8.0,1.6,7
2022-07-23,PAIN BANETTE,8.0,1.6,7
2022-07-24,PAIN BANETTE,8.0,1.6,7
2022-07-25,PAIN BANETTE,5.0,1.6,4
2022-07-26,PAIN BANETTE,8.0,1.6,8
2022-07-27,PAIN BANETTE,6.0,1.6,6
2022-07-28,PAIN BANETTE,7.0,1.6,7
2022-07-29,PAIN BANETTE,8.0,1.6,7
2022-07-30,PAIN BANETTE,9.0,1.6,8
2022-07-31,PAIN BANETTE,10.0,1.6,9
2022-08-01,PAIN BANETTE,10.0,1.6,10
2022-08-02,PAIN BANETTE,8.0,1.6,6
2022-08-03,PAIN BANETTE,10.0,1.6,7
2022-08-04,PAIN BANETTE,9.0,1.6,6
2022-08-05,PAIN BANETTE,8.0,1.6,8
2022-08-06,PAIN BANETTE,10.0,1.6,9
2022-08-07,PAIN BANETTE,8.0,1.6,7
2022-08-08,PAIN BANETTE,9.0,1.6,7
2022-08-09,PAIN BANETTE,9.0,1.6,7
2022-08-10,PAIN BANETTE,10.0,1.6,9
2022-08-11,PAIN BANETTE,9.0,1.6,9
2022-08-12,PAIN BANETTE,9.0,1.6,9
2022-08-13,PAIN BANETTE,10.0,1.6,9
2022-08-14,PAIN BANETTE,9.0,1.6,7
2022-08-15,PAIN BANETTE,10.0,1.6,8
2022-08-16,PAIN BANETTE,8.0,1.6,7
2022-08-17,PAIN BANETTE,8.0,1.6,5
2022-08-18,PAIN BANETTE,8.0,1.6,8
2022-08-19,PAIN BANETTE,8.0,1.6,8
2022-08-20,PAIN BANETTE,7.0,1.6,6
2022-08-21,PAIN BANETTE,9.0,1.6,6
2022-08-22,PAIN BANETTE,7.0,1.6,7
2022-08-23,PAIN BANETTE,5.0,1.6,5
2022-08-24,PAIN BANETTE,4.0,1.6,4
2022-08-25,PAIN BANETTE,4.0,1.6,4
2022-08-26,PAIN BANETTE,7.0,1.6,7
2022-08-27,PAIN BANETTE,8.0,1.6,8
2022-08-28,PAIN BANETTE,8.0,1.6,8
2022-08-29,PAIN BANETTE,5.0,1.6,5
2022-08-30,PAIN BANETTE,6.0,1.6,6
2022-08-31,PAIN BANETTE,5.0,1.6,4
2022-09-02,PAIN BANETTE,6.0,1.6,6
2022-09-03,PAIN BANETTE,6.0,1.6,5
2022-09-04,PAIN BANETTE,4.0,1.6,4
2022-09-05,PAIN BANETTE,6.0,1.6,6
2022-09-06,PAIN BANETTE,5.0,1.6,5
2022-09-07,PAIN BANETTE,4.0,1.6,4
2022-09-08,PAIN BANETTE,4.0,1.6,4
2022-09-09,PAIN BANETTE,6.0,1.6,6
2022-09-10,PAIN BANETTE,5.0,1.6,4
2022-09-11,PAIN BANETTE,6.0,1.6,5
2022-09-12,PAIN BANETTE,5.0,1.6,5
2022-09-13,PAIN BANETTE,5.0,1.6,4
2022-09-14,PAIN BANETTE,5.0,1.6,4
2022-09-15,PAIN BANETTE,5.0,1.6,5
2022-09-16,PAIN BANETTE,3.0,1.6,3
2022-09-17,PAIN BANETTE,6.0,1.6,4
2022-09-18,PAIN BANETTE,6.0,1.6,5
2022-09-20,PAIN BANETTE,3.0,1.6,3
2022-09-21,PAIN BANETTE,4.0,1.6,4
2022-09-22,PAIN BANETTE,3.0,1.6,3
2022-09-23,PAIN BANETTE,5.0,1.6,5
2022-09-24,PAIN BANETTE,5.0,1.6,5
2022-09-25,PAIN BANETTE,5.0,1.6,5
2022-09-26,PAIN BANETTE,3.0,1.6,3
2022-09-27,PAIN BANETTE,5.0,1.6,5
2022-09-28,PAIN BANETTE,6.0,1.6,6
2022-09-29,PAIN BANETTE,5.0,1.6,5
2022-09-30,PAIN BANETTE,3.0,1.6,3
2021-01-05,PAIN CHOCO AMANDES,3.0,1.5,2
2021-01-07,PAIN CHOCO AMANDES,1.0,1.5,1
2021-01-08,PAIN CHOCO AMANDES,4.0,1.5,4
2021-01-10,PAIN CHOCO AMANDES,2.0,1.5,2
2021-01-11,PAIN CHOCO AMANDES,1.0,1.5,1
2021-01-12,PAIN CHOCO AMANDES,5.0,1.5,4
2021-01-15,PAIN CHOCO AMANDES,2.0,1.5,2
2021-01-16,PAIN CHOCO AMANDES,4.0,1.5,2
2021-01-17,PAIN CHOCO AMANDES,2.0,1.5,2
2021-01-18,PAIN CHOCO AMANDES,3.0,1.5,3
2021-01-19,PAIN CHOCO AMANDES,2.0,1.5,2
2021-01-21,PAIN CHOCO AMANDES,1.0,1.5,1
2021-01-22,PAIN CHOCO AMANDES,2.0,1.5,2
2021-01-24,PAIN CHOCO AMANDES,3.0,1.5,2
2021-01-25,PAIN CHOCO AMANDES,2.0,1.5,1
2021-01-26,PAIN CHOCO AMANDES,4.0,1.5,4
2021-01-28,PAIN CHOCO AMANDES,1.0,1.5,1
2021-01-29,PAIN CHOCO AMANDES,3.0,1.5,3
2021-01-30,PAIN CHOCO AMANDES,2.0,1.5,1
2021-01-31,PAIN CHOCO AMANDES,3.0,1.5,2
2021-02-02,PAIN CHOCO AMANDES,2.0,1.5,2
2021-02-04,PAIN CHOCO AMANDES,2.0,1.5,2
2021-02-05,PAIN CHOCO AMANDES,5.0,1.5,3
2021-02-06,PAIN CHOCO AMANDES,5.0,1.5,3
2021-02-07,PAIN CHOCO AMANDES,5.0,1.5,4
2021-02-09,PAIN CHOCO AMANDES,1.0,1.5,1
2021-02-12,PAIN CHOCO AMANDES,3.0,1.5,2
2021-02-13,PAIN CHOCO AMANDES,2.0,1.5,2
2021-02-14,PAIN CHOCO AMANDES,5.0,1.5,4
2021-02-15,PAIN CHOCO AMANDES,1.0,1.5,1
2021-02-16,PAIN CHOCO AMANDES,4.0,1.5,2
2021-02-19,PAIN CHOCO AMANDES,1.0,1.5,1
2021-02-21,PAIN CHOCO AMANDES,5.0,1.5,4
2021-02-22,PAIN CHOCO AMANDES,2.0,1.5,2
2021-02-23,PAIN CHOCO AMANDES,11.0,1.5,6
2021-02-25,PAIN CHOCO AMANDES,2.0,1.5,2
2021-02-26,PAIN CHOCO AMANDES,3.0,1.5,1
2021-02-27,PAIN CHOCO AMANDES,1.0,1.5,1
2021-02-28,PAIN CHOCO AMANDES,3.0,1.5,1
2021-03-01,PAIN CHOCO AMANDES,6.0,1.5,4
2021-03-02,PAIN CHOCO AMANDES,6.0,1.5,4
2021-03-04,PAIN CHOCO AMANDES,3.0,1.5,3
2021-03-05,PAIN CHOCO AMANDES,3.0,1.5,2
2021-03-06,PAIN CHOCO AMANDES,1.0,1.5,1
2021-03-07,PAIN CHOCO AMANDES,4.0,1.5,2
2021-03-08,PAIN CHOCO AMANDES,3.0,1.5,2
2021-03-09,PAIN CHOCO AMANDES,4.0,1.5,4
2021-03-11,PAIN CHOCO AMANDES,2.0,1.5,2
2021-03-12,PAIN CHOCO AMANDES,5.0,1.5,4
2021-03-13,PAIN CHOCO AMANDES,1.0,1.5,1
2021-03-14,PAIN CHOCO AMANDES,6.0,1.5,4
2021-03-15,PAIN CHOCO AMANDES,4.0,1.5,2
2021-03-16,PAIN CHOCO AMANDES,4.0,1.5,4
2021-03-18,PAIN CHOCO AMANDES,1.0,1.5,1
2021-03-19,PAIN CHOCO AMANDES,3.0,1.5,2
2021-03-20,PAIN CHOCO AMANDES,3.0,1.5,2
2021-03-21,PAIN CHOCO AMANDES,1.0,1.5,1
2021-03-22,PAIN CHOCO AMANDES,3.0,1.5,2
2021-03-23,PAIN CHOCO AMANDES,1.0,1.5,1
2021-03-25,PAIN CHOCO AMANDES,2.0,1.5,2
2021-03-26,PAIN CHOCO AMANDES,6.0,1.5,5
2021-03-28,PAIN CHOCO AMANDES,6.0,1.5,6
2021-03-29,PAIN CHOCO AMANDES,3.0,1.5,3
2021-03-30,PAIN CHOCO AMANDES,2.0,1.5,2
2021-04-01,PAIN CHOCO AMANDES,3.0,1.5,3
2021-04-02,PAIN CHOCO AMANDES,4.0,1.5,3
2021-04-03,PAIN CHOCO AMANDES,4.0,1.5,4
2021-04-04,PAIN CHOCO AMANDES,6.0,1.5,6
2021-04-05,PAIN CHOCO AMANDES,4.0,1.5,4
2021-04-06,PAIN CHOCO AMANDES,6.0,1.5,4
2021-04-08,PAIN CHOCO AMANDES,1.0,1.5,1
2021-04-09,PAIN CHOCO AMANDES,1.0,1.5,1
2021-04-10,PAIN CHOCO AMANDES,2.0,1.5,1
2021-04-12,PAIN CHOCO AMANDES,5.0,1.5,4
2021-04-13,PAIN CHOCO AMANDES,3.0,1.5,3
2021-04-14,PAIN CHOCO AMANDES,3.0,1.5,3
2021-04-15,PAIN CHOCO AMANDES,2.0,1.5,2
2021-04-16,PAIN CHOCO AMANDES,4.0,1.5,2
2021-04-17,PAIN CHOCO AMANDES,2.0,1.5,1
2021-04-18,PAIN CHOCO AMANDES,3.0,1.5,2
2021-04-19,PAIN CHOCO AMANDES,2.0,1.5,2
2021-04-21,PAIN CHOCO AMANDES,5.0,1.5,5
2021-04-22,PAIN CHOCO AMANDES,6.0,1.5,5
2021-04-23,PAIN CHOCO AMANDES,1.0,1.5,1
2021-04-24,PAIN CHOCO AMANDES,1.0,1.5,1
2021-04-25,PAIN CHOCO AMANDES,4.0,1.5,2
2021-04-26,PAIN CHOCO AMANDES,2.0,1.5,2
2021-04-27,PAIN CHOCO AMANDES,4.0,1.5,3
2021-04-29,PAIN CHOCO AMANDES,2.0,1.5,1
2021-04-30,PAIN CHOCO AMANDES,5.0,1.5,4
2021-05-01,PAIN CHOCO AMANDES,4.0,1.5,3
2021-05-02,PAIN CHOCO AMANDES,1.0,1.5,1
2021-05-03,PAIN CHOCO AMANDES,4.0,1.5,4
2021-05-04,PAIN CHOCO AMANDES,5.0,1.5,4
2021-05-05,PAIN CHOCO AMANDES,6.0,1.5,5
2021-05-06,PAIN CHOCO AMANDES,5.0,1.5,4
2021-05-07,PAIN CHOCO AMANDES,2.0,1.5,2
2021-05-08,PAIN CHOCO AMANDES,3.0,1.5,3
2021-05-09,PAIN CHOCO AMANDES,6.0,1.5,4
2021-05-10,PAIN CHOCO AMANDES,4.0,1.5,3
2021-05-11,PAIN CHOCO AMANDES,4.0,1.5,2
2021-05-12,PAIN CHOCO AMANDES,4.0,1.5,4
2021-05-13,PAIN CHOCO AMANDES,4.0,1.5,3
2021-05-28,PAIN CHOCO AMANDES,5.0,1.5,2
2021-05-29,PAIN CHOCO AMANDES,6.0,1.5,4
2021-05-30,PAIN CHOCO AMANDES,4.0,1.5,3
2021-05-31,PAIN CHOCO AMANDES,6.0,1.5,6
2021-06-01,PAIN CHOCO AMANDES,2.0,1.5,2
2021-06-02,PAIN CHOCO AMANDES,4.0,1.5,3
2021-06-03,PAIN CHOCO AMANDES,3.0,1.5,2
2021-06-04,PAIN CHOCO AMANDES,5.0,1.5,3
2021-06-05,PAIN CHOCO AMANDES,4.0,1.5,3
2021-06-06,PAIN CHOCO AMANDES,4.0,1.5,3
2021-06-07,PAIN CHOCO AMANDES,6.0,1.5,5
2021-06-08,PAIN CHOCO AMANDES,6.0,1.5,3
2021-06-09,PAIN CHOCO AMANDES,3.0,1.5,3
2021-06-10,PAIN CHOCO AMANDES,1.0,1.5,1
2021-06-11,PAIN CHOCO AMANDES,4.0,1.5,3
2021-06-12,PAIN CHOCO AMANDES,5.0,1.5,4
2021-06-25,PAIN CHOCO AMANDES,3.0,1.5,2
2021-06-26,PAIN CHOCO AMANDES,8.0,1.5,6
2021-06-27,PAIN CHOCO AMANDES,6.0,1.5,6
2021-06-28,PAIN CHOCO AMANDES,5.0,1.5,3
2021-06-29,PAIN CHOCO AMANDES,4.0,1.5,3
2021-06-30,PAIN CHOCO AMANDES,1.0,1.5,1
2021-07-01,PAIN CHOCO AMANDES,3.0,1.5,2
2021-07-02,PAIN CHOCO AMANDES,4.0,1.5,2
2021-07-03,PAIN CHOCO AMANDES,4.0,1.5,3
2021-07-04,PAIN CHOCO AMANDES,4.0,1.5,4
2021-07-05,PAIN CHOCO AMANDES,6.0,1.5,3
2021-07-06,PAIN CHOCO AMANDES,5.0,1.5,3
2021-07-07,PAIN CHOCO AMANDES,3.0,1.5,2
2021-07-08,PAIN CHOCO AMANDES,2.0,1.5,2
2021-07-09,PAIN CHOCO AMANDES,9.0,1.5,6
2021-07-11,PAIN CHOCO AMANDES,7.0,1.5,3
2021-07-12,PAIN CHOCO AMANDES,2.0,1.5,2
2021-07-14,PAIN CHOCO AMANDES,1.0,1.5,1
2021-07-15,PAIN CHOCO AMANDES,5.0,1.5,2
2021-07-16,PAIN CHOCO AMANDES,6.0,1.5,4
2021-07-17,PAIN CHOCO AMANDES,4.0,1.5,3
2021-07-18,PAIN CHOCO AMANDES,6.0,1.5,4
2021-07-19,PAIN CHOCO AMANDES,4.0,1.5,3
2021-07-20,PAIN CHOCO AMANDES,6.0,1.5,4
2021-07-21,PAIN CHOCO AMANDES,2.0,1.5,2
2021-07-22,PAIN CHOCO AMANDES,3.0,1.5,3
2021-07-23,PAIN CHOCO AMANDES,5.0,1.5,4
2021-07-24,PAIN CHOCO AMANDES,7.0,1.5,5
2021-07-25,PAIN CHOCO AMANDES,5.0,1.5,5
2021-07-26,PAIN CHOCO AMANDES,7.0,1.5,6
2021-07-27,PAIN CHOCO AMANDES,7.0,1.5,5
2021-07-28,PAIN CHOCO AMANDES,6.0,1.5,5
2021-07-29,PAIN CHOCO AMANDES,6.0,1.5,6
2021-07-30,PAIN CHOCO AMANDES,4.0,1.5,3
2021-07-31,PAIN CHOCO AMANDES,2.0,1.5,2
2021-08-01,PAIN CHOCO AMANDES,8.0,1.5,5
2021-08-02,PAIN CHOCO AMANDES,3.0,1.5,2
2021-08-03,PAIN CHOCO AMANDES,7.0,1.5,4
2021-08-04,PAIN CHOCO AMANDES,6.0,1.5,5
2021-08-05,PAIN CHOCO AMANDES,2.0,1.5,2
2021-08-06,PAIN CHOCO AMANDES,6.0,1.5,4
2021-08-07,PAIN CHOCO AMANDES,4.0,1.5,3
2021-08-08,PAIN CHOCO AMANDES,7.0,1.5,6
2021-08-10,PAIN CHOCO AMANDES,2.0,1.5,1
2021-08-12,PAIN CHOCO AMANDES,3.0,1.5,3
2021-08-13,PAIN CHOCO AMANDES,5.0,1.5,3
2021-08-14,PAIN CHOCO AMANDES,10.0,1.5,8
2021-08-15,PAIN CHOCO AMANDES,10.0,1.5,7
2021-08-16,PAIN CHOCO AMANDES,8.0,1.5,5
2021-08-18,PAIN CHOCO AMANDES,3.0,1.5,2
2021-08-19,PAIN CHOCO AMANDES,8.0,1.5,5
2021-08-20,PAIN CHOCO AMANDES,5.0,1.5,3
2021-08-21,PAIN CHOCO AMANDES,6.0,1.5,5
2021-08-22,PAIN CHOCO AMANDES,6.0,1.5,3
2021-08-24,PAIN CHOCO AMANDES,5.0,1.5,5
2021-08-25,PAIN CHOCO AMANDES,4.0,1.5,3
2021-08-26,PAIN CHOCO AMANDES,2.0,1.5,1
2021-08-27,PAIN CHOCO AMANDES,6.0,1.5,3
2021-08-28,PAIN CHOCO AMANDES,5.0,1.5,3
2021-08-29,PAIN CHOCO AMANDES,3.0,1.5,1
2021-08-30,PAIN CHOCO AMANDES,6.0,1.5,5
2021-08-31,PAIN CHOCO AMANDES,1.0,1.5,1
2021-09-01,PAIN CHOCO AMANDES,2.0,1.5,2
2021-09-02,PAIN CHOCO AMANDES,4.0,1.5,3
2021-09-03,PAIN CHOCO AMANDES,6.0,1.5,4
2021-09-04,PAIN CHOCO AMANDES,6.0,1.5,3
2021-09-05,PAIN CHOCO AMANDES,4.0,1.5,3
2021-09-06,PAIN CHOCO AMANDES,5.0,1.5,3
2021-09-07,PAIN CHOCO AMANDES,7.0,1.5,5
2021-09-08,PAIN CHOCO AMANDES,4.0,1.5,4
2021-09-09,PAIN CHOCO AMANDES,3.0,1.5,2
2021-09-10,PAIN CHOCO AMANDES,4.0,1.5,3
2021-09-11,PAIN CHOCO AMANDES,3.0,1.5,2
2021-09-12,PAIN CHOCO AMANDES,3.0,1.5,3
2021-09-13,PAIN CHOCO AMANDES,2.0,1.5,1
2021-09-14,PAIN CHOCO AMANDES,2.0,1.5,1
2021-09-15,PAIN CHOCO AMANDES,5.0,1.5,5
2021-09-16,PAIN CHOCO AMANDES,6.0,1.5,5
2021-09-17,PAIN CHOCO AMANDES,3.0,1.5,2
2021-09-18,PAIN CHOCO AMANDES,2.0,1.5,1
2021-09-19,PAIN CHOCO AMANDES,7.0,1.5,4
2021-09-20,PAIN CHOCO AMANDES,4.0,1.5,4
2021-09-21,PAIN CHOCO AMANDES,2.0,1.5,2
2021-09-22,PAIN CHOCO AMANDES,3.0,1.5,2
2021-09-23,PAIN CHOCO AMANDES,3.0,1.5,3
2021-09-24,PAIN CHOCO AMANDES,4.0,1.5,3
2021-09-25,PAIN CHOCO AMANDES,4.0,1.5,3
2021-09-26,PAIN CHOCO AMANDES,6.0,1.5,4
2021-09-27,PAIN CHOCO AMANDES,1.0,1.5,1
2021-09-28,PAIN CHOCO AMANDES,3.0,1.5,2
2021-09-29,PAIN CHOCO AMANDES,2.0,1.5,1
2021-09-30,PAIN CHOCO AMANDES,2.0,1.5,2
2021-10-01,PAIN CHOCO AMANDES,4.0,1.5,3
2021-10-02,PAIN CHOCO AMANDES,3.0,1.5,2
2021-10-03,PAIN CHOCO AMANDES,5.0,1.5,4
2021-10-04,PAIN CHOCO AMANDES,6.0,1.5,5
2021-10-05,PAIN CHOCO AMANDES,3.0,1.5,3
2021-10-07,PAIN CHOCO AMANDES,5.0,1.5,5
2021-10-08,PAIN CHOCO AMANDES,4.0,1.5,3
2021-10-09,PAIN CHOCO AMANDES,4.0,1.5,3
2021-10-10,PAIN CHOCO AMANDES,6.0,1.5,4
2021-10-11,PAIN CHOCO AMANDES,1.0,1.5,1
2021-10-12,PAIN CHOCO AMANDES,3.0,1.5,3
2021-10-13,PAIN CHOCO AMANDES,4.0,1.5,3
2021-10-14,PAIN CHOCO AMANDES,4.0,1.5,2
2021-10-15,PAIN CHOCO AMANDES,1.0,1.5,1
2021-10-16,PAIN CHOCO AMANDES,6.0,1.5,2
2021-10-17,PAIN CHOCO AMANDES,3.0,1.5,3
2021-10-18,PAIN CHOCO AMANDES,2.0,1.5,2
2021-10-19,PAIN CHOCO AMANDES,2.0,1.5,2
2021-10-20,PAIN CHOCO AMANDES,5.0,1.5,4
2021-10-22,PAIN CHOCO AMANDES,4.0,1.5,2
2021-10-23,PAIN CHOCO AMANDES,5.0,1.5,4
2021-10-24,PAIN CHOCO AMANDES,8.0,1.5,5
2021-10-25,PAIN CHOCO AMANDES,1.0,1.5,1
2021-10-26,PAIN CHOCO AMANDES,4.0,1.5,3
2021-10-27,PAIN CHOCO AMANDES,3.0,1.5,3
2021-10-28,PAIN CHOCO AMANDES,5.0,1.5,3
2021-10-29,PAIN CHOCO AMANDES,4.0,1.5,3
2021-10-30,PAIN CHOCO AMANDES,2.0,1.5,2
2021-10-31,PAIN CHOCO AMANDES,1.0,1.5,1
2021-11-01,PAIN CHOCO AMANDES,9.0,1.5,6
2021-11-02,PAIN CHOCO AMANDES,5.0,1.5,3
2021-11-03,PAIN CHOCO AMANDES,6.0,1.5,5
2021-11-04,PAIN CHOCO AMANDES,6.0,1.5,4
2021-11-05,PAIN CHOCO AMANDES,7.0,1.5,6
2021-11-06,PAIN CHOCO AMANDES,4.0,1.5,3
2021-11-07,PAIN CHOCO AMANDES,6.0,1.5,4
2021-11-08,PAIN CHOCO AMANDES,4.0,1.5,4
2021-11-09,PAIN CHOCO AMANDES,3.0,1.5,3
2021-11-10,PAIN CHOCO AMANDES,1.0,1.5,1
2021-11-11,PAIN CHOCO AMANDES,1.0,1.5,1
2021-11-12,PAIN CHOCO AMANDES,1.0,1.5,1
2021-11-13,PAIN CHOCO AMANDES,3.0,1.5,2
2021-11-14,PAIN CHOCO AMANDES,4.0,1.5,4
2021-11-15,PAIN CHOCO AMANDES,1.0,1.5,1
2021-11-16,PAIN CHOCO AMANDES,4.0,1.5,3
2021-11-18,PAIN CHOCO AMANDES,1.0,1.5,1
2021-11-19,PAIN CHOCO AMANDES,6.0,1.5,4
2021-11-20,PAIN CHOCO AMANDES,3.0,1.5,3
2021-11-21,PAIN CHOCO AMANDES,7.0,1.5,5
2021-11-23,PAIN CHOCO AMANDES,2.0,1.5,2
2021-11-25,PAIN CHOCO AMANDES,1.0,1.5,1
2021-11-26,PAIN CHOCO AMANDES,2.0,1.5,2
2021-11-27,PAIN CHOCO AMANDES,4.0,1.5,4
2021-11-28,PAIN CHOCO AMANDES,4.0,1.5,3
2021-11-29,PAIN CHOCO AMANDES,3.0,1.5,2
2021-11-30,PAIN CHOCO AMANDES,2.0,1.5,2
2021-12-02,PAIN CHOCO AMANDES,5.0,1.5,4
2021-12-04,PAIN CHOCO AMANDES,6.0,1.5,4
2021-12-05,PAIN CHOCO AMANDES,3.0,1.5,3
2021-12-09,PAIN CHOCO AMANDES,3.0,1.5,2
2021-12-10,PAIN CHOCO AMANDES,3.0,1.5,3
2021-12-11,PAIN CHOCO AMANDES,1.0,1.5,1
2021-12-12,PAIN CHOCO AMANDES,5.0,1.5,3
2021-12-13,PAIN CHOCO AMANDES,3.0,1.5,2
2021-12-14,PAIN CHOCO AMANDES,1.0,1.5,1
2021-12-16,PAIN CHOCO AMANDES,4.0,1.5,3
2021-12-17,PAIN CHOCO AMANDES,2.0,1.5,1
2021-12-18,PAIN CHOCO AMANDES,3.0,1.5,3
2021-12-19,PAIN CHOCO AMANDES,2.0,1.5,2
2021-12-20,PAIN CHOCO AMANDES,1.0,1.5,1
2021-12-21,PAIN CHOCO AMANDES,4.0,1.5,4
2021-12-22,PAIN CHOCO AMANDES,1.0,1.5,1
2021-12-23,PAIN CHOCO AMANDES,3.0,1.5,3
2021-12-25,PAIN CHOCO AMANDES,1.0,1.5,1
2021-12-27,PAIN CHOCO AMANDES,3.0,1.5,2
2021-12-28,PAIN CHOCO AMANDES,5.0,1.5,5
2021-12-29,PAIN CHOCO AMANDES,4.0,1.5,1
2021-12-30,PAIN CHOCO AMANDES,5.0,1.5,4
2021-12-31,PAIN CHOCO AMANDES,4.0,1.5,2
2022-01-02,PAIN CHOCO AMANDES,6.0,1.5,4
2022-01-03,PAIN CHOCO AMANDES,1.0,1.5,1
2022-01-04,PAIN CHOCO AMANDES,1.0,1.5,1
2022-01-07,PAIN CHOCO AMANDES,2.0,1.5,2
2022-01-08,PAIN CHOCO AMANDES,2.0,1.5,1
2022-01-09,PAIN CHOCO AMANDES,3.0,1.5,2
2022-01-10,PAIN CHOCO AMANDES,1.0,1.5,1
2022-01-11,PAIN CHOCO AMANDES,1.0,1.5,1
2022-01-14,PAIN CHOCO AMANDES,3.0,1.5,2
2022-01-15,PAIN CHOCO AMANDES,2.0,1.5,1
2022-01-16,PAIN CHOCO AMANDES,2.0,1.5,2
2022-01-17,PAIN CHOCO AMANDES,2.0,1.5,2
2022-01-20,PAIN CHOCO AMANDES,3.0,1.5,3
2022-01-22,PAIN CHOCO AMANDES,2.0,1.5,2
2022-01-23,PAIN CHOCO AMANDES,1.0,1.5,1
2022-01-27,PAIN CHOCO AMANDES,5.0,1.5,3
2022-01-28,PAIN CHOCO AMANDES,3.0,1.5,2
2022-01-29,PAIN CHOCO AMANDES,2.0,1.5,2
2022-01-30,PAIN CHOCO AMANDES,3.0,1.5,2
2022-02-01,PAIN CHOCO AMANDES,1.0,1.5,1
2022-02-03,PAIN CHOCO AMANDES,1.0,1.5,1
2022-02-04,PAIN CHOCO AMANDES,2.0,1.5,1
2022-02-05,PAIN CHOCO AMANDES,4.0,1.5,4
2022-02-06,PAIN CHOCO AMANDES,1.0,1.5,1
2022-02-07,PAIN CHOCO AMANDES,1.0,1.6,1
2022-02-08,PAIN CHOCO AMANDES,1.0,1.6,1
2022-02-10,PAIN CHOCO AMANDES,1.0,1.6,1
2022-02-11,PAIN CHOCO AMANDES,1.0,1.6,1
2022-02-12,PAIN CHOCO AMANDES,1.0,1.6,1
2022-02-13,PAIN CHOCO AMANDES,4.0,1.6,3
2022-02-14,PAIN CHOCO AMANDES,4.0,1.6,4
2022-02-15,PAIN CHOCO AMANDES,2.0,1.6,2
2022-02-17,PAIN CHOCO AMANDES,2.0,1.6,2
2022-02-18,PAIN CHOCO AMANDES,2.0,1.6,2
2022-02-19,PAIN CHOCO AMANDES,2.0,1.6,2
2022-02-20,PAIN CHOCO AMANDES,2.0,1.6,2
2022-02-21,PAIN CHOCO AMANDES,1.0,1.6,1
2022-02-22,PAIN CHOCO AMANDES,2.0,1.6,2
2022-02-25,PAIN CHOCO AMANDES,4.0,1.6,2
2022-02-26,PAIN CHOCO AMANDES,4.0,1.6,3
2022-02-27,PAIN CHOCO AMANDES,10.0,1.6,6
2022-03-01,PAIN CHOCO AMANDES,5.0,1.6,4
2022-03-04,PAIN CHOCO AMANDES,3.0,1.6,2
2022-03-05,PAIN CHOCO AMANDES,3.0,1.6,2
2022-03-06,PAIN CHOCO AMANDES,5.0,1.6,4
2022-03-07,PAIN CHOCO AMANDES,4.0,1.6,3
2022-03-08,PAIN CHOCO AMANDES,3.0,1.6,2
2022-03-09,PAIN CHOCO AMANDES,1.0,1.6,1
2022-03-10,PAIN CHOCO AMANDES,1.0,1.6,1
2022-03-11,PAIN CHOCO AMANDES,5.0,1.6,4
2022-03-12,PAIN CHOCO AMANDES,5.0,1.6,4
2022-03-13,PAIN CHOCO AMANDES,3.0,1.6,2
2022-03-14,PAIN CHOCO AMANDES,4.0,1.6,2
2022-03-15,PAIN CHOCO AMANDES,3.0,1.6,2
2022-03-16,PAIN CHOCO AMANDES,3.0,1.6,3
2022-03-17,PAIN CHOCO AMANDES,1.0,1.6,1
2022-03-18,PAIN CHOCO AMANDES,2.0,1.6,1
2022-03-19,PAIN CHOCO AMANDES,1.0,1.6,1
2022-03-20,PAIN CHOCO AMANDES,4.0,1.6,3
2022-03-21,PAIN CHOCO AMANDES,1.0,1.6,1
2022-03-22,PAIN CHOCO AMANDES,3.0,1.6,3
2022-03-23,PAIN CHOCO AMANDES,1.0,1.6,1
2022-03-24,PAIN CHOCO AMANDES,6.0,1.6,6
2022-03-25,PAIN CHOCO AMANDES,1.0,1.6,1
2022-03-26,PAIN CHOCO AMANDES,5.0,1.6,5
2022-03-27,PAIN CHOCO AMANDES,3.0,1.6,3
2022-03-28,PAIN CHOCO AMANDES,1.0,1.6,1
2022-03-29,PAIN CHOCO AMANDES,4.0,1.6,3
2022-03-30,PAIN CHOCO AMANDES,2.0,1.6,2
2022-03-31,PAIN CHOCO AMANDES,2.0,1.6,2
2022-04-01,PAIN CHOCO AMANDES,6.0,1.6,5
2022-04-02,PAIN CHOCO AMANDES,5.0,1.6,4
2022-04-03,PAIN CHOCO AMANDES,5.0,1.6,4
2022-04-04,PAIN CHOCO AMANDES,2.0,1.6,2
2022-04-05,PAIN CHOCO AMANDES,3.0,1.6,2
2022-04-06,PAIN CHOCO AMANDES,2.0,1.6,2
2022-04-07,PAIN CHOCO AMANDES,6.0,1.6,5
2022-04-09,PAIN CHOCO AMANDES,1.0,1.6,1
2022-04-10,PAIN CHOCO AMANDES,4.0,1.6,3
2022-04-11,PAIN CHOCO AMANDES,3.0,1.6,2
2022-04-12,PAIN CHOCO AMANDES,1.0,1.6,1
2022-04-13,PAIN CHOCO AMANDES,2.0,1.6,2
2022-04-14,PAIN CHOCO AMANDES,1.0,1.6,1
2022-04-15,PAIN CHOCO AMANDES,5.0,1.6,2
2022-04-16,PAIN CHOCO AMANDES,3.0,1.6,2
2022-04-17,PAIN CHOCO AMANDES,1.0,1.6,1
2022-04-18,PAIN CHOCO AMANDES,1.0,1.6,1
2022-04-19,PAIN CHOCO AMANDES,6.0,1.6,6
2022-04-20,PAIN CHOCO AMANDES,1.0,1.6,1
2022-04-21,PAIN CHOCO AMANDES,3.0,1.6,3
2022-04-22,PAIN CHOCO AMANDES,2.0,1.6,2
2022-04-23,PAIN CHOCO AMANDES,5.0,1.6,4
2022-04-24,PAIN CHOCO AMANDES,3.0,1.6,2
2022-04-25,PAIN CHOCO AMANDES,4.0,1.6,4
2022-04-26,PAIN CHOCO AMANDES,1.0,1.6,1
2022-04-28,PAIN CHOCO AMANDES,3.0,1.6,2
2022-04-29,PAIN CHOCO AMANDES,2.0,1.6,2
2022-04-30,PAIN CHOCO AMANDES,2.0,1.6,2
2022-05-01,PAIN CHOCO AMANDES,2.0,1.6,2
2022-05-02,PAIN CHOCO AMANDES,3.0,1.6,3
2022-05-03,PAIN CHOCO AMANDES,5.0,1.6,5
2022-05-05,PAIN CHOCO AMANDES,1.0,1.6,1
2022-05-06,PAIN CHOCO AMANDES,1.0,1.6,1
2022-05-07,PAIN CHOCO AMANDES,2.0,1.6,1
2022-05-08,PAIN CHOCO AMANDES,4.0,1.6,4
2022-05-09,PAIN CHOCO AMANDES,2.0,1.6,2
2022-05-10,PAIN CHOCO AMANDES,5.0,1.6,5
2022-05-11,PAIN CHOCO AMANDES,2.0,1.6,2
2022-05-12,PAIN CHOCO AMANDES,3.0,1.6,2
2022-05-13,PAIN CHOCO AMANDES,4.0,1.6,4
2022-05-14,PAIN CHOCO AMANDES,1.0,1.6,1
2022-05-15,PAIN CHOCO AMANDES,2.0,1.6,2
2022-05-16,PAIN CHOCO AMANDES,5.0,1.6,3
2022-05-17,PAIN CHOCO AMANDES,1.0,1.6,1
2022-05-18,PAIN CHOCO AMANDES,1.0,1.6,1
2022-05-19,PAIN CHOCO AMANDES,6.0,1.6,5
2022-05-20,PAIN CHOCO AMANDES,3.0,1.6,2
2022-05-21,PAIN CHOCO AMANDES,6.0,1.6,4
2022-05-22,PAIN CHOCO AMANDES,3.0,1.6,3
2022-05-23,PAIN CHOCO AMANDES,5.0,1.6,5
2022-05-24,PAIN CHOCO AMANDES,3.0,1.6,3
2022-05-25,PAIN CHOCO AMANDES,5.0,1.6,5
2022-05-26,PAIN CHOCO AMANDES,7.0,1.6,5
2022-05-27,PAIN CHOCO AMANDES,9.0,1.6,6
2022-05-28,PAIN CHOCO AMANDES,2.0,1.6,2
2022-05-29,PAIN CHOCO AMANDES,10.0,1.6,7
2022-05-30,PAIN CHOCO AMANDES,8.0,1.6,7
2022-05-31,PAIN CHOCO AMANDES,2.0,1.6,2
2022-06-01,PAIN CHOCO AMANDES,1.0,1.6,1
2022-06-03,PAIN CHOCO AMANDES,1.0,1.6,1
2022-06-04,PAIN CHOCO AMANDES,2.0,1.6,2
2022-06-05,PAIN CHOCO AMANDES,8.0,1.6,6
2022-06-06,PAIN CHOCO AMANDES,5.0,1.6,2
2022-06-07,PAIN CHOCO AMANDES,5.0,1.6,4
2022-06-08,PAIN CHOCO AMANDES,1.0,1.6,1
2022-06-09,PAIN CHOCO AMANDES,2.0,1.6,1
2022-06-10,PAIN CHOCO AMANDES,4.0,1.6,3
2022-06-11,PAIN CHOCO AMANDES,1.0,1.6,1
2022-06-12,PAIN CHOCO AMANDES,1.0,1.6,1
2022-06-13,PAIN CHOCO AMANDES,5.0,1.6,4
2022-06-14,PAIN CHOCO AMANDES,4.0,1.6,2
2022-06-16,PAIN CHOCO AMANDES,1.0,1.6,1
2022-06-18,PAIN CHOCO AMANDES,1.0,1.6,1
2022-06-19,PAIN CHOCO AMANDES,5.0,1.6,4
2022-06-20,PAIN CHOCO AMANDES,7.0,1.6,4
2022-06-21,PAIN CHOCO AMANDES,4.0,1.6,3
2022-06-22,PAIN CHOCO AMANDES,2.0,1.6,2
2022-06-23,PAIN CHOCO AMANDES,1.0,1.6,1
2022-06-24,PAIN CHOCO AMANDES,1.0,1.6,1
2022-06-26,PAIN CHOCO AMANDES,5.0,1.6,4
2022-06-27,PAIN CHOCO AMANDES,3.0,1.6,2
2022-06-28,PAIN CHOCO AMANDES,6.0,1.6,5
2022-06-29,PAIN CHOCO AMANDES,2.0,1.7,2
2022-06-30,PAIN CHOCO AMANDES,1.0,1.7,1
2022-07-02,PAIN CHOCO AMANDES,6.0,1.7,5
2022-07-03,PAIN CHOCO AMANDES,6.0,1.7,4
2022-07-04,PAIN CHOCO AMANDES,4.0,1.7,3
2022-07-05,PAIN CHOCO AMANDES,3.0,1.7,3
2022-07-07,PAIN CHOCO AMANDES,2.0,1.7,2
2022-07-08,PAIN CHOCO AMANDES,2.0,1.7,2
2022-07-09,PAIN CHOCO AMANDES,2.0,1.7,2
2022-07-10,PAIN CHOCO AMANDES,4.0,1.7,4
2022-07-11,PAIN CHOCO AMANDES,1.0,1.7,1
2022-07-12,PAIN CHOCO AMANDES,1.0,1.7,1
2022-07-15,PAIN CHOCO AMANDES,11.0,1.7,6
2022-07-16,PAIN CHOCO AMANDES,4.0,1.7,4
2022-07-17,PAIN CHOCO AMANDES,8.0,1.7,4
2022-07-18,PAIN CHOCO AMANDES,1.0,1.7,1
2022-07-19,PAIN CHOCO AMANDES,1.0,1.7,1
2022-07-20,PAIN CHOCO AMANDES,8.0,1.7,6
2022-07-21,PAIN CHOCO AMANDES,5.0,1.7,5
2022-07-22,PAIN CHOCO AMANDES,5.0,1.7,3
2022-07-23,PAIN CHOCO AMANDES,3.0,1.7,2
2022-07-24,PAIN CHOCO AMANDES,4.0,1.7,2
2022-07-25,PAIN CHOCO AMANDES,4.0,1.7,3
2022-07-26,PAIN CHOCO AMANDES,5.0,1.7,4
2022-07-27,PAIN CHOCO AMANDES,3.0,1.7,2
2022-07-28,PAIN CHOCO AMANDES,5.0,1.7,3
2022-07-29,PAIN CHOCO AMANDES,4.0,1.7,4
2022-07-30,PAIN CHOCO AMANDES,4.0,1.7,3
2022-07-31,PAIN CHOCO AMANDES,11.0,1.7,8
2022-08-01,PAIN CHOCO AMANDES,6.0,1.7,6
2022-08-02,PAIN CHOCO AMANDES,2.0,1.7,2
2022-08-03,PAIN CHOCO AMANDES,3.0,1.7,3
2022-08-04,PAIN CHOCO AMANDES,7.0,1.7,5
2022-08-05,PAIN CHOCO AMANDES,2.0,1.7,2
2022-08-06,PAIN CHOCO AMANDES,12.0,1.7,7
2022-08-07,PAIN CHOCO AMANDES,1.0,1.7,1
2022-08-08,PAIN CHOCO AMANDES,6.0,1.7,6
2022-08-09,PAIN CHOCO AMANDES,1.0,1.7,1
2022-08-10,PAIN CHOCO AMANDES,11.0,1.7,7
2022-08-11,PAIN CHOCO AMANDES,7.0,1.7,5
2022-08-12,PAIN CHOCO AMANDES,5.0,1.7,4
2022-08-13,PAIN CHOCO AMANDES,3.0,1.7,3
2022-08-14,PAIN CHOCO AMANDES,6.0,1.7,5
2022-08-15,PAIN CHOCO AMANDES,1.0,1.7,1
2022-08-16,PAIN CHOCO AMANDES,5.0,1.7,4
2022-08-17,PAIN CHOCO AMANDES,12.0,1.7,4
2022-08-18,PAIN CHOCO AMANDES,5.0,1.7,4
2022-08-19,PAIN CHOCO AMANDES,7.0,1.7,6
2022-08-20,PAIN CHOCO AMANDES,15.0,1.7,5
2022-08-21,PAIN CHOCO AMANDES,5.0,1.7,3
2022-08-22,PAIN CHOCO AMANDES,4.0,1.7,3
2022-08-23,PAIN CHOCO AMANDES,3.0,1.7,3
2022-08-24,PAIN CHOCO AMANDES,4.0,1.7,3
2022-08-25,PAIN CHOCO AMANDES,6.0,1.7,4
2022-08-26,PAIN CHOCO AMANDES,6.0,1.7,5
2022-08-27,PAIN CHOCO AMANDES,4.0,1.7,3
2022-08-29,PAIN CHOCO AMANDES,6.0,1.7,5
2022-08-30,PAIN CHOCO AMANDES,6.0,1.7,4
2022-09-02,PAIN CHOCO AMANDES,2.0,1.7,2
2022-09-03,PAIN CHOCO AMANDES,1.0,1.7,1
2022-09-04,PAIN CHOCO AMANDES,6.0,1.7,5
2022-09-06,PAIN CHOCO AMANDES,2.0,1.7,2
2022-09-07,PAIN CHOCO AMANDES,1.0,1.7,1
2022-09-09,PAIN CHOCO AMANDES,5.0,1.7,3
2022-09-10,PAIN CHOCO AMANDES,3.0,1.7,2
2022-09-11,PAIN CHOCO AMANDES,4.0,1.7,3
2022-09-12,PAIN CHOCO AMANDES,8.0,1.7,5
2022-09-13,PAIN CHOCO AMANDES,2.0,1.7,2
2022-09-14,PAIN CHOCO AMANDES,1.0,1.7,1
2022-09-15,PAIN CHOCO AMANDES,2.0,1.7,2
2022-09-16,PAIN CHOCO AMANDES,2.0,1.7,1
2022-09-17,PAIN CHOCO AMANDES,6.0,1.7,4
2022-09-18,PAIN CHOCO AMANDES,2.0,1.7,2
2022-09-20,PAIN CHOCO AMANDES,1.0,1.7,1
2022-09-21,PAIN CHOCO AMANDES,3.0,1.7,3
2022-09-22,PAIN CHOCO AMANDES,3.0,1.7,3
2022-09-23,PAIN CHOCO AMANDES,3.0,1.7,2
2022-09-24,PAIN CHOCO AMANDES,2.0,1.7,2
2022-09-25,PAIN CHOCO AMANDES,7.0,1.7,5
2022-09-26,PAIN CHOCO AMANDES,1.0,1.7,1
2022-09-27,PAIN CHOCO AMANDES,3.0,1.7,3
2022-09-28,PAIN CHOCO AMANDES,1.0,1.7,1
2022-09-29,PAIN CHOCO AMANDES,7.0,1.7,5
2022-09-30,PAIN CHOCO AMANDES,7.0,1.7,5
2021-04-05,PAIN DE MIE,2.0,2.0,2
2021-04-18,PAIN DE MIE,1.0,2.0,1
2021-04-21,PAIN DE MIE,1.0,2.0,1
2021-04-24,PAIN DE MIE,1.0,2.0,1
2021-08-05,PAIN DE MIE,1.0,2.0,1
2021-10-17,PAIN DE MIE,1.0,2.0,1
2021-11-01,PAIN DE MIE,1.0,2.0,1
2021-12-22,PAIN DE MIE,1.0,2.0,1
2021-12-23,PAIN DE MIE,2.0,2.0,2
2021-12-24,PAIN DE MIE,12.0,2.0,9
2021-12-25,PAIN DE MIE,4.0,2.0,3
2021-12-31,PAIN DE MIE,9.0,2.0,6
2022-01-15,PAIN DE MIE,2.0,2.0,1
2022-01-20,PAIN DE MIE,2.0,2.0,1
2021-07-10,PAIN GRAINES,1.0,2.0,1
2022-06-06,PAIN GRAINES,1.0,2.0,1
2022-07-15,PAIN GRAINES,1.0,2.1,1
2021-12-31,PAIN NOIR,1.0,0.6,1
2021-01-07,PAIN S/SEL,1.0,1.5,1
2021-02-27,PAIN S/SEL,1.0,1.5,1
2021-02-28,PAIN S/SEL,1.0,1.5,1
2021-04-13,PAIN S/SEL,1.0,1.5,1
2021-05-08,PAIN S/SEL,1.0,1.5,1
2021-05-09,PAIN S/SEL,1.0,1.5,1
2021-05-14,PAIN S/SEL,1.0,1.5,1
2021-05-15,PAIN S/SEL,1.0,1.5,1
2021-06-08,PAIN S/SEL,1.0,1.5,1
2021-06-09,PAIN S/SEL,1.0,1.5,1
2021-06-10,PAIN S/SEL,1.0,1.5,1
2021-06-11,PAIN S/SEL,1.0,1.5,1
2021-06-12,PAIN S/SEL,1.0,1.5,1
2021-06-14,PAIN S/SEL,1.0,1.5,1
2021-06-15,PAIN S/SEL,1.0,1.5,1
2021-06-16,PAIN S/SEL,1.0,1.5,1
2021-06-17,PAIN S/SEL,1.0,1.5,1
2021-06-18,PAIN S/SEL,1.0,1.5,1
2021-06-21,PAIN S/SEL,1.0,1.5,1
2021-06-22,PAIN S/SEL,1.0,1.5,1
2021-06-23,PAIN S/SEL,1.0,1.5,1
2021-06-24,PAIN S/SEL,1.0,1.5,1
2021-06-25,PAIN S/SEL,1.0,1.5,1
2021-06-26,PAIN S/SEL,1.0,1.5,1
2021-06-27,PAIN S/SEL,1.0,1.5,1
2021-06-28,PAIN S/SEL,1.0,1.5,1
2021-06-29,PAIN S/SEL,1.0,1.5,1
2021-06-30,PAIN S/SEL,1.0,1.5,1
2021-07-01,PAIN S/SEL,1.0,1.5,1
2021-07-02,PAIN S/SEL,1.0,1.5,1
2021-07-03,PAIN S/SEL,1.0,1.5,1
2021-07-04,PAIN S/SEL,1.0,1.5,1
2021-07-05,PAIN S/SEL,1.0,1.5,1
2021-07-06,PAIN S/SEL,1.0,1.5,1
2021-07-07,PAIN S/SEL,1.0,1.5,1
2021-07-08,PAIN S/SEL,1.0,1.5,1
2021-07-09,PAIN S/SEL,1.0,1.5,1
2021-07-15,PAIN S/SEL,1.0,1.5,1
2021-07-16,PAIN S/SEL,1.0,1.5,1
2021-07-18,PAIN S/SEL,1.0,1.5,1
2021-07-20,PAIN S/SEL,1.0,1.5,1
2021-07-22,PAIN S/SEL,2.0,1.5,2
2021-07-23,PAIN S/SEL,1.0,1.5,1
2021-07-24,PAIN S/SEL,1.0,1.5,1
2021-08-03,PAIN S/SEL,1.0,1.5,1
2021-08-05,PAIN S/SEL,1.0,1.5,1
2021-08-07,PAIN S/SEL,1.0,1.5,1
2021-08-10,PAIN S/SEL,1.0,1.5,1
2021-08-12,PAIN S/SEL,1.0,1.5,1
2021-08-13,PAIN S/SEL,1.0,1.5,1
2021-08-14,PAIN S/SEL,1.0,1.5,1
2021-08-15,PAIN S/SEL,1.0,1.5,1
2021-08-19,PAIN S/SEL,1.0,1.5,1
2021-08-20,PAIN S/SEL,1.0,1.5,1
2021-08-22,PAIN S/SEL,1.0,1.5,1
2021-08-24,PAIN S/SEL,1.0,1.5,1
2021-08-25,PAIN S/SEL,1.0,1.5,1
2021-08-26,PAIN S/SEL,1.0,1.5,1
2021-08-28,PAIN S/SEL,1.0,1.5,1
2021-08-29,PAIN S/SEL,1.0,1.5,1
2021-08-30,PAIN S/SEL,1.0,1.5,1
2021-09-01,PAIN S/SEL,2.0,1.5,2
2021-09-05,PAIN S/SEL,3.0,1.5,3
2021-09-07,PAIN S/SEL,1.0,1.5,1
2021-09-08,PAIN S/SEL,2.0,1.5,2
2021-09-09,PAIN S/SEL,1.0,1.5,1
2021-09-11,PAIN S/SEL,1.0,1.5,1
2021-09-13,PAIN S/SEL,1.0,1.5,1
2021-09-14,PAIN S/SEL,1.0,1.5,1
2021-09-16,PAIN S/SEL,1.0,1.5,1
2021-09-17,PAIN S/SEL,1.0,1.5,1
2021-09-18,PAIN S/SEL,1.0,1.5,1
2021-09-19,PAIN S/SEL,1.0,1.5,1
2021-09-20,PAIN S/SEL,1.0,1.5,1
2021-09-26,PAIN S/SEL,2.0,1.5,1
2021-10-03,PAIN S/SEL,2.0,1.5,1
2021-10-09,PAIN S/SEL,1.0,1.5,1
2021-10-10,PAIN S/SEL,2.0,1.5,1
2021-10-17,PAIN S/SEL,2.0,1.5,1
2021-10-24,PAIN S/SEL,2.0,1.5,1
2021-10-31,PAIN S/SEL,3.0,1.5,2
2021-11-08,PAIN S/SEL,2.0,1.5,1
2021-11-14,PAIN S/SEL,2.0,1.5,1
2021-11-21,PAIN S/SEL,2.0,1.5,1
2021-11-28,PAIN S/SEL,2.0,1.5,1
2021-12-05,PAIN S/SEL,2.0,1.5,1
2021-12-12,PAIN S/SEL,2.0,1.5,1
2021-12-19,PAIN S/SEL,2.0,1.5,1
2021-12-23,PAIN S/SEL,1.0,1.5,1
2021-12-24,PAIN S/SEL,1.0,1.5,1
2021-12-26,PAIN S/SEL,3.0,1.5,2
2021-12-31,PAIN S/SEL,1.0,1.5,1
2022-01-02,PAIN S/SEL,3.0,1.5,2
2022-01-10,PAIN S/SEL,1.0,1.5,1
2022-01-15,PAIN S/SEL,1.0,1.5,1
2022-01-16,PAIN S/SEL,2.0,1.5,1
2022-01-23,PAIN S/SEL,2.0,1.5,1
2022-01-30,PAIN S/SEL,2.0,1.5,1
2022-02-05,PAIN S/SEL,1.0,1.5,1
2022-02-06,PAIN S/SEL,3.0,1.5,2
2022-02-12,PAIN S/SEL,1.0,1.6,1
2022-02-13,PAIN S/SEL,2.0,1.6,1
2022-02-21,PAIN S/SEL,2.0,1.6,1
2022-02-27,PAIN S/SEL,1.0,1.6,1
2022-03-06,PAIN S/SEL,1.0,1.6,1
2022-03-26,PAIN S/SEL,1.0,1.6,1
2022-03-27,PAIN S/SEL,1.0,1.6,1
2022-04-03,PAIN S/SEL,1.0,1.6,1
2022-05-18,PAIN S/SEL,1.0,1.6,1
2022-05-22,PAIN S/SEL,1.0,1.6,1
2022-05-28,PAIN S/SEL,1.0,1.6,1
2022-06-03,PAIN S/SEL,1.0,1.6,1
2022-06-18,PAIN S/SEL,1.0,1.6,1
2022-07-04,PAIN S/SEL,1.0,2.0,1
2022-07-24,PAIN S/SEL,1.0,2.0,1
2022-08-18,PAIN S/SEL,1.0,2.0,1
2022-08-06,PAIN SUISSE PEPITO,3.0,1.6,3
2022-08-26,PAIN SUISSE PEPITO,1.0,1.6,1
2022-09-16,PAIN SUISSE PEPITO,1.0,1.6,1
2022-09-17,PAIN SUISSE PEPITO,3.0,1.6,2
2022-09-18,PAIN SUISSE PEPITO,7.0,1.6,6
2022-09-23,PAIN SUISSE PEPITO,1.0,1.6,1
2022-09-25,PAIN SUISSE PEPITO,5.0,1.6,4
2022-04-18,PALET BRETON,15.0,1.5,5
2022-04-19,PALET BRETON,2.0,1.5,2
2022-04-20,PALET BRETON,6.0,1.5,2
2022-04-23,PALET BRETON,4.0,1.5,1
2022-04-24,PALET BRETON,4.0,1.5,2
2022-04-27,PALET BRETON,3.0,1.5,3
2022-05-02,PALET BRETON,5.0,1.5,2
2022-05-07,PALET BRETON,1.0,1.5,1
2022-05-08,PALET BRETON,3.0,1.5,3
2022-05-11,PALET BRETON,2.0,1.5,1
2022-05-12,PALET BRETON,3.0,1.5,3
2022-05-14,PALET BRETON,1.0,1.5,1
2022-05-15,PALET BRETON,4.0,1.5,3
2022-05-19,PALET BRETON,1.0,1.5,1
2022-05-22,PALET BRETON,2.0,1.5,2
2022-05-25,PALET BRETON,1.0,1.5,1
2022-05-26,PALET BRETON,4.0,1.5,1
2022-05-27,PALET BRETON,3.0,1.5,1
2022-05-28,PALET BRETON,5.0,1.5,3
2022-05-29,PALET BRETON,3.0,1.5,2
2022-05-30,PALET BRETON,1.0,1.5,1
2022-06-04,PALET BRETON,7.0,1.5,3
2022-06-05,PALET BRETON,2.0,1.5,1
2022-06-12,PALET BRETON,1.0,1.5,1
2022-06-24,PALET BRETON,1.0,1.5,1
2022-06-29,PALET BRETON,2.0,1.5,1
2022-07-02,PALET BRETON,2.0,1.5,1
2022-07-04,PALET BRETON,1.0,1.5,1
2022-07-06,PALET BRETON,1.0,1.5,1
2022-07-10,PALET BRETON,1.0,1.5,1
2022-07-11,PALET BRETON,1.0,1.5,1
2022-07-12,PALET BRETON,2.0,1.5,1
2022-07-13,PALET BRETON,5.0,1.5,3
2022-07-14,PALET BRETON,18.0,1.6,6
2022-07-15,PALET BRETON,8.0,1.6,4
2022-07-16,PALET BRETON,11.0,1.6,3
2022-07-17,PALET BRETON,8.0,1.6,2
2022-07-18,PALET BRETON,2.0,1.6,1
2022-07-19,PALET BRETON,3.0,1.6,3
2022-07-20,PALET BRETON,1.0,1.6,1
2022-07-21,PALET BRETON,2.0,1.6,1
2022-07-22,PALET BRETON,4.0,1.6,1
2022-07-23,PALET BRETON,3.0,1.6,2
2022-07-24,PALET BRETON,4.0,1.6,4
2022-07-26,PALET BRETON,1.0,1.2,1
2022-07-27,PALET BRETON,2.0,1.2,2
2022-07-28,PALET BRETON,4.0,1.2,2
2022-07-29,PALET BRETON,2.0,1.2,1
2022-08-01,PALET BRETON,2.0,1.2,2
2022-08-02,PALET BRETON,2.0,1.2,2
2022-08-04,PALET BRETON,4.0,1.2,2
2022-08-05,PALET BRETON,1.0,1.2,1
2022-08-06,PALET BRETON,1.0,1.2,1
2022-08-07,PALET BRETON,2.0,1.2,1
2022-08-08,PALET BRETON,9.0,1.2,6
2022-08-09,PALET BRETON,3.0,1.2,2
2022-08-10,PALET BRETON,4.0,1.2,2
2022-08-11,PALET BRETON,1.0,1.2,1
2022-08-12,PALET BRETON,3.0,1.2,2
2022-08-14,PALET BRETON,10.0,1.2,7
2022-08-15,PALET BRETON,2.0,1.2,1
2022-08-17,PALET BRETON,4.0,1.2,2
2022-08-18,PALET BRETON,1.0,1.2,1
2022-08-19,PALET BRETON,1.0,1.2,1
2022-08-20,PALET BRETON,2.0,1.2,2
2022-08-21,PALET BRETON,6.0,1.2,5
2022-08-22,PALET BRETON,10.0,1.2,4
2022-08-25,PALET BRETON,5.0,1.2,2
2022-08-28,PALET BRETON,1.0,1.2,1
2022-08-30,PALET BRETON,4.0,1.2,3
2022-08-31,PALET BRETON,2.0,1.2,1
2022-09-02,PALET BRETON,1.0,1.2,1
2022-09-03,PALET BRETON,1.0,1.2,1
2022-09-07,PALET BRETON,8.0,1.2,3
2022-09-08,PALET BRETON,3.0,1.2,2
2022-09-10,PALET BRETON,1.0,1.2,1
2022-09-11,PALET BRETON,1.0,1.2,1
2022-09-18,PALET BRETON,2.0,1.2,1
2022-09-28,PALET BRETON,2.0,1.2,2
2022-02-24,PALMIER,2.0,1.0,1
2022-03-01,PALMIER,4.0,1.0,4
2021-01-21,PARIS BREST,3.0,2.0,1
2021-01-22,PARIS BREST,1.0,2.0,1
2021-01-24,PARIS BREST,7.0,2.0,6
2021-01-31,PARIS BREST,6.0,2.0,3
2021-02-04,PARIS BREST,1.0,2.0,1
2021-02-05,PARIS BREST,2.0,2.0,1
2021-02-07,PARIS BREST,2.0,2.0,2
2021-02-14,PARIS BREST,5.0,2.0,3
2021-02-15,PARIS BREST,2.0,2.0,2
2021-02-18,PARIS BREST,1.0,2.0,1
2021-02-20,PARIS BREST,1.0,2.0,1
2021-02-21,PARIS BREST,8.0,2.0,7
2021-02-22,PARIS BREST,2.0,2.0,2
2021-02-23,PARIS BREST,1.0,2.0,1
2021-02-25,PARIS BREST,2.0,2.0,2
2021-02-26,PARIS BREST,3.0,2.0,2
2021-02-27,PARIS BREST,2.0,2.0,2
2021-02-28,PARIS BREST,6.0,2.0,3
2021-03-01,PARIS BREST,3.0,2.0,2
2021-03-02,PARIS BREST,2.0,2.0,2
2021-03-04,PARIS BREST,6.0,2.0,3
2021-03-05,PARIS BREST,3.0,2.0,2
2021-03-06,PARIS BREST,4.0,2.0,2
2021-03-07,PARIS BREST,7.0,2.0,5
2021-03-08,PARIS BREST,4.0,2.0,3
2021-03-11,PARIS BREST,2.0,2.0,2
2021-03-12,PARIS BREST,6.0,2.0,3
2021-03-13,PARIS BREST,4.0,2.0,3
2021-03-14,PARIS BREST,2.0,2.0,2
2021-03-18,PARIS BREST,2.0,2.0,2
2021-03-20,PARIS BREST,4.0,2.0,3
2021-03-21,PARIS BREST,7.0,2.0,4
2021-03-23,PARIS BREST,1.0,2.0,1
2021-03-25,PARIS BREST,3.0,2.0,2
2021-03-27,PARIS BREST,4.0,2.0,2
2021-03-28,PARIS BREST,6.0,2.0,4
2021-03-29,PARIS BREST,1.0,2.0,1
2021-03-30,PARIS BREST,1.0,2.0,1
2021-04-02,PARIS BREST,1.0,2.0,1
2021-04-03,PARIS BREST,6.0,2.0,4
2021-04-04,PARIS BREST,6.0,2.0,5
2021-04-05,PARIS BREST,3.0,2.0,1
2021-04-06,PARIS BREST,1.0,2.0,1
2021-04-09,PARIS BREST,8.0,2.0,4
2021-04-10,PARIS BREST,5.0,2.0,2
2021-04-11,PARIS BREST,1.0,2.0,1
2021-04-12,PARIS BREST,2.0,2.0,2
2021-04-13,PARIS BREST,2.0,2.0,1
2021-04-14,PARIS BREST,1.0,2.0,1
2021-04-15,PARIS BREST,3.0,2.0,2
2021-04-16,PARIS BREST,3.0,2.0,2
2021-04-17,PARIS BREST,2.0,2.0,1
2021-04-18,PARIS BREST,5.0,2.0,3
2021-04-20,PARIS BREST,3.0,2.0,2
2021-04-21,PARIS BREST,3.0,2.0,3
2021-04-23,PARIS BREST,2.0,2.0,1
2021-04-24,PARIS BREST,5.0,2.0,3
2021-04-25,PARIS BREST,3.0,2.0,2
2021-05-01,PARIS BREST,5.0,2.0,4
2021-05-02,PARIS BREST,1.0,2.0,1
2021-05-03,PARIS BREST,4.0,2.0,3
2021-05-07,PARIS BREST,3.0,2.0,2
2021-05-08,PARIS BREST,6.0,2.0,4
2021-05-09,PARIS BREST,8.0,2.0,4
2021-05-10,PARIS BREST,3.0,2.0,2
2021-05-11,PARIS BREST,2.0,2.0,1
2021-05-12,PARIS BREST,5.0,2.0,3
2021-05-13,PARIS BREST,7.0,2.0,3
2021-05-14,PARIS BREST,1.0,2.0,1
2021-05-15,PARIS BREST,7.0,2.0,4
2021-05-21,PARIS BREST,3.0,2.0,3
2021-05-22,PARIS BREST,4.0,2.0,4
2021-05-23,PARIS BREST,12.0,2.0,7
2021-05-26,PARIS BREST,2.0,2.0,2
2021-05-27,PARIS BREST,3.0,2.0,2
2021-05-28,PARIS BREST,2.0,2.0,2
2021-05-29,PARIS BREST,4.0,2.0,3
2021-05-30,PARIS BREST,6.0,2.0,4
2021-06-02,PARIS BREST,2.0,2.0,2
2021-06-03,PARIS BREST,3.0,2.0,3
2021-06-06,PARIS BREST,6.0,2.0,3
2021-06-08,PARIS BREST,1.0,2.0,1
2021-06-09,PARIS BREST,1.0,2.0,1
2021-06-10,PARIS BREST,2.0,2.0,2
2021-06-11,PARIS BREST,1.0,2.0,1
2021-06-12,PARIS BREST,1.0,2.0,1
2021-06-13,PARIS BREST,4.0,2.0,2
2021-06-15,PARIS BREST,1.0,2.0,1
2021-06-16,PARIS BREST,1.0,2.0,1
2021-06-17,PARIS BREST,1.0,2.0,1
2021-06-19,PARIS BREST,2.0,2.0,1
2021-06-20,PARIS BREST,5.0,2.0,4
2021-06-22,PARIS BREST,3.0,2.0,2
2021-06-23,PARIS BREST,2.0,2.0,1
2021-06-24,PARIS BREST,2.0,2.0,1
2021-06-25,PARIS BREST,4.0,2.0,2
2021-06-26,PARIS BREST,1.0,2.0,1
2021-06-27,PARIS BREST,6.0,2.0,2
2021-07-02,PARIS BREST,1.0,2.0,1
2021-07-03,PARIS BREST,1.0,2.0,1
2021-07-04,PARIS BREST,6.0,2.0,5
2021-07-05,PARIS BREST,2.0,2.0,2
2021-07-07,PARIS BREST,2.0,2.0,2
2021-07-08,PARIS BREST,1.0,2.0,1
2021-07-09,PARIS BREST,4.0,2.0,4
2021-07-10,PARIS BREST,1.0,2.0,1
2021-07-11,PARIS BREST,6.0,2.0,6
2021-07-12,PARIS BREST,1.0,2.0,1
2021-07-13,PARIS BREST,3.0,2.0,3
2021-07-14,PARIS BREST,6.0,2.0,5
2021-07-16,PARIS BREST,2.0,2.0,1
2021-07-17,PARIS BREST,6.0,2.0,3
2021-07-18,PARIS BREST,4.0,2.0,3
2021-07-20,PARIS BREST,4.0,2.0,3
2021-07-21,PARIS BREST,1.0,2.0,1
2021-07-22,PARIS BREST,2.0,2.0,1
2021-07-23,PARIS BREST,1.0,2.0,1
2021-07-25,PARIS BREST,11.0,2.0,7
2021-07-26,PARIS BREST,4.0,2.0,1
2021-07-27,PARIS BREST,2.0,2.0,2
2021-07-28,PARIS BREST,2.0,2.0,1
2021-07-29,PARIS BREST,1.0,2.0,1
2021-07-30,PARIS BREST,3.0,2.0,2
2021-07-31,PARIS BREST,3.0,2.0,2
2021-08-01,PARIS BREST,8.0,2.0,5
2021-08-02,PARIS BREST,1.0,2.0,1
2021-08-03,PARIS BREST,5.0,2.0,4
2021-08-04,PARIS BREST,1.0,2.0,1
2021-08-06,PARIS BREST,6.0,2.0,3
2021-08-07,PARIS BREST,3.0,2.0,2
2021-08-08,PARIS BREST,8.0,2.0,5
2021-08-09,PARIS BREST,1.0,2.0,1
2021-08-10,PARIS BREST,3.0,2.0,3
2021-08-12,PARIS BREST,3.0,2.0,3
2021-08-13,PARIS BREST,4.0,2.0,2
2021-08-14,PARIS BREST,2.0,2.0,1
2021-08-15,PARIS BREST,6.0,2.0,4
2021-08-16,PARIS BREST,2.0,2.0,2
2021-08-17,PARIS BREST,3.0,2.0,3
2021-08-18,PARIS BREST,2.0,2.0,2
2021-08-19,PARIS BREST,4.0,2.0,2
2021-08-21,PARIS BREST,3.0,2.0,2
2021-08-22,PARIS BREST,6.0,2.0,3
2021-08-24,PARIS BREST,3.0,2.0,2
2021-08-25,PARIS BREST,3.0,2.0,3
2021-08-26,PARIS BREST,3.0,2.0,2
2021-08-27,PARIS BREST,4.0,2.0,4
2021-08-28,PARIS BREST,4.0,2.0,3
2021-08-29,PARIS BREST,6.0,2.0,5
2021-08-30,PARIS BREST,1.0,2.0,1
2021-08-31,PARIS BREST,3.0,2.0,3
2021-09-01,PARIS BREST,1.0,2.0,1
2021-09-02,PARIS BREST,2.0,2.0,2
2021-09-03,PARIS BREST,4.0,2.0,2
2021-09-04,PARIS BREST,2.0,2.0,1
2021-09-05,PARIS BREST,6.0,2.0,5
2021-09-07,PARIS BREST,2.0,2.0,1
2021-09-08,PARIS BREST,1.0,2.0,1
2021-09-10,PARIS BREST,1.0,2.0,1
2021-09-11,PARIS BREST,2.0,2.0,2
2021-09-12,PARIS BREST,5.0,2.0,4
2021-09-14,PARIS BREST,2.0,2.0,1
2021-09-17,PARIS BREST,4.0,2.0,1
2021-09-18,PARIS BREST,1.0,2.0,1
2021-09-19,PARIS BREST,2.0,2.0,2
2021-09-20,PARIS BREST,2.0,2.0,2
2021-09-21,PARIS BREST,1.0,2.0,1
2021-09-23,PARIS BREST,2.0,2.0,2
2021-09-24,PARIS BREST,1.0,2.0,1
2021-09-25,PARIS BREST,3.0,2.0,2
2021-09-26,PARIS BREST,5.0,2.0,3
2021-10-01,PARIS BREST,3.0,2.0,3
2021-10-02,PARIS BREST,4.0,2.0,3
2021-10-03,PARIS BREST,6.0,2.0,4
2021-10-07,PARIS BREST,4.0,2.0,3
2021-10-08,PARIS BREST,3.0,2.0,3
2021-10-09,PARIS BREST,5.0,2.0,3
2021-10-10,PARIS BREST,1.0,2.0,1
2021-10-16,PARIS BREST,2.0,2.0,1
2021-10-17,PARIS BREST,5.0,2.0,3
2021-10-20,PARIS BREST,4.0,2.0,2
2021-10-21,PARIS BREST,3.0,2.0,3
2021-10-23,PARIS BREST,5.0,2.0,3
2021-10-24,PARIS BREST,1.0,2.0,1
2021-10-27,PARIS BREST,2.0,2.0,2
2021-10-28,PARIS BREST,6.0,2.0,1
2021-10-29,PARIS BREST,6.0,2.0,2
2021-10-30,PARIS BREST,6.0,2.0,4
2021-10-31,PARIS BREST,5.0,2.0,2
2021-11-01,PARIS BREST,8.0,2.0,6
2021-11-02,PARIS BREST,1.0,2.0,1
2021-11-03,PARIS BREST,5.0,2.0,1
2021-11-04,PARIS BREST,1.0,2.0,1
2021-11-05,PARIS BREST,5.0,2.0,4
2021-11-06,PARIS BREST,3.0,2.0,2
2021-11-07,PARIS BREST,5.0,2.0,4
2021-11-08,PARIS BREST,2.0,2.0,1
2021-11-09,PARIS BREST,3.0,2.0,3
2021-11-10,PARIS BREST,3.0,2.0,3
2021-11-11,PARIS BREST,5.0,2.0,4
2021-11-12,PARIS BREST,1.0,2.0,1
2021-11-14,PARIS BREST,4.0,2.0,2
2021-11-18,PARIS BREST,2.0,2.0,1
2021-11-19,PARIS BREST,1.0,2.0,1
2021-11-20,PARIS BREST,4.0,2.0,2
2021-11-21,PARIS BREST,5.0,2.0,3
2021-11-25,PARIS BREST,3.0,2.0,3
2021-11-26,PARIS BREST,3.0,2.0,2
2021-11-27,PARIS BREST,5.0,2.0,2
2021-11-28,PARIS BREST,6.0,2.0,4
2021-11-29,PARIS BREST,3.0,2.0,2
2021-11-30,PARIS BREST,1.0,2.0,1
2021-12-02,PARIS BREST,1.0,2.0,1
2021-12-03,PARIS BREST,1.0,2.0,1
2021-12-05,PARIS BREST,4.0,2.0,3
2021-12-09,PARIS BREST,2.0,2.0,1
2021-12-10,PARIS BREST,5.0,2.0,3
2021-12-11,PARIS BREST,1.0,2.0,1
2021-12-12,PARIS BREST,4.0,2.0,3
2021-12-13,PARIS BREST,3.0,2.0,2
2021-12-14,PARIS BREST,2.0,2.0,2
2021-12-16,PARIS BREST,2.0,2.0,2
2021-12-19,PARIS BREST,6.0,2.0,4
2021-12-21,PARIS BREST,3.0,2.0,2
2021-12-22,PARIS BREST,2.0,2.0,1
2021-12-23,PARIS BREST,2.0,2.0,2
2021-12-28,PARIS BREST,2.0,2.0,2
2021-12-29,PARIS BREST,1.0,2.0,1
2021-12-30,PARIS BREST,2.0,2.0,1
2021-12-31,PARIS BREST,6.0,2.0,3
2022-01-06,PARIS BREST,2.0,2.0,1
2022-01-07,PARIS BREST,2.0,2.0,1
2022-01-09,PARIS BREST,1.0,2.0,1
2022-01-11,PARIS BREST,1.0,2.0,1
2022-01-15,PARIS BREST,1.0,2.0,1
2022-01-16,PARIS BREST,6.0,2.0,5
2022-01-18,PARIS BREST,1.0,2.0,1
2022-01-20,PARIS BREST,1.0,2.0,1
2022-01-21,PARIS BREST,3.0,2.0,2
2022-01-22,PARIS BREST,1.0,2.0,1
2022-01-23,PARIS BREST,6.0,2.0,4
2022-01-27,PARIS BREST,3.0,2.0,3
2022-01-30,PARIS BREST,6.0,2.0,3
2022-02-01,PARIS BREST,1.0,2.0,1
2022-02-03,PARIS BREST,4.0,2.0,2
2022-02-04,PARIS BREST,2.0,2.0,1
2022-02-05,PARIS BREST,2.0,2.0,2
2022-02-06,PARIS BREST,5.0,2.0,4
2022-02-07,PARIS BREST,1.0,2.2,1
2022-02-08,PARIS BREST,3.0,2.2,2
2022-02-10,PARIS BREST,3.0,2.2,2
2022-02-11,PARIS BREST,3.0,2.2,2
2022-02-12,PARIS BREST,4.0,2.2,3
2022-02-13,PARIS BREST,4.0,2.2,3
2022-02-17,PARIS BREST,1.0,2.2,1
2022-02-18,PARIS BREST,1.0,2.2,1
2022-02-19,PARIS BREST,4.0,2.2,3
2022-02-20,PARIS BREST,2.0,2.2,2
2022-02-21,PARIS BREST,2.0,2.2,2
2022-02-24,PARIS BREST,4.0,2.2,4
2022-02-25,PARIS BREST,5.0,2.2,4
2022-03-03,PARIS BREST,3.0,2.2,2
2022-03-04,PARIS BREST,1.0,2.2,1
2022-03-05,PARIS BREST,3.0,2.2,2
2022-03-06,PARIS BREST,6.0,2.2,4
2022-03-08,PARIS BREST,4.0,2.2,2
2022-03-09,PARIS BREST,2.0,2.2,2
2022-03-10,PARIS BREST,1.0,2.2,1
2022-03-11,PARIS BREST,2.0,2.2,1
2022-03-13,PARIS BREST,3.0,2.2,2
2022-03-17,PARIS BREST,3.0,2.2,1
2022-03-18,PARIS BREST,3.0,2.2,2
2022-03-19,PARIS BREST,2.0,2.2,2
2022-03-20,PARIS BREST,3.0,2.2,2
2022-03-24,PARIS BREST,3.0,2.2,3
2022-03-25,PARIS BREST,3.0,2.2,3
2022-03-26,PARIS BREST,4.0,2.2,4
2022-03-27,PARIS BREST,3.0,2.2,2
2022-03-29,PARIS BREST,1.0,2.2,1
2022-03-31,PARIS BREST,1.0,2.2,1
2022-04-01,PARIS BREST,1.0,2.2,1
2022-04-02,PARIS BREST,4.0,2.2,4
2022-04-03,PARIS BREST,6.0,2.2,3
2022-04-05,PARIS BREST,1.0,2.2,1
2022-04-06,PARIS BREST,2.0,2.2,1
2022-04-08,PARIS BREST,4.0,2.2,3
2022-04-09,PARIS BREST,4.0,2.2,2
2022-04-10,PARIS BREST,1.0,2.2,1
2022-04-11,PARIS BREST,2.0,2.2,2
2022-04-12,PARIS BREST,2.0,2.2,2
2022-04-14,PARIS BREST,1.0,2.2,1
2022-04-16,PARIS BREST,1.0,2.2,1
2022-04-17,PARIS BREST,2.0,2.2,1
2022-04-18,PARIS BREST,7.0,2.2,5
2022-04-20,PARIS BREST,2.0,2.2,1
2022-04-21,PARIS BREST,2.0,2.2,2
2022-04-22,PARIS BREST,2.0,2.2,2
2022-04-23,PARIS BREST,2.0,2.2,2
2022-04-24,PARIS BREST,5.0,2.2,3
2022-04-26,PARIS BREST,1.0,2.2,1
2022-04-27,PARIS BREST,2.0,2.2,2
2022-04-28,PARIS BREST,5.0,2.2,2
2022-05-01,PARIS BREST,8.0,2.2,3
2022-05-02,PARIS BREST,3.0,2.2,1
2022-05-03,PARIS BREST,2.0,2.2,1
2022-05-05,PARIS BREST,4.0,2.2,3
2022-05-06,PARIS BREST,2.0,2.2,2
2022-05-07,PARIS BREST,2.0,2.2,1
2022-05-08,PARIS BREST,3.0,2.2,2
2022-05-09,PARIS BREST,1.0,2.2,1
2022-05-11,PARIS BREST,1.0,2.2,1
2022-05-12,PARIS BREST,4.0,2.2,2
2022-05-13,PARIS BREST,3.0,2.2,3
2022-05-14,PARIS BREST,2.0,2.2,2
2022-05-15,PARIS BREST,3.0,2.2,2
2022-05-20,PARIS BREST,1.0,2.2,1
2022-05-21,PARIS BREST,4.0,2.2,3
2022-05-25,PARIS BREST,4.0,2.2,3
2022-05-26,PARIS BREST,4.0,2.2,3
2022-05-27,PARIS BREST,1.0,2.2,1
2022-05-28,PARIS BREST,1.0,2.2,1
2022-05-29,PARIS BREST,4.0,2.2,3
2022-05-30,PARIS BREST,5.0,2.2,2
2022-06-01,PARIS BREST,3.0,2.2,3
2022-06-02,PARIS BREST,1.0,2.2,1
2022-06-04,PARIS BREST,4.0,2.2,2
2022-06-05,PARIS BREST,6.0,2.2,5
2022-06-06,PARIS BREST,4.0,2.2,3
2022-06-08,PARIS BREST,2.0,2.2,2
2022-06-09,PARIS BREST,2.0,2.2,2
2022-06-10,PARIS BREST,2.0,2.2,1
2022-06-11,PARIS BREST,1.0,2.2,1
2022-06-13,PARIS BREST,1.0,2.2,1
2022-06-17,PARIS BREST,3.0,2.2,2
2022-06-18,PARIS BREST,1.0,2.2,1
2022-06-19,PARIS BREST,5.0,2.2,4
2022-06-21,PARIS BREST,4.0,2.2,3
2022-06-24,PARIS BREST,1.0,2.2,1
2022-06-25,PARIS BREST,2.0,2.2,1
2022-06-26,PARIS BREST,4.0,2.2,4
2022-07-01,PARIS BREST,4.0,2.2,1
2022-07-03,PARIS BREST,8.0,2.2,5
2022-07-05,PARIS BREST,4.0,2.2,2
2022-07-06,PARIS BREST,1.0,2.2,1
2022-07-07,PARIS BREST,2.0,2.2,1
2022-07-09,PARIS BREST,3.0,2.2,2
2022-07-10,PARIS BREST,6.0,2.2,2
2022-07-11,PARIS BREST,1.0,2.2,1
2022-07-12,PARIS BREST,2.0,2.2,2
2022-07-13,PARIS BREST,1.0,2.2,1
2022-07-14,PARIS BREST,4.0,2.2,4
2022-07-15,PARIS BREST,4.0,2.2,2
2022-07-16,PARIS BREST,2.0,2.2,2
2022-07-17,PARIS BREST,8.0,2.2,5
2022-07-18,PARIS BREST,1.0,2.2,1
2022-07-19,PARIS BREST,1.0,2.2,1
2022-07-21,PARIS BREST,3.0,2.2,1
2022-07-24,PARIS BREST,5.0,2.2,3
2022-07-25,PARIS BREST,2.0,2.2,2
2022-07-26,PARIS BREST,2.0,2.2,2
2022-07-27,PARIS BREST,3.0,2.2,2
2022-07-28,PARIS BREST,4.0,2.2,4
2022-07-29,PARIS BREST,5.0,2.2,3
2022-07-30,PARIS BREST,2.0,2.2,2
2022-07-31,PARIS BREST,4.0,2.2,3
2022-08-01,PARIS BREST,2.0,2.2,1
2022-08-02,PARIS BREST,4.0,2.2,3
2022-08-04,PARIS BREST,2.0,2.2,1
2022-08-05,PARIS BREST,1.0,2.2,1
2022-08-06,PARIS BREST,4.0,2.2,3
2022-08-07,PARIS BREST,6.0,2.2,5
2022-08-08,PARIS BREST,2.0,2.2,2
2022-08-09,PARIS BREST,4.0,2.2,3
2022-08-11,PARIS BREST,1.0,2.2,1
2022-08-13,PARIS BREST,1.0,2.2,1
2022-08-14,PARIS BREST,9.0,2.2,6
2022-08-15,PARIS BREST,2.0,2.2,2
2022-08-16,PARIS BREST,4.0,2.2,2
2022-08-17,PARIS BREST,2.0,2.2,2
2022-08-19,PARIS BREST,2.0,2.2,2
2022-08-20,PARIS BREST,6.0,2.2,2
2022-08-21,PARIS BREST,6.0,2.2,4
2022-08-22,PARIS BREST,4.0,2.2,2
2022-08-23,PARIS BREST,4.0,2.2,4
2022-08-26,PARIS BREST,2.0,2.2,2
2022-08-27,PARIS BREST,1.0,2.2,1
2022-08-28,PARIS BREST,6.0,2.2,2
2022-08-29,PARIS BREST,1.0,2.2,1
2022-08-30,PARIS BREST,2.0,2.2,2
2022-08-31,PARIS BREST,1.0,2.2,1
2022-09-02,PARIS BREST,2.0,2.2,2
2022-09-03,PARIS BREST,3.0,2.2,3
2022-09-04,PARIS BREST,7.0,2.2,5
2022-09-06,PARIS BREST,4.0,2.2,4
2022-09-08,PARIS BREST,1.0,2.2,1
2022-09-09,PARIS BREST,1.0,2.2,1
2022-09-10,PARIS BREST,2.0,2.2,1
2022-09-11,PARIS BREST,6.0,2.2,5
2022-09-14,PARIS BREST,4.0,2.2,2
2022-09-15,PARIS BREST,1.0,2.2,1
2022-09-16,PARIS BREST,4.0,2.2,3
2022-09-17,PARIS BREST,3.0,2.2,3
2022-09-18,PARIS BREST,7.0,2.2,3
2022-09-21,PARIS BREST,1.0,2.2,1
2022-09-22,PARIS BREST,1.0,2.2,1
2022-09-23,PARIS BREST,5.0,2.2,4
2022-09-24,PARIS BREST,1.0,2.2,1
2022-09-25,PARIS BREST,8.0,2.2,5
2022-09-27,PARIS BREST,1.0,2.2,1
2022-09-28,PARIS BREST,3.0,2.2,2
2021-01-04,PATES,1.0,4.5,1
2021-07-13,PATES,1.0,4.5,1
2022-07-23,PLAQUE TARTE 25P,2.0,35.0,1
2022-03-03,PLAT,1.0,4.9,1
2022-04-04,PLAT,1.0,1.0,1
2022-04-05,PLAT,1.0,3.0,1
2022-04-19,PLAT,1.0,14.0,1
2022-07-01,PLAT,1.0,9.1,1
2022-07-08,PLAT,1.0,4.9,1
2022-08-22,PLAT,1.0,1.5,1
2022-08-23,PLAT,2.0,1.5,1
2022-02-28,PLAT 6.50E,1.0,6.5,1
2022-03-01,PLAT 7.00,3.0,7.0,2
2022-03-25,PLAT 7.00,5.0,7.0,4
2022-03-28,PLAT 7.00,1.0,7.0,1
2022-03-29,PLAT 7.00,2.0,7.0,2
2022-03-31,PLAT 7.00,1.0,7.0,1
2022-04-04,PLAT 7.00,2.0,7.0,2
2022-04-05,PLAT 7.00,2.0,7.0,1
2022-04-07,PLAT 7.00,2.0,7.0,1
2022-04-08,PLAT 7.00,1.0,7.0,1
2022-05-16,PLAT 7.00,1.0,7.0,1
2022-05-17,PLAT 7.00,3.0,7.0,2
2022-05-23,PLAT 7.00,2.0,7.0,1
2022-05-26,PLAT 7.00,4.0,7.0,2
2022-05-27,PLAT 7.00,1.0,7.0,1
2022-05-28,PLAT 7.00,1.0,7.0,1
2022-05-31,PLAT 7.00,1.0,7.0,1
2022-06-01,PLAT 7.00,2.0,7.0,2
2022-06-03,PLAT 7.00,2.0,7.0,2
2022-06-06,PLAT 7.00,3.0,7.0,2
2022-06-07,PLAT 7.00,1.0,7.0,1
2022-06-08,PLAT 7.00,1.0,7.0,1
2022-06-09,PLAT 7.00,1.0,7.0,1
2022-06-10,PLAT 7.00,1.0,7.0,1
2022-06-13,PLAT 7.00,1.0,7.0,1
2022-06-14,PLAT 7.00,1.0,7.0,1
2022-06-15,PLAT 7.00,2.0,7.0,2
2022-06-16,PLAT 7.00,1.0,7.0,1
2022-06-20,PLAT 7.00,1.0,7.0,1
2022-06-22,PLAT 7.00,1.0,7.0,1
2022-06-24,PLAT 7.00,1.0,7.0,1
2022-06-27,PLAT 7.00,2.0,7.0,2
2022-06-30,PLAT 7.00,1.0,7.0,1
2022-07-01,PLAT 7.00,1.0,7.0,1
2022-07-03,PLAT 7.00,2.0,7.0,1
2022-07-05,PLAT 7.00,2.0,7.0,2
2022-07-11,PLAT 7.00,2.0,7.0,2
2022-07-13,PLAT 7.00,2.0,7.0,2
2022-07-19,PLAT 7.00,4.0,7.0,2
2022-07-20,PLAT 7.00,3.0,7.0,2
2022-07-21,PLAT 7.00,2.0,7.0,1
2022-07-23,PLAT 7.00,1.0,7.0,1
2022-07-27,PLAT 7.00,2.0,7.0,1
2022-07-28,PLAT 7.00,3.0,7.0,2
2022-07-29,PLAT 7.00,1.0,7.0,1
2022-07-30,PLAT 7.00,2.0,7.0,2
2022-07-31,PLAT 7.00,1.0,7.0,1
2022-08-02,PLAT 7.00,1.0,7.0,1
2022-08-03,PLAT 7.00,1.0,7.0,1
2022-08-04,PLAT 7.00,4.0,7.0,3
2022-08-10,PLAT 7.00,4.0,7.0,2
2022-08-12,PLAT 7.00,2.0,7.0,1
2022-08-14,PLAT 7.00,1.0,7.0,1
2022-08-17,PLAT 7.00,1.0,7.0,1
2022-08-21,PLAT 7.00,1.0,7.0,1
2022-08-25,PLAT 7.00,1.0,7.0,1
2022-08-28,PLAT 7.00,2.0,7.0,2
2022-09-06,PLAT 7.00,2.0,7.0,2
2022-09-08,PLAT 7.00,1.0,7.0,1
2022-09-12,PLAT 7.00,1.0,7.0,1
2022-09-14,PLAT 7.00,1.0,7.0,1
2022-09-15,PLAT 7.00,1.0,7.0,1
2022-09-16,PLAT 7.00,2.0,7.0,2
2022-09-20,PLAT 7.00,2.0,7.0,2
2022-09-21,PLAT 7.00,1.0,7.0,1
2022-09-22,PLAT 7.00,1.0,7.0,1
2022-02-28,PLAT 7.60E,2.0,7.6,2
2022-03-02,PLAT 7.60E,2.0,7.6,2
2022-03-03,PLAT 7.60E,2.0,7.6,1
2022-03-06,PLAT 7.60E,1.0,7.6,1
2022-03-25,PLAT 7.60E,5.0,7.6,4
2022-03-28,PLAT 7.60E,1.0,7.6,1
2022-03-29,PLAT 7.60E,8.0,7.6,6
2022-04-01,PLAT 7.60E,7.0,7.6,4
2022-04-04,PLAT 7.60E,1.0,7.6,1
2022-04-05,PLAT 7.60E,2.0,7.6,2
2022-04-07,PLAT 7.60E,3.0,7.6,2
2022-04-08,PLAT 7.60E,3.0,7.6,3
2022-04-09,PLAT 7.60E,2.0,7.6,1
2022-04-14,PLAT 7.60E,2.0,7.6,1
2022-04-15,PLAT 7.60E,1.0,7.6,1
2022-04-21,PLAT 7.60E,2.0,7.6,1
2022-05-05,PLAT 7.60E,2.0,7.6,2
2022-05-09,PLAT 7.60E,4.0,7.6,3
2022-05-16,PLAT 7.60E,1.0,7.6,1
2022-05-17,PLAT 7.60E,4.0,7.6,4
2022-05-23,PLAT 7.60E,4.0,7.6,2
2022-05-26,PLAT 7.60E,3.0,7.6,2
2022-05-28,PLAT 7.60E,1.0,7.6,1
2022-05-30,PLAT 7.60E,1.0,7.6,1
2022-06-05,PLAT 7.60E,2.0,7.6,2
2022-06-06,PLAT 7.60E,1.0,7.6,1
2022-06-07,PLAT 7.60E,1.0,7.6,1
2022-06-08,PLAT 7.60E,3.0,7.6,2
2022-06-09,PLAT 7.60E,1.0,7.6,1
2022-06-10,PLAT 7.60E,3.0,7.6,2
2022-06-11,PLAT 7.60E,1.0,7.6,1
2022-06-12,PLAT 7.60E,2.0,7.6,1
2022-06-13,PLAT 7.60E,6.0,7.6,3
2022-06-14,PLAT 7.60E,3.0,7.6,2
2022-06-15,PLAT 7.60E,1.0,7.6,1
2022-06-16,PLAT 7.60E,1.0,7.6,1
2022-06-17,PLAT 7.60E,3.0,7.6,3
2022-06-18,PLAT 7.60E,4.0,7.6,1
2022-06-20,PLAT 7.60E,1.0,7.6,1
2022-06-21,PLAT 7.60E,1.0,7.6,1
2022-06-22,PLAT 7.60E,3.0,7.6,2
2022-06-24,PLAT 7.60E,8.0,7.6,6
2022-06-27,PLAT 7.60E,3.0,7.6,2
2022-06-29,PLAT 7.60E,3.0,7.6,3
2022-06-30,PLAT 7.60E,3.0,7.6,2
2022-07-01,PLAT 7.60E,6.0,7.6,3
2022-07-02,PLAT 7.60E,3.0,7.6,2
2022-07-03,PLAT 7.60E,1.0,7.6,1
2022-07-04,PLAT 7.60E,7.0,7.6,3
2022-07-05,PLAT 7.60E,2.0,7.6,2
2022-07-06,PLAT 7.60E,1.0,7.6,1
2022-07-09,PLAT 7.60E,1.0,7.6,1
2022-07-10,PLAT 7.60E,2.0,7.6,1
2022-07-11,PLAT 7.60E,2.0,7.6,2
2022-07-12,PLAT 7.60E,5.0,7.6,4
2022-07-13,PLAT 7.60E,1.0,7.6,1
2022-07-14,PLAT 7.60E,2.0,7.6,1
2022-07-17,PLAT 7.60E,5.0,7.6,2
2022-07-18,PLAT 7.60E,7.0,7.6,3
2022-07-19,PLAT 7.60E,2.0,7.6,1
2022-07-20,PLAT 7.60E,6.0,7.6,3
2022-07-22,PLAT 7.60E,1.0,7.6,1
2022-07-24,PLAT 7.60E,1.0,7.6,1
2022-07-25,PLAT 7.60E,1.0,7.6,1
2022-07-26,PLAT 7.60E,1.0,7.6,1
2022-07-27,PLAT 7.60E,4.0,7.6,2
2022-07-28,PLAT 7.60E,4.0,7.6,3
2022-07-29,PLAT 7.60E,3.0,7.6,3
2022-07-30,PLAT 7.60E,3.0,7.6,3
2022-07-31,PLAT 7.60E,4.0,7.6,2
2022-08-01,PLAT 7.60E,4.0,7.6,1
2022-08-02,PLAT 7.60E,2.0,7.6,2
2022-08-03,PLAT 7.60E,4.0,7.6,4
2022-08-04,PLAT 7.60E,7.0,7.6,5
2022-08-06,PLAT 7.60E,1.0,7.6,1
2022-08-08,PLAT 7.60E,5.0,7.6,3
2022-08-12,PLAT 7.60E,2.0,7.6,1
2022-08-13,PLAT 7.60E,1.0,7.6,1
2022-08-16,PLAT 7.60E,4.0,7.6,3
2022-08-17,PLAT 7.60E,1.0,7.6,1
2022-08-19,PLAT 7.60E,3.0,7.6,3
2022-08-20,PLAT 7.60E,1.0,7.6,1
2022-08-22,PLAT 7.60E,3.0,7.6,3
2022-08-23,PLAT 7.60E,2.0,7.6,2
2022-08-24,PLAT 7.60E,6.0,7.6,5
2022-08-25,PLAT 7.60E,1.0,7.6,1
2022-08-26,PLAT 7.60E,1.0,7.6,1
2022-08-27,PLAT 7.60E,3.0,7.6,2
2022-08-28,PLAT 7.60E,4.0,7.6,3
2022-08-29,PLAT 7.60E,8.0,7.6,4
2022-08-30,PLAT 7.60E,4.0,7.6,3
2022-08-31,PLAT 7.60E,3.0,7.6,3
2022-09-05,PLAT 7.60E,3.0,7.6,3
2022-09-06,PLAT 7.60E,7.0,7.6,4
2022-09-07,PLAT 7.60E,2.0,7.6,2
2022-09-08,PLAT 7.60E,2.0,7.6,1
2022-09-09,PLAT 7.60E,1.0,7.6,1
2022-09-10,PLAT 7.60E,4.0,7.6,2
2022-09-11,PLAT 7.60E,1.0,7.6,1
2022-09-12,PLAT 7.60E,1.0,7.6,1
2022-09-14,PLAT 7.60E,3.0,7.6,2
2022-09-15,PLAT 7.60E,4.0,7.6,4
2022-09-16,PLAT 7.60E,3.0,7.6,2
2022-09-17,PLAT 7.60E,1.0,7.6,1
2022-09-20,PLAT 7.60E,2.0,7.6,2
2022-09-21,PLAT 7.60E,3.0,7.6,2
2022-09-22,PLAT 7.60E,5.0,7.6,4
2022-09-23,PLAT 7.60E,2.0,7.6,2
2022-09-26,PLAT 7.60E,6.0,7.6,3
2022-09-27,PLAT 7.60E,2.0,7.6,2
2022-09-28,PLAT 7.60E,1.0,7.6,1
2022-09-29,PLAT 7.60E,9.0,7.6,6
2022-09-30,PLAT 7.60E,4.0,7.6,4
2022-03-06,PLAT 8.30E,1.0,8.3,1
2022-03-28,PLAT 8.30E,2.0,8.3,2
2022-03-31,PLAT 8.30E,1.0,8.3,1
2022-04-04,PLAT 8.30E,2.0,8.3,2
2022-04-06,PLAT 8.30E,4.0,8.3,3
2022-04-07,PLAT 8.30E,2.0,8.3,1
2022-04-08,PLAT 8.30E,3.0,8.3,2
2022-05-09,PLAT 8.30E,3.0,8.3,3
2022-05-10,PLAT 8.30E,3.0,8.3,2
2022-05-16,PLAT 8.30E,1.0,8.3,1
2022-05-23,PLAT 8.30E,1.0,8.3,1
2022-05-27,PLAT 8.30E,7.0,8.3,4
2022-05-28,PLAT 8.30E,3.0,8.3,2
2022-05-30,PLAT 8.30E,1.0,8.3,1
2022-06-02,PLAT 8.30E,4.0,8.3,3
2022-06-03,PLAT 8.30E,2.0,8.3,1
2022-06-06,PLAT 8.30E,2.0,8.3,2
2022-06-07,PLAT 8.30E,1.0,8.3,1
2022-06-09,PLAT 8.30E,1.0,8.3,1
2022-06-10,PLAT 8.30E,6.0,8.3,4
2022-06-13,PLAT 8.30E,1.0,8.3,1
2022-06-17,PLAT 8.30E,3.0,8.3,3
2022-06-20,PLAT 8.30E,2.0,8.3,1
2022-06-23,PLAT 8.30E,1.0,8.3,1
2022-06-24,PLAT 8.30E,4.0,8.3,3
2022-06-29,PLAT 8.30E,3.0,8.3,1
2022-06-30,PLAT 8.30E,1.0,8.3,1
2022-07-04,PLAT 8.30E,1.0,8.3,1
2022-07-05,PLAT 8.30E,4.0,8.3,3
2022-07-08,PLAT 8.30E,2.0,8.3,1
2022-07-09,PLAT 8.30E,2.0,8.3,1
2022-07-10,PLAT 8.30E,1.0,8.3,1
2022-07-12,PLAT 8.30E,2.0,8.3,2
2022-07-18,PLAT 8.30E,4.0,8.3,2
2022-07-19,PLAT 8.30E,1.0,8.3,1
2022-07-20,PLAT 8.30E,1.0,8.3,1
2022-07-22,PLAT 8.30E,2.0,8.3,1
2022-07-25,PLAT 8.30E,2.0,8.3,1
2022-07-26,PLAT 8.30E,2.0,8.3,1
2022-07-27,PLAT 8.30E,2.0,8.3,2
2022-07-30,PLAT 8.30E,1.0,8.3,1
2022-07-31,PLAT 8.30E,1.0,8.3,1
2022-08-01,PLAT 8.30E,2.0,8.3,2
2022-08-02,PLAT 8.30E,1.0,8.3,1
2022-08-05,PLAT 8.30E,5.0,8.3,3
2022-08-08,PLAT 8.30E,1.0,8.3,1
2022-08-12,PLAT 8.30E,3.0,8.3,2
2022-08-14,PLAT 8.30E,1.0,8.3,1
2022-08-16,PLAT 8.30E,2.0,8.3,2
2022-08-17,PLAT 8.30E,3.0,8.3,3
2022-08-19,PLAT 8.30E,1.0,8.3,1
2022-08-20,PLAT 8.30E,1.0,8.3,1
2022-08-22,PLAT 8.30E,2.0,8.3,2
2022-08-23,PLAT 8.30E,5.0,8.3,3
2022-08-24,PLAT 8.30E,1.0,8.3,1
2022-08-27,PLAT 8.30E,1.0,8.3,1
2022-08-28,PLAT 8.30E,1.0,8.3,1
2022-08-30,PLAT 8.30E,3.0,8.3,2
2022-09-05,PLAT 8.30E,3.0,8.3,2
2022-09-13,PLAT 8.30E,2.0,8.3,2
2022-09-15,PLAT 8.30E,2.0,8.3,2
2022-09-16,PLAT 8.30E,2.0,8.3,1
2022-09-17,PLAT 8.30E,1.0,8.3,1
2022-09-21,PLAT 8.30E,2.0,8.3,2
2022-09-22,PLAT 8.30E,1.0,8.3,1
2022-09-23,PLAT 8.30E,2.0,8.3,2
2022-09-24,PLAT 8.30E,1.0,8.3,1
2022-09-26,PLAT 8.30E,1.0,8.3,1
2022-09-27,PLAT 8.30E,1.0,8.3,1
2022-09-29,PLAT 8.30E,2.0,8.3,2
2022-09-30,PLAT 8.30E,1.0,8.3,1
2021-07-12,"PLATPREPARE5,50",1.0,5.5,1
2021-07-13,"PLATPREPARE5,50",2.0,5.5,2
2021-07-13,"PLATPREPARE6,00",1.0,6.0,1
2021-07-12,"PLATPREPARE6,50",3.0,3.25,2
2021-11-04,"PLATPREPARE6,50",1.0,6.5,1
2021-11-05,"PLATPREPARE6,50",4.0,6.5,3
2021-07-12,"PLATPREPARE7,00",3.0,7.0,1
2021-07-13,"PLATPREPARE7,00",6.0,7.0,3
2021-11-04,"PLATPREPARE7,00",4.0,7.0,3
2021-11-05,"PLATPREPARE7,00",3.0,7.0,3
2021-11-06,"PLATPREPARE7,00",1.0,7.0,1
2021-07-25,PT NANTAIS,2.0,3.0,2
2021-07-26,PT NANTAIS,4.0,3.0,4
2021-07-27,PT NANTAIS,4.0,3.0,3
2021-07-28,PT NANTAIS,1.0,3.0,1
2021-07-30,PT NANTAIS,2.0,3.0,2
2021-07-31,PT NANTAIS,6.0,3.0,4
2021-08-01,PT NANTAIS,3.0,3.0,3
2021-08-02,PT NANTAIS,4.0,3.0,2
2021-08-03,PT NANTAIS,3.0,3.0,2
2021-08-04,PT NANTAIS,2.0,3.0,1
2021-08-05,PT NANTAIS,10.0,3.0,4
2021-08-06,PT NANTAIS,2.0,3.0,1
2021-08-07,PT NANTAIS,13.0,3.0,8
2021-08-08,PT NANTAIS,10.0,3.0,6
2021-08-09,PT NANTAIS,6.0,3.0,2
2021-08-10,PT NANTAIS,5.0,3.0,4
2021-08-11,PT NANTAIS,6.0,3.0,3
2021-08-12,PT NANTAIS,1.0,3.0,1
2021-08-13,PT NANTAIS,4.0,3.0,3
2021-08-14,PT NANTAIS,7.0,3.0,4
2021-08-15,PT NANTAIS,15.0,3.0,8
2021-08-16,PT NANTAIS,4.0,3.0,4
2021-08-17,PT NANTAIS,6.0,3.0,4
2021-08-18,PT NANTAIS,3.0,3.0,2
2021-08-19,PT NANTAIS,10.0,3.0,5
2021-08-20,PT NANTAIS,2.0,3.0,2
2021-08-21,PT NANTAIS,7.0,3.0,5
2021-08-22,PT NANTAIS,5.0,3.0,3
2021-08-25,PT NANTAIS,6.0,3.0,4
2021-08-26,PT NANTAIS,7.0,3.0,4
2021-08-27,PT NANTAIS,4.0,3.0,3
2021-08-28,PT NANTAIS,2.0,3.0,2
2021-08-29,PT NANTAIS,8.0,3.0,5
2021-08-30,PT NANTAIS,3.0,3.0,2
2021-08-31,PT NANTAIS,3.0,3.0,2
2021-09-04,PT NANTAIS,3.0,3.0,2
2021-09-05,PT NANTAIS,3.0,3.0,1
2021-09-09,PT NANTAIS,4.0,3.0,4
2021-09-10,PT NANTAIS,1.0,3.0,1
2021-09-11,PT NANTAIS,2.0,3.0,2
2021-09-12,PT NANTAIS,5.0,3.0,5
2021-09-16,PT NANTAIS,1.0,3.0,1
2021-09-18,PT NANTAIS,5.0,3.0,4
2021-09-19,PT NANTAIS,1.0,3.0,1
2021-09-21,PT NANTAIS,1.0,3.0,1
2021-09-22,PT NANTAIS,2.0,3.0,2
2021-09-25,PT NANTAIS,3.0,3.0,3
2021-09-26,PT NANTAIS,3.0,3.0,2
2021-09-28,PT NANTAIS,1.0,3.0,1
2021-09-30,PT NANTAIS,1.0,3.0,1
2021-10-01,PT NANTAIS,3.0,3.0,2
2021-10-02,PT NANTAIS,2.0,3.0,1
2021-10-03,PT NANTAIS,1.0,3.0,1
2021-10-04,PT NANTAIS,3.0,3.0,2
2021-10-06,PT NANTAIS,1.0,3.0,1
2021-10-07,PT NANTAIS,1.0,3.0,1
2021-10-11,PT NANTAIS,1.0,3.0,1
2021-10-13,PT NANTAIS,2.0,3.0,1
2021-10-17,PT NANTAIS,2.0,3.0,2
2021-10-19,PT NANTAIS,1.0,3.0,1
2021-10-22,PT NANTAIS,1.0,3.0,1
2021-10-23,PT NANTAIS,3.0,3.0,1
2021-10-24,PT NANTAIS,6.0,3.0,4
2021-10-25,PT NANTAIS,1.0,3.0,1
2021-10-26,PT NANTAIS,2.0,3.0,2
2021-10-27,PT NANTAIS,4.0,3.0,2
2021-10-28,PT NANTAIS,5.0,3.0,2
2021-10-29,PT NANTAIS,6.0,3.0,2
2021-10-30,PT NANTAIS,6.0,3.0,3
2021-10-31,PT NANTAIS,1.0,3.0,1
2021-11-03,PT NANTAIS,3.0,3.0,1
2021-11-04,PT NANTAIS,1.0,3.0,1
2021-11-05,PT NANTAIS,3.0,3.0,2
2021-11-06,PT NANTAIS,1.0,3.0,1
2021-11-07,PT NANTAIS,3.0,3.0,2
2021-11-08,PT NANTAIS,1.0,3.0,1
2021-11-09,PT NANTAIS,1.0,3.0,1
2021-11-10,PT NANTAIS,2.0,3.0,1
2021-11-11,PT NANTAIS,2.0,3.0,2
2021-11-12,PT NANTAIS,1.0,3.0,1
2021-11-13,PT NANTAIS,4.0,3.0,1
2021-11-14,PT NANTAIS,7.0,3.0,2
2021-11-20,PT NANTAIS,6.0,3.0,1
2021-11-23,PT NANTAIS,1.0,3.0,1
2021-11-28,PT NANTAIS,2.0,3.0,1
2021-12-02,PT NANTAIS,2.0,3.0,1
2021-12-03,PT NANTAIS,1.0,3.0,1
2021-12-04,PT NANTAIS,1.0,3.0,1
2021-12-05,PT NANTAIS,7.0,3.0,4
2021-12-11,PT NANTAIS,2.0,3.0,2
2021-12-13,PT NANTAIS,1.0,3.0,1
2021-12-14,PT NANTAIS,1.0,3.0,1
2021-12-16,PT NANTAIS,3.0,3.0,2
2021-12-18,PT NANTAIS,2.0,3.0,2
2021-12-19,PT NANTAIS,3.0,3.0,2
2021-12-20,PT NANTAIS,2.0,3.0,1
2021-12-27,PT NANTAIS,2.0,3.0,1
2021-12-31,PT NANTAIS,1.0,3.0,1
2022-01-02,PT NANTAIS,3.0,3.0,3
2022-01-03,PT NANTAIS,1.0,3.0,1
2022-01-06,PT NANTAIS,1.0,3.0,1
2022-01-07,PT NANTAIS,1.0,3.0,1
2022-01-09,PT NANTAIS,1.0,3.0,1
2022-01-13,PT NANTAIS,2.0,3.0,1
2022-01-21,PT NANTAIS,1.0,3.0,1
2022-01-25,PT NANTAIS,1.0,3.0,1
2022-01-28,PT NANTAIS,2.0,3.0,2
2022-01-30,PT NANTAIS,1.0,3.0,1
2022-01-31,PT NANTAIS,1.0,3.0,1
2022-02-01,PT NANTAIS,1.0,3.0,1
2022-02-03,PT NANTAIS,1.0,3.0,1
2022-02-04,PT NANTAIS,1.0,3.0,1
2022-02-05,PT NANTAIS,1.0,3.0,1
2022-02-12,PT NANTAIS,1.0,3.5,1
2022-02-13,PT NANTAIS,1.0,3.5,1
2022-03-25,PT NANTAIS,2.0,3.5,2
2022-03-26,PT NANTAIS,2.0,3.5,1
2022-03-27,PT NANTAIS,2.0,3.5,2
2022-03-28,PT NANTAIS,3.0,3.5,2
2022-03-29,PT NANTAIS,1.0,3.5,1
2022-04-02,PT NANTAIS,2.0,3.5,1
2022-04-03,PT NANTAIS,2.0,3.5,2
2022-04-05,PT NANTAIS,1.0,3.5,1
2022-04-06,PT NANTAIS,5.0,3.5,1
2022-04-08,PT NANTAIS,2.0,3.5,1
2022-04-09,PT NANTAIS,3.0,3.5,2
2022-04-10,PT NANTAIS,1.0,3.5,1
2022-04-11,PT NANTAIS,1.0,3.5,1
2022-04-14,PT NANTAIS,3.0,3.5,1
2022-04-15,PT NANTAIS,1.0,3.5,1
2022-04-16,PT NANTAIS,8.0,3.5,4
2022-04-17,PT NANTAIS,1.0,3.5,1
2022-04-19,PT NANTAIS,4.0,3.5,1
2022-04-20,PT NANTAIS,2.0,3.5,1
2022-04-21,PT NANTAIS,1.0,3.5,1
2022-04-22,PT NANTAIS,4.0,3.5,1
2022-04-23,PT NANTAIS,1.0,3.5,1
2022-04-24,PT NANTAIS,3.0,3.5,1
2022-04-25,PT NANTAIS,2.0,3.5,1
2022-04-26,PT NANTAIS,1.0,3.5,1
2022-04-27,PT NANTAIS,3.0,3.5,2
2022-04-28,PT NANTAIS,1.0,3.5,1
2022-04-29,PT NANTAIS,2.0,3.5,1
2022-04-30,PT NANTAIS,7.0,3.5,5
2022-05-01,PT NANTAIS,5.0,3.5,3
2022-05-02,PT NANTAIS,1.0,3.5,1
2022-05-05,PT NANTAIS,1.0,3.5,1
2022-05-07,PT NANTAIS,1.0,3.5,1
2022-05-08,PT NANTAIS,1.0,3.5,1
2022-05-10,PT NANTAIS,7.0,3.5,2
2022-05-11,PT NANTAIS,2.0,3.5,2
2022-05-14,PT NANTAIS,2.0,3.5,1
2022-05-15,PT NANTAIS,1.0,3.5,1
2022-05-16,PT NANTAIS,2.0,3.5,1
2022-05-21,PT NANTAIS,1.0,3.5,1
2022-05-22,PT NANTAIS,1.0,3.5,1
2022-05-24,PT NANTAIS,1.0,3.5,1
2022-05-29,PT NANTAIS,3.0,3.5,2
2022-05-30,PT NANTAIS,3.0,3.5,2
2022-06-01,PT NANTAIS,1.0,3.5,1
2022-06-02,PT NANTAIS,1.0,3.5,1
2022-06-04,PT NANTAIS,3.0,3.5,1
2022-06-05,PT NANTAIS,1.0,3.5,1
2022-06-06,PT NANTAIS,7.0,3.5,5
2022-06-07,PT NANTAIS,2.0,3.5,1
2022-06-08,PT NANTAIS,2.0,3.5,1
2022-06-10,PT NANTAIS,3.0,3.5,2
2022-06-11,PT NANTAIS,1.0,3.5,1
2022-06-12,PT NANTAIS,2.0,3.5,1
2022-06-13,PT NANTAIS,4.0,3.5,2
2022-06-16,PT NANTAIS,3.0,3.5,2
2022-06-18,PT NANTAIS,2.0,3.5,1
2022-06-19,PT NANTAIS,2.0,3.5,1
2022-06-23,PT NANTAIS,1.0,3.5,1
2022-06-24,PT NANTAIS,1.0,3.5,1
2022-06-25,PT NANTAIS,3.0,3.5,3
2022-06-27,PT NANTAIS,2.0,3.5,1
2022-06-28,PT NANTAIS,1.0,3.5,1
2022-06-30,PT NANTAIS,1.0,3.5,1
2022-07-02,PT NANTAIS,4.0,3.5,1
2022-07-03,PT NANTAIS,7.0,3.5,3
2022-07-04,PT NANTAIS,2.0,3.5,1
2022-07-05,PT NANTAIS,3.0,3.5,1
2022-07-06,PT NANTAIS,2.0,3.5,2
2022-07-07,PT NANTAIS,3.0,3.5,1
2022-07-08,PT NANTAIS,2.0,3.5,2
2022-07-10,PT NANTAIS,2.0,3.5,2
2022-07-11,PT NANTAIS,5.0,3.5,1
2022-07-12,PT NANTAIS,5.0,3.5,2
2022-07-13,PT NANTAIS,1.0,3.5,1
2022-07-14,PT NANTAIS,1.0,3.5,1
2022-07-16,PT NANTAIS,2.0,3.5,1
2022-07-17,PT NANTAIS,13.0,3.5,4
2022-07-18,PT NANTAIS,2.0,3.5,2
2022-07-19,PT NANTAIS,4.0,3.5,3
2022-07-20,PT NANTAIS,2.0,3.5,2
2022-07-21,PT NANTAIS,3.0,3.5,2
2022-07-22,PT NANTAIS,1.0,3.5,1
2022-07-23,PT NANTAIS,1.0,3.5,1
2022-07-24,PT NANTAIS,14.0,3.5,7
2022-07-25,PT NANTAIS,5.0,3.5,3
2022-07-26,PT NANTAIS,3.0,3.5,2
2022-07-27,PT NANTAIS,3.0,3.5,2
2022-07-28,PT NANTAIS,7.0,3.5,4
2022-07-30,PT NANTAIS,6.0,3.5,4
2022-07-31,PT NANTAIS,4.0,3.5,3
2022-08-01,PT NANTAIS,5.0,3.5,2
2022-08-02,PT NANTAIS,5.0,3.5,4
2022-08-03,PT NANTAIS,1.0,3.5,1
2022-08-04,PT NANTAIS,3.0,3.5,2
2022-08-05,PT NANTAIS,14.0,3.5,3
2022-08-06,PT NANTAIS,6.0,3.5,4
2022-08-07,PT NANTAIS,3.0,3.5,3
2022-08-08,PT NANTAIS,5.0,3.5,3
2022-08-09,PT NANTAIS,8.0,3.5,3
2022-08-11,PT NANTAIS,4.0,3.5,3
2022-08-12,PT NANTAIS,6.0,3.5,4
2022-08-14,PT NANTAIS,3.0,3.5,2
2022-08-15,PT NANTAIS,3.0,3.5,2
2022-08-16,PT NANTAIS,7.0,3.5,2
2022-08-17,PT NANTAIS,6.0,3.5,3
2022-08-18,PT NANTAIS,3.0,3.5,3
2022-08-19,PT NANTAIS,2.0,3.5,2
2022-08-20,PT NANTAIS,17.0,3.5,7
2022-08-21,PT NANTAIS,2.0,3.5,2
2022-08-22,PT NANTAIS,6.0,3.5,4
2022-08-23,PT NANTAIS,1.0,3.5,1
2022-08-24,PT NANTAIS,4.0,3.5,2
2022-08-25,PT NANTAIS,3.0,3.5,2
2022-08-26,PT NANTAIS,1.0,3.5,1
2022-08-28,PT NANTAIS,3.0,3.5,2
2022-09-02,PT NANTAIS,1.0,3.5,1
2022-09-04,PT NANTAIS,2.0,3.5,1
2022-09-05,PT NANTAIS,2.0,3.5,2
2022-09-07,PT NANTAIS,4.0,3.5,2
2022-09-08,PT NANTAIS,1.0,3.5,1
2022-09-09,PT NANTAIS,1.0,3.5,1
2022-09-11,PT NANTAIS,3.0,3.5,2
2022-09-13,PT NANTAIS,1.0,3.5,1
2022-09-18,PT NANTAIS,5.0,3.5,4
2022-09-20,PT NANTAIS,2.0,3.5,2
2022-09-23,PT NANTAIS,4.0,3.5,1
2022-09-24,PT NANTAIS,1.0,3.5,1
2021-12-24,PT PLATEAU SALE,1.0,10.0,1
2021-12-31,PT PLATEAU SALE,3.0,10.0,2
2021-01-02,QUIM BREAD,3.0,1.0,2
2021-01-03,QUIM BREAD,7.0,1.0,5
2021-01-05,QUIM BREAD,4.0,1.0,3
2021-01-08,QUIM BREAD,5.0,1.0,5
2021-01-09,QUIM BREAD,2.0,1.0,1
2021-01-10,QUIM BREAD,3.0,1.0,2
2021-01-11,QUIM BREAD,4.0,1.0,2
2021-01-12,QUIM BREAD,1.0,1.0,1
2021-01-14,QUIM BREAD,1.0,1.0,1
2021-01-15,QUIM BREAD,4.0,1.0,2
2021-01-16,QUIM BREAD,4.0,1.0,4
2021-01-17,QUIM BREAD,3.0,1.0,2
2021-01-18,QUIM BREAD,1.0,1.0,1
2021-01-19,QUIM BREAD,2.0,1.0,1
2021-01-21,QUIM BREAD,3.0,1.0,3
2021-01-22,QUIM BREAD,1.0,1.0,1
2021-01-24,QUIM BREAD,3.0,1.0,3
2021-01-25,QUIM BREAD,3.0,1.0,1
2021-01-26,QUIM BREAD,2.0,1.0,2
2021-01-28,QUIM BREAD,1.0,1.0,1
2021-01-29,QUIM BREAD,1.0,1.0,1
2021-01-30,QUIM BREAD,7.0,1.0,4
2021-01-31,QUIM BREAD,1.0,1.0,1
2021-02-01,QUIM BREAD,3.0,1.0,1
2021-02-02,QUIM BREAD,2.0,1.0,1
2021-02-04,QUIM BREAD,2.0,1.0,1
2021-02-05,QUIM BREAD,5.0,1.0,2
2021-02-06,QUIM BREAD,3.0,1.0,2
2021-02-08,QUIM BREAD,3.0,1.0,3
2021-02-09,QUIM BREAD,2.0,1.0,2
2021-02-12,QUIM BREAD,5.0,1.0,5
2021-02-13,QUIM BREAD,1.0,1.0,1
2021-02-14,QUIM BREAD,11.0,1.0,7
2021-02-16,QUIM BREAD,3.0,1.0,2
2021-02-18,QUIM BREAD,1.0,1.0,1
2021-02-19,QUIM BREAD,6.0,1.0,4
2021-02-20,QUIM BREAD,3.0,1.0,3
2021-02-21,QUIM BREAD,9.0,1.0,6
2021-02-22,QUIM BREAD,7.0,1.0,4
2021-02-23,QUIM BREAD,2.0,1.0,1
2021-02-25,QUIM BREAD,3.0,1.0,3
2021-02-26,QUIM BREAD,4.0,1.0,2
2021-02-27,QUIM BREAD,8.0,1.0,4
2021-02-28,QUIM BREAD,4.0,1.0,2
2021-03-01,QUIM BREAD,5.0,1.0,3
2021-03-02,QUIM BREAD,4.0,1.0,4
2021-03-04,QUIM BREAD,5.0,1.0,2
2021-03-05,QUIM BREAD,2.0,1.0,2
2021-03-06,QUIM BREAD,3.0,1.0,2
2021-03-07,QUIM BREAD,3.0,1.0,2
2021-03-08,QUIM BREAD,4.0,1.0,2
2021-03-09,QUIM BREAD,3.0,1.0,3
2021-03-11,QUIM BREAD,4.0,1.0,1
2021-03-12,QUIM BREAD,4.0,1.0,3
2021-03-13,QUIM BREAD,1.0,1.0,1
2021-03-14,QUIM BREAD,6.0,1.0,4
2021-03-15,QUIM BREAD,5.0,1.0,2
2021-03-16,QUIM BREAD,4.0,1.0,2
2021-03-18,QUIM BREAD,1.0,1.0,1
2021-03-19,QUIM BREAD,2.0,1.0,1
2021-03-20,QUIM BREAD,6.0,1.0,4
2021-03-21,QUIM BREAD,8.0,1.0,5
2021-03-22,QUIM BREAD,3.0,1.0,2
2021-03-23,QUIM BREAD,6.0,1.0,4
2021-03-25,QUIM BREAD,4.0,1.0,4
2021-03-26,QUIM BREAD,6.0,1.0,2
2021-03-27,QUIM BREAD,6.0,1.0,3
2021-03-28,QUIM BREAD,2.0,1.0,1
2021-03-29,QUIM BREAD,2.0,1.0,2
2021-03-30,QUIM BREAD,3.0,1.0,1
2021-04-01,QUIM BREAD,2.0,1.0,2
2021-04-02,QUIM BREAD,4.0,1.0,3
2021-04-03,QUIM BREAD,5.0,1.0,3
2021-04-04,QUIM BREAD,4.0,1.0,3
2021-04-06,QUIM BREAD,2.0,1.0,2
2021-04-09,QUIM BREAD,4.0,1.0,2
2021-04-10,QUIM BREAD,1.0,1.0,1
2021-04-11,QUIM BREAD,5.0,1.0,3
2021-04-12,QUIM BREAD,5.0,1.0,3
2021-04-13,QUIM BREAD,1.0,1.0,1
2021-04-14,QUIM BREAD,4.0,1.0,2
2021-04-16,QUIM BREAD,3.0,1.0,2
2021-04-17,QUIM BREAD,6.0,1.0,2
2021-04-18,QUIM BREAD,1.0,1.0,1
2021-04-19,QUIM BREAD,4.0,1.0,4
2021-04-20,QUIM BREAD,4.0,1.0,3
2021-04-21,QUIM BREAD,4.0,1.0,2
2021-04-22,QUIM BREAD,1.0,1.0,1
2021-04-23,QUIM BREAD,5.0,1.0,2
2021-04-24,QUIM BREAD,4.0,1.0,2
2021-04-25,QUIM BREAD,7.0,1.0,2
2021-04-26,QUIM BREAD,5.0,1.0,3
2021-04-27,QUIM BREAD,3.0,1.0,1
2021-04-28,QUIM BREAD,1.0,1.0,1
2021-04-29,QUIM BREAD,4.0,1.0,3
2021-04-30,QUIM BREAD,3.0,1.0,2
2021-05-02,QUIM BREAD,5.0,1.0,4
2021-05-03,QUIM BREAD,5.0,1.0,2
2021-05-04,QUIM BREAD,5.0,1.0,3
2021-05-05,QUIM BREAD,6.0,1.0,2
2021-05-06,QUIM BREAD,3.0,1.0,2
2021-05-07,QUIM BREAD,4.0,1.0,3
2021-05-08,QUIM BREAD,4.0,1.0,2
2021-05-09,QUIM BREAD,6.0,1.0,1
2021-05-11,QUIM BREAD,5.0,1.0,3
2021-05-12,QUIM BREAD,7.0,1.0,3
2021-05-13,QUIM BREAD,7.0,1.0,6
2021-05-14,QUIM BREAD,9.0,1.0,5
2021-05-15,QUIM BREAD,6.0,1.0,2
2021-05-16,QUIM BREAD,12.0,1.0,7
2021-05-21,QUIM BREAD,8.0,1.0,2
2021-05-22,QUIM BREAD,5.0,1.0,5
2021-05-23,QUIM BREAD,11.0,1.0,3
2021-05-27,QUIM BREAD,4.0,1.0,3
2021-05-28,QUIM BREAD,6.0,1.0,3
2021-05-29,QUIM BREAD,1.0,1.0,1
2021-05-31,QUIM BREAD,4.0,1.0,3
2021-06-03,QUIM BREAD,3.0,1.0,2
2021-06-04,QUIM BREAD,1.0,1.0,1
2021-06-05,QUIM BREAD,5.0,1.0,2
2021-06-06,QUIM BREAD,4.0,1.0,3
2021-06-07,QUIM BREAD,6.0,1.0,4
2021-06-08,QUIM BREAD,2.0,1.0,2
2021-06-09,QUIM BREAD,4.0,1.0,4
2021-06-10,QUIM BREAD,1.0,1.0,1
2021-06-11,QUIM BREAD,4.0,1.0,2
2021-06-13,QUIM BREAD,5.0,1.0,3
2021-06-14,QUIM BREAD,3.0,1.0,2
2021-06-16,QUIM BREAD,6.0,1.0,4
2021-06-17,QUIM BREAD,5.0,1.0,4
2021-06-18,QUIM BREAD,2.0,1.0,2
2021-06-19,QUIM BREAD,3.0,1.0,2
2021-06-20,QUIM BREAD,6.0,1.0,4
2021-06-21,QUIM BREAD,4.0,1.0,4
2021-06-22,QUIM BREAD,2.0,1.0,1
2021-06-23,QUIM BREAD,4.0,1.0,4
2021-06-24,QUIM BREAD,4.0,1.0,2
2021-06-25,QUIM BREAD,6.0,1.0,2
2021-06-26,QUIM BREAD,5.0,1.0,2
2021-06-27,QUIM BREAD,5.0,1.0,3
2021-06-28,QUIM BREAD,12.0,1.0,6
2021-06-29,QUIM BREAD,6.0,1.0,4
2021-06-30,QUIM BREAD,6.0,1.0,1
2021-07-01,QUIM BREAD,4.0,1.0,2
2021-07-03,QUIM BREAD,5.0,1.0,2
2021-07-04,QUIM BREAD,3.0,1.0,2
2021-07-05,QUIM BREAD,4.0,1.0,2
2021-07-06,QUIM BREAD,6.0,1.0,3
2021-07-07,QUIM BREAD,5.0,1.0,3
2021-07-08,QUIM BREAD,5.0,1.0,5
2021-07-09,QUIM BREAD,9.0,1.0,4
2021-07-10,QUIM BREAD,22.0,1.0,7
2021-07-11,QUIM BREAD,2.0,1.0,1
2021-07-12,QUIM BREAD,5.0,1.0,2
2021-07-13,QUIM BREAD,3.0,1.0,2
2021-07-14,QUIM BREAD,2.0,1.0,2
2021-07-15,QUIM BREAD,3.0,1.0,2
2021-07-17,QUIM BREAD,13.0,1.0,8
2021-07-18,QUIM BREAD,2.0,1.0,1
2021-07-19,QUIM BREAD,2.0,1.0,2
2021-07-20,QUIM BREAD,2.0,1.0,2
2021-07-21,QUIM BREAD,3.0,1.0,2
2021-07-22,QUIM BREAD,6.0,1.0,4
2021-07-23,QUIM BREAD,7.0,1.0,5
2021-07-24,QUIM BREAD,16.0,1.0,4
2021-07-25,QUIM BREAD,5.0,1.0,2
2021-07-26,QUIM BREAD,5.0,1.0,5
2021-07-27,QUIM BREAD,4.0,1.0,4
2021-07-28,QUIM BREAD,9.0,1.0,5
2021-07-29,QUIM BREAD,10.0,1.0,4
2021-07-30,QUIM BREAD,6.0,1.0,5
2021-07-31,QUIM BREAD,10.0,1.0,5
2021-08-01,QUIM BREAD,7.0,1.0,3
2021-08-02,QUIM BREAD,5.0,1.0,3
2021-08-03,QUIM BREAD,2.0,1.0,2
2021-08-04,QUIM BREAD,2.0,1.0,1
2021-08-05,QUIM BREAD,8.0,1.0,6
2021-08-06,QUIM BREAD,2.0,1.0,2
2021-08-07,QUIM BREAD,8.0,1.0,4
2021-08-08,QUIM BREAD,5.0,1.0,3
2021-08-09,QUIM BREAD,5.0,1.0,3
2021-08-10,QUIM BREAD,7.0,1.0,2
2021-08-11,QUIM BREAD,6.0,1.0,2
2021-08-12,QUIM BREAD,7.0,1.0,5
2021-08-13,QUIM BREAD,5.0,1.0,2
2021-08-14,QUIM BREAD,5.0,1.0,4
2021-08-15,QUIM BREAD,2.0,1.0,1
2021-08-16,QUIM BREAD,11.0,1.0,4
2021-08-17,QUIM BREAD,7.0,1.0,4
2021-08-18,QUIM BREAD,7.0,1.0,5
2021-08-19,QUIM BREAD,3.0,1.0,1
2021-08-20,QUIM BREAD,9.0,1.0,3
2021-08-21,QUIM BREAD,13.0,1.0,6
2021-08-22,QUIM BREAD,12.0,1.0,4
2021-08-23,QUIM BREAD,4.0,1.0,3
2021-08-24,QUIM BREAD,10.0,1.0,1
2021-08-25,QUIM BREAD,10.0,1.0,4
2021-08-26,QUIM BREAD,5.0,1.0,4
2021-08-27,QUIM BREAD,6.0,1.0,5
2021-08-28,QUIM BREAD,7.0,1.0,4
2021-08-29,QUIM BREAD,7.0,1.0,4
2021-08-30,QUIM BREAD,5.0,1.0,3
2021-08-31,QUIM BREAD,7.0,1.0,5
2021-09-04,QUIM BREAD,7.0,1.0,3
2021-09-05,QUIM BREAD,3.0,1.0,3
2021-09-06,QUIM BREAD,4.0,1.0,3
2021-09-07,QUIM BREAD,3.0,1.0,2
2021-09-08,QUIM BREAD,7.0,1.0,3
2021-09-09,QUIM BREAD,3.0,1.0,2
2021-09-10,QUIM BREAD,4.0,1.0,2
2021-09-11,QUIM BREAD,2.0,1.0,1
2021-09-12,QUIM BREAD,4.0,1.0,3
2021-09-13,QUIM BREAD,7.0,1.0,3
2021-09-14,QUIM BREAD,2.0,1.0,2
2021-09-15,QUIM BREAD,1.0,1.0,1
2021-09-17,QUIM BREAD,2.0,1.0,2
2021-09-18,QUIM BREAD,6.0,1.0,3
2021-09-19,QUIM BREAD,5.0,1.0,4
2021-09-20,QUIM BREAD,1.0,1.0,1
2021-09-21,QUIM BREAD,4.0,1.0,3
2021-09-22,QUIM BREAD,4.0,1.0,2
2021-09-23,QUIM BREAD,5.0,1.0,5
2021-09-24,QUIM BREAD,3.0,1.0,2
2021-09-26,QUIM BREAD,3.0,1.0,3
2021-09-28,QUIM BREAD,2.0,1.0,2
2021-09-29,QUIM BREAD,3.0,1.0,2
2021-09-30,QUIM BREAD,1.0,1.0,1
2021-10-01,QUIM BREAD,1.0,1.0,1
2021-10-02,QUIM BREAD,3.0,1.0,3
2021-10-04,QUIM BREAD,4.0,1.0,2
2021-10-05,QUIM BREAD,2.0,1.0,2
2021-10-06,QUIM BREAD,3.0,1.0,2
2021-10-07,QUIM BREAD,1.0,1.0,1
2021-10-08,QUIM BREAD,5.0,1.0,2
2021-10-09,QUIM BREAD,3.0,1.0,1
2021-10-10,QUIM BREAD,8.0,1.0,5
2021-10-11,QUIM BREAD,1.0,1.0,1
2021-10-12,QUIM BREAD,4.0,1.0,2
2021-10-14,QUIM BREAD,1.0,1.0,1
2021-10-15,QUIM BREAD,2.0,1.0,1
2021-10-16,QUIM BREAD,4.0,1.0,2
2021-10-17,QUIM BREAD,4.0,1.0,4
2021-10-18,QUIM BREAD,4.0,1.0,3
2021-10-19,QUIM BREAD,4.0,1.0,4
2021-10-20,QUIM BREAD,4.0,1.0,1
2021-10-22,QUIM BREAD,1.0,1.0,1
2021-10-23,QUIM BREAD,4.0,1.0,2
2021-10-24,QUIM BREAD,2.0,1.0,1
2021-10-25,QUIM BREAD,4.0,1.0,2
2021-10-26,QUIM BREAD,3.0,1.0,2
2021-10-27,QUIM BREAD,3.0,1.0,2
2021-10-28,QUIM BREAD,2.0,1.0,2
2021-10-29,QUIM BREAD,2.0,1.0,2
2021-10-30,QUIM BREAD,3.0,1.0,2
2021-11-01,QUIM BREAD,7.0,1.0,2
2021-11-03,QUIM BREAD,4.0,1.0,4
2021-11-04,QUIM BREAD,5.0,1.0,1
2021-11-05,QUIM BREAD,6.0,1.0,5
2021-11-06,QUIM BREAD,11.0,1.0,6
2021-11-08,QUIM BREAD,4.0,1.0,2
2021-11-09,QUIM BREAD,4.0,1.0,3
2021-11-11,QUIM BREAD,2.0,1.0,1
2021-11-13,QUIM BREAD,1.0,1.0,1
2021-11-14,QUIM BREAD,4.0,1.0,2
2021-11-15,QUIM BREAD,1.0,1.0,1
2021-11-16,QUIM BREAD,1.0,1.0,1
2021-11-18,QUIM BREAD,4.0,1.0,3
2021-11-19,QUIM BREAD,3.0,1.0,2
2021-11-20,QUIM BREAD,1.0,1.0,1
2021-11-21,QUIM BREAD,4.0,1.0,3
2021-11-22,QUIM BREAD,3.0,1.0,2
2021-11-25,QUIM BREAD,2.0,1.0,2
2021-11-26,QUIM BREAD,4.0,1.0,2
2021-11-27,QUIM BREAD,1.0,1.0,1
2021-11-29,QUIM BREAD,2.0,1.0,1
2021-11-30,QUIM BREAD,3.0,1.0,2
2021-12-02,QUIM BREAD,1.0,1.0,1
2021-12-03,QUIM BREAD,3.0,1.0,2
2021-12-04,QUIM BREAD,4.0,1.0,2
2021-12-09,QUIM BREAD,1.0,1.0,1
2021-12-11,QUIM BREAD,2.0,1.0,1
2021-12-12,QUIM BREAD,4.0,1.0,2
2021-12-13,QUIM BREAD,1.0,1.0,1
2021-12-14,QUIM BREAD,2.0,1.0,2
2021-12-16,QUIM BREAD,4.0,1.0,2
2021-12-17,QUIM BREAD,7.0,1.0,4
2021-12-18,QUIM BREAD,5.0,1.0,3
2021-12-19,QUIM BREAD,6.0,1.0,3
2021-12-20,QUIM BREAD,3.0,1.0,2
2021-12-21,QUIM BREAD,2.0,1.0,1
2021-12-22,QUIM BREAD,1.0,1.0,1
2021-12-24,QUIM BREAD,6.0,1.0,2
2021-12-25,QUIM BREAD,5.0,1.0,2
2021-12-26,QUIM BREAD,5.0,1.0,4
2021-12-27,QUIM BREAD,3.0,1.0,2
2021-12-29,QUIM BREAD,4.0,1.0,3
2021-12-30,QUIM BREAD,4.0,1.0,2
2021-12-31,QUIM BREAD,2.0,1.0,1
2022-01-02,QUIM BREAD,7.0,1.0,5
2022-01-03,QUIM BREAD,5.0,1.0,4
2022-01-06,QUIM BREAD,3.0,1.0,2
2022-01-07,QUIM BREAD,3.0,1.0,2
2022-01-08,QUIM BREAD,5.0,1.0,2
2022-01-09,QUIM BREAD,2.0,1.0,1
2022-01-11,QUIM BREAD,2.0,1.0,1
2022-01-15,QUIM BREAD,3.0,1.0,2
2022-01-16,QUIM BREAD,4.0,1.0,2
2022-01-18,QUIM BREAD,2.0,1.0,2
2022-01-20,QUIM BREAD,4.0,1.0,2
2022-01-21,QUIM BREAD,3.0,1.0,1
2022-01-22,QUIM BREAD,3.0,1.0,2
2022-01-23,QUIM BREAD,7.0,1.0,4
2022-01-25,QUIM BREAD,5.0,1.0,5
2022-01-27,QUIM BREAD,3.0,1.0,2
2022-01-29,QUIM BREAD,1.0,1.0,1
2022-01-30,QUIM BREAD,4.0,1.0,1
2022-01-31,QUIM BREAD,1.0,1.0,1
2022-02-01,QUIM BREAD,1.0,1.0,1
2022-02-03,QUIM BREAD,3.0,1.0,1
2022-02-05,QUIM BREAD,6.0,1.0,4
2022-02-06,QUIM BREAD,1.0,1.0,1
2022-02-07,QUIM BREAD,5.0,1.1,4
2022-02-08,QUIM BREAD,6.0,1.1,4
2022-02-10,QUIM BREAD,5.0,1.1,2
2022-02-11,QUIM BREAD,2.0,1.1,2
2022-02-12,QUIM BREAD,5.0,1.1,4
2022-02-13,QUIM BREAD,3.0,1.1,3
2022-02-14,QUIM BREAD,4.0,1.1,4
2022-02-15,QUIM BREAD,6.0,1.1,4
2022-02-17,QUIM BREAD,2.0,1.1,2
2022-02-18,QUIM BREAD,5.0,1.1,3
2022-02-20,QUIM BREAD,1.0,1.1,1
2022-02-21,QUIM BREAD,5.0,1.1,3
2022-02-22,QUIM BREAD,1.0,1.1,1
2022-02-24,QUIM BREAD,2.0,1.1,2
2022-02-25,QUIM BREAD,5.0,1.1,2
2022-02-26,QUIM BREAD,5.0,1.1,3
2022-02-27,QUIM BREAD,1.0,1.1,1
2022-02-28,QUIM BREAD,2.0,1.1,1
2022-03-01,QUIM BREAD,4.0,1.1,2
2022-03-02,QUIM BREAD,3.0,1.1,2
2022-03-04,QUIM BREAD,4.0,1.1,2
2022-03-05,QUIM BREAD,3.0,1.1,1
2022-03-07,QUIM BREAD,4.0,1.1,3
2022-03-08,QUIM BREAD,5.0,1.1,2
2022-03-09,QUIM BREAD,4.0,1.1,3
2022-03-10,QUIM BREAD,4.0,1.1,3
2022-03-11,QUIM BREAD,1.0,1.1,1
2022-03-12,QUIM BREAD,3.0,1.1,2
2022-03-13,QUIM BREAD,1.0,1.1,1
2022-03-15,QUIM BREAD,5.0,1.1,3
2022-03-16,QUIM BREAD,6.0,1.1,1
2022-03-18,QUIM BREAD,3.0,1.1,2
2022-03-19,QUIM BREAD,2.0,1.1,1
2022-03-20,QUIM BREAD,6.0,1.1,2
2022-03-21,QUIM BREAD,1.0,1.1,1
2022-03-22,QUIM BREAD,6.0,1.1,4
2022-03-23,QUIM BREAD,1.0,1.1,1
2022-03-24,QUIM BREAD,2.0,1.1,1
2022-03-25,QUIM BREAD,4.0,1.1,2
2022-03-27,QUIM BREAD,3.0,1.1,2
2022-03-28,QUIM BREAD,1.0,1.1,1
2022-03-31,QUIM BREAD,1.0,1.1,1
2022-04-01,QUIM BREAD,3.0,1.1,2
2022-04-04,QUIM BREAD,2.0,1.1,1
2022-04-05,QUIM BREAD,4.0,1.1,3
2022-04-06,QUIM BREAD,2.0,1.1,2
2022-04-07,QUIM BREAD,1.0,1.1,1
2022-04-08,QUIM BREAD,5.0,1.1,3
2022-04-10,QUIM BREAD,1.0,1.1,1
2022-04-11,QUIM BREAD,5.0,1.1,3
2022-04-12,QUIM BREAD,1.0,1.1,1
2022-04-13,QUIM BREAD,4.0,1.1,3
2022-04-14,QUIM BREAD,2.0,1.1,1
2022-04-15,QUIM BREAD,3.0,1.1,3
2022-04-16,QUIM BREAD,5.0,1.1,1
2022-04-17,QUIM BREAD,3.0,1.1,1
2022-04-18,QUIM BREAD,1.0,1.1,1
2022-04-19,QUIM BREAD,5.0,1.1,3
2022-04-21,QUIM BREAD,3.0,1.1,2
2022-04-22,QUIM BREAD,1.0,1.1,1
2022-04-24,QUIM BREAD,2.0,1.1,1
2022-04-25,QUIM BREAD,1.0,1.1,1
2022-04-26,QUIM BREAD,3.0,1.1,2
2022-04-27,QUIM BREAD,6.0,1.1,2
2022-04-29,QUIM BREAD,3.0,1.1,2
2022-04-30,QUIM BREAD,5.0,1.1,2
2022-05-02,QUIM BREAD,6.0,1.1,3
2022-05-03,QUIM BREAD,3.0,1.1,3
2022-05-06,QUIM BREAD,4.0,1.1,2
2022-05-08,QUIM BREAD,7.0,1.1,2
2022-05-09,QUIM BREAD,2.0,1.1,2
2022-05-10,QUIM BREAD,6.0,1.1,4
2022-05-11,QUIM BREAD,2.0,1.1,1
2022-05-12,QUIM BREAD,6.0,1.1,2
2022-05-13,QUIM BREAD,4.0,1.1,2
2022-05-14,QUIM BREAD,2.0,1.1,2
2022-05-15,QUIM BREAD,2.0,1.1,1
2022-05-16,QUIM BREAD,5.0,1.1,4
2022-05-17,QUIM BREAD,1.0,1.1,1
2022-05-18,QUIM BREAD,3.0,1.1,2
2022-05-19,QUIM BREAD,4.0,1.1,2
2022-05-21,QUIM BREAD,1.0,1.1,1
2022-05-22,QUIM BREAD,3.0,1.1,2
2022-05-23,QUIM BREAD,3.0,1.1,2
2022-05-24,QUIM BREAD,2.0,1.1,1
2022-05-25,QUIM BREAD,1.0,1.1,1
2022-05-26,QUIM BREAD,8.0,1.1,4
2022-05-27,QUIM BREAD,5.0,1.1,4
2022-05-28,QUIM BREAD,2.0,1.1,2
2022-05-29,QUIM BREAD,6.0,1.1,3
2022-05-30,QUIM BREAD,6.0,1.1,3
2022-05-31,QUIM BREAD,3.0,1.1,3
2022-06-01,QUIM BREAD,1.0,1.1,1
2022-06-02,QUIM BREAD,3.0,1.1,2
2022-06-04,QUIM BREAD,7.0,1.1,2
2022-06-05,QUIM BREAD,2.0,1.1,2
2022-06-06,QUIM BREAD,9.0,1.1,6
2022-06-07,QUIM BREAD,2.0,1.1,1
2022-06-08,QUIM BREAD,2.0,1.1,1
2022-06-10,QUIM BREAD,1.0,1.1,1
2022-06-12,QUIM BREAD,7.0,1.1,2
2022-06-13,QUIM BREAD,2.0,1.1,2
2022-06-14,QUIM BREAD,1.0,1.1,1
2022-06-15,QUIM BREAD,2.0,1.1,1
2022-06-16,QUIM BREAD,3.0,1.1,2
2022-06-17,QUIM BREAD,1.0,1.1,1
2022-06-18,QUIM BREAD,4.0,1.1,1
2022-06-19,QUIM BREAD,6.0,1.1,3
2022-06-21,QUIM BREAD,6.0,1.1,5
2022-06-22,QUIM BREAD,1.0,1.1,1
2022-06-23,QUIM BREAD,1.0,1.1,1
2022-06-24,QUIM BREAD,6.0,1.1,2
2022-06-25,QUIM BREAD,7.0,1.1,3
2022-06-26,QUIM BREAD,2.0,1.1,2
2022-06-28,QUIM BREAD,4.0,1.1,4
2022-06-29,QUIM BREAD,3.0,1.2,2
2022-06-30,QUIM BREAD,3.0,1.2,3
2022-07-01,QUIM BREAD,2.0,1.2,1
2022-07-02,QUIM BREAD,4.0,1.2,2
2022-07-03,QUIM BREAD,2.0,1.2,1
2022-07-04,QUIM BREAD,1.0,1.2,1
2022-07-05,QUIM BREAD,4.0,1.2,3
2022-07-06,QUIM BREAD,7.0,1.2,5
2022-07-07,QUIM BREAD,2.0,1.2,2
2022-07-08,QUIM BREAD,3.0,1.2,2
2022-07-09,QUIM BREAD,6.0,1.2,5
2022-07-10,QUIM BREAD,4.0,1.2,3
2022-07-11,QUIM BREAD,3.0,1.2,3
2022-07-12,QUIM BREAD,3.0,1.2,3
2022-07-13,QUIM BREAD,2.0,1.2,2
2022-07-14,QUIM BREAD,6.0,1.2,3
2022-07-15,QUIM BREAD,5.0,1.2,3
2022-07-16,QUIM BREAD,7.0,1.2,3
2022-07-17,QUIM BREAD,16.0,1.2,8
2022-07-18,QUIM BREAD,12.0,1.2,2
2022-07-19,QUIM BREAD,10.0,1.2,3
2022-07-20,QUIM BREAD,9.0,1.2,4
2022-07-21,QUIM BREAD,4.0,1.2,3
2022-07-22,QUIM BREAD,4.0,1.2,3
2022-07-23,QUIM BREAD,9.0,1.2,5
2022-07-24,QUIM BREAD,6.0,1.2,1
2022-07-25,QUIM BREAD,5.0,1.2,4
2022-07-26,QUIM BREAD,5.0,1.2,3
2022-07-27,QUIM BREAD,6.0,1.2,2
2022-07-28,QUIM BREAD,3.0,1.2,2
2022-07-29,QUIM BREAD,9.0,1.2,3
2022-07-31,QUIM BREAD,8.0,1.2,5
2022-08-01,QUIM BREAD,3.0,1.2,2
2022-08-02,QUIM BREAD,2.0,1.2,2
2022-08-03,QUIM BREAD,3.0,1.2,3
2022-08-05,QUIM BREAD,5.0,1.2,3
2022-08-06,QUIM BREAD,6.0,1.2,3
2022-08-07,QUIM BREAD,7.0,1.2,2
2022-08-08,QUIM BREAD,4.0,1.2,3
2022-08-09,QUIM BREAD,3.0,1.2,3
2022-08-10,QUIM BREAD,6.0,1.2,5
2022-08-11,QUIM BREAD,4.0,1.2,2
2022-08-12,QUIM BREAD,8.0,1.2,4
2022-08-13,QUIM BREAD,3.0,1.2,2
2022-08-14,QUIM BREAD,10.0,1.2,5
2022-08-15,QUIM BREAD,5.0,1.2,3
2022-08-16,QUIM BREAD,3.0,1.2,3
2022-08-17,QUIM BREAD,14.0,1.2,7
2022-08-18,QUIM BREAD,5.0,1.2,4
2022-08-19,QUIM BREAD,13.0,1.2,7
2022-08-20,QUIM BREAD,11.0,1.2,4
2022-08-21,QUIM BREAD,4.0,1.2,2
2022-08-22,QUIM BREAD,10.0,1.2,3
2022-08-23,QUIM BREAD,6.0,1.2,2
2022-08-24,QUIM BREAD,4.0,1.2,3
2022-08-25,QUIM BREAD,5.0,1.2,4
2022-08-26,QUIM BREAD,8.0,1.2,4
2022-08-27,QUIM BREAD,3.0,1.2,3
2022-08-28,QUIM BREAD,7.0,1.2,4
2022-08-30,QUIM BREAD,7.0,1.2,2
2022-08-31,QUIM BREAD,2.0,1.2,2
2022-09-02,QUIM BREAD,4.0,1.2,3
2022-09-03,QUIM BREAD,10.0,1.2,5
2022-09-04,QUIM BREAD,5.0,1.2,4
2022-09-06,QUIM BREAD,5.0,1.2,3
2022-09-07,QUIM BREAD,3.0,1.2,2
2022-09-08,QUIM BREAD,1.0,1.2,1
2022-09-09,QUIM BREAD,7.0,1.2,5
2022-09-10,QUIM BREAD,4.0,1.2,3
2022-09-11,QUIM BREAD,7.0,1.2,4
2022-09-12,QUIM BREAD,1.0,1.2,1
2022-09-14,QUIM BREAD,4.0,1.2,3
2022-09-15,QUIM BREAD,4.0,1.2,2
2022-09-16,QUIM BREAD,1.0,1.2,1
2022-09-17,QUIM BREAD,3.0,1.2,2
2022-09-20,QUIM BREAD,3.0,1.2,1
2022-09-22,QUIM BREAD,5.0,1.2,3
2022-09-24,QUIM BREAD,5.0,1.2,2
2022-09-25,QUIM BREAD,2.0,1.2,1
2022-09-26,QUIM BREAD,4.0,1.2,2
2022-09-27,QUIM BREAD,4.0,1.2,2
2022-09-28,QUIM BREAD,7.0,1.2,3
2022-09-30,QUIM BREAD,5.0,1.2,2
2021-12-31,REDUCTION SUCREES 12,7.0,10.0,7
2022-06-05,REDUCTION SUCREES 12,1.0,10.0,1
2021-12-31,REDUCTION SUCREES 24,1.0,15.0,1
2021-07-12,RELIGIEUSE,1.0,2.5,1
2021-07-13,RELIGIEUSE,3.0,2.5,3
2021-07-14,RELIGIEUSE,5.0,2.5,3
2021-07-15,RELIGIEUSE,2.0,2.5,2
2021-07-16,RELIGIEUSE,1.0,2.5,1
2021-07-17,RELIGIEUSE,1.0,2.5,1
2021-07-18,RELIGIEUSE,6.0,2.5,4
2021-07-19,RELIGIEUSE,1.0,2.5,1
2021-07-20,RELIGIEUSE,4.0,2.5,4
2021-07-21,RELIGIEUSE,1.0,2.5,1
2021-07-22,RELIGIEUSE,3.0,2.5,2
2021-07-23,RELIGIEUSE,2.0,2.5,1
2021-07-24,RELIGIEUSE,1.0,2.5,1
2021-07-25,RELIGIEUSE,3.0,2.5,2
2021-07-26,RELIGIEUSE,1.0,2.5,1
2021-07-27,RELIGIEUSE,1.0,2.5,1
2021-07-29,RELIGIEUSE,3.0,2.5,1
2021-08-01,RELIGIEUSE,4.0,2.5,1
2021-08-04,RELIGIEUSE,3.0,2.5,2
2021-08-06,RELIGIEUSE,3.0,2.5,2
2021-08-07,RELIGIEUSE,2.0,2.5,1
2021-08-08,RELIGIEUSE,3.0,2.5,3
2021-08-09,RELIGIEUSE,3.0,2.5,1
2021-08-10,RELIGIEUSE,3.0,2.5,2
2021-08-11,RELIGIEUSE,6.0,2.5,2
2021-08-12,RELIGIEUSE,3.0,2.5,3
2021-08-14,RELIGIEUSE,2.0,2.5,1
2021-08-15,RELIGIEUSE,9.0,2.5,5
2021-08-16,RELIGIEUSE,1.0,2.5,1
2021-08-18,RELIGIEUSE,4.0,2.5,1
2021-08-21,RELIGIEUSE,3.0,2.5,2
2021-08-22,RELIGIEUSE,4.0,2.5,3
2021-08-23,RELIGIEUSE,5.0,2.5,2
2021-08-24,RELIGIEUSE,1.0,2.5,1
2021-08-25,RELIGIEUSE,1.0,2.5,1
2021-08-26,RELIGIEUSE,3.0,2.5,2
2021-08-27,RELIGIEUSE,3.0,2.5,2
2021-08-28,RELIGIEUSE,1.0,2.5,1
2021-08-29,RELIGIEUSE,4.0,2.5,4
2021-09-12,RELIGIEUSE,5.0,2.5,4
2021-09-19,RELIGIEUSE,3.0,2.5,2
2021-09-20,RELIGIEUSE,1.0,2.5,1
2021-03-21,ROYAL,3.0,3.0,1
2021-04-04,ROYAL,6.0,3.0,1
2021-05-30,ROYAL,4.0,3.0,1
2021-09-19,ROYAL,2.0,3.0,1
2021-09-25,ROYAL,4.0,3.0,2
2021-09-26,ROYAL,22.0,3.0,8
2021-09-27,ROYAL,1.0,3.0,1
2021-10-10,ROYAL,1.0,3.0,1
2021-10-24,ROYAL,4.0,3.0,3
2021-10-29,ROYAL,1.0,3.0,1
2021-10-31,ROYAL,1.0,3.0,1
2021-11-07,ROYAL,1.0,3.0,1
2021-11-14,ROYAL,1.0,3.0,1
2021-11-28,ROYAL,1.0,3.0,1
2021-12-05,ROYAL,1.0,3.0,1
2021-12-12,ROYAL,1.0,3.0,1
2021-12-19,ROYAL,1.0,3.0,1
2021-12-24,ROYAL,3.0,3.0,2
2021-12-26,ROYAL,5.0,3.0,4
2021-12-27,ROYAL,5.0,3.0,4
2021-12-28,ROYAL,5.0,3.0,3
2021-12-31,ROYAL,19.0,3.0,7
2022-01-02,ROYAL,1.0,3.0,1
2022-01-09,ROYAL,1.0,3.0,1
2022-01-22,ROYAL,1.0,3.0,1
2022-01-30,ROYAL,1.0,3.0,1
2022-02-06,ROYAL,1.0,3.0,1
2022-02-13,ROYAL,3.0,3.0,3
2022-02-14,ROYAL,8.0,3.0,5
2022-02-20,ROYAL,10.0,3.0,4
2022-02-27,ROYAL,11.0,3.0,8
2022-03-06,ROYAL,8.0,3.5,3
2022-03-13,ROYAL,7.0,3.5,5
2022-03-20,ROYAL,6.0,3.5,4
2022-03-26,ROYAL,7.0,3.5,3
2022-04-02,ROYAL,2.0,3.5,1
2022-04-03,ROYAL,1.0,3.5,1
2022-04-10,ROYAL,6.0,3.5,3
2022-04-11,ROYAL,1.0,3.5,1
2022-04-17,ROYAL,2.0,3.5,1
2022-04-24,ROYAL,7.0,3.5,4
2022-04-25,ROYAL,1.0,3.5,1
2022-05-01,ROYAL,5.0,3.5,4
2022-05-08,ROYAL,9.0,3.5,6
2022-05-09,ROYAL,3.0,3.5,2
2022-05-15,ROYAL,4.0,3.5,4
2022-05-22,ROYAL,3.0,3.5,1
2022-05-24,ROYAL,3.0,3.5,1
2022-05-26,ROYAL,2.0,3.5,2
2022-05-27,ROYAL,5.0,3.5,3
2022-05-28,ROYAL,8.0,3.5,2
2022-05-29,ROYAL,18.0,3.5,10
2022-06-08,ROYAL,1.0,3.5,1
2022-06-26,ROYAL,1.0,3.5,1
2022-06-27,ROYAL,3.0,3.5,2
2022-07-03,ROYAL,3.0,3.5,2
2022-07-04,ROYAL,1.0,3.5,1
2022-07-13,ROYAL,2.0,3.5,1
2022-08-07,ROYAL,2.0,3.5,2
2022-08-14,ROYAL,4.0,3.5,3
2022-08-15,ROYAL,2.0,3.5,2
2022-08-16,ROYAL,2.0,3.5,1
2022-08-17,ROYAL,1.0,3.5,1
2022-08-21,ROYAL,6.0,3.5,5
2022-08-23,ROYAL,2.0,3.5,1
2022-08-28,ROYAL,2.0,3.5,2
2022-08-29,ROYAL,4.0,3.5,2
2022-09-04,ROYAL,2.0,3.5,2
2022-09-06,ROYAL,1.0,3.5,1
2022-09-11,ROYAL,7.0,3.5,4
2022-09-25,ROYAL,7.0,3.5,5
2021-01-24,ROYAL 4P,2.0,12.0,1
2021-04-11,ROYAL 4P,1.0,12.0,1
2021-04-18,ROYAL 4P,2.0,12.0,2
2021-04-25,ROYAL 4P,4.0,12.0,4
2021-05-14,ROYAL 4P,1.0,12.0,1
2021-05-16,ROYAL 4P,4.0,12.0,3
2021-05-22,ROYAL 4P,2.0,12.0,1
2021-05-29,ROYAL 4P,1.0,12.0,1
2021-05-30,ROYAL 4P,3.0,12.0,3
2021-07-10,ROYAL 4P,1.0,12.0,1
2021-07-11,ROYAL 4P,1.0,12.0,1
2021-07-12,ROYAL 4P,1.0,12.0,1
2021-07-14,ROYAL 4P,4.0,12.0,4
2021-07-18,ROYAL 4P,1.0,12.0,1
2021-08-07,ROYAL 4P,1.0,12.0,1
2021-08-09,ROYAL 4P,2.0,12.0,2
2021-08-16,ROYAL 4P,1.0,12.0,1
2021-08-18,ROYAL 4P,2.0,12.0,1
2021-08-22,ROYAL 4P,1.0,12.0,1
2021-08-27,ROYAL 4P,2.0,12.0,1
2021-08-29,ROYAL 4P,3.0,12.0,3
2021-09-12,ROYAL 4P,2.0,12.0,1
2021-09-14,ROYAL 4P,4.0,12.0,1
2021-10-24,ROYAL 4P,4.0,12.0,1
2021-10-30,ROYAL 4P,1.0,12.0,1
2021-12-31,ROYAL 4P,1.0,12.0,1
2022-02-19,ROYAL 4P,1.0,12.0,1
2022-02-20,ROYAL 4P,1.0,12.0,1
2022-03-08,ROYAL 4P,2.0,14.0,1
2022-03-13,ROYAL 4P,2.0,14.0,1
2022-03-20,ROYAL 4P,1.0,14.0,1
2022-03-26,ROYAL 4P,2.0,14.0,2
2022-03-27,ROYAL 4P,1.0,14.0,1
2022-04-18,ROYAL 4P,2.0,14.0,1
2022-04-24,ROYAL 4P,2.0,14.0,1
2022-05-01,ROYAL 4P,1.0,14.0,1
2022-05-08,ROYAL 4P,1.0,14.0,1
2022-05-22,ROYAL 4P,1.0,14.0,1
2022-05-29,ROYAL 4P,1.0,14.0,1
2022-07-10,ROYAL 4P,1.0,14.0,1
2022-07-23,ROYAL 4P,1.0,14.0,1
2022-07-24,ROYAL 4P,3.0,14.0,2
2022-08-13,ROYAL 4P,1.0,14.0,1
2022-08-23,ROYAL 4P,1.0,14.0,1
2022-09-09,ROYAL 4P,1.0,14.0,1
2021-02-23,ROYAL 6P,1.0,18.0,1
2021-03-20,ROYAL 6P,1.0,18.0,1
2021-04-04,ROYAL 6P,4.0,18.0,1
2021-04-11,ROYAL 6P,2.0,18.0,2
2021-04-18,ROYAL 6P,1.0,18.0,1
2021-04-25,ROYAL 6P,1.0,18.0,1
2021-05-02,ROYAL 6P,1.0,18.0,1
2021-05-14,ROYAL 6P,1.0,18.0,1
2021-05-15,ROYAL 6P,2.0,18.0,2
2021-05-16,ROYAL 6P,1.0,18.0,1
2021-05-25,ROYAL 6P,1.0,18.0,1
2021-05-27,ROYAL 6P,1.0,18.0,1
2021-05-30,ROYAL 6P,2.0,18.0,2
2021-06-13,ROYAL 6P,1.0,18.0,1
2021-06-27,ROYAL 6P,1.0,18.0,1
2021-07-04,ROYAL 6P,1.0,18.0,1
2021-07-11,ROYAL 6P,1.0,18.0,1
2021-07-14,ROYAL 6P,4.0,18.0,4
2021-07-18,ROYAL 6P,3.0,18.0,3
2021-07-19,ROYAL 6P,1.0,18.0,1
2021-08-07,ROYAL 6P,1.0,18.0,1
2021-08-09,ROYAL 6P,2.0,18.0,2
2021-08-13,ROYAL 6P,1.0,18.0,1
2021-08-14,ROYAL 6P,1.0,18.0,1
2021-08-15,ROYAL 6P,1.0,18.0,1
2021-08-21,ROYAL 6P,2.0,18.0,2
2021-08-29,ROYAL 6P,1.0,18.0,1
2021-10-30,ROYAL 6P,1.0,18.0,1
2021-11-12,ROYAL 6P,2.0,18.0,1
2021-12-11,ROYAL 6P,1.0,18.0,1
2021-12-20,ROYAL 6P,1.0,18.0,1
2022-01-24,ROYAL 6P,1.0,18.0,1
2022-04-17,ROYAL 6P,2.0,21.0,1
2022-05-01,ROYAL 6P,1.0,21.0,1
2022-05-08,ROYAL 6P,1.0,21.0,1
2022-05-22,ROYAL 6P,1.0,21.0,1
2022-05-27,ROYAL 6P,1.0,21.0,1
2022-05-28,ROYAL 6P,2.0,21.0,1
2022-05-29,ROYAL 6P,1.0,21.0,1
2022-06-08,ROYAL 6P,1.0,21.0,1
2022-07-03,ROYAL 6P,2.0,21.0,2
2022-07-13,ROYAL 6P,1.0,21.0,1
2022-07-14,ROYAL 6P,1.0,21.0,1
2022-07-31,ROYAL 6P,1.0,21.0,1
2022-08-11,ROYAL 6P,1.0,21.0,1
2022-08-13,ROYAL 6P,1.0,21.0,1
2022-08-24,ROYAL 6P,1.0,21.0,1
2022-09-09,ROYAL 6P,1.0,21.0,1
2022-09-17,ROYAL 6P,1.0,21.0,1
2022-09-30,ROYAL 6P,1.0,21.0,1
2022-07-25,SABLE F  P,3.0,1.6,2
2022-07-26,SABLE F  P,2.0,1.6,1
2022-07-27,SABLE F  P,3.0,1.6,2
2022-07-28,SABLE F  P,8.0,1.6,3
2022-07-29,SABLE F  P,4.0,1.6,2
2022-07-30,SABLE F  P,7.0,1.6,4
2022-07-31,SABLE F  P,11.0,1.6,7
2022-08-01,SABLE F  P,4.0,1.6,4
2022-08-02,SABLE F  P,5.0,1.6,4
2022-08-04,SABLE F  P,4.0,1.6,2
2022-08-05,SABLE F  P,1.0,1.6,1
2022-08-06,SABLE F  P,7.0,1.6,3
2022-08-07,SABLE F  P,1.0,1.6,1
2022-08-08,SABLE F  P,5.0,1.6,3
2022-08-10,SABLE F  P,3.0,1.6,2
2022-08-11,SABLE F  P,1.0,1.6,1
2022-08-14,SABLE F  P,2.0,1.6,1
2022-08-15,SABLE F  P,7.0,1.6,4
2022-08-16,SABLE F  P,1.0,1.6,1
2022-08-17,SABLE F  P,6.0,1.6,3
2022-08-19,SABLE F  P,2.0,1.6,2
2022-08-20,SABLE F  P,1.0,1.6,1
2022-08-21,SABLE F  P,4.0,1.6,2
2022-08-22,SABLE F  P,2.0,1.6,1
2022-08-23,SABLE F  P,4.0,1.6,2
2022-08-24,SABLE F  P,2.0,1.6,1
2022-08-27,SABLE F  P,2.0,1.6,1
2022-08-28,SABLE F  P,4.0,1.6,3
2022-08-30,SABLE F  P,2.0,1.6,2
2022-09-06,SABLE F  P,4.0,1.6,2
2022-09-07,SABLE F  P,2.0,1.6,2
2022-09-08,SABLE F  P,2.0,1.6,2
2022-09-09,SABLE F  P,3.0,1.6,2
2022-09-10,SABLE F  P,3.0,1.6,1
2022-09-14,SABLE F  P,2.0,1.6,1
2022-09-17,SABLE F  P,1.0,1.6,1
2022-09-18,SABLE F  P,1.0,1.6,1
2022-09-22,SABLE F  P,1.0,1.6,1
2022-09-28,SABLE F  P,1.0,1.6,1
2022-09-30,SABLE F  P,1.0,1.6,1
2021-01-14,SACHET DE CROUTON,2.0,1.6,2
2021-01-17,SACHET DE CROUTON,1.0,1.6,1
2021-01-23,SACHET DE CROUTON,1.0,1.6,1
2021-01-26,SACHET DE CROUTON,1.0,1.6,1
2021-02-02,SACHET DE CROUTON,1.0,1.6,1
2021-02-06,SACHET DE CROUTON,1.0,1.6,1
2021-02-07,SACHET DE CROUTON,1.0,1.6,1
2021-03-07,SACHET DE CROUTON,1.0,1.6,1
2021-03-25,SACHET DE CROUTON,1.0,1.6,1
2021-03-26,SACHET DE CROUTON,2.0,1.6,2
2021-03-27,SACHET DE CROUTON,1.0,1.6,1
2021-03-30,SACHET DE CROUTON,1.0,1.6,1
2021-04-01,SACHET DE CROUTON,1.0,1.6,1
2021-04-05,SACHET DE CROUTON,2.0,1.6,1
2021-04-12,SACHET DE CROUTON,1.0,1.6,1
2021-04-15,SACHET DE CROUTON,1.0,1.6,1
2021-05-08,SACHET DE CROUTON,1.0,1.6,1
2021-05-09,SACHET DE CROUTON,2.0,1.6,2
2021-05-12,SACHET DE CROUTON,3.0,1.6,2
2021-05-13,SACHET DE CROUTON,2.0,1.6,2
2021-05-15,SACHET DE CROUTON,1.0,1.6,1
2021-05-16,SACHET DE CROUTON,1.0,1.6,1
2021-05-26,SACHET DE CROUTON,1.0,1.6,1
2021-05-29,SACHET DE CROUTON,1.0,1.6,1
2021-05-30,SACHET DE CROUTON,1.0,1.6,1
2021-06-01,SACHET DE CROUTON,1.0,1.6,1
2021-06-04,SACHET DE CROUTON,1.0,1.6,1
2021-06-05,SACHET DE CROUTON,2.0,1.6,2
2021-06-06,SACHET DE CROUTON,1.0,1.6,1
2021-06-11,SACHET DE CROUTON,1.0,1.6,1
2021-06-12,SACHET DE CROUTON,5.0,1.6,2
2021-06-17,SACHET DE CROUTON,1.0,1.6,1
2021-06-19,SACHET DE CROUTON,1.0,1.6,1
2021-07-07,SACHET DE CROUTON,2.0,1.6,1
2021-07-10,SACHET DE CROUTON,1.0,1.6,1
2021-07-13,SACHET DE CROUTON,1.0,1.6,1
2021-07-15,SACHET DE CROUTON,3.0,1.6,2
2021-07-16,SACHET DE CROUTON,1.0,1.6,1
2021-07-17,SACHET DE CROUTON,2.0,1.6,2
2021-07-21,SACHET DE CROUTON,4.0,1.6,3
2021-07-24,SACHET DE CROUTON,2.0,1.6,2
2021-07-25,SACHET DE CROUTON,1.0,1.6,1
2021-07-26,SACHET DE CROUTON,1.0,1.6,1
2021-07-27,SACHET DE CROUTON,1.0,1.6,1
2021-07-28,SACHET DE CROUTON,1.0,1.6,1
2021-07-29,SACHET DE CROUTON,1.0,1.6,1
2021-07-30,SACHET DE CROUTON,1.0,1.6,1
2021-07-31,SACHET DE CROUTON,1.0,1.6,1
2021-08-01,SACHET DE CROUTON,5.0,1.6,5
2021-08-03,SACHET DE CROUTON,3.0,1.6,3
2021-08-05,SACHET DE CROUTON,5.0,1.6,2
2021-08-06,SACHET DE CROUTON,1.0,1.6,1
2021-08-07,SACHET DE CROUTON,2.0,1.6,2
2021-08-14,SACHET DE CROUTON,1.0,1.6,1
2021-09-12,SACHET DE CROUTON,1.0,1.6,1
2021-09-30,SACHET DE CROUTON,1.0,1.6,1
2021-10-13,SACHET DE CROUTON,1.0,1.6,1
2021-10-14,SACHET DE CROUTON,1.0,1.6,1
2021-10-21,SACHET DE CROUTON,1.0,1.6,1
2021-10-22,SACHET DE CROUTON,2.0,1.6,2
2021-10-23,SACHET DE CROUTON,1.0,1.6,1
2021-10-27,SACHET DE CROUTON,1.0,1.6,1
2021-11-01,SACHET DE CROUTON,2.0,1.6,2
2021-11-08,SACHET DE CROUTON,1.0,1.6,1
2021-12-17,SACHET DE CROUTON,1.0,1.6,1
2021-12-23,SACHET DE CROUTON,3.0,1.6,2
2021-12-24,SACHET DE CROUTON,3.0,1.6,3
2021-12-27,SACHET DE CROUTON,1.0,1.6,1
2021-12-29,SACHET DE CROUTON,2.0,1.6,2
2021-12-30,SACHET DE CROUTON,1.0,1.6,1
2021-12-31,SACHET DE CROUTON,1.0,1.6,1
2022-01-15,SACHET DE CROUTON,1.0,1.6,1
2022-01-23,SACHET DE CROUTON,2.0,1.6,1
2022-03-14,SACHET DE CROUTON,1.0,1.6,1
2022-05-14,SACHET DE CROUTON,1.0,1.6,1
2022-06-30,SACHET DE CROUTON,1.0,1.6,1
2022-07-17,SACHET DE CROUTON,2.0,1.6,1
2022-07-19,SACHET DE CROUTON,4.0,1.6,4
2022-08-01,SACHET DE CROUTON,1.0,1.6,1
2022-08-22,SACHET DE CROUTON,1.0,1.6,1
2022-09-27,SACHET DE VIENNOISERIE,1.0,4.0,1
2021-01-05,SACHET VIENNOISERIE,3.0,4.0,3
2021-01-10,SACHET VIENNOISERIE,1.0,4.0,1
2021-01-16,SACHET VIENNOISERIE,1.0,4.0,1
2021-01-18,SACHET VIENNOISERIE,2.0,4.0,2
2021-01-19,SACHET VIENNOISERIE,4.0,4.0,3
2021-01-22,SACHET VIENNOISERIE,2.0,4.0,2
2021-01-24,SACHET VIENNOISERIE,2.0,4.0,2
2021-01-25,SACHET VIENNOISERIE,1.0,4.0,1
2021-01-26,SACHET VIENNOISERIE,1.0,4.0,1
2021-01-29,SACHET VIENNOISERIE,1.0,4.0,1
2021-01-30,SACHET VIENNOISERIE,1.0,4.0,1
2021-01-31,SACHET VIENNOISERIE,1.0,4.0,1
2021-02-01,SACHET VIENNOISERIE,2.0,4.0,1
2021-02-02,SACHET VIENNOISERIE,1.0,4.0,1
2021-02-05,SACHET VIENNOISERIE,1.0,4.0,1
2021-02-08,SACHET VIENNOISERIE,4.0,4.0,3
2021-02-09,SACHET VIENNOISERIE,2.0,4.0,2
2021-02-12,SACHET VIENNOISERIE,1.0,4.0,1
2021-02-15,SACHET VIENNOISERIE,1.0,4.0,1
2021-02-16,SACHET VIENNOISERIE,1.0,4.0,1
2021-02-19,SACHET VIENNOISERIE,2.0,4.0,2
2021-02-20,SACHET VIENNOISERIE,1.0,4.0,1
2021-02-21,SACHET VIENNOISERIE,3.0,4.0,3
2021-02-28,SACHET VIENNOISERIE,3.0,4.0,3
2021-03-01,SACHET VIENNOISERIE,1.0,4.0,1
2021-03-02,SACHET VIENNOISERIE,3.0,4.0,3
2021-03-05,SACHET VIENNOISERIE,2.0,4.0,2
2021-03-09,SACHET VIENNOISERIE,1.0,4.0,1
2021-03-14,SACHET VIENNOISERIE,1.0,4.0,1
2021-03-16,SACHET VIENNOISERIE,2.0,4.0,2
2021-03-19,SACHET VIENNOISERIE,3.0,4.0,2
2021-03-20,SACHET VIENNOISERIE,1.0,4.0,1
2021-03-21,SACHET VIENNOISERIE,2.0,4.0,2
2021-03-23,SACHET VIENNOISERIE,3.0,4.0,3
2021-03-26,SACHET VIENNOISERIE,2.0,4.0,2
2021-03-28,SACHET VIENNOISERIE,4.0,4.0,4
2021-03-29,SACHET VIENNOISERIE,4.0,4.0,4
2021-03-30,SACHET VIENNOISERIE,3.0,4.0,2
2021-04-06,SACHET VIENNOISERIE,3.0,4.0,3
2021-04-09,SACHET VIENNOISERIE,1.0,4.0,1
2021-04-10,SACHET VIENNOISERIE,2.0,4.0,2
2021-04-11,SACHET VIENNOISERIE,1.0,4.0,1
2021-04-12,SACHET VIENNOISERIE,1.0,4.0,1
2021-04-13,SACHET VIENNOISERIE,2.0,4.0,2
2021-04-15,SACHET VIENNOISERIE,1.0,4.0,1
2021-04-16,SACHET VIENNOISERIE,1.0,4.0,1
2021-04-18,SACHET VIENNOISERIE,1.0,4.0,1
2021-04-21,SACHET VIENNOISERIE,1.0,4.0,1
2021-04-22,SACHET VIENNOISERIE,1.0,4.0,1
2021-04-23,SACHET VIENNOISERIE,1.0,4.0,1
2021-04-24,SACHET VIENNOISERIE,2.0,4.0,2
2021-04-25,SACHET VIENNOISERIE,3.0,4.0,3
2021-04-26,SACHET VIENNOISERIE,1.0,4.0,1
2021-04-27,SACHET VIENNOISERIE,1.0,4.0,1
2021-04-28,SACHET VIENNOISERIE,2.0,4.0,2
2021-04-29,SACHET VIENNOISERIE,1.0,4.0,1
2021-04-30,SACHET VIENNOISERIE,2.0,4.0,2
2021-05-01,SACHET VIENNOISERIE,2.0,4.0,2
2021-05-02,SACHET VIENNOISERIE,3.0,4.0,3
2021-05-03,SACHET VIENNOISERIE,1.0,4.0,1
2021-05-04,SACHET VIENNOISERIE,1.0,4.0,1
2021-05-05,SACHET VIENNOISERIE,2.0,4.0,2
2021-05-09,SACHET VIENNOISERIE,1.0,4.0,1
2021-05-10,SACHET VIENNOISERIE,1.0,4.0,1
2021-05-11,SACHET VIENNOISERIE,1.0,4.0,1
2021-05-12,SACHET VIENNOISERIE,2.0,4.0,2
2021-05-15,SACHET VIENNOISERIE,3.0,4.0,3
2021-05-22,SACHET VIENNOISERIE,4.0,4.0,4
2021-05-25,SACHET VIENNOISERIE,1.0,4.0,1
2021-05-26,SACHET VIENNOISERIE,2.0,4.0,2
2021-05-27,SACHET VIENNOISERIE,3.0,4.0,3
2021-05-28,SACHET VIENNOISERIE,2.0,4.0,2
2021-05-29,SACHET VIENNOISERIE,2.0,4.0,2
2021-05-30,SACHET VIENNOISERIE,1.0,4.0,1
2021-06-01,SACHET VIENNOISERIE,3.0,4.0,3
2021-06-02,SACHET VIENNOISERIE,1.0,4.0,1
2021-06-05,SACHET VIENNOISERIE,1.0,4.0,1
2021-06-07,SACHET VIENNOISERIE,1.0,4.0,1
2021-06-09,SACHET VIENNOISERIE,1.0,4.0,1
2021-06-10,SACHET VIENNOISERIE,2.0,4.0,2
2021-06-15,SACHET VIENNOISERIE,1.0,4.0,1
2021-06-16,SACHET VIENNOISERIE,1.0,4.0,1
2021-06-21,SACHET VIENNOISERIE,1.0,4.0,1
2021-06-22,SACHET VIENNOISERIE,1.0,4.0,1
2021-06-23,SACHET VIENNOISERIE,2.0,4.0,2
2021-06-30,SACHET VIENNOISERIE,1.0,4.0,1
2021-07-06,SACHET VIENNOISERIE,1.0,4.0,1
2021-07-07,SACHET VIENNOISERIE,3.0,4.0,3
2021-07-08,SACHET VIENNOISERIE,1.0,4.0,1
2021-07-09,SACHET VIENNOISERIE,1.0,4.0,1
2021-07-11,SACHET VIENNOISERIE,2.0,4.0,2
2021-07-12,SACHET VIENNOISERIE,2.0,4.0,2
2021-07-13,SACHET VIENNOISERIE,4.0,4.0,4
2021-07-14,SACHET VIENNOISERIE,4.0,4.0,4
2021-07-15,SACHET VIENNOISERIE,4.0,4.0,3
2021-07-17,SACHET VIENNOISERIE,2.0,4.0,2
2021-07-18,SACHET VIENNOISERIE,2.0,4.0,2
2021-07-19,SACHET VIENNOISERIE,1.0,4.0,1
2021-07-20,SACHET VIENNOISERIE,3.0,4.0,3
2021-07-21,SACHET VIENNOISERIE,4.0,4.0,4
2021-07-22,SACHET VIENNOISERIE,4.0,4.0,4
2021-07-23,SACHET VIENNOISERIE,1.0,4.0,1
2021-07-26,SACHET VIENNOISERIE,1.0,4.0,1
2021-07-27,SACHET VIENNOISERIE,3.0,4.0,3
2021-07-28,SACHET VIENNOISERIE,3.0,4.0,3
2021-07-29,SACHET VIENNOISERIE,2.0,4.0,2
2021-07-30,SACHET VIENNOISERIE,5.0,4.0,5
2021-07-31,SACHET VIENNOISERIE,3.0,4.0,2
2021-08-01,SACHET VIENNOISERIE,1.0,4.0,1
2021-08-02,SACHET VIENNOISERIE,2.0,4.0,2
2021-08-04,SACHET VIENNOISERIE,1.0,4.0,1
2021-08-05,SACHET VIENNOISERIE,5.0,4.0,5
2021-08-07,SACHET VIENNOISERIE,2.0,4.0,2
2021-08-08,SACHET VIENNOISERIE,4.0,4.0,4
2021-08-09,SACHET VIENNOISERIE,3.0,4.0,3
2021-08-10,SACHET VIENNOISERIE,2.0,4.0,2
2021-08-11,SACHET VIENNOISERIE,1.0,4.0,1
2021-08-12,SACHET VIENNOISERIE,2.0,4.0,2
2021-08-14,SACHET VIENNOISERIE,2.0,4.0,1
2021-08-15,SACHET VIENNOISERIE,1.0,4.0,1
2021-08-17,SACHET VIENNOISERIE,2.0,4.0,2
2021-08-18,SACHET VIENNOISERIE,4.0,4.0,4
2021-08-19,SACHET VIENNOISERIE,4.0,4.0,4
2021-08-20,SACHET VIENNOISERIE,1.0,4.0,1
2021-08-23,SACHET VIENNOISERIE,2.0,4.0,2
2021-08-26,SACHET VIENNOISERIE,6.0,4.0,6
2021-08-28,SACHET VIENNOISERIE,5.0,4.0,5
2021-08-29,SACHET VIENNOISERIE,1.0,4.0,1
2021-08-31,SACHET VIENNOISERIE,1.0,4.0,1
2021-09-02,SACHET VIENNOISERIE,4.0,4.0,4
2021-09-03,SACHET VIENNOISERIE,1.0,4.0,1
2021-09-05,SACHET VIENNOISERIE,1.0,4.0,1
2021-09-06,SACHET VIENNOISERIE,2.0,4.0,2
2021-09-07,SACHET VIENNOISERIE,3.0,4.0,3
2021-09-08,SACHET VIENNOISERIE,3.0,4.0,3
2021-09-10,SACHET VIENNOISERIE,1.0,4.0,1
2021-09-11,SACHET VIENNOISERIE,1.0,4.0,1
2021-09-12,SACHET VIENNOISERIE,2.0,4.0,2
2021-09-16,SACHET VIENNOISERIE,1.0,4.0,1
2021-09-17,SACHET VIENNOISERIE,1.0,4.0,1
2021-09-25,SACHET VIENNOISERIE,2.0,4.0,2
2021-09-28,SACHET VIENNOISERIE,2.0,4.0,2
2021-09-29,SACHET VIENNOISERIE,1.0,4.0,1
2021-09-30,SACHET VIENNOISERIE,1.0,4.0,1
2021-10-01,SACHET VIENNOISERIE,1.0,4.0,1
2021-10-02,SACHET VIENNOISERIE,1.0,4.0,1
2021-10-05,SACHET VIENNOISERIE,1.0,4.0,1
2021-10-09,SACHET VIENNOISERIE,1.0,4.0,1
2021-10-10,SACHET VIENNOISERIE,1.0,4.0,1
2021-10-13,SACHET VIENNOISERIE,1.0,4.0,1
2021-10-16,SACHET VIENNOISERIE,1.0,4.0,1
2021-10-17,SACHET VIENNOISERIE,2.0,4.0,2
2021-10-19,SACHET VIENNOISERIE,2.0,4.0,2
2021-10-21,SACHET VIENNOISERIE,2.0,4.0,2
2021-10-26,SACHET VIENNOISERIE,2.0,4.0,2
2021-10-28,SACHET VIENNOISERIE,5.0,4.0,5
2021-10-29,SACHET VIENNOISERIE,4.0,4.0,4
2021-10-31,SACHET VIENNOISERIE,5.0,4.0,4
2021-11-01,SACHET VIENNOISERIE,1.0,4.0,1
2021-11-02,SACHET VIENNOISERIE,5.0,4.0,5
2021-11-03,SACHET VIENNOISERIE,1.0,4.0,1
2021-11-05,SACHET VIENNOISERIE,2.0,4.0,2
2021-11-06,SACHET VIENNOISERIE,2.0,4.0,2
2021-11-08,SACHET VIENNOISERIE,2.0,4.0,2
2021-11-09,SACHET VIENNOISERIE,2.0,4.0,2
2021-11-10,SACHET VIENNOISERIE,1.0,4.0,1
2021-11-13,SACHET VIENNOISERIE,1.0,4.0,1
2021-11-19,SACHET VIENNOISERIE,2.0,4.0,2
2021-11-20,SACHET VIENNOISERIE,1.0,4.0,1
2021-11-22,SACHET VIENNOISERIE,3.0,4.0,2
2021-11-23,SACHET VIENNOISERIE,2.0,4.0,2
2021-11-29,SACHET VIENNOISERIE,1.0,4.0,1
2021-11-30,SACHET VIENNOISERIE,1.0,4.0,1
2021-12-03,SACHET VIENNOISERIE,1.0,4.0,1
2021-12-11,SACHET VIENNOISERIE,1.0,4.0,1
2021-12-14,SACHET VIENNOISERIE,2.0,4.0,2
2021-12-23,SACHET VIENNOISERIE,1.0,4.0,1
2021-12-27,SACHET VIENNOISERIE,2.0,4.0,1
2021-12-29,SACHET VIENNOISERIE,1.0,4.0,1
2021-12-30,SACHET VIENNOISERIE,1.0,4.0,1
2021-12-31,SACHET VIENNOISERIE,2.0,4.0,2
2022-01-08,SACHET VIENNOISERIE,1.0,4.0,1
2022-01-10,SACHET VIENNOISERIE,1.0,4.0,1
2022-01-16,SACHET VIENNOISERIE,1.0,4.0,1
2022-01-18,SACHET VIENNOISERIE,2.0,4.0,2
2022-01-28,SACHET VIENNOISERIE,1.0,4.0,1
2022-01-29,SACHET VIENNOISERIE,1.0,4.0,1
2022-02-01,SACHET VIENNOISERIE,1.0,4.0,1
2022-02-04,SACHET VIENNOISERIE,1.0,4.0,1
2022-02-05,SACHET VIENNOISERIE,3.0,4.0,3
2022-02-06,SACHET VIENNOISERIE,1.0,4.0,1
2022-02-07,SACHET VIENNOISERIE,1.0,4.0,1
2022-02-08,SACHET VIENNOISERIE,3.0,4.0,3
2022-02-11,SACHET VIENNOISERIE,1.0,4.0,1
2022-02-12,SACHET VIENNOISERIE,1.0,4.0,1
2022-02-13,SACHET VIENNOISERIE,2.0,4.0,2
2022-02-14,SACHET VIENNOISERIE,2.0,4.0,2
2022-02-15,SACHET VIENNOISERIE,4.0,4.0,4
2022-02-18,SACHET VIENNOISERIE,2.0,4.0,2
2022-02-19,SACHET VIENNOISERIE,1.0,4.0,1
2022-02-20,SACHET VIENNOISERIE,4.0,4.0,4
2022-02-22,SACHET VIENNOISERIE,1.0,4.0,1
2022-02-25,SACHET VIENNOISERIE,1.0,4.0,1
2022-02-26,SACHET VIENNOISERIE,1.0,4.0,1
2022-02-27,SACHET VIENNOISERIE,3.0,4.0,3
2022-02-28,SACHET VIENNOISERIE,1.0,4.0,1
2022-03-02,SACHET VIENNOISERIE,2.0,4.0,2
2022-03-03,SACHET VIENNOISERIE,1.0,4.0,1
2022-03-04,SACHET VIENNOISERIE,1.0,4.0,1
2022-03-05,SACHET VIENNOISERIE,1.0,4.0,1
2022-03-07,SACHET VIENNOISERIE,3.0,4.0,3
2022-03-08,SACHET VIENNOISERIE,1.0,4.0,1
2022-03-09,SACHET VIENNOISERIE,1.0,4.0,1
2022-03-11,SACHET VIENNOISERIE,1.0,4.0,1
2022-03-12,SACHET VIENNOISERIE,1.0,4.0,1
2022-03-13,SACHET VIENNOISERIE,2.0,4.0,1
2022-03-15,SACHET VIENNOISERIE,2.0,4.0,2
2022-03-16,SACHET VIENNOISERIE,1.0,4.0,1
2022-03-18,SACHET VIENNOISERIE,1.0,4.0,1
2022-03-19,SACHET VIENNOISERIE,1.0,4.0,1
2022-03-23,SACHET VIENNOISERIE,1.0,4.0,1
2022-03-25,SACHET VIENNOISERIE,2.0,4.0,2
2022-03-26,SACHET VIENNOISERIE,2.0,4.0,2
2022-03-28,SACHET VIENNOISERIE,1.0,4.0,1
2022-03-31,SACHET VIENNOISERIE,1.0,4.0,1
2022-04-01,SACHET VIENNOISERIE,1.0,4.0,1
2022-04-03,SACHET VIENNOISERIE,1.0,4.0,1
2022-04-08,SACHET VIENNOISERIE,3.0,4.0,3
2022-04-11,SACHET VIENNOISERIE,2.0,4.0,2
2022-04-12,SACHET VIENNOISERIE,3.0,4.0,3
2022-04-13,SACHET VIENNOISERIE,3.0,4.0,3
2022-04-15,SACHET VIENNOISERIE,1.0,4.0,1
2022-04-16,SACHET VIENNOISERIE,2.0,4.0,2
2022-04-17,SACHET VIENNOISERIE,2.0,4.0,2
2022-04-19,SACHET VIENNOISERIE,1.0,4.0,1
2022-04-21,SACHET VIENNOISERIE,2.0,4.0,1
2022-04-23,SACHET VIENNOISERIE,2.0,4.0,2
2022-04-27,SACHET VIENNOISERIE,3.0,4.0,3
2022-04-28,SACHET VIENNOISERIE,2.0,4.0,2
2022-05-01,SACHET VIENNOISERIE,2.0,4.0,2
2022-05-02,SACHET VIENNOISERIE,2.0,4.0,2
2022-05-03,SACHET VIENNOISERIE,1.0,4.0,1
2022-05-06,SACHET VIENNOISERIE,3.0,4.0,3
2022-05-09,SACHET VIENNOISERIE,1.0,4.0,1
2022-05-10,SACHET VIENNOISERIE,1.0,4.0,1
2022-05-11,SACHET VIENNOISERIE,1.0,4.0,1
2022-05-12,SACHET VIENNOISERIE,3.0,4.0,3
2022-05-13,SACHET VIENNOISERIE,4.0,4.0,3
2022-05-14,SACHET VIENNOISERIE,2.0,4.0,2
2022-05-15,SACHET VIENNOISERIE,1.0,4.0,1
2022-05-20,SACHET VIENNOISERIE,2.0,4.0,2
2022-05-21,SACHET VIENNOISERIE,1.0,4.0,1
2022-05-22,SACHET VIENNOISERIE,1.0,4.0,1
2022-05-27,SACHET VIENNOISERIE,3.0,4.0,3
2022-05-28,SACHET VIENNOISERIE,2.0,4.0,2
2022-05-29,SACHET VIENNOISERIE,5.0,4.0,4
2022-06-01,SACHET VIENNOISERIE,1.0,4.0,1
2022-06-02,SACHET VIENNOISERIE,3.0,4.0,3
2022-06-03,SACHET VIENNOISERIE,3.0,4.0,2
2022-06-04,SACHET VIENNOISERIE,2.0,4.0,2
2022-06-05,SACHET VIENNOISERIE,3.0,4.0,3
2022-06-06,SACHET VIENNOISERIE,2.0,4.0,2
2022-06-08,SACHET VIENNOISERIE,4.0,4.0,4
2022-07-04,SACHET VIENNOISERIE,3.0,4.0,2
2022-07-05,SACHET VIENNOISERIE,2.0,4.0,2
2022-07-20,SACHET VIENNOISERIE,3.0,4.0,2
2022-07-22,SACHET VIENNOISERIE,1.0,4.0,1
2022-07-26,SACHET VIENNOISERIE,1.0,4.0,1
2022-07-27,SACHET VIENNOISERIE,2.0,4.0,2
2022-07-28,SACHET VIENNOISERIE,1.0,4.0,1
2021-01-11,SAND JB,1.0,3.0,1
2021-01-15,SAND JB,1.0,3.0,1
2021-01-17,SAND JB,1.0,3.0,1
2021-01-28,SAND JB,1.0,3.0,1
2021-02-01,SAND JB,1.0,3.0,1
2021-01-02,SAND JB EMMENTAL,9.0,3.5,4
2021-01-04,SAND JB EMMENTAL,1.0,3.5,1
2021-01-05,SAND JB EMMENTAL,1.0,3.5,1
2021-01-08,SAND JB EMMENTAL,4.0,3.5,4
2021-01-11,SAND JB EMMENTAL,5.0,3.5,4
2021-01-12,SAND JB EMMENTAL,1.0,3.5,1
2021-01-14,SAND JB EMMENTAL,1.0,3.5,1
2021-01-15,SAND JB EMMENTAL,5.0,3.5,4
2021-01-18,SAND JB EMMENTAL,7.0,3.5,5
2021-01-19,SAND JB EMMENTAL,1.0,3.5,1
2021-01-22,SAND JB EMMENTAL,2.0,3.5,2
2021-01-23,SAND JB EMMENTAL,2.0,3.5,1
2021-01-25,SAND JB EMMENTAL,4.0,3.5,4
2021-01-26,SAND JB EMMENTAL,1.0,3.5,1
2021-01-29,SAND JB EMMENTAL,2.0,3.5,2
2021-01-30,SAND JB EMMENTAL,1.0,3.5,1
2021-02-01,SAND JB EMMENTAL,1.0,3.5,1
2021-02-02,SAND JB EMMENTAL,2.0,3.5,2
2021-02-04,SAND JB EMMENTAL,2.0,3.5,2
2021-02-05,SAND JB EMMENTAL,4.0,3.5,3
2021-02-09,SAND JB EMMENTAL,1.0,3.5,1
2021-02-13,SAND JB EMMENTAL,1.0,3.5,1
2021-02-16,SAND JB EMMENTAL,1.0,3.5,1
2021-02-19,SAND JB EMMENTAL,1.0,3.5,1
2021-02-20,SAND JB EMMENTAL,1.0,3.5,1
2021-02-22,SAND JB EMMENTAL,4.0,3.5,3
2021-02-23,SAND JB EMMENTAL,2.0,3.5,2
2021-02-26,SAND JB EMMENTAL,9.0,3.5,7
2021-02-27,SAND JB EMMENTAL,6.0,3.5,5
2021-02-28,SAND JB EMMENTAL,1.0,3.5,1
2021-03-01,SAND JB EMMENTAL,2.0,3.5,1
2021-03-02,SAND JB EMMENTAL,3.0,3.5,2
2021-03-04,SAND JB EMMENTAL,2.0,3.5,2
2021-03-05,SAND JB EMMENTAL,4.0,3.5,4
2021-03-06,SAND JB EMMENTAL,4.0,3.5,2
2021-03-08,SAND JB EMMENTAL,1.0,3.5,1
2021-03-09,SAND JB EMMENTAL,4.0,3.5,4
2021-03-11,SAND JB EMMENTAL,6.0,3.5,5
2021-03-12,SAND JB EMMENTAL,4.0,3.5,3
2021-03-15,SAND JB EMMENTAL,5.0,3.5,5
2021-03-16,SAND JB EMMENTAL,2.0,3.5,2
2021-03-18,SAND JB EMMENTAL,1.0,3.5,1
2021-03-19,SAND JB EMMENTAL,1.0,3.5,1
2021-03-20,SAND JB EMMENTAL,1.0,3.5,1
2021-03-22,SAND JB EMMENTAL,6.0,3.5,5
2021-03-23,SAND JB EMMENTAL,3.0,3.5,3
2021-03-25,SAND JB EMMENTAL,2.0,3.5,2
2021-03-26,SAND JB EMMENTAL,4.0,3.5,3
2021-03-27,SAND JB EMMENTAL,3.0,3.5,2
2021-03-28,SAND JB EMMENTAL,3.0,3.5,2
2021-03-29,SAND JB EMMENTAL,7.0,3.5,7
2021-03-30,SAND JB EMMENTAL,3.0,3.5,2
2021-04-02,SAND JB EMMENTAL,1.0,3.5,1
2021-04-03,SAND JB EMMENTAL,1.0,3.5,1
2021-04-04,SAND JB EMMENTAL,1.0,3.5,1
2021-04-06,SAND JB EMMENTAL,7.0,3.5,6
2021-04-09,SAND JB EMMENTAL,3.0,3.5,3
2021-04-10,SAND JB EMMENTAL,2.0,3.5,2
2021-04-12,SAND JB EMMENTAL,3.0,3.5,3
2021-04-13,SAND JB EMMENTAL,3.0,3.5,3
2021-04-14,SAND JB EMMENTAL,1.0,3.5,1
2021-04-15,SAND JB EMMENTAL,1.0,3.5,1
2021-04-16,SAND JB EMMENTAL,2.0,3.5,2
2021-04-19,SAND JB EMMENTAL,5.0,3.5,5
2021-04-20,SAND JB EMMENTAL,4.0,3.5,3
2021-04-21,SAND JB EMMENTAL,3.0,3.5,3
2021-04-22,SAND JB EMMENTAL,4.0,3.5,4
2021-04-23,SAND JB EMMENTAL,6.0,3.5,4
2021-04-24,SAND JB EMMENTAL,1.0,3.5,1
2021-04-26,SAND JB EMMENTAL,1.0,3.5,1
2021-04-28,SAND JB EMMENTAL,4.0,3.5,4
2021-04-29,SAND JB EMMENTAL,6.0,3.5,6
2021-04-30,SAND JB EMMENTAL,3.0,3.5,3
2021-05-01,SAND JB EMMENTAL,1.0,3.5,1
2021-05-02,SAND JB EMMENTAL,1.0,3.5,1
2021-05-03,SAND JB EMMENTAL,4.0,3.5,4
2021-05-04,SAND JB EMMENTAL,1.0,3.5,1
2021-05-05,SAND JB EMMENTAL,2.0,3.5,2
2021-05-06,SAND JB EMMENTAL,2.0,3.5,2
2021-05-07,SAND JB EMMENTAL,2.0,3.5,2
2021-05-08,SAND JB EMMENTAL,3.0,3.5,2
2021-05-10,SAND JB EMMENTAL,2.0,3.5,2
2021-05-11,SAND JB EMMENTAL,3.0,3.5,3
2021-05-12,SAND JB EMMENTAL,4.0,3.5,4
2021-05-14,SAND JB EMMENTAL,2.0,3.5,2
2021-05-15,SAND JB EMMENTAL,1.0,3.5,1
2021-05-16,SAND JB EMMENTAL,7.0,3.5,4
2021-05-21,SAND JB EMMENTAL,5.0,3.5,3
2021-05-22,SAND JB EMMENTAL,4.0,3.5,4
2021-05-25,SAND JB EMMENTAL,7.0,3.5,5
2021-05-26,SAND JB EMMENTAL,2.0,3.5,2
2021-05-27,SAND JB EMMENTAL,2.0,3.5,2
2021-05-28,SAND JB EMMENTAL,6.0,3.5,5
2021-05-29,SAND JB EMMENTAL,4.0,3.5,4
2021-05-31,SAND JB EMMENTAL,9.0,3.5,6
2021-06-01,SAND JB EMMENTAL,4.0,3.5,4
2021-06-02,SAND JB EMMENTAL,4.0,3.5,4
2021-06-03,SAND JB EMMENTAL,5.0,3.5,4
2021-06-04,SAND JB EMMENTAL,8.0,3.5,6
2021-06-05,SAND JB EMMENTAL,5.0,3.5,2
2021-06-06,SAND JB EMMENTAL,5.0,3.5,2
2021-06-07,SAND JB EMMENTAL,3.0,3.5,3
2021-06-08,SAND JB EMMENTAL,3.0,3.5,3
2021-06-09,SAND JB EMMENTAL,6.0,3.5,5
2021-06-10,SAND JB EMMENTAL,2.0,3.5,1
2021-06-11,SAND JB EMMENTAL,8.0,3.5,7
2021-06-12,SAND JB EMMENTAL,1.0,3.5,1
2021-06-13,SAND JB EMMENTAL,1.0,3.5,1
2021-06-14,SAND JB EMMENTAL,8.0,3.5,8
2021-06-15,SAND JB EMMENTAL,7.0,3.5,5
2021-06-16,SAND JB EMMENTAL,2.0,3.5,2
2021-06-17,SAND JB EMMENTAL,1.0,3.5,1
2021-06-18,SAND JB EMMENTAL,4.0,3.5,4
2021-06-19,SAND JB EMMENTAL,2.0,3.5,2
2021-06-21,SAND JB EMMENTAL,1.0,3.5,1
2021-06-22,SAND JB EMMENTAL,5.0,3.5,4
2021-06-23,SAND JB EMMENTAL,3.0,3.5,3
2021-06-24,SAND JB EMMENTAL,4.0,3.5,3
2021-06-25,SAND JB EMMENTAL,2.0,3.5,2
2021-06-26,SAND JB EMMENTAL,2.0,3.5,1
2021-06-27,SAND JB EMMENTAL,1.0,3.5,1
2021-06-28,SAND JB EMMENTAL,2.0,3.5,2
2021-06-29,SAND JB EMMENTAL,3.0,3.5,2
2021-06-30,SAND JB EMMENTAL,5.0,3.5,5
2021-07-01,SAND JB EMMENTAL,1.0,3.5,1
2021-07-02,SAND JB EMMENTAL,4.0,3.5,3
2021-07-03,SAND JB EMMENTAL,1.0,3.5,1
2021-07-05,SAND JB EMMENTAL,5.0,3.5,4
2021-07-06,SAND JB EMMENTAL,3.0,3.5,2
2021-07-07,SAND JB EMMENTAL,4.0,3.5,3
2021-07-08,SAND JB EMMENTAL,3.0,3.5,2
2021-07-09,SAND JB EMMENTAL,2.0,3.5,2
2021-07-10,SAND JB EMMENTAL,8.0,3.5,5
2021-07-11,SAND JB EMMENTAL,2.0,3.5,2
2021-07-12,SAND JB EMMENTAL,4.0,3.5,4
2021-07-13,SAND JB EMMENTAL,4.0,3.5,4
2021-07-14,SAND JB EMMENTAL,2.0,3.5,1
2021-07-15,SAND JB EMMENTAL,12.0,3.5,7
2021-07-16,SAND JB EMMENTAL,8.0,3.5,6
2021-07-17,SAND JB EMMENTAL,4.0,3.5,3
2021-07-19,SAND JB EMMENTAL,1.0,3.5,1
2021-07-20,SAND JB EMMENTAL,10.0,3.5,7
2021-07-21,SAND JB EMMENTAL,8.0,3.5,4
2021-07-22,SAND JB EMMENTAL,8.0,3.5,5
2021-07-23,SAND JB EMMENTAL,11.0,3.5,10
2021-07-24,SAND JB EMMENTAL,2.0,3.5,2
2021-07-25,SAND JB EMMENTAL,2.0,3.5,2
2021-07-26,SAND JB EMMENTAL,6.0,3.5,4
2021-07-27,SAND JB EMMENTAL,5.0,3.5,4
2021-07-28,SAND JB EMMENTAL,2.0,3.5,2
2021-07-29,SAND JB EMMENTAL,7.0,3.5,5
2021-07-30,SAND JB EMMENTAL,4.0,3.5,4
2021-07-31,SAND JB EMMENTAL,1.0,3.5,1
2021-08-01,SAND JB EMMENTAL,1.0,3.5,1
2021-08-02,SAND JB EMMENTAL,2.0,3.5,2
2021-08-03,SAND JB EMMENTAL,2.0,3.5,2
2021-08-04,SAND JB EMMENTAL,4.0,3.5,4
2021-08-05,SAND JB EMMENTAL,2.0,3.5,2
2021-08-06,SAND JB EMMENTAL,6.0,3.5,4
2021-08-07,SAND JB EMMENTAL,8.0,3.5,6
2021-08-09,SAND JB EMMENTAL,3.0,3.5,3
2021-08-10,SAND JB EMMENTAL,5.0,3.5,4
2021-08-11,SAND JB EMMENTAL,15.0,3.5,7
2021-08-12,SAND JB EMMENTAL,7.0,3.5,5
2021-08-13,SAND JB EMMENTAL,8.0,3.5,6
2021-08-14,SAND JB EMMENTAL,6.0,3.5,4
2021-08-15,SAND JB EMMENTAL,3.0,3.5,1
2021-08-16,SAND JB EMMENTAL,4.0,3.5,3
2021-08-17,SAND JB EMMENTAL,6.0,3.5,4
2021-08-18,SAND JB EMMENTAL,11.0,3.5,8
2021-08-19,SAND JB EMMENTAL,4.0,3.5,4
2021-08-20,SAND JB EMMENTAL,11.0,3.5,8
2021-08-21,SAND JB EMMENTAL,1.0,3.5,1
2021-08-23,SAND JB EMMENTAL,7.0,3.5,6
2021-08-24,SAND JB EMMENTAL,9.0,3.5,9
2021-08-25,SAND JB EMMENTAL,5.0,3.5,5
2021-08-26,SAND JB EMMENTAL,10.0,3.5,7
2021-08-27,SAND JB EMMENTAL,8.0,3.5,7
2021-08-28,SAND JB EMMENTAL,3.0,3.5,2
2021-08-29,SAND JB EMMENTAL,8.0,3.5,3
2021-08-30,SAND JB EMMENTAL,6.0,3.5,5
2021-08-31,SAND JB EMMENTAL,4.0,3.5,4
2021-09-01,SAND JB EMMENTAL,6.0,3.5,5
2021-09-02,SAND JB EMMENTAL,4.0,3.5,4
2021-09-03,SAND JB EMMENTAL,5.0,3.5,5
2021-09-04,SAND JB EMMENTAL,2.0,3.5,2
2021-09-05,SAND JB EMMENTAL,4.0,3.5,2
2021-09-06,SAND JB EMMENTAL,4.0,3.5,4
2021-09-07,SAND JB EMMENTAL,4.0,3.5,4
2021-09-08,SAND JB EMMENTAL,6.0,3.5,5
2021-09-09,SAND JB EMMENTAL,8.0,3.5,7
2021-09-10,SAND JB EMMENTAL,5.0,3.5,4
2021-09-11,SAND JB EMMENTAL,1.0,3.5,1
2021-09-13,SAND JB EMMENTAL,4.0,3.5,3
2021-09-14,SAND JB EMMENTAL,4.0,3.5,4
2021-09-15,SAND JB EMMENTAL,6.0,3.5,4
2021-09-16,SAND JB EMMENTAL,9.0,3.5,7
2021-09-17,SAND JB EMMENTAL,2.0,3.5,2
2021-09-18,SAND JB EMMENTAL,1.0,3.5,1
2021-09-20,SAND JB EMMENTAL,7.0,3.5,6
2021-09-21,SAND JB EMMENTAL,9.0,3.5,9
2021-09-23,SAND JB EMMENTAL,7.0,3.5,6
2021-09-24,SAND JB EMMENTAL,2.0,3.5,2
2021-09-25,SAND JB EMMENTAL,1.0,3.5,1
2021-09-27,SAND JB EMMENTAL,5.0,3.5,5
2021-09-28,SAND JB EMMENTAL,4.0,3.5,4
2021-09-29,SAND JB EMMENTAL,4.0,3.5,3
2021-09-30,SAND JB EMMENTAL,5.0,3.5,5
2021-10-01,SAND JB EMMENTAL,5.0,3.5,3
2021-10-02,SAND JB EMMENTAL,2.0,3.5,1
2021-10-04,SAND JB EMMENTAL,3.0,3.5,2
2021-10-05,SAND JB EMMENTAL,4.0,3.5,3
2021-10-06,SAND JB EMMENTAL,2.0,3.5,2
2021-10-07,SAND JB EMMENTAL,3.0,3.5,3
2021-10-08,SAND JB EMMENTAL,4.0,3.5,2
2021-10-09,SAND JB EMMENTAL,3.0,3.5,3
2021-10-10,SAND JB EMMENTAL,1.0,3.5,1
2021-10-11,SAND JB EMMENTAL,2.0,3.5,2
2021-10-12,SAND JB EMMENTAL,1.0,3.5,1
2021-10-13,SAND JB EMMENTAL,6.0,3.5,5
2021-10-14,SAND JB EMMENTAL,6.0,3.5,5
2021-10-15,SAND JB EMMENTAL,4.0,3.5,3
2021-10-16,SAND JB EMMENTAL,1.0,3.5,1
2021-10-18,SAND JB EMMENTAL,1.0,3.5,1
2021-10-19,SAND JB EMMENTAL,5.0,3.5,3
2021-10-20,SAND JB EMMENTAL,3.0,3.5,3
2021-10-21,SAND JB EMMENTAL,4.0,3.5,3
2021-10-22,SAND JB EMMENTAL,4.0,3.5,3
2021-10-23,SAND JB EMMENTAL,2.0,3.5,2
2021-10-25,SAND JB EMMENTAL,1.0,3.5,1
2021-10-26,SAND JB EMMENTAL,2.0,3.5,2
2021-10-27,SAND JB EMMENTAL,6.0,3.5,5
2021-10-28,SAND JB EMMENTAL,4.0,3.5,4
2021-10-29,SAND JB EMMENTAL,2.0,3.5,2
2021-11-01,SAND JB EMMENTAL,1.0,3.5,1
2021-11-02,SAND JB EMMENTAL,3.0,3.5,2
2021-11-03,SAND JB EMMENTAL,1.0,3.5,1
2021-11-04,SAND JB EMMENTAL,2.0,3.5,2
2021-11-05,SAND JB EMMENTAL,3.0,3.5,2
2021-11-06,SAND JB EMMENTAL,3.0,3.5,3
2021-11-08,SAND JB EMMENTAL,5.0,3.5,4
2021-11-09,SAND JB EMMENTAL,3.0,3.5,3
2021-11-10,SAND JB EMMENTAL,4.0,3.5,4
2021-11-11,SAND JB EMMENTAL,1.0,3.5,1
2021-11-15,SAND JB EMMENTAL,2.0,3.5,2
2021-11-16,SAND JB EMMENTAL,3.0,3.5,3
2021-11-19,SAND JB EMMENTAL,2.0,3.5,2
2021-11-22,SAND JB EMMENTAL,1.0,3.5,1
2021-11-23,SAND JB EMMENTAL,2.0,3.5,1
2021-11-25,SAND JB EMMENTAL,1.0,3.5,1
2021-11-26,SAND JB EMMENTAL,2.0,3.5,2
2021-11-27,SAND JB EMMENTAL,2.0,3.5,1
2021-11-29,SAND JB EMMENTAL,3.0,3.5,3
2021-11-30,SAND JB EMMENTAL,3.0,3.5,3
2021-12-02,SAND JB EMMENTAL,1.0,3.5,1
2021-12-04,SAND JB EMMENTAL,1.0,3.5,1
2021-12-09,SAND JB EMMENTAL,2.0,3.5,2
2021-12-10,SAND JB EMMENTAL,1.0,3.5,1
2021-12-11,SAND JB EMMENTAL,1.0,3.5,1
2021-12-13,SAND JB EMMENTAL,5.0,3.5,5
2021-12-14,SAND JB EMMENTAL,2.0,3.5,2
2021-12-16,SAND JB EMMENTAL,7.0,3.5,7
2021-12-17,SAND JB EMMENTAL,2.0,3.5,2
2021-12-20,SAND JB EMMENTAL,2.0,3.5,2
2021-12-21,SAND JB EMMENTAL,4.0,3.5,4
2021-12-22,SAND JB EMMENTAL,1.0,3.5,1
2021-12-24,SAND JB EMMENTAL,1.0,3.5,1
2021-12-27,SAND JB EMMENTAL,1.0,3.5,1
2021-12-28,SAND JB EMMENTAL,2.0,3.5,1
2021-12-29,SAND JB EMMENTAL,1.0,3.5,1
2022-01-02,SAND JB EMMENTAL,1.0,3.5,1
2022-01-03,SAND JB EMMENTAL,3.0,3.5,1
2022-01-06,SAND JB EMMENTAL,2.0,3.5,2
2022-01-07,SAND JB EMMENTAL,2.0,3.5,2
2022-01-10,SAND JB EMMENTAL,3.0,3.5,3
2022-01-11,SAND JB EMMENTAL,1.0,3.5,1
2022-01-13,SAND JB EMMENTAL,6.0,3.5,6
2022-01-14,SAND JB EMMENTAL,6.0,3.5,4
2022-01-15,SAND JB EMMENTAL,3.0,3.5,2
2022-01-17,SAND JB EMMENTAL,7.0,3.5,3
2022-01-18,SAND JB EMMENTAL,4.0,3.5,3
2022-01-20,SAND JB EMMENTAL,4.0,3.5,3
2022-01-21,SAND JB EMMENTAL,3.0,3.5,2
2022-01-24,SAND JB EMMENTAL,1.0,3.5,1
2022-01-25,SAND JB EMMENTAL,2.0,3.5,2
2022-01-27,SAND JB EMMENTAL,1.0,3.5,1
2022-01-28,SAND JB EMMENTAL,1.0,3.5,1
2022-01-29,SAND JB EMMENTAL,3.0,3.5,3
2022-01-31,SAND JB EMMENTAL,3.0,3.5,2
2022-02-01,SAND JB EMMENTAL,1.0,3.5,1
2022-02-03,SAND JB EMMENTAL,5.0,3.5,5
2022-02-04,SAND JB EMMENTAL,4.0,3.5,4
2022-02-05,SAND JB EMMENTAL,1.0,3.5,1
2022-02-07,SAND JB EMMENTAL,5.0,3.5,5
2022-02-08,SAND JB EMMENTAL,5.0,3.5,5
2022-02-10,SAND JB EMMENTAL,4.0,3.5,4
2022-02-11,SAND JB EMMENTAL,5.0,3.5,3
2022-02-12,SAND JB EMMENTAL,6.0,3.5,2
2022-02-13,SAND JB EMMENTAL,1.0,3.5,1
2022-02-14,SAND JB EMMENTAL,3.0,3.5,3
2022-02-15,SAND JB EMMENTAL,4.0,3.5,3
2022-02-17,SAND JB EMMENTAL,4.0,3.5,3
2022-02-18,SAND JB EMMENTAL,3.0,3.5,2
2022-02-21,SAND JB EMMENTAL,3.0,3.5,3
2022-02-22,SAND JB EMMENTAL,1.0,4.0,1
2022-02-24,SAND JB EMMENTAL,6.0,4.0,6
2022-02-25,SAND JB EMMENTAL,1.0,4.0,1
2022-02-28,SAND JB EMMENTAL,5.0,4.0,5
2022-03-01,SAND JB EMMENTAL,4.0,4.0,3
2022-03-02,SAND JB EMMENTAL,4.0,4.0,4
2022-03-04,SAND JB EMMENTAL,1.0,4.0,1
2022-03-07,SAND JB EMMENTAL,4.0,4.0,3
2022-03-08,SAND JB EMMENTAL,4.0,4.0,4
2022-03-09,SAND JB EMMENTAL,2.0,4.0,2
2022-03-10,SAND JB EMMENTAL,2.0,4.0,2
2022-03-11,SAND JB EMMENTAL,3.0,4.0,3
2022-03-12,SAND JB EMMENTAL,1.0,4.0,1
2022-03-14,SAND JB EMMENTAL,7.0,4.0,7
2022-03-15,SAND JB EMMENTAL,4.0,4.0,4
2022-03-16,SAND JB EMMENTAL,1.0,4.0,1
2022-03-17,SAND JB EMMENTAL,1.0,4.0,1
2022-03-18,SAND JB EMMENTAL,5.0,4.0,4
2022-03-20,SAND JB EMMENTAL,1.0,4.0,1
2022-03-21,SAND JB EMMENTAL,3.0,4.0,3
2022-03-22,SAND JB EMMENTAL,2.0,4.0,2
2022-03-23,SAND JB EMMENTAL,6.0,4.0,4
2022-03-24,SAND JB EMMENTAL,3.0,4.0,3
2022-03-25,SAND JB EMMENTAL,2.0,4.0,2
2022-03-28,SAND JB EMMENTAL,2.0,4.0,2
2022-03-29,SAND JB EMMENTAL,3.0,4.0,3
2022-03-30,SAND JB EMMENTAL,3.0,4.0,1
2022-03-31,SAND JB EMMENTAL,2.0,4.0,2
2022-04-01,SAND JB EMMENTAL,2.0,4.0,2
2022-04-02,SAND JB EMMENTAL,1.0,4.0,1
2022-04-04,SAND JB EMMENTAL,3.0,4.0,3
2022-04-05,SAND JB EMMENTAL,5.0,4.0,5
2022-04-06,SAND JB EMMENTAL,2.0,4.0,2
2022-04-07,SAND JB EMMENTAL,3.0,4.0,3
2022-04-08,SAND JB EMMENTAL,1.0,4.0,1
2022-04-10,SAND JB EMMENTAL,8.0,4.0,1
2022-04-11,SAND JB EMMENTAL,3.0,4.0,3
2022-04-12,SAND JB EMMENTAL,4.0,4.0,4
2022-04-13,SAND JB EMMENTAL,1.0,4.0,1
2022-04-14,SAND JB EMMENTAL,3.0,4.0,3
2022-04-15,SAND JB EMMENTAL,3.0,4.0,2
2022-04-16,SAND JB EMMENTAL,1.0,4.0,1
2022-04-18,SAND JB EMMENTAL,9.0,4.0,5
2022-04-19,SAND JB EMMENTAL,4.0,4.0,3
2022-04-20,SAND JB EMMENTAL,5.0,4.0,4
2022-04-21,SAND JB EMMENTAL,4.0,4.0,3
2022-04-22,SAND JB EMMENTAL,4.0,4.0,4
2022-04-23,SAND JB EMMENTAL,3.0,4.0,3
2022-04-24,SAND JB EMMENTAL,1.0,4.0,1
2022-04-25,SAND JB EMMENTAL,3.0,4.0,3
2022-04-26,SAND JB EMMENTAL,4.0,4.0,3
2022-04-27,SAND JB EMMENTAL,7.0,4.0,6
2022-04-28,SAND JB EMMENTAL,2.0,4.0,2
2022-04-29,SAND JB EMMENTAL,2.0,4.0,2
2022-04-30,SAND JB EMMENTAL,3.0,4.0,2
2022-05-01,SAND JB EMMENTAL,2.0,4.0,2
2022-05-02,SAND JB EMMENTAL,2.0,4.0,1
2022-05-03,SAND JB EMMENTAL,5.0,4.0,5
2022-05-05,SAND JB EMMENTAL,4.0,4.0,4
2022-05-06,SAND JB EMMENTAL,4.0,4.0,4
2022-05-08,SAND JB EMMENTAL,1.0,4.0,1
2022-05-09,SAND JB EMMENTAL,7.0,4.0,4
2022-05-10,SAND JB EMMENTAL,5.0,4.0,5
2022-05-11,SAND JB EMMENTAL,3.0,4.0,3
2022-05-12,SAND JB EMMENTAL,5.0,4.0,4
2022-05-13,SAND JB EMMENTAL,2.0,4.0,2
2022-05-14,SAND JB EMMENTAL,2.0,4.0,2
2022-05-15,SAND JB EMMENTAL,3.0,4.0,2
2022-05-16,SAND JB EMMENTAL,4.0,4.0,4
2022-05-17,SAND JB EMMENTAL,3.0,4.0,3
2022-05-18,SAND JB EMMENTAL,4.0,4.0,3
2022-05-19,SAND JB EMMENTAL,4.0,4.0,4
2022-05-20,SAND JB EMMENTAL,4.0,4.0,4
2022-05-21,SAND JB EMMENTAL,7.0,4.0,5
2022-05-22,SAND JB EMMENTAL,2.0,4.0,1
2022-05-23,SAND JB EMMENTAL,7.0,4.0,6
2022-05-24,SAND JB EMMENTAL,2.0,4.0,2
2022-05-25,SAND JB EMMENTAL,2.0,4.0,2
2022-05-27,SAND JB EMMENTAL,3.0,4.0,3
2022-05-28,SAND JB EMMENTAL,3.0,4.0,3
2022-05-29,SAND JB EMMENTAL,2.0,4.0,2
2022-05-30,SAND JB EMMENTAL,8.0,4.0,7
2022-05-31,SAND JB EMMENTAL,4.0,4.0,2
2022-06-01,SAND JB EMMENTAL,5.0,4.0,4
2022-06-02,SAND JB EMMENTAL,3.0,4.0,2
2022-06-03,SAND JB EMMENTAL,11.0,4.0,8
2022-06-04,SAND JB EMMENTAL,3.0,4.0,2
2022-06-05,SAND JB EMMENTAL,2.0,4.0,1
2022-06-06,SAND JB EMMENTAL,3.0,4.0,2
2022-06-08,SAND JB EMMENTAL,1.0,4.0,1
2022-06-09,SAND JB EMMENTAL,6.0,4.0,6
2022-06-10,SAND JB EMMENTAL,7.0,4.0,7
2022-06-12,SAND JB EMMENTAL,3.0,4.0,2
2022-06-13,SAND JB EMMENTAL,2.0,4.0,2
2022-06-14,SAND JB EMMENTAL,6.0,4.0,5
2022-06-15,SAND JB EMMENTAL,3.0,4.0,3
2022-06-16,SAND JB EMMENTAL,1.0,4.0,1
2022-06-17,SAND JB EMMENTAL,3.0,4.0,3
2022-06-18,SAND JB EMMENTAL,2.0,4.0,2
2022-06-19,SAND JB EMMENTAL,2.0,4.0,2
2022-06-20,SAND JB EMMENTAL,7.0,4.0,5
2022-06-21,SAND JB EMMENTAL,2.0,4.0,2
2022-06-22,SAND JB EMMENTAL,5.0,4.0,5
2022-06-23,SAND JB EMMENTAL,3.0,4.0,2
2022-06-24,SAND JB EMMENTAL,1.0,4.0,1
2022-06-25,SAND JB EMMENTAL,4.0,4.0,3
2022-06-28,SAND JB EMMENTAL,7.0,4.0,7
2022-06-29,SAND JB EMMENTAL,2.0,4.0,2
2022-06-30,SAND JB EMMENTAL,4.0,4.0,4
2022-07-01,SAND JB EMMENTAL,3.0,4.0,3
2022-07-02,SAND JB EMMENTAL,1.0,4.0,1
2022-07-03,SAND JB EMMENTAL,1.0,4.0,1
2022-07-04,SAND JB EMMENTAL,4.0,4.0,4
2022-07-05,SAND JB EMMENTAL,8.0,4.0,7
2022-07-06,SAND JB EMMENTAL,3.0,4.0,2
2022-07-07,SAND JB EMMENTAL,3.0,4.0,3
2022-07-08,SAND JB EMMENTAL,6.0,4.0,6
2022-07-09,SAND JB EMMENTAL,3.0,4.0,2
2022-07-11,SAND JB EMMENTAL,2.0,4.0,2
2022-07-12,SAND JB EMMENTAL,4.0,4.0,4
2022-07-13,SAND JB EMMENTAL,10.0,4.0,5
2022-07-15,SAND JB EMMENTAL,6.0,4.0,5
2022-07-16,SAND JB EMMENTAL,6.0,4.0,3
2022-07-17,SAND JB EMMENTAL,1.0,4.0,1
2022-07-18,SAND JB EMMENTAL,6.0,4.0,5
2022-07-19,SAND JB EMMENTAL,7.0,4.0,5
2022-07-20,SAND JB EMMENTAL,1.0,4.0,1
2022-07-21,SAND JB EMMENTAL,5.0,4.0,3
2022-07-22,SAND JB EMMENTAL,8.0,4.0,6
2022-07-24,SAND JB EMMENTAL,1.0,4.0,1
2022-07-25,SAND JB EMMENTAL,5.0,4.0,4
2022-07-27,SAND JB EMMENTAL,3.0,4.0,3
2022-07-28,SAND JB EMMENTAL,5.0,4.0,5
2022-07-29,SAND JB EMMENTAL,3.0,4.0,3
2022-07-30,SAND JB EMMENTAL,8.0,4.0,4
2022-07-31,SAND JB EMMENTAL,10.0,4.0,4
2022-08-01,SAND JB EMMENTAL,6.0,4.0,5
2022-08-02,SAND JB EMMENTAL,7.0,4.0,4
2022-08-03,SAND JB EMMENTAL,3.0,4.0,3
2022-08-04,SAND JB EMMENTAL,4.0,4.0,4
2022-08-05,SAND JB EMMENTAL,4.0,4.0,4
2022-08-06,SAND JB EMMENTAL,4.0,4.0,4
2022-08-08,SAND JB EMMENTAL,9.0,4.0,6
2022-08-09,SAND JB EMMENTAL,7.0,4.0,6
2022-08-10,SAND JB EMMENTAL,2.0,4.0,1
2022-08-11,SAND JB EMMENTAL,4.0,4.0,3
2022-08-12,SAND JB EMMENTAL,11.0,4.0,7
2022-08-13,SAND JB EMMENTAL,2.0,4.0,2
2022-08-15,SAND JB EMMENTAL,1.0,4.0,1
2022-08-16,SAND JB EMMENTAL,4.0,4.0,4
2022-08-17,SAND JB EMMENTAL,3.0,4.0,2
2022-08-18,SAND JB EMMENTAL,3.0,4.0,2
2022-08-19,SAND JB EMMENTAL,3.0,4.0,3
2022-08-20,SAND JB EMMENTAL,4.0,4.0,4
2022-08-22,SAND JB EMMENTAL,5.0,4.0,4
2022-08-23,SAND JB EMMENTAL,2.0,4.0,2
2022-08-24,SAND JB EMMENTAL,1.0,4.0,1
2022-08-25,SAND JB EMMENTAL,5.0,4.0,3
2022-08-26,SAND JB EMMENTAL,7.0,4.0,5
2022-08-27,SAND JB EMMENTAL,4.0,4.0,3
2022-08-28,SAND JB EMMENTAL,8.0,4.0,4
2022-08-29,SAND JB EMMENTAL,5.0,4.0,4
2022-08-30,SAND JB EMMENTAL,7.0,4.0,5
2022-08-31,SAND JB EMMENTAL,2.0,4.0,2
2022-09-02,SAND JB EMMENTAL,2.0,4.0,2
2022-09-03,SAND JB EMMENTAL,4.0,4.0,2
2022-09-04,SAND JB EMMENTAL,5.0,4.0,3
2022-09-05,SAND JB EMMENTAL,6.0,4.0,5
2022-09-06,SAND JB EMMENTAL,2.0,4.0,1
2022-09-07,SAND JB EMMENTAL,1.0,4.0,1
2022-09-08,SAND JB EMMENTAL,2.0,4.0,2
2022-09-09,SAND JB EMMENTAL,2.0,4.0,2
2022-09-10,SAND JB EMMENTAL,2.0,4.0,2
2022-09-11,SAND JB EMMENTAL,3.0,4.0,3
2022-09-12,SAND JB EMMENTAL,4.0,4.0,3
2022-09-13,SAND JB EMMENTAL,6.0,4.0,4
2022-09-14,SAND JB EMMENTAL,1.0,4.0,1
2022-09-15,SAND JB EMMENTAL,4.0,4.0,4
2022-09-16,SAND JB EMMENTAL,3.0,4.0,2
2022-09-17,SAND JB EMMENTAL,4.0,4.0,3
2022-09-20,SAND JB EMMENTAL,8.0,4.0,7
2022-09-21,SAND JB EMMENTAL,4.0,4.0,3
2022-09-22,SAND JB EMMENTAL,8.0,4.0,6
2022-09-23,SAND JB EMMENTAL,4.0,4.0,3
2022-09-26,SAND JB EMMENTAL,4.0,4.0,3
2022-09-27,SAND JB EMMENTAL,4.0,4.0,4
2022-09-28,SAND JB EMMENTAL,3.0,4.0,2
2022-09-29,SAND JB EMMENTAL,2.0,4.0,1
2022-09-30,SAND JB EMMENTAL,7.0,4.0,6
2021-01-02,SANDWICH COMPLET,2.0,4.5,1
2021-01-04,SANDWICH COMPLET,4.0,4.5,4
2021-01-05,SANDWICH COMPLET,5.0,4.5,4
2021-01-07,SANDWICH COMPLET,2.0,4.5,1
2021-01-08,SANDWICH COMPLET,6.0,4.5,5
2021-01-11,SANDWICH COMPLET,3.0,4.5,2
2021-01-12,SANDWICH COMPLET,5.0,4.5,4
2021-01-14,SANDWICH COMPLET,8.0,4.5,7
2021-01-15,SANDWICH COMPLET,4.0,4.5,3
2021-01-17,SANDWICH COMPLET,1.0,4.5,1
2021-01-18,SANDWICH COMPLET,5.0,4.5,2
2021-01-19,SANDWICH COMPLET,2.0,4.5,1
2021-01-21,SANDWICH COMPLET,2.0,4.5,1
2021-01-22,SANDWICH COMPLET,3.0,4.5,2
2021-01-23,SANDWICH COMPLET,1.0,4.5,1
2021-01-25,SANDWICH COMPLET,3.0,4.5,3
2021-01-26,SANDWICH COMPLET,3.0,4.5,2
2021-01-28,SANDWICH COMPLET,5.0,4.5,5
2021-01-29,SANDWICH COMPLET,6.0,4.5,4
2021-01-30,SANDWICH COMPLET,2.0,4.5,2
2021-02-01,SANDWICH COMPLET,3.0,4.5,3
2021-02-02,SANDWICH COMPLET,1.0,4.5,1
2021-02-04,SANDWICH COMPLET,9.0,4.5,5
2021-02-05,SANDWICH COMPLET,4.0,4.5,3
2021-02-06,SANDWICH COMPLET,1.0,4.5,1
2021-02-08,SANDWICH COMPLET,3.0,4.5,1
2021-02-09,SANDWICH COMPLET,5.0,4.5,4
2021-02-11,SANDWICH COMPLET,1.0,4.5,1
2021-02-12,SANDWICH COMPLET,4.0,4.5,4
2021-02-13,SANDWICH COMPLET,1.0,4.5,1
2021-02-15,SANDWICH COMPLET,5.0,4.5,4
2021-02-16,SANDWICH COMPLET,5.0,4.5,4
2021-02-18,SANDWICH COMPLET,2.0,4.5,1
2021-02-19,SANDWICH COMPLET,3.0,4.5,2
2021-02-20,SANDWICH COMPLET,1.0,4.5,1
2021-02-22,SANDWICH COMPLET,5.0,4.5,3
2021-02-23,SANDWICH COMPLET,7.0,4.5,4
2021-02-25,SANDWICH COMPLET,9.0,4.5,6
2021-02-26,SANDWICH COMPLET,8.0,4.5,7
2021-02-27,SANDWICH COMPLET,6.0,4.5,4
2021-02-28,SANDWICH COMPLET,5.0,4.5,3
2021-03-01,SANDWICH COMPLET,5.0,4.5,4
2021-03-02,SANDWICH COMPLET,9.0,4.5,6
2021-03-04,SANDWICH COMPLET,7.0,4.5,5
2021-03-05,SANDWICH COMPLET,9.0,4.5,6
2021-03-06,SANDWICH COMPLET,3.0,4.5,2
2021-03-08,SANDWICH COMPLET,6.0,4.5,3
2021-03-09,SANDWICH COMPLET,9.0,4.5,8
2021-03-11,SANDWICH COMPLET,7.0,4.5,6
2021-03-12,SANDWICH COMPLET,5.0,4.5,5
2021-03-14,SANDWICH COMPLET,2.0,4.5,1
2021-03-15,SANDWICH COMPLET,5.0,4.5,5
2021-03-16,SANDWICH COMPLET,12.0,4.5,10
2021-03-18,SANDWICH COMPLET,8.0,4.5,7
2021-03-19,SANDWICH COMPLET,12.0,4.5,8
2021-03-20,SANDWICH COMPLET,6.0,4.5,3
2021-03-22,SANDWICH COMPLET,12.0,4.5,8
2021-03-23,SANDWICH COMPLET,6.0,4.5,4
2021-03-25,SANDWICH COMPLET,11.0,4.5,7
2021-03-26,SANDWICH COMPLET,3.0,4.5,3
2021-03-27,SANDWICH COMPLET,4.0,4.5,2
2021-03-28,SANDWICH COMPLET,2.0,4.5,2
2021-03-29,SANDWICH COMPLET,3.0,4.5,3
2021-03-30,SANDWICH COMPLET,5.0,4.5,5
2021-04-01,SANDWICH COMPLET,8.0,4.5,6
2021-04-02,SANDWICH COMPLET,7.0,4.5,7
2021-04-04,SANDWICH COMPLET,1.0,4.5,1
2021-04-05,SANDWICH COMPLET,4.0,4.5,2
2021-04-06,SANDWICH COMPLET,5.0,4.5,4
2021-04-08,SANDWICH COMPLET,11.0,4.5,8
2021-04-09,SANDWICH COMPLET,8.0,4.5,6
2021-04-12,SANDWICH COMPLET,4.0,4.5,4
2021-04-13,SANDWICH COMPLET,10.0,4.5,6
2021-04-14,SANDWICH COMPLET,9.0,4.5,7
2021-04-15,SANDWICH COMPLET,8.0,4.5,7
2021-04-16,SANDWICH COMPLET,3.0,4.5,3
2021-04-17,SANDWICH COMPLET,1.0,4.5,1
2021-04-18,SANDWICH COMPLET,3.0,4.5,1
2021-04-19,SANDWICH COMPLET,7.0,4.5,6
2021-04-20,SANDWICH COMPLET,7.0,4.5,6
2021-04-21,SANDWICH COMPLET,6.0,4.5,4
2021-04-22,SANDWICH COMPLET,9.0,4.5,5
2021-04-23,SANDWICH COMPLET,11.0,4.5,8
2021-04-24,SANDWICH COMPLET,4.0,4.5,3
2021-04-25,SANDWICH COMPLET,3.0,4.5,1
2021-04-26,SANDWICH COMPLET,2.0,4.5,2
2021-04-27,SANDWICH COMPLET,4.0,4.5,4
2021-04-28,SANDWICH COMPLET,6.0,4.5,5
2021-04-29,SANDWICH COMPLET,13.0,4.5,8
2021-04-30,SANDWICH COMPLET,6.0,4.5,6
2021-05-01,SANDWICH COMPLET,3.0,4.5,2
2021-05-02,SANDWICH COMPLET,3.0,4.5,2
2021-05-03,SANDWICH COMPLET,10.0,4.5,7
2021-05-04,SANDWICH COMPLET,6.0,4.5,6
2021-05-05,SANDWICH COMPLET,10.0,4.5,8
2021-05-06,SANDWICH COMPLET,13.0,4.5,11
2021-05-07,SANDWICH COMPLET,6.0,4.5,4
2021-05-08,SANDWICH COMPLET,1.0,4.5,1
2021-05-10,SANDWICH COMPLET,4.0,4.5,3
2021-05-11,SANDWICH COMPLET,13.0,4.5,11
2021-05-12,SANDWICH COMPLET,5.0,4.5,5
2021-05-13,SANDWICH COMPLET,5.0,4.5,3
2021-05-14,SANDWICH COMPLET,7.0,4.5,4
2021-05-16,SANDWICH COMPLET,4.0,4.5,2
2021-05-21,SANDWICH COMPLET,3.0,4.5,2
2021-05-22,SANDWICH COMPLET,4.0,4.5,4
2021-05-23,SANDWICH COMPLET,4.0,4.5,1
2021-05-24,SANDWICH COMPLET,2.0,4.5,1
2021-05-25,SANDWICH COMPLET,5.0,4.5,4
2021-05-26,SANDWICH COMPLET,5.0,4.5,4
2021-05-27,SANDWICH COMPLET,3.0,4.5,3
2021-05-28,SANDWICH COMPLET,4.0,4.5,4
2021-05-29,SANDWICH COMPLET,4.0,4.5,3
2021-05-30,SANDWICH COMPLET,3.0,4.5,2
2021-05-31,SANDWICH COMPLET,8.0,4.5,7
2021-06-01,SANDWICH COMPLET,8.0,4.5,7
2021-06-02,SANDWICH COMPLET,6.0,4.5,5
2021-06-03,SANDWICH COMPLET,5.0,4.5,5
2021-06-04,SANDWICH COMPLET,6.0,4.5,5
2021-06-06,SANDWICH COMPLET,1.0,4.5,1
2021-06-07,SANDWICH COMPLET,4.0,4.5,3
2021-06-08,SANDWICH COMPLET,11.0,4.5,11
2021-06-09,SANDWICH COMPLET,9.0,4.5,7
2021-06-10,SANDWICH COMPLET,10.0,4.5,8
2021-06-11,SANDWICH COMPLET,14.0,4.5,10
2021-06-12,SANDWICH COMPLET,3.0,4.5,2
2021-06-14,SANDWICH COMPLET,5.0,4.5,3
2021-06-15,SANDWICH COMPLET,13.0,4.5,7
2021-06-16,SANDWICH COMPLET,8.0,4.5,6
2021-06-17,SANDWICH COMPLET,9.0,4.5,5
2021-06-18,SANDWICH COMPLET,6.0,4.5,5
2021-06-19,SANDWICH COMPLET,4.0,4.5,3
2021-06-21,SANDWICH COMPLET,3.0,4.5,3
2021-06-22,SANDWICH COMPLET,7.0,4.5,6
2021-06-23,SANDWICH COMPLET,3.0,4.5,3
2021-06-24,SANDWICH COMPLET,13.0,4.5,8
2021-06-25,SANDWICH COMPLET,10.0,4.5,10
2021-06-27,SANDWICH COMPLET,2.0,4.5,1
2021-06-28,SANDWICH COMPLET,9.0,4.5,6
2021-06-29,SANDWICH COMPLET,12.0,4.5,5
2021-06-30,SANDWICH COMPLET,10.0,4.5,10
2021-07-01,SANDWICH COMPLET,9.0,4.5,8
2021-07-02,SANDWICH COMPLET,7.0,4.5,4
2021-07-03,SANDWICH COMPLET,2.0,4.5,1
2021-07-04,SANDWICH COMPLET,2.0,4.5,1
2021-07-05,SANDWICH COMPLET,2.0,4.5,1
2021-07-06,SANDWICH COMPLET,7.0,4.5,5
2021-07-07,SANDWICH COMPLET,5.0,4.5,4
2021-07-08,SANDWICH COMPLET,10.0,4.5,7
2021-07-09,SANDWICH COMPLET,5.0,4.5,4
2021-07-10,SANDWICH COMPLET,1.0,4.5,1
2021-07-11,SANDWICH COMPLET,2.0,4.5,2
2021-07-12,SANDWICH COMPLET,6.0,4.5,4
2021-07-13,SANDWICH COMPLET,4.0,4.5,2
2021-07-14,SANDWICH COMPLET,2.0,4.5,2
2021-07-15,SANDWICH COMPLET,4.0,4.5,4
2021-07-16,SANDWICH COMPLET,6.0,4.5,4
2021-07-17,SANDWICH COMPLET,6.0,4.5,4
2021-07-19,SANDWICH COMPLET,3.0,4.5,3
2021-07-20,SANDWICH COMPLET,5.0,4.5,4
2021-07-21,SANDWICH COMPLET,9.0,4.5,5
2021-07-22,SANDWICH COMPLET,9.0,4.5,5
2021-07-23,SANDWICH COMPLET,13.0,4.5,7
2021-07-24,SANDWICH COMPLET,2.0,4.5,2
2021-07-25,SANDWICH COMPLET,1.0,4.5,1
2021-07-26,SANDWICH COMPLET,5.0,4.5,2
2021-07-27,SANDWICH COMPLET,2.0,4.5,2
2021-07-28,SANDWICH COMPLET,6.0,4.5,3
2021-07-29,SANDWICH COMPLET,3.0,4.5,3
2021-07-30,SANDWICH COMPLET,5.0,4.5,3
2021-07-31,SANDWICH COMPLET,1.0,4.5,1
2021-08-01,SANDWICH COMPLET,1.0,4.5,1
2021-08-02,SANDWICH COMPLET,1.0,4.5,1
2021-08-03,SANDWICH COMPLET,8.0,4.5,6
2021-08-04,SANDWICH COMPLET,2.0,4.5,2
2021-08-05,SANDWICH COMPLET,5.0,4.5,4
2021-08-06,SANDWICH COMPLET,3.0,4.5,2
2021-08-07,SANDWICH COMPLET,7.0,4.5,4
2021-08-09,SANDWICH COMPLET,4.0,4.5,3
2021-08-10,SANDWICH COMPLET,14.0,4.5,8
2021-08-11,SANDWICH COMPLET,12.0,4.5,5
2021-08-12,SANDWICH COMPLET,12.0,4.5,5
2021-08-13,SANDWICH COMPLET,10.0,4.5,7
2021-08-14,SANDWICH COMPLET,7.0,4.5,4
2021-08-15,SANDWICH COMPLET,1.0,4.5,1
2021-08-16,SANDWICH COMPLET,5.0,4.5,3
2021-08-17,SANDWICH COMPLET,6.0,4.5,4
2021-08-18,SANDWICH COMPLET,4.0,4.5,4
2021-08-19,SANDWICH COMPLET,3.0,4.5,2
2021-08-20,SANDWICH COMPLET,8.0,4.5,6
2021-08-21,SANDWICH COMPLET,3.0,4.5,1
2021-08-23,SANDWICH COMPLET,8.0,4.5,6
2021-08-24,SANDWICH COMPLET,6.0,4.5,4
2021-08-25,SANDWICH COMPLET,6.0,4.5,3
2021-08-26,SANDWICH COMPLET,4.0,4.5,4
2021-08-27,SANDWICH COMPLET,9.0,4.5,6
2021-08-28,SANDWICH COMPLET,7.0,4.5,5
2021-08-29,SANDWICH COMPLET,2.0,4.5,2
2021-08-30,SANDWICH COMPLET,8.0,4.5,3
2021-08-31,SANDWICH COMPLET,13.0,4.5,8
2021-09-01,SANDWICH COMPLET,13.0,4.5,9
2021-09-02,SANDWICH COMPLET,5.0,4.5,5
2021-09-03,SANDWICH COMPLET,6.0,4.5,5
2021-09-04,SANDWICH COMPLET,3.0,4.5,2
2021-09-05,SANDWICH COMPLET,5.0,4.5,4
2021-09-06,SANDWICH COMPLET,11.0,4.5,9
2021-09-07,SANDWICH COMPLET,9.0,4.5,9
2021-09-08,SANDWICH COMPLET,11.0,4.5,8
2021-09-09,SANDWICH COMPLET,10.0,4.5,6
2021-09-10,SANDWICH COMPLET,7.0,4.5,4
2021-09-11,SANDWICH COMPLET,3.0,4.5,2
2021-09-13,SANDWICH COMPLET,8.0,4.5,7
2021-09-14,SANDWICH COMPLET,11.0,4.5,7
2021-09-15,SANDWICH COMPLET,9.0,4.5,8
2021-09-16,SANDWICH COMPLET,9.0,4.5,5
2021-09-17,SANDWICH COMPLET,6.0,4.5,4
2021-09-18,SANDWICH COMPLET,1.0,4.5,1
2021-09-19,SANDWICH COMPLET,1.0,4.5,1
2021-09-20,SANDWICH COMPLET,12.0,4.5,10
2021-09-21,SANDWICH COMPLET,7.0,4.5,4
2021-09-23,SANDWICH COMPLET,12.0,4.5,6
2021-09-24,SANDWICH COMPLET,5.0,4.5,3
2021-09-25,SANDWICH COMPLET,3.0,4.5,2
2021-09-26,SANDWICH COMPLET,3.0,4.5,3
2021-09-27,SANDWICH COMPLET,5.0,4.5,5
2021-09-28,SANDWICH COMPLET,7.0,4.5,7
2021-09-29,SANDWICH COMPLET,6.0,4.5,5
2021-09-30,SANDWICH COMPLET,1.0,4.5,1
2021-10-01,SANDWICH COMPLET,6.0,4.5,5
2021-10-02,SANDWICH COMPLET,3.0,4.5,3
2021-10-03,SANDWICH COMPLET,4.0,4.5,4
2021-10-04,SANDWICH COMPLET,1.0,4.5,1
2021-10-05,SANDWICH COMPLET,9.0,4.5,6
2021-10-06,SANDWICH COMPLET,5.0,4.5,4
2021-10-07,SANDWICH COMPLET,5.0,4.5,5
2021-10-08,SANDWICH COMPLET,9.0,4.5,8
2021-10-09,SANDWICH COMPLET,17.0,4.5,3
2021-10-10,SANDWICH COMPLET,4.0,4.5,2
2021-10-11,SANDWICH COMPLET,3.0,4.5,3
2021-10-12,SANDWICH COMPLET,6.0,4.5,4
2021-10-14,SANDWICH COMPLET,4.0,4.5,3
2021-10-15,SANDWICH COMPLET,5.0,4.5,3
2021-10-16,SANDWICH COMPLET,7.0,4.5,2
2021-10-17,SANDWICH COMPLET,3.0,4.5,1
2021-10-18,SANDWICH COMPLET,4.0,4.5,3
2021-10-19,SANDWICH COMPLET,6.0,4.5,4
2021-10-20,SANDWICH COMPLET,5.0,4.5,5
2021-10-21,SANDWICH COMPLET,1.0,4.5,1
2021-10-22,SANDWICH COMPLET,4.0,4.5,3
2021-10-23,SANDWICH COMPLET,3.0,4.5,3
2021-10-25,SANDWICH COMPLET,6.0,4.5,5
2021-10-26,SANDWICH COMPLET,7.0,4.5,6
2021-10-27,SANDWICH COMPLET,8.0,4.5,6
2021-10-28,SANDWICH COMPLET,4.0,4.5,4
2021-10-29,SANDWICH COMPLET,2.0,4.5,2
2021-11-02,SANDWICH COMPLET,4.0,4.5,3
2021-11-03,SANDWICH COMPLET,3.0,4.5,3
2021-11-04,SANDWICH COMPLET,2.0,4.5,2
2021-11-05,SANDWICH COMPLET,7.0,4.5,6
2021-11-06,SANDWICH COMPLET,1.0,4.5,1
2021-11-07,SANDWICH COMPLET,1.0,4.5,1
2021-11-08,SANDWICH COMPLET,13.0,4.5,8
2021-11-09,SANDWICH COMPLET,11.0,4.5,6
2021-11-10,SANDWICH COMPLET,9.0,4.5,8
2021-11-11,SANDWICH COMPLET,6.0,4.5,2
2021-11-12,SANDWICH COMPLET,1.0,4.5,1
2021-11-13,SANDWICH COMPLET,1.0,4.5,1
2021-11-14,SANDWICH COMPLET,1.0,4.5,1
2021-11-15,SANDWICH COMPLET,4.0,4.5,3
2021-11-16,SANDWICH COMPLET,3.0,4.5,3
2021-11-18,SANDWICH COMPLET,4.0,4.5,4
2021-11-19,SANDWICH COMPLET,3.0,4.5,3
2021-11-20,SANDWICH COMPLET,3.0,4.5,3
2021-11-21,SANDWICH COMPLET,1.0,4.5,1
2021-11-22,SANDWICH COMPLET,2.0,4.5,2
2021-11-23,SANDWICH COMPLET,7.0,4.5,6
2021-11-25,SANDWICH COMPLET,6.0,4.5,4
2021-11-26,SANDWICH COMPLET,6.0,4.5,5
2021-11-27,SANDWICH COMPLET,2.0,4.5,1
2021-11-29,SANDWICH COMPLET,1.0,4.5,1
2021-11-30,SANDWICH COMPLET,5.0,4.5,4
2021-12-02,SANDWICH COMPLET,4.0,4.5,3
2021-12-09,SANDWICH COMPLET,5.0,4.5,4
2021-12-10,SANDWICH COMPLET,4.0,4.5,4
2021-12-11,SANDWICH COMPLET,4.0,4.5,2
2021-12-13,SANDWICH COMPLET,11.0,4.5,7
2021-12-14,SANDWICH COMPLET,2.0,4.5,2
2021-12-16,SANDWICH COMPLET,13.0,4.5,9
2021-12-17,SANDWICH COMPLET,4.0,4.5,4
2021-12-18,SANDWICH COMPLET,1.0,4.5,1
2021-12-20,SANDWICH COMPLET,5.0,4.5,4
2021-12-21,SANDWICH COMPLET,5.0,4.5,4
2021-12-22,SANDWICH COMPLET,2.0,4.5,2
2021-12-23,SANDWICH COMPLET,1.0,4.5,1
2021-12-24,SANDWICH COMPLET,2.0,4.5,2
2021-12-28,SANDWICH COMPLET,1.0,4.5,1
2021-12-29,SANDWICH COMPLET,3.0,4.5,2
2021-12-30,SANDWICH COMPLET,7.0,4.5,4
2021-12-31,SANDWICH COMPLET,1.0,4.5,1
2022-01-02,SANDWICH COMPLET,3.0,4.5,2
2022-01-03,SANDWICH COMPLET,4.0,4.5,3
2022-01-06,SANDWICH COMPLET,7.0,4.5,4
2022-01-07,SANDWICH COMPLET,5.0,4.5,5
2022-01-10,SANDWICH COMPLET,7.0,4.5,4
2022-01-11,SANDWICH COMPLET,1.0,4.5,1
2022-01-13,SANDWICH COMPLET,10.0,4.5,10
2022-01-14,SANDWICH COMPLET,6.0,4.5,6
2022-01-15,SANDWICH COMPLET,1.0,4.5,1
2022-01-17,SANDWICH COMPLET,14.0,4.5,6
2022-01-18,SANDWICH COMPLET,5.0,4.5,4
2022-01-20,SANDWICH COMPLET,5.0,4.5,4
2022-01-21,SANDWICH COMPLET,6.0,4.5,6
2022-01-22,SANDWICH COMPLET,2.0,4.5,2
2022-01-24,SANDWICH COMPLET,4.0,4.5,4
2022-01-25,SANDWICH COMPLET,4.0,4.5,4
2022-01-27,SANDWICH COMPLET,5.0,4.5,4
2022-01-28,SANDWICH COMPLET,6.0,4.5,5
2022-01-29,SANDWICH COMPLET,3.0,4.5,3
2022-01-31,SANDWICH COMPLET,1.0,4.5,1
2022-02-01,SANDWICH COMPLET,1.0,4.5,1
2022-02-03,SANDWICH COMPLET,3.0,4.5,3
2022-02-04,SANDWICH COMPLET,8.0,4.5,7
2022-02-05,SANDWICH COMPLET,3.0,4.5,3
2022-02-07,SANDWICH COMPLET,3.0,4.5,3
2022-02-08,SANDWICH COMPLET,3.0,4.5,2
2022-02-10,SANDWICH COMPLET,2.0,4.5,2
2022-02-11,SANDWICH COMPLET,7.0,4.5,5
2022-02-12,SANDWICH COMPLET,3.0,4.5,2
2022-02-14,SANDWICH COMPLET,5.0,4.5,5
2022-02-15,SANDWICH COMPLET,7.0,4.5,6
2022-02-17,SANDWICH COMPLET,9.0,4.5,5
2022-02-18,SANDWICH COMPLET,1.0,4.5,1
2022-02-19,SANDWICH COMPLET,1.0,4.5,1
2022-02-21,SANDWICH COMPLET,4.0,4.5,3
2022-02-22,SANDWICH COMPLET,5.0,5.0,4
2022-02-24,SANDWICH COMPLET,5.0,5.0,5
2022-02-25,SANDWICH COMPLET,6.0,5.0,3
2022-02-26,SANDWICH COMPLET,1.0,5.0,1
2022-02-28,SANDWICH COMPLET,1.0,5.0,1
2022-03-01,SANDWICH COMPLET,5.0,5.0,5
2022-03-02,SANDWICH COMPLET,5.0,5.0,4
2022-03-03,SANDWICH COMPLET,4.0,5.0,4
2022-03-04,SANDWICH COMPLET,5.0,5.0,5
2022-03-05,SANDWICH COMPLET,4.0,5.0,3
2022-03-07,SANDWICH COMPLET,14.0,5.0,11
2022-03-08,SANDWICH COMPLET,7.0,5.0,7
2022-03-09,SANDWICH COMPLET,1.0,5.0,1
2022-03-10,SANDWICH COMPLET,1.0,5.0,1
2022-03-11,SANDWICH COMPLET,1.0,5.0,1
2022-03-12,SANDWICH COMPLET,4.0,5.0,3
2022-03-14,SANDWICH COMPLET,6.0,5.0,5
2022-03-15,SANDWICH COMPLET,4.0,5.0,4
2022-03-16,SANDWICH COMPLET,9.0,5.0,5
2022-03-17,SANDWICH COMPLET,6.0,5.0,4
2022-03-18,SANDWICH COMPLET,6.0,5.0,4
2022-03-21,SANDWICH COMPLET,1.0,5.0,1
2022-03-23,SANDWICH COMPLET,6.0,5.0,6
2022-03-24,SANDWICH COMPLET,8.0,5.0,7
2022-03-25,SANDWICH COMPLET,4.0,5.0,4
2022-03-26,SANDWICH COMPLET,4.0,5.0,4
2022-03-28,SANDWICH COMPLET,5.0,5.0,5
2022-03-29,SANDWICH COMPLET,8.0,5.0,7
2022-03-30,SANDWICH COMPLET,4.0,5.0,3
2022-03-31,SANDWICH COMPLET,2.0,5.0,2
2022-04-01,SANDWICH COMPLET,5.0,5.0,5
2022-04-02,SANDWICH COMPLET,1.0,5.0,1
2022-04-04,SANDWICH COMPLET,10.0,5.0,8
2022-04-05,SANDWICH COMPLET,6.0,5.0,6
2022-04-06,SANDWICH COMPLET,7.0,5.0,5
2022-04-07,SANDWICH COMPLET,9.0,5.0,6
2022-04-08,SANDWICH COMPLET,5.0,5.0,5
2022-04-09,SANDWICH COMPLET,2.0,5.0,1
2022-04-10,SANDWICH COMPLET,7.0,5.0,4
2022-04-11,SANDWICH COMPLET,3.0,5.0,2
2022-04-12,SANDWICH COMPLET,5.0,5.0,4
2022-04-13,SANDWICH COMPLET,7.0,5.0,5
2022-04-14,SANDWICH COMPLET,6.0,5.0,6
2022-04-15,SANDWICH COMPLET,7.0,5.0,6
2022-04-16,SANDWICH COMPLET,2.0,5.0,1
2022-04-19,SANDWICH COMPLET,9.0,5.0,6
2022-04-20,SANDWICH COMPLET,11.0,5.0,8
2022-04-21,SANDWICH COMPLET,5.0,5.0,4
2022-04-22,SANDWICH COMPLET,11.0,5.0,8
2022-04-23,SANDWICH COMPLET,1.0,5.0,1
2022-04-25,SANDWICH COMPLET,4.0,5.0,4
2022-04-26,SANDWICH COMPLET,9.0,5.0,8
2022-04-27,SANDWICH COMPLET,9.0,5.0,7
2022-04-28,SANDWICH COMPLET,11.0,5.0,11
2022-04-29,SANDWICH COMPLET,2.0,5.0,2
2022-04-30,SANDWICH COMPLET,2.0,5.0,2
2022-05-01,SANDWICH COMPLET,4.0,5.0,3
2022-05-02,SANDWICH COMPLET,9.0,5.0,7
2022-05-03,SANDWICH COMPLET,6.0,5.0,6
2022-05-05,SANDWICH COMPLET,13.0,5.0,11
2022-05-06,SANDWICH COMPLET,4.0,5.0,4
2022-05-07,SANDWICH COMPLET,4.0,5.0,2
2022-05-09,SANDWICH COMPLET,11.0,5.0,8
2022-05-10,SANDWICH COMPLET,11.0,5.0,8
2022-05-11,SANDWICH COMPLET,4.0,5.0,3
2022-05-12,SANDWICH COMPLET,9.0,5.0,8
2022-05-13,SANDWICH COMPLET,9.0,5.0,7
2022-05-14,SANDWICH COMPLET,8.0,5.0,4
2022-05-16,SANDWICH COMPLET,7.0,5.0,7
2022-05-17,SANDWICH COMPLET,5.0,5.0,5
2022-05-18,SANDWICH COMPLET,5.0,5.0,5
2022-05-19,SANDWICH COMPLET,9.0,5.0,7
2022-05-20,SANDWICH COMPLET,7.0,5.0,6
2022-05-21,SANDWICH COMPLET,1.0,5.0,1
2022-05-23,SANDWICH COMPLET,7.0,5.0,5
2022-05-24,SANDWICH COMPLET,10.0,5.0,10
2022-05-25,SANDWICH COMPLET,4.0,5.0,4
2022-05-26,SANDWICH COMPLET,3.0,5.0,2
2022-05-27,SANDWICH COMPLET,7.0,5.0,4
2022-05-29,SANDWICH COMPLET,2.0,5.0,1
2022-05-30,SANDWICH COMPLET,5.0,5.0,5
2022-05-31,SANDWICH COMPLET,23.0,5.0,13
2022-06-01,SANDWICH COMPLET,8.0,5.0,7
2022-06-02,SANDWICH COMPLET,3.0,5.0,3
2022-06-03,SANDWICH COMPLET,4.0,5.0,4
2022-06-04,SANDWICH COMPLET,9.0,5.0,4
2022-06-05,SANDWICH COMPLET,1.0,5.0,1
2022-06-06,SANDWICH COMPLET,1.0,5.0,1
2022-06-07,SANDWICH COMPLET,5.0,5.0,4
2022-06-08,SANDWICH COMPLET,8.0,5.0,6
2022-06-09,SANDWICH COMPLET,9.0,5.0,8
2022-06-10,SANDWICH COMPLET,7.0,5.0,5
2022-06-11,SANDWICH COMPLET,3.0,5.0,2
2022-06-12,SANDWICH COMPLET,5.0,5.0,4
2022-06-13,SANDWICH COMPLET,4.0,5.0,4
2022-06-14,SANDWICH COMPLET,6.0,5.0,6
2022-06-15,SANDWICH COMPLET,6.0,5.0,5
2022-06-16,SANDWICH COMPLET,5.0,5.0,3
2022-06-17,SANDWICH COMPLET,8.0,5.0,5
2022-06-18,SANDWICH COMPLET,3.0,5.0,3
2022-06-19,SANDWICH COMPLET,1.0,5.0,1
2022-06-20,SANDWICH COMPLET,9.0,5.0,8
2022-06-21,SANDWICH COMPLET,8.0,5.0,7
2022-06-22,SANDWICH COMPLET,5.0,5.0,4
2022-06-23,SANDWICH COMPLET,6.0,5.0,6
2022-06-24,SANDWICH COMPLET,4.0,5.0,3
2022-06-25,SANDWICH COMPLET,6.0,5.0,4
2022-06-26,SANDWICH COMPLET,1.0,5.0,1
2022-06-27,SANDWICH COMPLET,2.0,5.0,2
2022-06-28,SANDWICH COMPLET,12.0,5.0,10
2022-06-29,SANDWICH COMPLET,3.0,5.0,2
2022-06-30,SANDWICH COMPLET,10.0,5.0,6
2022-07-01,SANDWICH COMPLET,5.0,5.0,5
2022-07-02,SANDWICH COMPLET,1.0,5.0,1
2022-07-03,SANDWICH COMPLET,2.0,5.0,1
2022-07-04,SANDWICH COMPLET,7.0,5.0,5
2022-07-05,SANDWICH COMPLET,6.0,5.0,4
2022-07-06,SANDWICH COMPLET,1.0,5.0,1
2022-07-07,SANDWICH COMPLET,8.0,5.0,6
2022-07-08,SANDWICH COMPLET,4.0,5.0,4
2022-07-09,SANDWICH COMPLET,5.0,5.0,3
2022-07-10,SANDWICH COMPLET,1.0,5.0,1
2022-07-11,SANDWICH COMPLET,3.0,5.0,3
2022-07-12,SANDWICH COMPLET,3.0,5.0,3
2022-07-13,SANDWICH COMPLET,7.0,5.0,5
2022-07-15,SANDWICH COMPLET,9.0,5.0,5
2022-07-16,SANDWICH COMPLET,13.0,5.0,6
2022-07-17,SANDWICH COMPLET,3.0,5.0,1
2022-07-18,SANDWICH COMPLET,4.0,5.0,4
2022-07-19,SANDWICH COMPLET,3.0,5.0,3
2022-07-20,SANDWICH COMPLET,4.0,5.0,3
2022-07-21,SANDWICH COMPLET,4.0,5.0,3
2022-07-22,SANDWICH COMPLET,10.0,5.0,6
2022-07-23,SANDWICH COMPLET,4.0,5.0,3
2022-07-24,SANDWICH COMPLET,4.0,5.0,3
2022-07-25,SANDWICH COMPLET,3.0,5.0,3
2022-07-26,SANDWICH COMPLET,5.0,5.0,5
2022-07-27,SANDWICH COMPLET,7.0,5.0,6
2022-07-28,SANDWICH COMPLET,3.0,5.0,3
2022-07-29,SANDWICH COMPLET,11.0,5.0,5
2022-07-30,SANDWICH COMPLET,6.0,5.0,5
2022-07-31,SANDWICH COMPLET,7.0,5.0,5
2022-08-01,SANDWICH COMPLET,9.0,5.0,7
2022-08-02,SANDWICH COMPLET,16.0,5.0,10
2022-08-03,SANDWICH COMPLET,8.0,5.0,6
2022-08-04,SANDWICH COMPLET,8.0,5.0,7
2022-08-05,SANDWICH COMPLET,9.0,5.0,6
2022-08-06,SANDWICH COMPLET,9.0,5.0,5
2022-08-07,SANDWICH COMPLET,6.0,5.0,4
2022-08-08,SANDWICH COMPLET,9.0,5.0,7
2022-08-09,SANDWICH COMPLET,13.0,5.0,9
2022-08-10,SANDWICH COMPLET,6.0,5.0,3
2022-08-11,SANDWICH COMPLET,7.0,5.0,6
2022-08-12,SANDWICH COMPLET,9.0,5.0,6
2022-08-13,SANDWICH COMPLET,7.0,5.0,5
2022-08-16,SANDWICH COMPLET,4.0,5.0,4
2022-08-17,SANDWICH COMPLET,1.0,5.0,1
2022-08-18,SANDWICH COMPLET,5.0,5.0,4
2022-08-19,SANDWICH COMPLET,4.0,5.0,3
2022-08-20,SANDWICH COMPLET,15.0,5.0,7
2022-08-22,SANDWICH COMPLET,8.0,5.0,6
2022-08-23,SANDWICH COMPLET,7.0,5.0,5
2022-08-24,SANDWICH COMPLET,3.0,5.0,3
2022-08-25,SANDWICH COMPLET,3.0,5.0,2
2022-08-26,SANDWICH COMPLET,5.0,5.0,5
2022-08-27,SANDWICH COMPLET,11.0,5.0,4
2022-08-28,SANDWICH COMPLET,5.0,5.0,3
2022-08-29,SANDWICH COMPLET,6.0,5.0,5
2022-08-30,SANDWICH COMPLET,12.0,5.0,9
2022-08-31,SANDWICH COMPLET,6.0,5.0,6
2022-09-02,SANDWICH COMPLET,3.0,5.0,2
2022-09-03,SANDWICH COMPLET,3.0,5.0,2
2022-09-04,SANDWICH COMPLET,3.0,5.0,2
2022-09-05,SANDWICH COMPLET,8.0,5.0,6
2022-09-06,SANDWICH COMPLET,6.0,5.0,5
2022-09-07,SANDWICH COMPLET,1.0,5.0,1
2022-09-08,SANDWICH COMPLET,1.0,5.0,1
2022-09-09,SANDWICH COMPLET,3.0,5.0,3
2022-09-11,SANDWICH COMPLET,6.0,5.0,3
2022-09-12,SANDWICH COMPLET,2.0,5.0,2
2022-09-13,SANDWICH COMPLET,6.0,5.0,4
2022-09-14,SANDWICH COMPLET,4.0,5.0,3
2022-09-15,SANDWICH COMPLET,7.0,5.0,4
2022-09-16,SANDWICH COMPLET,5.0,5.0,5
2022-09-17,SANDWICH COMPLET,4.0,5.0,3
2022-09-20,SANDWICH COMPLET,6.0,5.0,5
2022-09-21,SANDWICH COMPLET,4.0,5.0,4
2022-09-22,SANDWICH COMPLET,2.0,5.0,2
2022-09-23,SANDWICH COMPLET,5.0,5.0,5
2022-09-26,SANDWICH COMPLET,5.0,5.0,4
2022-09-27,SANDWICH COMPLET,10.0,5.0,8
2022-09-28,SANDWICH COMPLET,6.0,5.0,5
2022-09-29,SANDWICH COMPLET,8.0,5.0,5
2022-09-30,SANDWICH COMPLET,1.0,5.0,1
2021-01-22,SAVARIN,1.0,2.0,1
2021-01-24,SAVARIN,5.0,2.0,4
2021-01-30,SAVARIN,1.0,2.0,1
2021-01-31,SAVARIN,4.0,2.0,3
2021-02-05,SAVARIN,4.0,2.0,3
2021-02-07,SAVARIN,6.0,2.0,5
2021-02-14,SAVARIN,6.0,2.0,5
2021-02-15,SAVARIN,1.0,2.0,1
2021-02-19,SAVARIN,2.0,2.0,1
2021-02-20,SAVARIN,2.0,2.0,1
2021-02-21,SAVARIN,7.0,2.0,5
2021-02-22,SAVARIN,1.0,2.0,1
2021-02-26,SAVARIN,1.0,2.0,1
2021-02-27,SAVARIN,3.0,2.0,3
2021-02-28,SAVARIN,9.0,2.0,8
2021-03-02,SAVARIN,1.0,2.0,1
2021-03-04,SAVARIN,3.0,2.0,2
2021-03-05,SAVARIN,3.0,2.0,2
2021-03-06,SAVARIN,3.0,2.0,3
2021-03-07,SAVARIN,6.0,2.0,3
2021-03-11,SAVARIN,1.0,2.0,1
2021-03-12,SAVARIN,1.0,2.0,1
2021-03-13,SAVARIN,4.0,2.0,3
2021-03-14,SAVARIN,7.0,2.0,6
2021-03-18,SAVARIN,3.0,2.0,1
2021-03-20,SAVARIN,2.0,2.0,1
2021-03-21,SAVARIN,4.0,2.0,4
2021-04-04,SAVARIN,14.0,2.0,7
2021-04-09,SAVARIN,5.0,2.0,2
2021-04-11,SAVARIN,4.0,2.0,4
2021-04-12,SAVARIN,2.0,2.0,2
2021-04-13,SAVARIN,3.0,2.0,3
2021-04-25,SAVARIN,6.0,2.0,3
2021-05-01,SAVARIN,5.0,2.0,2
2021-05-02,SAVARIN,7.0,2.0,5
2021-05-03,SAVARIN,2.0,2.0,2
2021-05-04,SAVARIN,2.0,2.0,1
2021-05-07,SAVARIN,3.0,2.0,3
2021-05-08,SAVARIN,3.0,2.0,2
2021-05-13,SAVARIN,5.0,2.0,3
2021-05-16,SAVARIN,6.0,2.0,6
2021-05-21,SAVARIN,1.0,2.0,1
2021-05-22,SAVARIN,2.0,2.0,2
2021-05-23,SAVARIN,11.0,2.0,7
2021-05-24,SAVARIN,1.0,2.0,1
2021-05-27,SAVARIN,1.0,2.0,1
2021-05-28,SAVARIN,3.0,2.0,2
2021-05-29,SAVARIN,1.0,2.0,1
2021-05-30,SAVARIN,6.0,2.0,6
2021-06-02,SAVARIN,1.0,2.0,1
2021-06-05,SAVARIN,1.0,2.0,1
2021-06-06,SAVARIN,5.0,2.0,3
2021-06-11,SAVARIN,3.0,2.0,1
2021-06-13,SAVARIN,8.0,2.0,3
2021-06-18,SAVARIN,1.0,2.0,1
2021-06-19,SAVARIN,1.0,2.0,1
2021-06-20,SAVARIN,4.0,2.0,4
2021-06-22,SAVARIN,1.0,2.0,1
2021-06-23,SAVARIN,3.0,2.0,3
2021-06-24,SAVARIN,2.0,2.0,2
2021-06-26,SAVARIN,5.0,2.0,3
2021-06-27,SAVARIN,6.0,2.0,5
2021-06-30,SAVARIN,1.0,2.0,1
2021-07-09,SAVARIN,1.0,2.0,1
2021-07-10,SAVARIN,1.0,2.0,1
2021-07-11,SAVARIN,4.0,2.0,3
2021-07-14,SAVARIN,1.0,2.0,1
2021-07-15,SAVARIN,1.0,2.0,1
2021-07-16,SAVARIN,1.0,2.0,1
2021-07-17,SAVARIN,1.0,2.0,1
2021-07-18,SAVARIN,4.0,2.0,2
2021-07-22,SAVARIN,1.0,2.0,1
2021-07-25,SAVARIN,3.0,2.0,3
2021-07-27,SAVARIN,1.0,2.0,1
2021-08-04,SAVARIN,2.0,2.0,1
2021-08-05,SAVARIN,1.0,2.0,1
2021-08-06,SAVARIN,3.0,2.0,1
2021-08-08,SAVARIN,6.0,2.0,5
2021-08-10,SAVARIN,1.0,2.0,1
2021-08-11,SAVARIN,2.0,2.0,1
2021-08-12,SAVARIN,1.0,2.0,1
2021-08-15,SAVARIN,3.0,2.0,3
2021-08-18,SAVARIN,2.0,2.0,2
2021-08-22,SAVARIN,2.0,2.0,2
2021-08-26,SAVARIN,1.0,2.0,1
2021-08-28,SAVARIN,1.0,2.0,1
2021-08-29,SAVARIN,6.0,2.0,5
2021-09-03,SAVARIN,1.0,2.0,1
2021-09-05,SAVARIN,2.0,2.0,2
2021-09-12,SAVARIN,1.0,2.0,1
2021-09-18,SAVARIN,2.0,2.0,1
2021-09-19,SAVARIN,2.0,2.0,1
2021-09-25,SAVARIN,2.0,2.0,1
2021-09-26,SAVARIN,3.0,2.0,2
2021-09-30,SAVARIN,1.0,2.0,1
2021-10-01,SAVARIN,1.0,2.0,1
2021-10-03,SAVARIN,3.0,2.0,2
2021-10-04,SAVARIN,2.0,2.0,1
2021-10-10,SAVARIN,5.0,2.0,3
2021-10-31,SAVARIN,6.0,2.0,4
2021-11-01,SAVARIN,7.0,2.0,4
2021-11-03,SAVARIN,1.0,2.0,1
2021-11-06,SAVARIN,2.0,2.0,1
2021-11-07,SAVARIN,4.0,2.0,3
2021-11-14,SAVARIN,3.0,2.0,2
2021-11-20,SAVARIN,2.0,2.0,2
2021-11-21,SAVARIN,4.0,2.0,2
2021-12-12,SAVARIN,4.0,2.0,2
2021-12-26,SAVARIN,4.0,2.0,4
2022-01-30,SAVARIN,5.0,2.0,4
2022-01-31,SAVARIN,1.0,2.0,1
2022-02-06,SAVARIN,4.0,2.0,3
2022-02-13,SAVARIN,5.0,2.2,3
2022-02-14,SAVARIN,1.0,2.2,1
2022-02-27,SAVARIN,3.0,2.2,2
2022-03-06,SAVARIN,7.0,2.2,3
2022-03-13,SAVARIN,5.0,2.2,4
2022-03-26,SAVARIN,1.0,2.2,1
2022-03-27,SAVARIN,1.0,2.2,1
2022-04-02,SAVARIN,2.0,2.2,2
2022-04-03,SAVARIN,1.0,2.2,1
2022-04-10,SAVARIN,3.0,2.2,2
2022-04-12,SAVARIN,2.0,2.2,1
2022-04-30,SAVARIN,1.0,2.2,1
2022-05-01,SAVARIN,4.0,2.2,3
2022-05-02,SAVARIN,2.0,2.2,1
2022-05-08,SAVARIN,5.0,2.2,3
2022-05-14,SAVARIN,3.0,2.2,1
2022-05-15,SAVARIN,3.0,2.2,3
2022-05-16,SAVARIN,2.0,2.2,1
2022-05-26,SAVARIN,4.0,2.2,2
2022-05-27,SAVARIN,1.0,2.2,1
2022-05-28,SAVARIN,2.0,2.2,2
2022-05-29,SAVARIN,9.0,2.2,3
2022-06-12,SAVARIN,8.0,2.2,5
2022-06-15,SAVARIN,1.0,2.2,1
2022-06-26,SAVARIN,6.0,2.2,4
2022-07-10,SAVARIN,6.0,2.5,5
2022-07-11,SAVARIN,1.0,2.5,1
2022-07-17,SAVARIN,6.0,2.5,4
2022-07-24,SAVARIN,3.0,2.5,3
2022-07-25,SAVARIN,1.0,2.5,1
2022-07-31,SAVARIN,6.0,2.5,4
2022-08-06,SAVARIN,2.0,2.5,1
2022-08-07,SAVARIN,3.0,2.5,2
2022-08-09,SAVARIN,1.0,2.5,1
2022-09-03,SAVARIN,1.0,2.5,1
2022-09-04,SAVARIN,5.0,2.5,3
2022-09-11,SAVARIN,2.0,2.5,1
2021-01-02,SEIGLE,5.0,1.8,5
2021-01-03,SEIGLE,1.0,1.8,1
2021-01-04,SEIGLE,2.0,1.8,2
2021-01-05,SEIGLE,1.0,1.8,1
2021-01-07,SEIGLE,2.0,1.8,2
2021-01-08,SEIGLE,2.0,1.8,2
2021-01-09,SEIGLE,1.0,1.8,1
2021-01-10,SEIGLE,2.0,1.8,2
2021-01-12,SEIGLE,2.0,1.8,2
2021-01-14,SEIGLE,2.0,1.8,2
2021-01-15,SEIGLE,2.0,1.8,2
2021-01-16,SEIGLE,2.0,1.8,2
2021-01-17,SEIGLE,2.0,1.8,2
2021-01-18,SEIGLE,1.0,1.8,1
2021-01-19,SEIGLE,2.0,1.8,2
2021-01-22,SEIGLE,1.0,1.8,1
2021-01-23,SEIGLE,3.0,1.8,3
2021-01-24,SEIGLE,2.0,1.8,2
2021-01-26,SEIGLE,2.0,1.8,2
2021-01-28,SEIGLE,2.0,1.8,2
2021-01-30,SEIGLE,2.0,1.8,2
2021-01-31,SEIGLE,2.0,1.8,2
2021-02-01,SEIGLE,1.0,1.8,1
2021-02-02,SEIGLE,2.0,1.8,2
2021-02-05,SEIGLE,1.0,1.8,1
2021-02-06,SEIGLE,2.0,1.8,2
2021-02-07,SEIGLE,2.0,1.8,2
2021-02-09,SEIGLE,2.0,1.8,2
2021-02-11,SEIGLE,1.0,1.8,1
2021-02-12,SEIGLE,1.0,1.8,1
2021-02-13,SEIGLE,2.0,1.8,2
2021-02-14,SEIGLE,2.0,1.8,2
2021-02-15,SEIGLE,1.0,1.8,1
2021-02-16,SEIGLE,1.0,1.8,1
2021-02-19,SEIGLE,2.0,1.8,2
2021-02-20,SEIGLE,2.0,1.8,1
2021-02-21,SEIGLE,2.0,1.8,2
2021-02-22,SEIGLE,1.0,1.8,1
2021-02-23,SEIGLE,1.0,1.8,1
2021-02-25,SEIGLE,2.0,1.8,2
2021-02-26,SEIGLE,2.0,1.8,2
2021-02-27,SEIGLE,5.0,1.8,4
2021-02-28,SEIGLE,7.0,1.8,7
2021-03-01,SEIGLE,2.0,1.8,2
2021-03-02,SEIGLE,6.0,1.8,4
2021-03-04,SEIGLE,2.0,1.8,2
2021-03-05,SEIGLE,2.0,1.8,2
2021-03-06,SEIGLE,5.0,1.8,5
2021-03-07,SEIGLE,3.0,1.8,3
2021-03-08,SEIGLE,3.0,1.8,3
2021-03-09,SEIGLE,4.0,1.8,4
2021-03-11,SEIGLE,1.0,1.8,1
2021-03-12,SEIGLE,2.0,1.8,2
2021-03-13,SEIGLE,2.0,1.8,2
2021-03-14,SEIGLE,2.0,1.8,2
2021-03-15,SEIGLE,2.0,1.8,2
2021-03-16,SEIGLE,2.0,1.8,2
2021-03-18,SEIGLE,1.0,1.8,1
2021-03-19,SEIGLE,2.0,1.8,2
2021-03-20,SEIGLE,1.0,1.8,1
2021-03-21,SEIGLE,3.0,1.8,3
2021-03-22,SEIGLE,2.0,1.8,2
2021-03-23,SEIGLE,4.0,1.8,4
2021-03-25,SEIGLE,1.0,1.8,1
2021-03-26,SEIGLE,2.0,1.8,2
2021-03-27,SEIGLE,2.0,1.8,2
2021-03-28,SEIGLE,1.0,1.8,1
2021-03-29,SEIGLE,2.0,1.8,2
2021-03-30,SEIGLE,1.0,1.8,1
2021-04-01,SEIGLE,1.0,1.8,1
2021-04-02,SEIGLE,2.0,1.8,2
2021-04-03,SEIGLE,4.0,1.8,4
2021-04-04,SEIGLE,5.0,1.8,5
2021-04-05,SEIGLE,2.0,1.8,1
2021-04-06,SEIGLE,3.0,1.8,3
2021-04-08,SEIGLE,2.0,1.8,2
2021-04-10,SEIGLE,4.0,1.8,4
2021-04-11,SEIGLE,1.0,1.8,1
2021-04-12,SEIGLE,4.0,1.8,4
2021-04-13,SEIGLE,3.0,1.8,3
2021-04-14,SEIGLE,3.0,1.8,3
2021-04-15,SEIGLE,3.0,1.8,3
2021-04-16,SEIGLE,3.0,1.8,2
2021-04-17,SEIGLE,3.0,1.8,3
2021-04-18,SEIGLE,3.0,1.8,3
2021-04-19,SEIGLE,3.0,1.8,2
2021-04-20,SEIGLE,3.0,1.8,3
2021-04-22,SEIGLE,3.0,1.8,3
2021-04-23,SEIGLE,3.0,1.8,2
2021-04-24,SEIGLE,3.0,1.8,3
2021-04-25,SEIGLE,3.0,1.8,3
2021-04-26,SEIGLE,2.0,1.8,2
2021-04-27,SEIGLE,2.0,1.8,2
2021-04-28,SEIGLE,3.0,1.8,3
2021-04-30,SEIGLE,1.0,1.8,1
2021-05-02,SEIGLE,3.0,1.8,3
2021-05-03,SEIGLE,2.0,1.8,2
2021-05-04,SEIGLE,1.0,1.8,1
2021-05-05,SEIGLE,1.0,1.8,1
2021-05-06,SEIGLE,3.0,1.8,3
2021-05-07,SEIGLE,3.0,1.8,2
2021-05-08,SEIGLE,2.0,1.8,2
2021-05-09,SEIGLE,3.0,1.8,3
2021-05-10,SEIGLE,3.0,1.8,3
2021-05-11,SEIGLE,1.0,1.8,1
2021-05-12,SEIGLE,2.0,1.8,2
2021-05-13,SEIGLE,5.0,1.8,4
2021-05-14,SEIGLE,4.0,1.8,4
2021-05-15,SEIGLE,5.0,1.8,4
2021-05-16,SEIGLE,6.0,1.8,5
2021-05-22,SEIGLE,4.0,1.8,3
2021-05-23,SEIGLE,5.0,1.8,4
2021-05-24,SEIGLE,3.0,1.8,3
2021-05-26,SEIGLE,2.0,1.8,2
2021-05-28,SEIGLE,1.0,1.8,1
2021-05-29,SEIGLE,2.0,1.8,2
2021-05-30,SEIGLE,3.0,1.8,3
2021-05-31,SEIGLE,1.0,1.8,1
2021-06-01,SEIGLE,1.0,1.8,1
2021-06-02,SEIGLE,1.0,1.8,1
2021-06-03,SEIGLE,2.0,1.8,2
2021-06-04,SEIGLE,3.0,1.8,3
2021-06-05,SEIGLE,2.0,1.8,2
2021-06-06,SEIGLE,2.0,1.8,2
2021-06-07,SEIGLE,3.0,1.8,3
2021-06-08,SEIGLE,2.0,1.8,2
2021-06-09,SEIGLE,2.0,1.8,2
2021-06-10,SEIGLE,3.0,1.8,2
2021-06-11,SEIGLE,2.0,1.8,2
2021-06-13,SEIGLE,4.0,1.8,4
2021-06-14,SEIGLE,1.0,1.8,1
2021-06-15,SEIGLE,2.0,1.8,2
2021-06-16,SEIGLE,2.0,1.8,2
2021-06-17,SEIGLE,3.0,1.8,2
2021-06-18,SEIGLE,3.0,1.8,3
2021-06-19,SEIGLE,3.0,1.8,3
2021-06-20,SEIGLE,1.0,1.8,1
2021-06-21,SEIGLE,3.0,1.8,3
2021-06-22,SEIGLE,1.0,1.8,1
2021-06-23,SEIGLE,1.0,1.8,1
2021-06-24,SEIGLE,1.0,1.8,1
2021-06-25,SEIGLE,3.0,1.8,3
2021-06-26,SEIGLE,1.0,1.8,1
2021-06-27,SEIGLE,3.0,1.8,3
2021-06-28,SEIGLE,1.0,1.8,1
2021-06-29,SEIGLE,3.0,1.8,3
2021-07-01,SEIGLE,3.0,1.8,3
2021-07-02,SEIGLE,2.0,1.8,2
2021-07-03,SEIGLE,4.0,1.8,4
2021-07-04,SEIGLE,4.0,1.8,4
2021-07-05,SEIGLE,3.0,1.8,3
2021-07-06,SEIGLE,1.0,1.8,1
2021-07-07,SEIGLE,1.0,1.8,1
2021-07-08,SEIGLE,2.0,1.8,2
2021-07-09,SEIGLE,5.0,1.8,5
2021-07-10,SEIGLE,5.0,1.8,5
2021-07-11,SEIGLE,5.0,1.8,5
2021-07-12,SEIGLE,2.0,1.8,1
2021-07-13,SEIGLE,2.0,1.8,2
2021-07-14,SEIGLE,3.0,1.8,2
2021-07-15,SEIGLE,4.0,1.8,2
2021-07-16,SEIGLE,2.0,1.8,2
2021-07-17,SEIGLE,4.0,1.8,4
2021-07-18,SEIGLE,5.0,1.8,4
2021-07-19,SEIGLE,2.0,1.8,2
2021-07-21,SEIGLE,4.0,1.8,4
2021-07-22,SEIGLE,4.0,1.8,4
2021-07-23,SEIGLE,3.0,1.8,3
2021-07-24,SEIGLE,4.0,1.8,4
2021-07-25,SEIGLE,3.0,1.8,3
2021-07-26,SEIGLE,3.0,1.8,3
2021-07-27,SEIGLE,3.0,1.8,3
2021-07-28,SEIGLE,2.0,1.8,2
2021-07-29,SEIGLE,6.0,1.8,3
2021-07-30,SEIGLE,27.0,1.8,2
2021-07-31,SEIGLE,5.0,1.8,5
2021-08-01,SEIGLE,3.0,1.8,2
2021-08-02,SEIGLE,3.0,1.8,3
2021-08-03,SEIGLE,3.0,1.8,3
2021-08-04,SEIGLE,3.0,1.8,3
2021-08-05,SEIGLE,3.0,1.8,3
2021-08-06,SEIGLE,3.0,1.8,3
2021-08-07,SEIGLE,3.0,1.8,3
2021-08-08,SEIGLE,4.0,1.8,4
2021-08-09,SEIGLE,3.0,1.8,3
2021-08-10,SEIGLE,10.0,1.8,10
2021-08-11,SEIGLE,4.0,1.8,4
2021-08-12,SEIGLE,5.0,1.8,3
2021-08-13,SEIGLE,4.0,1.8,4
2021-08-14,SEIGLE,5.0,1.8,4
2021-08-15,SEIGLE,6.0,1.8,6
2021-08-16,SEIGLE,6.0,1.8,5
2021-08-17,SEIGLE,2.0,1.8,2
2021-08-18,SEIGLE,5.0,1.8,5
2021-08-19,SEIGLE,3.0,1.8,3
2021-08-20,SEIGLE,5.0,1.8,4
2021-08-21,SEIGLE,6.0,1.8,6
2021-08-22,SEIGLE,4.0,1.8,4
2021-08-23,SEIGLE,5.0,1.8,4
2021-08-24,SEIGLE,5.0,1.8,5
2021-08-25,SEIGLE,6.0,1.8,6
2021-08-26,SEIGLE,2.0,1.8,2
2021-08-27,SEIGLE,3.0,1.8,3
2021-08-28,SEIGLE,3.0,1.8,2
2021-08-29,SEIGLE,5.0,1.8,5
2021-08-30,SEIGLE,4.0,1.8,3
2021-08-31,SEIGLE,4.0,1.8,4
2021-09-01,SEIGLE,3.0,1.8,3
2021-09-02,SEIGLE,2.0,1.8,2
2021-09-03,SEIGLE,1.0,1.8,1
2021-09-04,SEIGLE,4.0,1.8,4
2021-09-05,SEIGLE,4.0,1.8,4
2021-09-06,SEIGLE,2.0,1.8,2
2021-09-07,SEIGLE,4.0,1.8,4
2021-09-08,SEIGLE,2.0,1.8,2
2021-09-09,SEIGLE,3.0,1.8,3
2021-09-10,SEIGLE,2.0,1.8,2
2021-09-11,SEIGLE,4.0,1.8,3
2021-09-12,SEIGLE,5.0,1.8,4
2021-09-13,SEIGLE,3.0,1.8,3
2021-09-14,SEIGLE,2.0,1.8,2
2021-09-16,SEIGLE,1.0,1.8,1
2021-09-18,SEIGLE,3.0,1.8,3
2021-09-19,SEIGLE,3.0,1.8,2
2021-09-20,SEIGLE,3.0,1.8,3
2021-09-21,SEIGLE,1.0,1.8,1
2021-09-22,SEIGLE,1.0,1.8,1
2021-09-23,SEIGLE,3.0,1.8,2
2021-09-24,SEIGLE,2.0,1.8,2
2021-09-25,SEIGLE,3.0,1.8,3
2021-09-26,SEIGLE,3.0,1.8,3
2021-09-27,SEIGLE,2.0,1.8,2
2021-09-28,SEIGLE,2.0,1.8,2
2021-09-30,SEIGLE,1.0,1.8,1
2021-10-01,SEIGLE,2.0,1.8,2
2021-10-02,SEIGLE,3.0,1.8,3
2021-10-03,SEIGLE,1.0,1.8,1
2021-10-04,SEIGLE,1.0,1.8,1
2021-10-05,SEIGLE,2.0,1.8,2
2021-10-06,SEIGLE,2.0,1.8,2
2021-10-07,SEIGLE,3.0,1.8,3
2021-10-08,SEIGLE,2.0,1.8,2
2021-10-09,SEIGLE,2.0,1.8,2
2021-10-10,SEIGLE,3.0,1.8,3
2021-10-11,SEIGLE,2.0,1.8,2
2021-10-12,SEIGLE,1.0,1.8,1
2021-10-13,SEIGLE,1.0,1.8,1
2021-10-15,SEIGLE,2.0,1.8,2
2021-10-16,SEIGLE,3.0,1.8,3
2021-10-17,SEIGLE,1.0,1.8,1
2021-10-19,SEIGLE,2.0,1.8,2
2021-10-21,SEIGLE,4.0,1.8,4
2021-10-22,SEIGLE,1.0,1.8,1
2021-10-23,SEIGLE,2.0,1.8,2
2021-10-24,SEIGLE,3.0,1.8,3
2021-10-25,SEIGLE,3.0,1.8,3
2021-10-28,SEIGLE,3.0,1.8,2
2021-10-29,SEIGLE,3.0,1.8,2
2021-10-30,SEIGLE,3.0,1.8,3
2021-10-31,SEIGLE,3.0,1.8,3
2021-11-01,SEIGLE,3.0,1.8,3
2021-11-02,SEIGLE,3.0,1.8,3
2021-11-03,SEIGLE,1.0,1.8,1
2021-11-04,SEIGLE,3.0,1.8,3
2021-11-05,SEIGLE,4.0,1.8,4
2021-11-06,SEIGLE,4.0,1.8,3
2021-11-08,SEIGLE,2.0,1.8,2
2021-11-09,SEIGLE,2.0,1.8,2
2021-11-10,SEIGLE,2.0,1.8,2
2021-11-11,SEIGLE,2.0,1.8,2
2021-11-12,SEIGLE,2.0,1.8,2
2021-11-13,SEIGLE,2.0,1.8,2
2021-11-14,SEIGLE,2.0,1.8,2
2021-11-15,SEIGLE,1.0,1.8,1
2021-11-16,SEIGLE,1.0,1.8,1
2021-11-18,SEIGLE,2.0,1.8,2
2021-11-20,SEIGLE,2.0,1.8,2
2021-11-22,SEIGLE,2.0,1.8,2
2021-11-23,SEIGLE,2.0,1.8,2
2021-11-26,SEIGLE,1.0,1.8,1
2021-11-27,SEIGLE,1.0,1.8,1
2021-11-28,SEIGLE,2.0,1.8,2
2021-11-29,SEIGLE,1.0,1.8,1
2021-11-30,SEIGLE,1.0,1.8,1
2021-12-02,SEIGLE,2.0,1.8,2
2021-12-03,SEIGLE,3.0,1.8,3
2021-12-04,SEIGLE,1.0,1.8,1
2021-12-05,SEIGLE,2.0,1.8,2
2021-12-09,SEIGLE,2.0,1.8,2
2021-12-10,SEIGLE,1.0,1.8,1
2021-12-11,SEIGLE,1.0,1.8,1
2021-12-12,SEIGLE,1.0,1.8,1
2021-12-13,SEIGLE,1.0,1.8,1
2021-12-14,SEIGLE,1.0,1.8,1
2021-12-17,SEIGLE,2.0,1.8,2
2021-12-18,SEIGLE,2.0,1.8,2
2021-12-19,SEIGLE,2.0,1.8,2
2021-12-20,SEIGLE,2.0,1.8,2
2021-12-21,SEIGLE,1.0,1.8,1
2021-12-22,SEIGLE,2.0,1.8,2
2021-12-23,SEIGLE,1.0,1.8,1
2021-12-24,SEIGLE,16.0,1.8,14
2021-12-25,SEIGLE,4.0,1.8,4
2021-12-27,SEIGLE,5.0,1.8,5
2021-12-28,SEIGLE,3.0,1.8,3
2021-12-29,SEIGLE,4.0,1.8,4
2021-12-30,SEIGLE,2.0,1.8,2
2021-12-31,SEIGLE,16.0,1.8,14
2022-01-02,SEIGLE,7.0,1.8,7
2022-01-03,SEIGLE,2.0,1.8,2
2022-01-06,SEIGLE,2.0,1.8,2
2022-01-08,SEIGLE,1.0,1.8,1
2022-01-09,SEIGLE,2.0,1.8,2
2022-01-10,SEIGLE,1.0,1.8,1
2022-01-11,SEIGLE,2.0,1.8,2
2022-01-13,SEIGLE,1.0,1.8,1
2022-01-14,SEIGLE,2.0,1.8,2
2022-01-16,SEIGLE,3.0,1.8,3
2022-01-18,SEIGLE,1.0,1.8,1
2022-01-20,SEIGLE,2.0,1.8,2
2022-01-21,SEIGLE,2.0,1.8,2
2022-01-22,SEIGLE,2.0,1.8,2
2022-01-23,SEIGLE,1.0,1.8,1
2022-01-24,SEIGLE,2.0,1.8,2
2022-01-27,SEIGLE,1.0,1.8,1
2022-01-28,SEIGLE,2.0,1.8,2
2022-01-29,SEIGLE,1.0,1.8,1
2022-01-30,SEIGLE,2.0,1.8,2
2022-01-31,SEIGLE,2.0,1.8,2
2022-02-01,SEIGLE,1.0,1.8,1
2022-02-03,SEIGLE,1.0,1.8,1
2022-02-04,SEIGLE,2.0,1.8,2
2022-02-05,SEIGLE,1.0,1.8,1
2022-02-06,SEIGLE,3.0,1.8,3
2022-02-07,SEIGLE,1.0,1.9,1
2022-02-08,SEIGLE,1.0,1.9,1
2022-02-10,SEIGLE,1.0,1.9,1
2022-02-11,SEIGLE,1.0,1.9,1
2022-02-12,SEIGLE,3.0,1.9,3
2022-02-13,SEIGLE,3.0,1.9,2
2022-02-14,SEIGLE,1.0,1.9,1
2022-02-15,SEIGLE,3.0,1.9,3
2022-02-17,SEIGLE,2.0,1.9,2
2022-02-19,SEIGLE,2.0,1.9,2
2022-02-20,SEIGLE,2.0,1.9,2
2022-02-21,SEIGLE,3.0,1.9,3
2022-02-24,SEIGLE,3.0,1.9,3
2022-02-25,SEIGLE,1.0,1.9,1
2022-02-26,SEIGLE,1.0,1.9,1
2022-02-27,SEIGLE,3.0,1.9,3
2022-02-28,SEIGLE,1.0,1.9,1
2022-03-01,SEIGLE,1.0,1.9,1
2022-03-02,SEIGLE,1.0,1.9,1
2022-03-03,SEIGLE,3.0,1.9,3
2022-03-04,SEIGLE,1.0,1.9,1
2022-03-05,SEIGLE,3.0,1.9,3
2022-03-07,SEIGLE,2.0,1.9,2
2022-03-09,SEIGLE,2.0,1.9,2
2022-03-11,SEIGLE,1.0,1.9,1
2022-03-12,SEIGLE,3.0,1.9,3
2022-03-13,SEIGLE,3.0,1.9,3
2022-03-14,SEIGLE,1.0,1.9,1
2022-03-15,SEIGLE,1.0,1.9,1
2022-03-16,SEIGLE,1.0,1.9,1
2022-03-17,SEIGLE,1.0,1.9,1
2022-03-18,SEIGLE,1.0,1.9,1
2022-03-19,SEIGLE,3.0,1.9,3
2022-03-20,SEIGLE,2.0,1.9,2
2022-03-21,SEIGLE,1.0,1.9,1
2022-03-22,SEIGLE,1.0,1.9,1
2022-03-23,SEIGLE,2.0,1.9,2
2022-03-24,SEIGLE,2.0,1.9,2
2022-03-25,SEIGLE,3.0,1.9,3
2022-03-26,SEIGLE,1.0,1.9,1
2022-03-27,SEIGLE,3.0,1.9,3
2022-03-28,SEIGLE,1.0,1.9,1
2022-03-29,SEIGLE,1.0,1.9,1
2022-03-30,SEIGLE,1.0,1.9,1
2022-04-01,SEIGLE,1.0,1.9,1
2022-04-02,SEIGLE,3.0,1.9,3
2022-04-03,SEIGLE,3.0,1.9,3
2022-04-05,SEIGLE,2.0,1.9,2
2022-04-07,SEIGLE,1.0,1.9,1
2022-04-09,SEIGLE,3.0,1.9,3
2022-04-10,SEIGLE,1.0,1.9,1
2022-04-11,SEIGLE,3.0,1.9,3
2022-04-12,SEIGLE,1.0,1.9,1
2022-04-13,SEIGLE,2.0,1.9,2
2022-04-14,SEIGLE,1.0,1.9,1
2022-04-15,SEIGLE,1.0,1.9,1
2022-04-16,SEIGLE,3.0,1.9,3
2022-04-17,SEIGLE,3.0,1.9,3
2022-04-18,SEIGLE,3.0,1.9,3
2022-04-19,SEIGLE,3.0,1.9,3
2022-04-20,SEIGLE,1.0,1.9,1
2022-04-21,SEIGLE,3.0,1.9,3
2022-04-22,SEIGLE,2.0,1.9,2
2022-04-23,SEIGLE,1.0,1.9,1
2022-04-24,SEIGLE,2.0,1.9,2
2022-04-25,SEIGLE,2.0,1.9,2
2022-04-26,SEIGLE,3.0,1.9,3
2022-04-27,SEIGLE,3.0,1.9,3
2022-04-28,SEIGLE,3.0,1.9,3
2022-04-29,SEIGLE,2.0,1.9,2
2022-04-30,SEIGLE,3.0,1.9,3
2022-05-01,SEIGLE,1.0,1.9,1
2022-05-02,SEIGLE,3.0,1.9,3
2022-05-03,SEIGLE,1.0,1.9,1
2022-05-05,SEIGLE,2.0,1.9,2
2022-05-06,SEIGLE,3.0,1.9,3
2022-05-07,SEIGLE,3.0,1.9,3
2022-05-08,SEIGLE,2.0,1.9,2
2022-05-09,SEIGLE,1.0,1.9,1
2022-05-10,SEIGLE,2.0,1.9,2
2022-05-11,SEIGLE,2.0,1.9,2
2022-05-12,SEIGLE,3.0,1.9,3
2022-05-13,SEIGLE,1.0,1.9,1
2022-05-14,SEIGLE,3.0,1.9,3
2022-05-15,SEIGLE,3.0,1.9,2
2022-05-16,SEIGLE,1.0,1.9,1
2022-05-18,SEIGLE,3.0,1.9,3
2022-05-19,SEIGLE,3.0,1.9,3
2022-05-20,SEIGLE,3.0,1.9,3
2022-05-21,SEIGLE,3.0,1.9,3
2022-05-22,SEIGLE,4.0,1.9,4
2022-05-23,SEIGLE,1.0,1.9,1
2022-05-24,SEIGLE,2.0,1.9,2
2022-05-25,SEIGLE,3.0,1.9,3
2022-05-26,SEIGLE,4.0,1.9,4
2022-05-27,SEIGLE,3.0,1.9,2
2022-05-28,SEIGLE,5.0,1.9,4
2022-05-29,SEIGLE,4.0,1.9,4
2022-05-30,SEIGLE,3.0,1.9,3
2022-05-31,SEIGLE,2.0,1.9,2
2022-06-01,SEIGLE,2.0,1.9,2
2022-06-02,SEIGLE,1.0,1.9,1
2022-06-03,SEIGLE,2.0,1.9,2
2022-06-04,SEIGLE,6.0,1.9,5
2022-06-05,SEIGLE,3.0,1.9,3
2022-06-06,SEIGLE,3.0,1.9,3
2022-06-07,SEIGLE,2.0,1.9,2
2022-06-08,SEIGLE,1.0,1.9,1
2022-06-09,SEIGLE,1.0,1.9,1
2022-06-11,SEIGLE,5.0,1.9,5
2022-06-12,SEIGLE,1.0,1.9,1
2022-06-13,SEIGLE,2.0,1.9,2
2022-06-15,SEIGLE,1.0,1.9,1
2022-06-16,SEIGLE,1.0,1.9,1
2022-06-17,SEIGLE,2.0,1.9,2
2022-06-18,SEIGLE,3.0,1.9,2
2022-06-19,SEIGLE,1.0,1.9,1
2022-06-20,SEIGLE,3.0,1.9,3
2022-06-22,SEIGLE,3.0,1.9,3
2022-06-23,SEIGLE,2.0,1.9,2
2022-06-24,SEIGLE,2.0,1.9,2
2022-06-25,SEIGLE,2.0,1.9,2
2022-06-26,SEIGLE,2.0,1.9,2
2022-06-28,SEIGLE,2.0,1.95,2
2022-06-29,SEIGLE,2.0,2.0,2
2022-06-30,SEIGLE,2.0,2.0,2
2022-07-01,SEIGLE,2.0,2.0,2
2022-07-02,SEIGLE,3.0,2.0,2
2022-07-03,SEIGLE,3.0,2.0,3
2022-07-04,SEIGLE,5.0,2.0,3
2022-07-05,SEIGLE,3.0,2.0,2
2022-07-07,SEIGLE,1.0,2.0,1
2022-07-08,SEIGLE,1.0,2.0,1
2022-07-09,SEIGLE,5.0,2.0,5
2022-07-10,SEIGLE,3.0,2.0,3
2022-07-11,SEIGLE,2.0,2.0,2
2022-07-12,SEIGLE,5.0,2.0,4
2022-07-13,SEIGLE,4.0,2.0,4
2022-07-14,SEIGLE,3.0,2.0,3
2022-07-15,SEIGLE,1.0,2.0,1
2022-07-16,SEIGLE,3.0,2.0,3
2022-07-17,SEIGLE,3.0,2.0,3
2022-07-18,SEIGLE,4.0,2.0,3
2022-07-19,SEIGLE,1.0,2.0,1
2022-07-20,SEIGLE,5.0,2.0,4
2022-07-21,SEIGLE,1.0,2.0,1
2022-07-23,SEIGLE,5.0,2.0,5
2022-07-24,SEIGLE,5.0,2.0,4
2022-07-25,SEIGLE,7.0,2.0,5
2022-07-28,SEIGLE,5.0,2.0,5
2022-07-29,SEIGLE,4.0,2.0,3
2022-07-30,SEIGLE,5.0,2.0,4
2022-07-31,SEIGLE,6.0,2.0,5
2022-08-01,SEIGLE,3.0,2.0,3
2022-08-02,SEIGLE,4.0,2.0,3
2022-08-03,SEIGLE,5.0,2.0,5
2022-08-04,SEIGLE,4.0,2.0,3
2022-08-05,SEIGLE,4.0,2.0,3
2022-08-06,SEIGLE,5.0,2.0,5
2022-08-07,SEIGLE,5.0,2.0,5
2022-08-08,SEIGLE,5.0,2.0,4
2022-08-09,SEIGLE,5.0,2.0,5
2022-08-10,SEIGLE,5.0,2.0,5
2022-08-11,SEIGLE,5.0,2.0,5
2022-08-12,SEIGLE,5.0,2.0,5
2022-08-13,SEIGLE,5.0,2.0,4
2022-08-14,SEIGLE,5.0,2.0,4
2022-08-15,SEIGLE,5.0,2.0,5
2022-08-16,SEIGLE,5.0,2.0,4
2022-08-17,SEIGLE,5.0,2.0,5
2022-08-18,SEIGLE,5.0,2.0,4
2022-08-19,SEIGLE,5.0,2.0,5
2022-08-20,SEIGLE,5.0,2.0,3
2022-08-21,SEIGLE,5.0,2.0,5
2022-08-22,SEIGLE,3.0,2.0,3
2022-08-23,SEIGLE,4.0,2.0,3
2022-08-24,SEIGLE,3.0,2.0,3
2022-08-25,SEIGLE,2.0,2.0,2
2022-08-26,SEIGLE,1.0,2.0,1
2022-08-27,SEIGLE,4.0,2.0,4
2022-08-28,SEIGLE,5.0,2.0,5
2022-08-29,SEIGLE,2.0,2.0,2
2022-08-30,SEIGLE,2.0,2.0,2
2022-08-31,SEIGLE,2.0,2.0,2
2022-09-02,SEIGLE,2.0,2.0,2
2022-09-03,SEIGLE,2.0,2.0,1
2022-09-04,SEIGLE,2.0,2.0,1
2022-09-06,SEIGLE,2.0,2.0,2
2022-09-07,SEIGLE,2.0,2.0,2
2022-09-08,SEIGLE,2.0,2.0,1
2022-09-09,SEIGLE,2.0,2.0,2
2022-09-10,SEIGLE,2.0,2.0,2
2022-09-11,SEIGLE,2.0,2.0,2
2022-09-12,SEIGLE,2.0,2.0,2
2022-09-15,SEIGLE,2.0,2.0,2
2022-09-16,SEIGLE,2.0,2.0,2
2022-09-17,SEIGLE,2.0,2.0,2
2022-09-18,SEIGLE,3.0,2.0,2
2022-09-20,SEIGLE,2.0,2.0,2
2022-09-21,SEIGLE,1.0,2.0,1
2022-09-22,SEIGLE,1.0,2.0,1
2022-09-23,SEIGLE,2.0,2.0,2
2022-09-24,SEIGLE,2.0,2.0,2
2022-09-25,SEIGLE,2.0,2.0,2
2022-09-26,SEIGLE,1.0,2.0,1
2022-09-27,SEIGLE,2.0,2.0,2
2022-09-30,SEIGLE,2.0,2.0,2
2021-01-02,SPECIAL BREAD,8.0,2.4,8
2021-01-03,SPECIAL BREAD,7.0,2.4,7
2021-01-04,SPECIAL BREAD,7.0,2.4,7
2021-01-05,SPECIAL BREAD,8.0,2.4,8
2021-01-07,SPECIAL BREAD,6.0,2.4,5
2021-01-08,SPECIAL BREAD,6.0,2.4,6
2021-01-09,SPECIAL BREAD,8.0,2.4,8
2021-01-10,SPECIAL BREAD,8.0,2.4,8
2021-01-11,SPECIAL BREAD,1.0,2.4,1
2021-01-12,SPECIAL BREAD,4.0,2.4,4
2021-01-14,SPECIAL BREAD,8.0,2.4,8
2021-01-15,SPECIAL BREAD,7.0,2.4,7
2021-01-16,SPECIAL BREAD,10.0,2.4,8
2021-01-17,SPECIAL BREAD,8.0,2.4,7
2021-01-18,SPECIAL BREAD,7.0,2.4,7
2021-01-19,SPECIAL BREAD,7.0,2.4,7
2021-01-21,SPECIAL BREAD,6.0,2.4,6
2021-01-22,SPECIAL BREAD,8.0,2.4,7
2021-01-23,SPECIAL BREAD,7.0,2.4,6
2021-01-24,SPECIAL BREAD,10.0,2.4,9
2021-01-25,SPECIAL BREAD,4.0,2.4,4
2021-01-26,SPECIAL BREAD,10.0,2.4,9
2021-01-28,SPECIAL BREAD,8.0,2.4,8
2021-01-29,SPECIAL BREAD,4.0,2.4,3
2021-01-30,SPECIAL BREAD,8.0,2.4,8
2021-01-31,SPECIAL BREAD,8.0,2.4,8
2021-02-01,SPECIAL BREAD,5.0,2.4,5
2021-02-02,SPECIAL BREAD,4.0,2.4,4
2021-02-04,SPECIAL BREAD,7.0,2.4,7
2021-02-05,SPECIAL BREAD,7.0,2.4,6
2021-02-06,SPECIAL BREAD,9.0,2.4,7
2021-02-07,SPECIAL BREAD,10.0,2.4,10
2021-02-08,SPECIAL BREAD,8.0,2.4,7
2021-02-09,SPECIAL BREAD,12.0,2.4,10
2021-02-11,SPECIAL BREAD,6.0,2.4,5
2021-02-12,SPECIAL BREAD,8.0,2.4,8
2021-02-13,SPECIAL BREAD,10.0,2.4,10
2021-02-14,SPECIAL BREAD,7.0,2.4,6
2021-02-15,SPECIAL BREAD,4.0,2.4,4
2021-02-16,SPECIAL BREAD,8.0,2.4,8
2021-02-18,SPECIAL BREAD,8.0,2.4,8
2021-02-19,SPECIAL BREAD,8.0,2.4,8
2021-02-20,SPECIAL BREAD,10.0,2.4,10
2021-02-21,SPECIAL BREAD,12.0,2.4,11
2021-02-22,SPECIAL BREAD,10.0,2.4,10
2021-02-23,SPECIAL BREAD,8.0,2.4,7
2021-02-25,SPECIAL BREAD,9.0,2.4,9
2021-02-26,SPECIAL BREAD,9.0,2.4,9
2021-02-27,SPECIAL BREAD,16.0,2.4,15
2021-02-28,SPECIAL BREAD,19.0,2.4,16
2021-03-01,SPECIAL BREAD,8.0,2.4,8
2021-03-02,SPECIAL BREAD,8.0,2.4,7
2021-03-04,SPECIAL BREAD,8.0,2.4,8
2021-03-05,SPECIAL BREAD,8.0,2.4,8
2021-03-06,SPECIAL BREAD,10.0,2.4,8
2021-03-07,SPECIAL BREAD,10.0,2.4,10
2021-03-08,SPECIAL BREAD,10.0,2.4,10
2021-03-09,SPECIAL BREAD,10.0,2.4,10
2021-03-11,SPECIAL BREAD,8.0,2.4,8
2021-03-12,SPECIAL BREAD,8.0,2.4,8
2021-03-13,SPECIAL BREAD,10.0,2.4,9
2021-03-14,SPECIAL BREAD,10.0,2.4,10
2021-03-15,SPECIAL BREAD,10.0,2.4,10
2021-03-16,SPECIAL BREAD,6.0,2.4,5
2021-03-18,SPECIAL BREAD,7.0,2.4,6
2021-03-19,SPECIAL BREAD,5.0,2.4,5
2021-03-20,SPECIAL BREAD,10.0,2.4,9
2021-03-21,SPECIAL BREAD,10.0,2.4,10
2021-03-22,SPECIAL BREAD,8.0,2.4,7
2021-03-23,SPECIAL BREAD,5.0,2.4,4
2021-03-25,SPECIAL BREAD,8.0,2.4,8
2021-03-26,SPECIAL BREAD,6.0,2.4,6
2021-03-27,SPECIAL BREAD,7.0,2.4,7
2021-03-28,SPECIAL BREAD,10.0,2.4,10
2021-03-29,SPECIAL BREAD,5.0,2.4,5
2021-03-30,SPECIAL BREAD,7.0,2.4,7
2021-04-01,SPECIAL BREAD,5.0,2.4,5
2021-04-02,SPECIAL BREAD,6.0,2.4,6
2021-04-03,SPECIAL BREAD,14.0,2.4,11
2021-04-04,SPECIAL BREAD,16.0,2.4,13
2021-04-05,SPECIAL BREAD,17.0,2.4,15
2021-04-06,SPECIAL BREAD,10.0,2.4,8
2021-04-08,SPECIAL BREAD,7.0,2.4,7
2021-04-09,SPECIAL BREAD,9.0,2.4,8
2021-04-10,SPECIAL BREAD,9.0,2.4,8
2021-04-11,SPECIAL BREAD,10.0,2.4,10
2021-04-12,SPECIAL BREAD,9.0,2.4,9
2021-04-13,SPECIAL BREAD,7.0,2.4,7
2021-04-14,SPECIAL BREAD,7.0,2.4,7
2021-04-15,SPECIAL BREAD,6.0,2.4,6
2021-04-16,SPECIAL BREAD,11.0,2.4,11
2021-04-17,SPECIAL BREAD,6.0,2.4,6
2021-04-18,SPECIAL BREAD,20.0,2.4,18
2021-04-19,SPECIAL BREAD,4.0,2.4,4
2021-04-20,SPECIAL BREAD,10.0,2.4,10
2021-04-21,SPECIAL BREAD,4.0,2.4,4
2021-04-22,SPECIAL BREAD,11.0,2.4,8
2021-04-23,SPECIAL BREAD,7.0,2.4,7
2021-04-24,SPECIAL BREAD,13.0,2.4,11
2021-04-25,SPECIAL BREAD,13.0,2.4,12
2021-04-26,SPECIAL BREAD,5.0,2.4,5
2021-04-27,SPECIAL BREAD,10.0,2.4,9
2021-04-28,SPECIAL BREAD,6.0,2.4,6
2021-04-29,SPECIAL BREAD,4.0,2.4,4
2021-04-30,SPECIAL BREAD,6.0,2.4,6
2021-05-01,SPECIAL BREAD,7.0,2.4,7
2021-05-02,SPECIAL BREAD,4.0,2.4,4
2021-05-03,SPECIAL BREAD,8.0,2.4,8
2021-05-04,SPECIAL BREAD,8.0,2.4,8
2021-05-05,SPECIAL BREAD,7.0,2.4,6
2021-05-06,SPECIAL BREAD,8.0,2.4,7
2021-05-07,SPECIAL BREAD,7.0,2.4,7
2021-05-08,SPECIAL BREAD,14.0,2.4,13
2021-05-09,SPECIAL BREAD,15.0,2.4,15
2021-05-10,SPECIAL BREAD,7.0,2.4,7
2021-05-11,SPECIAL BREAD,9.0,2.4,9
2021-05-12,SPECIAL BREAD,10.0,2.4,10
2021-05-13,SPECIAL BREAD,16.0,2.4,16
2021-05-14,SPECIAL BREAD,20.0,2.4,18
2021-05-15,SPECIAL BREAD,19.0,2.4,18
2021-05-16,SPECIAL BREAD,16.0,2.4,16
2021-05-21,SPECIAL BREAD,7.0,2.4,6
2021-05-22,SPECIAL BREAD,10.0,2.4,9
2021-05-23,SPECIAL BREAD,15.0,2.4,14
2021-05-24,SPECIAL BREAD,14.0,2.4,14
2021-05-25,SPECIAL BREAD,9.0,2.4,9
2021-05-26,SPECIAL BREAD,8.0,2.4,8
2021-05-27,SPECIAL BREAD,9.0,2.4,8
2021-05-28,SPECIAL BREAD,8.0,2.4,7
2021-05-29,SPECIAL BREAD,8.0,2.4,7
2021-05-30,SPECIAL BREAD,13.0,2.4,11
2021-05-31,SPECIAL BREAD,8.0,2.4,7
2021-06-01,SPECIAL BREAD,8.0,2.4,8
2021-06-02,SPECIAL BREAD,6.0,2.4,6
2021-06-03,SPECIAL BREAD,5.0,2.4,4
2021-06-04,SPECIAL BREAD,8.0,2.4,7
2021-06-05,SPECIAL BREAD,10.0,2.4,10
2021-06-06,SPECIAL BREAD,14.0,2.4,14
2021-06-07,SPECIAL BREAD,5.0,2.4,5
2021-06-08,SPECIAL BREAD,8.0,2.4,7
2021-06-09,SPECIAL BREAD,7.0,2.4,7
2021-06-10,SPECIAL BREAD,7.0,2.4,7
2021-06-11,SPECIAL BREAD,8.0,2.4,8
2021-06-12,SPECIAL BREAD,9.0,2.4,9
2021-06-13,SPECIAL BREAD,15.0,2.4,15
2021-06-14,SPECIAL BREAD,9.0,2.4,9
2021-06-15,SPECIAL BREAD,8.0,2.4,8
2021-06-16,SPECIAL BREAD,6.0,2.4,6
2021-06-17,SPECIAL BREAD,5.0,2.4,5
2021-06-18,SPECIAL BREAD,6.0,2.4,5
2021-06-19,SPECIAL BREAD,9.0,2.4,8
2021-06-20,SPECIAL BREAD,10.0,2.4,10
2021-06-21,SPECIAL BREAD,6.0,2.4,6
2021-06-22,SPECIAL BREAD,4.0,2.4,4
2021-06-23,SPECIAL BREAD,7.0,2.4,7
2021-06-24,SPECIAL BREAD,10.0,2.4,9
2021-06-25,SPECIAL BREAD,9.0,2.4,9
2021-06-26,SPECIAL BREAD,7.0,2.4,7
2021-06-27,SPECIAL BREAD,13.0,2.4,13
2021-06-28,SPECIAL BREAD,5.0,2.4,5
2021-06-29,SPECIAL BREAD,7.0,2.4,7
2021-06-30,SPECIAL BREAD,8.0,2.4,8
2021-07-01,SPECIAL BREAD,8.0,2.4,8
2021-07-02,SPECIAL BREAD,10.0,2.4,10
2021-07-03,SPECIAL BREAD,12.0,2.4,12
2021-07-04,SPECIAL BREAD,11.0,2.4,10
2021-07-05,SPECIAL BREAD,10.0,2.4,9
2021-07-06,SPECIAL BREAD,8.0,2.4,4
2021-07-07,SPECIAL BREAD,8.0,2.4,7
2021-07-08,SPECIAL BREAD,12.0,2.4,11
2021-07-09,SPECIAL BREAD,12.0,2.4,12
2021-07-10,SPECIAL BREAD,10.0,2.4,10
2021-07-11,SPECIAL BREAD,24.0,2.4,23
2021-07-12,SPECIAL BREAD,15.0,2.4,15
2021-07-13,SPECIAL BREAD,13.0,2.4,12
2021-07-14,SPECIAL BREAD,20.0,2.4,20
2021-07-15,SPECIAL BREAD,13.0,2.4,13
2021-07-16,SPECIAL BREAD,16.0,2.4,16
2021-07-17,SPECIAL BREAD,14.0,2.4,14
2021-07-18,SPECIAL BREAD,22.0,2.4,20
2021-07-19,SPECIAL BREAD,19.0,2.4,18
2021-07-20,SPECIAL BREAD,16.0,2.4,15
2021-07-21,SPECIAL BREAD,16.0,2.4,15
2021-07-22,SPECIAL BREAD,19.0,2.4,17
2021-07-23,SPECIAL BREAD,16.0,2.4,15
2021-07-24,SPECIAL BREAD,13.0,2.4,13
2021-07-25,SPECIAL BREAD,22.0,2.4,19
2021-07-26,SPECIAL BREAD,20.0,2.4,20
2021-07-27,SPECIAL BREAD,19.0,2.4,16
2021-07-28,SPECIAL BREAD,12.0,2.4,12
2021-07-29,SPECIAL BREAD,7.0,2.4,7
2021-07-30,SPECIAL BREAD,11.0,2.4,11
2021-07-31,SPECIAL BREAD,15.0,2.4,14
2021-08-01,SPECIAL BREAD,22.0,2.4,19
2021-08-02,SPECIAL BREAD,14.0,2.4,14
2021-08-03,SPECIAL BREAD,22.0,2.4,21
2021-08-04,SPECIAL BREAD,15.0,2.4,14
2021-08-05,SPECIAL BREAD,17.0,2.4,16
2021-08-06,SPECIAL BREAD,20.0,2.4,18
2021-08-07,SPECIAL BREAD,20.0,2.4,19
2021-08-08,SPECIAL BREAD,20.0,2.4,19
2021-08-09,SPECIAL BREAD,16.0,2.4,16
2021-08-10,SPECIAL BREAD,13.0,2.4,13
2021-08-11,SPECIAL BREAD,16.0,2.4,15
2021-08-12,SPECIAL BREAD,15.0,2.4,15
2021-08-13,SPECIAL BREAD,5.0,2.4,5
2021-08-14,SPECIAL BREAD,15.0,2.4,14
2021-08-15,SPECIAL BREAD,19.0,2.4,16
2021-08-16,SPECIAL BREAD,15.0,2.4,15
2021-08-17,SPECIAL BREAD,9.0,2.4,9
2021-08-18,SPECIAL BREAD,14.0,2.4,13
2021-08-19,SPECIAL BREAD,13.0,2.4,12
2021-08-20,SPECIAL BREAD,9.0,2.4,9
2021-08-21,SPECIAL BREAD,16.0,2.4,15
2021-08-22,SPECIAL BREAD,15.0,2.4,14
2021-08-23,SPECIAL BREAD,15.0,2.4,15
2021-08-24,SPECIAL BREAD,15.0,2.4,14
2021-08-25,SPECIAL BREAD,8.0,2.4,8
2021-08-26,SPECIAL BREAD,11.0,2.4,11
2021-08-27,SPECIAL BREAD,8.0,2.4,8
2021-08-28,SPECIAL BREAD,11.0,2.4,11
2021-08-29,SPECIAL BREAD,16.0,2.4,15
2021-08-30,SPECIAL BREAD,8.0,2.4,8
2021-08-31,SPECIAL BREAD,6.0,2.4,6
2021-09-01,SPECIAL BREAD,9.0,2.4,9
2021-09-02,SPECIAL BREAD,2.0,2.4,2
2021-09-03,SPECIAL BREAD,8.0,2.4,8
2021-09-04,SPECIAL BREAD,10.0,2.4,10
2021-09-05,SPECIAL BREAD,9.0,2.4,9
2021-09-06,SPECIAL BREAD,10.0,2.4,9
2021-09-07,SPECIAL BREAD,9.0,2.4,9
2021-09-08,SPECIAL BREAD,10.0,2.4,8
2021-09-09,SPECIAL BREAD,10.0,2.4,10
2021-09-10,SPECIAL BREAD,8.0,2.4,8
2021-09-11,SPECIAL BREAD,15.0,2.4,15
2021-09-12,SPECIAL BREAD,14.0,2.4,14
2021-09-13,SPECIAL BREAD,11.0,2.4,11
2021-09-14,SPECIAL BREAD,2.0,2.4,2
2021-09-15,SPECIAL BREAD,7.0,2.4,7
2021-09-16,SPECIAL BREAD,2.0,2.4,1
2021-09-17,SPECIAL BREAD,4.0,2.4,4
2021-09-18,SPECIAL BREAD,9.0,2.4,8
2021-09-19,SPECIAL BREAD,11.0,2.4,11
2021-09-20,SPECIAL BREAD,5.0,2.4,5
2021-09-21,SPECIAL BREAD,5.0,2.4,5
2021-09-22,SPECIAL BREAD,2.0,2.4,2
2021-09-23,SPECIAL BREAD,3.0,2.4,3
2021-09-24,SPECIAL BREAD,9.0,2.4,9
2021-09-25,SPECIAL BREAD,7.0,2.4,7
2021-09-26,SPECIAL BREAD,11.0,2.4,11
2021-09-27,SPECIAL BREAD,1.0,2.4,1
2021-09-28,SPECIAL BREAD,4.0,2.4,4
2021-09-29,SPECIAL BREAD,6.0,2.4,5
2021-09-30,SPECIAL BREAD,6.0,2.4,6
2021-10-01,SPECIAL BREAD,3.0,2.4,3
2021-10-02,SPECIAL BREAD,4.0,2.4,4
2021-10-03,SPECIAL BREAD,8.0,2.4,8
2021-10-04,SPECIAL BREAD,7.0,2.4,7
2021-10-05,SPECIAL BREAD,2.0,2.4,2
2021-10-06,SPECIAL BREAD,5.0,2.4,5
2021-10-07,SPECIAL BREAD,6.0,2.4,6
2021-10-08,SPECIAL BREAD,6.0,2.4,6
2021-10-09,SPECIAL BREAD,9.0,2.4,8
2021-10-10,SPECIAL BREAD,9.0,2.4,9
2021-10-11,SPECIAL BREAD,5.0,2.4,5
2021-10-12,SPECIAL BREAD,3.0,2.4,3
2021-10-13,SPECIAL BREAD,3.0,2.4,3
2021-10-14,SPECIAL BREAD,1.0,2.4,1
2021-10-15,SPECIAL BREAD,4.0,2.4,4
2021-10-16,SPECIAL BREAD,6.0,2.4,6
2021-10-17,SPECIAL BREAD,8.0,2.4,8
2021-10-18,SPECIAL BREAD,6.0,2.4,5
2021-10-19,SPECIAL BREAD,1.0,2.4,1
2021-10-20,SPECIAL BREAD,2.0,2.4,2
2021-10-21,SPECIAL BREAD,6.0,2.4,5
2021-10-22,SPECIAL BREAD,6.0,2.4,6
2021-10-23,SPECIAL BREAD,1.0,2.4,1
2021-10-24,SPECIAL BREAD,10.0,2.4,10
2021-10-25,SPECIAL BREAD,8.0,2.4,8
2021-10-26,SPECIAL BREAD,7.0,2.4,6
2021-10-27,SPECIAL BREAD,6.0,2.4,6
2021-10-28,SPECIAL BREAD,8.0,2.4,8
2021-10-29,SPECIAL BREAD,11.0,2.4,11
2021-10-30,SPECIAL BREAD,15.0,2.4,14
2021-10-31,SPECIAL BREAD,11.0,2.4,11
2021-11-01,SPECIAL BREAD,12.0,2.4,11
2021-11-02,SPECIAL BREAD,8.0,2.4,8
2021-11-03,SPECIAL BREAD,9.0,2.4,9
2021-11-04,SPECIAL BREAD,7.0,2.4,7
2021-11-05,SPECIAL BREAD,6.0,2.4,6
2021-11-06,SPECIAL BREAD,7.0,2.4,7
2021-11-07,SPECIAL BREAD,8.0,2.4,7
2021-11-08,SPECIAL BREAD,5.0,2.4,5
2021-11-09,SPECIAL BREAD,6.0,2.4,6
2021-11-10,SPECIAL BREAD,5.0,2.4,5
2021-11-11,SPECIAL BREAD,8.0,2.4,6
2021-11-12,SPECIAL BREAD,5.0,2.4,5
2021-11-13,SPECIAL BREAD,7.0,2.4,7
2021-11-14,SPECIAL BREAD,5.0,2.4,5
2021-11-15,SPECIAL BREAD,4.0,2.4,4
2021-11-16,SPECIAL BREAD,3.0,2.4,3
2021-11-18,SPECIAL BREAD,5.0,2.4,5
2021-11-19,SPECIAL BREAD,6.0,2.4,6
2021-11-20,SPECIAL BREAD,7.0,2.4,7
2021-11-21,SPECIAL BREAD,5.0,2.4,5
2021-11-22,SPECIAL BREAD,3.0,2.4,3
2021-11-23,SPECIAL BREAD,5.0,2.4,4
2021-11-25,SPECIAL BREAD,5.0,2.4,4
2021-11-26,SPECIAL BREAD,5.0,2.4,5
2021-11-27,SPECIAL BREAD,8.0,2.4,7
2021-11-28,SPECIAL BREAD,11.0,2.4,10
2021-11-29,SPECIAL BREAD,5.0,2.4,5
2021-11-30,SPECIAL BREAD,6.0,2.4,6
2021-12-02,SPECIAL BREAD,5.0,2.4,5
2021-12-03,SPECIAL BREAD,7.0,2.4,6
2021-12-04,SPECIAL BREAD,6.0,2.4,4
2021-12-05,SPECIAL BREAD,12.0,2.4,12
2021-12-09,SPECIAL BREAD,2.0,2.4,2
2021-12-10,SPECIAL BREAD,6.0,2.4,4
2021-12-11,SPECIAL BREAD,6.0,2.4,6
2021-12-12,SPECIAL BREAD,10.0,2.4,10
2021-12-13,SPECIAL BREAD,4.0,2.4,4
2021-12-14,SPECIAL BREAD,6.0,2.4,6
2021-12-16,SPECIAL BREAD,8.0,2.4,6
2021-12-17,SPECIAL BREAD,7.0,2.4,6
2021-12-18,SPECIAL BREAD,8.0,2.4,6
2021-12-19,SPECIAL BREAD,9.0,2.4,9
2021-12-20,SPECIAL BREAD,12.0,2.4,11
2021-12-21,SPECIAL BREAD,7.0,2.4,5
2021-12-22,SPECIAL BREAD,8.0,2.4,8
2021-12-23,SPECIAL BREAD,12.0,2.4,11
2021-12-24,SPECIAL BREAD,18.0,2.4,15
2021-12-25,SPECIAL BREAD,9.0,2.4,8
2021-12-26,SPECIAL BREAD,12.0,2.4,11
2021-12-27,SPECIAL BREAD,11.0,2.4,10
2021-12-28,SPECIAL BREAD,11.0,2.4,10
2021-12-29,SPECIAL BREAD,10.0,2.4,10
2021-12-30,SPECIAL BREAD,10.0,2.4,10
2021-12-31,SPECIAL BREAD,16.0,2.4,13
2022-01-02,SPECIAL BREAD,14.0,2.4,13
2022-01-03,SPECIAL BREAD,6.0,2.4,6
2022-01-04,SPECIAL BREAD,2.0,2.4,2
2022-01-06,SPECIAL BREAD,7.0,2.4,7
2022-01-07,SPECIAL BREAD,4.0,2.4,3
2022-01-08,SPECIAL BREAD,4.0,2.4,3
2022-01-09,SPECIAL BREAD,5.0,2.4,5
2022-01-10,SPECIAL BREAD,4.0,2.4,4
2022-01-11,SPECIAL BREAD,10.0,2.4,10
2022-01-13,SPECIAL BREAD,2.0,2.4,2
2022-01-14,SPECIAL BREAD,4.0,2.4,4
2022-01-15,SPECIAL BREAD,5.0,2.4,4
2022-01-16,SPECIAL BREAD,6.0,2.4,6
2022-01-17,SPECIAL BREAD,13.0,2.4,5
2022-01-18,SPECIAL BREAD,6.0,2.4,5
2022-01-20,SPECIAL BREAD,6.0,2.4,6
2022-01-21,SPECIAL BREAD,4.0,2.4,4
2022-01-22,SPECIAL BREAD,7.0,2.4,7
2022-01-23,SPECIAL BREAD,10.0,2.4,9
2022-01-24,SPECIAL BREAD,8.0,2.4,7
2022-01-25,SPECIAL BREAD,8.0,2.4,8
2022-01-27,SPECIAL BREAD,4.0,2.4,4
2022-01-28,SPECIAL BREAD,6.0,2.4,5
2022-01-29,SPECIAL BREAD,9.0,2.4,7
2022-01-30,SPECIAL BREAD,8.0,2.4,8
2022-01-31,SPECIAL BREAD,4.0,2.4,4
2022-02-01,SPECIAL BREAD,4.0,2.4,4
2022-02-03,SPECIAL BREAD,5.0,2.4,4
2022-02-04,SPECIAL BREAD,4.0,2.4,4
2022-02-05,SPECIAL BREAD,7.0,2.4,7
2022-02-06,SPECIAL BREAD,8.0,2.4,8
2022-02-07,SPECIAL BREAD,5.0,2.5,5
2022-02-08,SPECIAL BREAD,8.0,2.5,8
2022-02-10,SPECIAL BREAD,6.0,2.5,6
2022-02-11,SPECIAL BREAD,3.0,2.5,3
2022-02-12,SPECIAL BREAD,10.0,2.5,10
2022-02-13,SPECIAL BREAD,14.0,2.5,13
2022-02-14,SPECIAL BREAD,8.0,2.5,8
2022-02-15,SPECIAL BREAD,10.0,2.5,10
2022-02-17,SPECIAL BREAD,10.0,2.5,10
2022-02-18,SPECIAL BREAD,9.0,2.5,8
2022-02-19,SPECIAL BREAD,13.0,2.5,11
2022-02-20,SPECIAL BREAD,9.0,2.5,8
2022-02-21,SPECIAL BREAD,8.0,2.5,8
2022-02-22,SPECIAL BREAD,13.0,2.5,13
2022-02-24,SPECIAL BREAD,10.0,2.5,10
2022-02-25,SPECIAL BREAD,9.0,2.5,9
2022-02-26,SPECIAL BREAD,14.0,2.5,12
2022-02-27,SPECIAL BREAD,10.0,2.5,9
2022-02-28,SPECIAL BREAD,10.0,2.5,10
2022-03-01,SPECIAL BREAD,10.0,2.5,9
2022-03-02,SPECIAL BREAD,5.0,2.5,5
2022-03-03,SPECIAL BREAD,5.0,2.5,5
2022-03-04,SPECIAL BREAD,10.0,2.5,10
2022-03-05,SPECIAL BREAD,9.0,2.5,7
2022-03-06,SPECIAL BREAD,15.0,2.5,11
2022-03-07,SPECIAL BREAD,9.0,2.5,9
2022-03-08,SPECIAL BREAD,4.0,2.5,4
2022-03-09,SPECIAL BREAD,3.0,2.5,3
2022-03-10,SPECIAL BREAD,4.0,2.5,4
2022-03-12,SPECIAL BREAD,3.0,2.5,3
2022-03-13,SPECIAL BREAD,7.0,2.5,7
2022-03-14,SPECIAL BREAD,7.0,2.5,7
2022-03-15,SPECIAL BREAD,5.0,2.5,5
2022-03-16,SPECIAL BREAD,2.0,2.5,2
2022-03-17,SPECIAL BREAD,4.0,2.5,4
2022-03-18,SPECIAL BREAD,5.0,2.5,4
2022-03-19,SPECIAL BREAD,5.0,2.5,5
2022-03-20,SPECIAL BREAD,8.0,2.5,8
2022-03-21,SPECIAL BREAD,6.0,2.5,6
2022-03-22,SPECIAL BREAD,6.0,2.5,6
2022-03-23,SPECIAL BREAD,2.0,2.5,2
2022-03-24,SPECIAL BREAD,3.0,2.5,3
2022-03-25,SPECIAL BREAD,6.0,2.5,6
2022-03-26,SPECIAL BREAD,8.0,2.5,7
2022-03-27,SPECIAL BREAD,10.0,2.5,9
2022-03-28,SPECIAL BREAD,6.0,2.5,6
2022-03-29,SPECIAL BREAD,7.0,2.5,7
2022-03-30,SPECIAL BREAD,4.0,2.5,4
2022-03-31,SPECIAL BREAD,5.0,2.5,4
2022-04-01,SPECIAL BREAD,6.0,2.5,6
2022-04-02,SPECIAL BREAD,8.0,2.5,8
2022-04-03,SPECIAL BREAD,7.0,2.5,6
2022-04-04,SPECIAL BREAD,3.0,2.5,3
2022-04-05,SPECIAL BREAD,6.0,2.5,5
2022-04-07,SPECIAL BREAD,3.0,2.5,3
2022-04-08,SPECIAL BREAD,4.0,2.5,4
2022-04-09,SPECIAL BREAD,6.0,2.5,5
2022-04-10,SPECIAL BREAD,8.0,2.5,8
2022-04-11,SPECIAL BREAD,8.0,2.5,8
2022-04-12,SPECIAL BREAD,7.0,2.5,7
2022-04-13,SPECIAL BREAD,6.0,2.5,6
2022-04-14,SPECIAL BREAD,11.0,2.5,11
2022-04-15,SPECIAL BREAD,10.0,2.5,9
2022-04-16,SPECIAL BREAD,17.0,2.5,16
2022-04-17,SPECIAL BREAD,12.0,2.5,9
2022-04-18,SPECIAL BREAD,15.0,2.5,15
2022-04-19,SPECIAL BREAD,11.0,2.5,11
2022-04-20,SPECIAL BREAD,9.0,2.5,9
2022-04-21,SPECIAL BREAD,10.0,2.5,9
2022-04-22,SPECIAL BREAD,9.0,2.5,9
2022-04-23,SPECIAL BREAD,8.0,2.5,8
2022-04-24,SPECIAL BREAD,10.0,2.5,9
2022-04-25,SPECIAL BREAD,8.0,2.5,8
2022-04-26,SPECIAL BREAD,9.0,2.5,8
2022-04-27,SPECIAL BREAD,8.0,2.5,8
2022-04-28,SPECIAL BREAD,10.0,2.5,9
2022-04-29,SPECIAL BREAD,6.0,2.5,6
2022-04-30,SPECIAL BREAD,10.0,2.5,6
2022-05-01,SPECIAL BREAD,11.0,2.5,11
2022-05-02,SPECIAL BREAD,8.0,2.5,8
2022-05-03,SPECIAL BREAD,9.0,2.5,9
2022-05-05,SPECIAL BREAD,9.0,2.5,9
2022-05-06,SPECIAL BREAD,10.0,2.5,9
2022-05-07,SPECIAL BREAD,10.0,2.5,9
2022-05-08,SPECIAL BREAD,12.0,2.5,10
2022-05-09,SPECIAL BREAD,7.0,2.5,6
2022-05-10,SPECIAL BREAD,8.0,2.5,7
2022-05-11,SPECIAL BREAD,6.0,2.5,6
2022-05-12,SPECIAL BREAD,8.0,2.5,7
2022-05-13,SPECIAL BREAD,3.0,2.5,3
2022-05-14,SPECIAL BREAD,10.0,2.5,8
2022-05-15,SPECIAL BREAD,10.0,2.5,8
2022-05-16,SPECIAL BREAD,8.0,2.5,8
2022-05-17,SPECIAL BREAD,9.0,2.5,9
2022-05-18,SPECIAL BREAD,8.0,2.5,8
2022-05-19,SPECIAL BREAD,8.0,2.5,8
2022-05-20,SPECIAL BREAD,8.0,2.5,6
2022-05-21,SPECIAL BREAD,9.0,2.5,9
2022-05-22,SPECIAL BREAD,10.0,2.5,9
2022-05-23,SPECIAL BREAD,8.0,2.5,8
2022-05-24,SPECIAL BREAD,5.0,2.5,5
2022-05-25,SPECIAL BREAD,10.0,2.5,8
2022-05-26,SPECIAL BREAD,15.0,2.5,15
2022-05-27,SPECIAL BREAD,20.0,2.5,17
2022-05-28,SPECIAL BREAD,20.0,2.5,17
2022-05-29,SPECIAL BREAD,22.0,2.5,21
2022-05-30,SPECIAL BREAD,9.0,2.5,9
2022-05-31,SPECIAL BREAD,8.0,2.5,8
2022-06-01,SPECIAL BREAD,6.0,2.5,5
2022-06-02,SPECIAL BREAD,6.0,2.5,6
2022-06-03,SPECIAL BREAD,8.0,2.5,7
2022-06-04,SPECIAL BREAD,15.0,2.5,15
2022-06-05,SPECIAL BREAD,16.0,2.5,16
2022-06-06,SPECIAL BREAD,16.0,2.5,14
2022-06-07,SPECIAL BREAD,8.0,2.5,8
2022-06-08,SPECIAL BREAD,7.0,2.5,6
2022-06-09,SPECIAL BREAD,6.0,2.5,6
2022-06-10,SPECIAL BREAD,2.0,2.5,2
2022-06-11,SPECIAL BREAD,5.0,2.5,5
2022-06-12,SPECIAL BREAD,12.0,2.5,12
2022-06-13,SPECIAL BREAD,7.0,2.5,7
2022-06-14,SPECIAL BREAD,6.0,2.5,6
2022-06-15,SPECIAL BREAD,7.0,2.5,5
2022-06-16,SPECIAL BREAD,7.0,2.5,7
2022-06-17,SPECIAL BREAD,5.0,2.5,5
2022-06-18,SPECIAL BREAD,7.0,2.5,7
2022-06-19,SPECIAL BREAD,12.0,2.5,12
2022-06-20,SPECIAL BREAD,8.0,2.5,8
2022-06-21,SPECIAL BREAD,8.0,2.5,8
2022-06-22,SPECIAL BREAD,8.0,2.5,5
2022-06-23,SPECIAL BREAD,4.0,2.5,4
2022-06-24,SPECIAL BREAD,7.0,2.5,7
2022-06-25,SPECIAL BREAD,12.0,2.5,10
2022-06-26,SPECIAL BREAD,12.0,2.5,12
2022-06-27,SPECIAL BREAD,8.0,2.5,7
2022-06-28,SPECIAL BREAD,6.0,2.5,5
2022-06-29,SPECIAL BREAD,11.0,2.6,7
2022-06-30,SPECIAL BREAD,10.0,2.6,10
2022-07-01,SPECIAL BREAD,9.0,2.6,9
2022-07-02,SPECIAL BREAD,11.0,2.6,10
2022-07-03,SPECIAL BREAD,15.0,2.6,13
2022-07-04,SPECIAL BREAD,10.0,2.6,9
2022-07-05,SPECIAL BREAD,8.0,2.6,8
2022-07-06,SPECIAL BREAD,7.0,2.6,7
2022-07-07,SPECIAL BREAD,7.0,2.6,7
2022-07-08,SPECIAL BREAD,10.0,2.6,10
2022-07-09,SPECIAL BREAD,11.0,2.6,8
2022-07-10,SPECIAL BREAD,21.0,2.6,21
2022-07-11,SPECIAL BREAD,12.0,2.6,12
2022-07-12,SPECIAL BREAD,13.0,2.6,13
2022-07-13,SPECIAL BREAD,14.0,2.6,14
2022-07-14,SPECIAL BREAD,20.0,2.6,20
2022-07-15,SPECIAL BREAD,20.0,2.6,12
2022-07-16,SPECIAL BREAD,22.0,2.6,19
2022-07-17,SPECIAL BREAD,17.0,2.6,15
2022-07-18,SPECIAL BREAD,15.0,2.6,14
2022-07-19,SPECIAL BREAD,9.0,2.6,9
2022-07-20,SPECIAL BREAD,15.0,2.6,15
2022-07-21,SPECIAL BREAD,9.0,2.6,9
2022-07-22,SPECIAL BREAD,12.0,2.6,9
2022-07-23,SPECIAL BREAD,15.0,2.6,15
2022-07-24,SPECIAL BREAD,13.0,2.6,13
2022-07-25,SPECIAL BREAD,14.0,2.6,13
2022-07-26,SPECIAL BREAD,15.0,2.6,15
2022-07-27,SPECIAL BREAD,7.0,2.6,7
2022-07-28,SPECIAL BREAD,9.0,2.6,8
2022-07-29,SPECIAL BREAD,15.0,2.6,15
2022-07-30,SPECIAL BREAD,15.0,2.6,15
2022-07-31,SPECIAL BREAD,18.0,2.6,17
2022-08-01,SPECIAL BREAD,15.0,2.6,15
2022-08-02,SPECIAL BREAD,14.0,2.6,13
2022-08-03,SPECIAL BREAD,15.0,2.6,14
2022-08-04,SPECIAL BREAD,15.0,2.6,13
2022-08-05,SPECIAL BREAD,11.0,2.6,11
2022-08-06,SPECIAL BREAD,16.0,2.6,13
2022-08-07,SPECIAL BREAD,18.0,2.6,18
2022-08-08,SPECIAL BREAD,16.0,2.6,16
2022-08-09,SPECIAL BREAD,14.0,2.6,14
2022-08-10,SPECIAL BREAD,16.0,2.6,16
2022-08-11,SPECIAL BREAD,17.0,2.6,17
2022-08-12,SPECIAL BREAD,15.0,2.6,15
2022-08-13,SPECIAL BREAD,17.0,2.6,14
2022-08-14,SPECIAL BREAD,19.0,2.6,17
2022-08-15,SPECIAL BREAD,15.0,2.6,15
2022-08-16,SPECIAL BREAD,14.0,2.6,13
2022-08-17,SPECIAL BREAD,16.0,2.6,14
2022-08-18,SPECIAL BREAD,12.0,2.6,12
2022-08-19,SPECIAL BREAD,16.0,2.6,16
2022-08-20,SPECIAL BREAD,14.0,2.6,14
2022-08-21,SPECIAL BREAD,14.0,2.6,14
2022-08-22,SPECIAL BREAD,11.0,2.6,11
2022-08-23,SPECIAL BREAD,10.0,2.6,10
2022-08-24,SPECIAL BREAD,10.0,2.6,10
2022-08-25,SPECIAL BREAD,12.0,2.6,12
2022-08-26,SPECIAL BREAD,7.0,2.6,7
2022-08-27,SPECIAL BREAD,8.0,2.6,7
2022-08-28,SPECIAL BREAD,12.0,2.6,12
2022-08-29,SPECIAL BREAD,8.0,2.6,8
2022-08-30,SPECIAL BREAD,8.0,2.6,5
2022-08-31,SPECIAL BREAD,3.0,2.6,3
2022-09-02,SPECIAL BREAD,7.0,2.6,7
2022-09-03,SPECIAL BREAD,8.0,2.6,8
2022-09-04,SPECIAL BREAD,8.0,2.6,6
2022-09-05,SPECIAL BREAD,8.0,2.6,8
2022-09-06,SPECIAL BREAD,4.0,2.6,4
2022-09-07,SPECIAL BREAD,5.0,2.6,5
2022-09-08,SPECIAL BREAD,4.0,2.6,4
2022-09-09,SPECIAL BREAD,6.0,2.6,5
2022-09-10,SPECIAL BREAD,18.0,2.6,10
2022-09-11,SPECIAL BREAD,12.0,2.6,12
2022-09-12,SPECIAL BREAD,10.0,2.6,10
2022-09-13,SPECIAL BREAD,4.0,2.6,4
2022-09-14,SPECIAL BREAD,7.0,2.6,7
2022-09-15,SPECIAL BREAD,6.0,2.6,6
2022-09-16,SPECIAL BREAD,7.0,2.6,7
2022-09-17,SPECIAL BREAD,11.0,2.6,11
2022-09-18,SPECIAL BREAD,12.0,2.6,12
2022-09-20,SPECIAL BREAD,8.0,2.6,8
2022-09-21,SPECIAL BREAD,10.0,2.6,7
2022-09-22,SPECIAL BREAD,7.0,2.6,6
2022-09-23,SPECIAL BREAD,8.0,2.6,8
2022-09-24,SPECIAL BREAD,8.0,2.6,7
2022-09-25,SPECIAL BREAD,12.0,2.6,12
2022-09-26,SPECIAL BREAD,7.0,2.6,7
2022-09-27,SPECIAL BREAD,8.0,2.6,7
2022-09-28,SPECIAL BREAD,10.0,2.6,9
2022-09-29,SPECIAL BREAD,7.0,2.6,7
2022-09-30,SPECIAL BREAD,10.0,2.6,8
2021-01-02,SPECIAL BREAD KG,1.0,4.8,1
2021-01-03,SPECIAL BREAD KG,1.0,4.8,1
2021-01-07,SPECIAL BREAD KG,1.0,4.8,1
2021-01-08,SPECIAL BREAD KG,1.0,4.8,1
2021-01-09,SPECIAL BREAD KG,1.0,4.8,1
2021-01-10,SPECIAL BREAD KG,1.0,4.8,1
2021-01-11,SPECIAL BREAD KG,1.0,4.8,1
2021-01-12,SPECIAL BREAD KG,1.0,4.8,1
2021-01-15,SPECIAL BREAD KG,1.0,4.8,1
2021-01-16,SPECIAL BREAD KG,1.0,4.8,1
2021-01-17,SPECIAL BREAD KG,1.0,4.8,1
2021-01-19,SPECIAL BREAD KG,1.0,4.8,1
2021-01-22,SPECIAL BREAD KG,1.0,4.8,1
2021-01-23,SPECIAL BREAD KG,1.0,4.8,1
2021-01-29,SPECIAL BREAD KG,1.0,4.8,1
2021-01-30,SPECIAL BREAD KG,1.0,4.8,1
2021-01-31,SPECIAL BREAD KG,1.0,4.8,1
2021-02-05,SPECIAL BREAD KG,1.0,4.8,1
2021-02-06,SPECIAL BREAD KG,2.0,4.8,2
2021-02-09,SPECIAL BREAD KG,1.0,4.8,1
2021-02-12,SPECIAL BREAD KG,1.0,4.8,1
2021-02-13,SPECIAL BREAD KG,1.0,4.8,1
2021-02-14,SPECIAL BREAD KG,1.0,4.8,1
2021-02-18,SPECIAL BREAD KG,1.0,4.8,1
2021-02-20,SPECIAL BREAD KG,1.0,4.8,1
2021-02-21,SPECIAL BREAD KG,1.0,4.8,1
2021-02-22,SPECIAL BREAD KG,1.0,4.8,1
2021-02-23,SPECIAL BREAD KG,1.0,4.8,1
2021-02-25,SPECIAL BREAD KG,1.0,4.8,1
2021-02-26,SPECIAL BREAD KG,2.0,4.8,2
2021-02-27,SPECIAL BREAD KG,1.0,4.8,1
2021-02-28,SPECIAL BREAD KG,1.0,4.8,1
2021-03-02,SPECIAL BREAD KG,1.0,4.8,1
2021-03-04,SPECIAL BREAD KG,1.0,4.8,1
2021-03-05,SPECIAL BREAD KG,1.0,4.8,1
2021-03-06,SPECIAL BREAD KG,1.0,4.8,1
2021-03-07,SPECIAL BREAD KG,1.0,4.8,1
2021-03-09,SPECIAL BREAD KG,1.0,4.8,1
2021-03-11,SPECIAL BREAD KG,1.0,4.8,1
2021-03-12,SPECIAL BREAD KG,1.0,4.8,1
2021-03-14,SPECIAL BREAD KG,1.0,4.8,1
2021-03-16,SPECIAL BREAD KG,1.0,4.8,1
2021-03-19,SPECIAL BREAD KG,1.0,4.8,1
2021-03-20,SPECIAL BREAD KG,1.0,4.8,1
2021-03-21,SPECIAL BREAD KG,1.0,4.8,1
2021-03-23,SPECIAL BREAD KG,1.0,4.8,1
2021-03-26,SPECIAL BREAD KG,1.0,4.8,1
2021-03-27,SPECIAL BREAD KG,1.0,4.8,1
2021-03-28,SPECIAL BREAD KG,1.0,4.8,1
2021-03-29,SPECIAL BREAD KG,1.0,4.8,1
2021-03-30,SPECIAL BREAD KG,1.0,4.8,1
2021-04-01,SPECIAL BREAD KG,1.0,4.8,1
2021-04-02,SPECIAL BREAD KG,1.0,4.8,1
2021-04-03,SPECIAL BREAD KG,1.0,4.8,1
2021-04-04,SPECIAL BREAD KG,3.0,4.8,3
2021-04-06,SPECIAL BREAD KG,1.0,4.8,1
2021-04-08,SPECIAL BREAD KG,1.0,4.8,1
2021-04-10,SPECIAL BREAD KG,1.0,4.8,1
2021-04-11,SPECIAL BREAD KG,1.0,4.8,1
2021-04-13,SPECIAL BREAD KG,1.0,4.8,1
2021-04-15,SPECIAL BREAD KG,1.0,4.8,1
2021-04-16,SPECIAL BREAD KG,1.0,4.8,1
2021-04-17,SPECIAL BREAD KG,1.0,4.8,1
2021-04-18,SPECIAL BREAD KG,1.0,4.8,1
2021-04-20,SPECIAL BREAD KG,1.0,4.8,1
2021-04-21,SPECIAL BREAD KG,1.0,4.8,1
2021-04-22,SPECIAL BREAD KG,1.0,4.8,1
2021-04-23,SPECIAL BREAD KG,1.0,4.8,1
2021-04-24,SPECIAL BREAD KG,1.0,4.8,1
2021-04-25,SPECIAL BREAD KG,1.0,4.8,1
2021-04-29,SPECIAL BREAD KG,1.0,4.8,1
2021-05-02,SPECIAL BREAD KG,1.0,4.8,1
2021-05-04,SPECIAL BREAD KG,1.0,4.8,1
2021-05-06,SPECIAL BREAD KG,1.0,4.8,1
2021-05-07,SPECIAL BREAD KG,1.0,4.8,1
2021-05-08,SPECIAL BREAD KG,1.0,4.8,1
2021-05-09,SPECIAL BREAD KG,1.0,4.8,1
2021-05-12,SPECIAL BREAD KG,1.0,4.8,1
2021-05-13,SPECIAL BREAD KG,1.0,4.8,1
2021-05-14,SPECIAL BREAD KG,2.0,4.8,2
2021-05-15,SPECIAL BREAD KG,1.0,4.8,1
2021-05-16,SPECIAL BREAD KG,2.0,4.8,2
2021-05-22,SPECIAL BREAD KG,1.0,4.8,1
2021-05-23,SPECIAL BREAD KG,1.0,4.8,1
2021-05-24,SPECIAL BREAD KG,1.0,4.8,1
2021-05-28,SPECIAL BREAD KG,1.0,4.8,1
2021-05-29,SPECIAL BREAD KG,1.0,4.8,1
2021-05-30,SPECIAL BREAD KG,1.0,4.8,1
2021-06-01,SPECIAL BREAD KG,1.0,4.8,1
2021-06-03,SPECIAL BREAD KG,1.0,4.8,1
2021-06-04,SPECIAL BREAD KG,1.0,4.8,1
2021-06-05,SPECIAL BREAD KG,1.0,4.8,1
2021-06-06,SPECIAL BREAD KG,1.0,4.8,1
2021-06-07,SPECIAL BREAD KG,1.0,4.8,1
2021-06-08,SPECIAL BREAD KG,1.0,4.8,1
2021-06-10,SPECIAL BREAD KG,1.0,4.8,1
2021-06-11,SPECIAL BREAD KG,1.0,4.8,1
2021-06-12,SPECIAL BREAD KG,1.0,4.8,1
2021-06-13,SPECIAL BREAD KG,2.0,4.8,2
2021-06-14,SPECIAL BREAD KG,1.0,4.8,1
2021-06-15,SPECIAL BREAD KG,1.0,4.8,1
2021-06-16,SPECIAL BREAD KG,1.0,4.8,1
2021-06-18,SPECIAL BREAD KG,1.0,4.8,1
2021-06-19,SPECIAL BREAD KG,1.0,4.8,1
2021-06-20,SPECIAL BREAD KG,1.0,4.8,1
2021-06-21,SPECIAL BREAD KG,1.0,4.8,1
2021-06-22,SPECIAL BREAD KG,1.0,4.8,1
2021-06-26,SPECIAL BREAD KG,1.0,4.8,1
2021-06-27,SPECIAL BREAD KG,1.0,4.8,1
2021-06-28,SPECIAL BREAD KG,1.0,4.8,1
2021-06-30,SPECIAL BREAD KG,1.0,4.8,1
2021-07-01,SPECIAL BREAD KG,1.0,4.8,1
2021-07-02,SPECIAL BREAD KG,1.0,4.8,1
2021-07-03,SPECIAL BREAD KG,1.0,4.8,1
2021-07-05,SPECIAL BREAD KG,1.0,4.8,1
2021-07-06,SPECIAL BREAD KG,1.0,4.8,1
2021-07-09,SPECIAL BREAD KG,1.0,4.8,1
2021-07-10,SPECIAL BREAD KG,1.0,4.8,1
2021-07-13,SPECIAL BREAD KG,2.0,4.8,1
2021-07-14,SPECIAL BREAD KG,2.0,4.8,2
2021-07-16,SPECIAL BREAD KG,1.0,4.8,1
2021-07-18,SPECIAL BREAD KG,2.0,4.8,2
2021-07-19,SPECIAL BREAD KG,1.0,4.8,1
2021-07-21,SPECIAL BREAD KG,2.0,4.8,2
2021-07-22,SPECIAL BREAD KG,1.0,4.8,1
2021-07-23,SPECIAL BREAD KG,2.0,4.8,1
2021-07-24,SPECIAL BREAD KG,1.0,4.8,1
2021-07-25,SPECIAL BREAD KG,2.0,4.8,2
2021-07-26,SPECIAL BREAD KG,2.0,4.8,2
2021-07-27,SPECIAL BREAD KG,2.0,4.8,2
2021-07-28,SPECIAL BREAD KG,2.0,4.8,2
2021-07-29,SPECIAL BREAD KG,2.0,4.8,2
2021-07-31,SPECIAL BREAD KG,2.0,4.8,2
2021-08-01,SPECIAL BREAD KG,2.0,4.8,2
2021-08-02,SPECIAL BREAD KG,2.0,4.8,2
2021-08-03,SPECIAL BREAD KG,1.0,4.8,1
2021-08-04,SPECIAL BREAD KG,2.0,4.8,1
2021-08-05,SPECIAL BREAD KG,1.0,4.8,1
2021-08-06,SPECIAL BREAD KG,2.0,4.8,2
2021-08-07,SPECIAL BREAD KG,4.0,4.8,3
2021-08-08,SPECIAL BREAD KG,2.0,4.8,2
2021-08-09,SPECIAL BREAD KG,2.0,4.8,2
2021-08-10,SPECIAL BREAD KG,2.0,4.8,2
2021-08-11,SPECIAL BREAD KG,1.0,4.8,1
2021-08-12,SPECIAL BREAD KG,2.0,4.8,2
2021-08-13,SPECIAL BREAD KG,1.0,4.8,1
2021-08-14,SPECIAL BREAD KG,2.0,4.8,2
2021-08-15,SPECIAL BREAD KG,2.0,4.8,2
2021-08-16,SPECIAL BREAD KG,2.0,4.8,2
2021-08-18,SPECIAL BREAD KG,2.0,4.8,2
2021-08-19,SPECIAL BREAD KG,2.0,4.8,2
2021-08-20,SPECIAL BREAD KG,2.0,4.8,2
2021-08-21,SPECIAL BREAD KG,2.0,4.8,2
2021-08-22,SPECIAL BREAD KG,2.0,4.8,1
2021-08-23,SPECIAL BREAD KG,1.0,4.8,1
2021-08-24,SPECIAL BREAD KG,2.0,4.8,2
2021-08-25,SPECIAL BREAD KG,2.0,4.8,2
2021-08-26,SPECIAL BREAD KG,2.0,4.8,2
2021-08-28,SPECIAL BREAD KG,2.0,4.8,2
2021-08-29,SPECIAL BREAD KG,2.0,4.8,2
2021-09-02,SPECIAL BREAD KG,1.0,4.8,1
2021-09-03,SPECIAL BREAD KG,2.0,4.8,2
2021-09-04,SPECIAL BREAD KG,1.0,4.8,1
2021-09-05,SPECIAL BREAD KG,1.0,4.8,1
2021-09-06,SPECIAL BREAD KG,1.0,4.8,1
2021-09-07,SPECIAL BREAD KG,1.0,4.8,1
2021-09-09,SPECIAL BREAD KG,1.0,4.8,1
2021-09-11,SPECIAL BREAD KG,1.0,4.8,1
2021-09-14,SPECIAL BREAD KG,1.0,4.8,1
2021-09-16,SPECIAL BREAD KG,1.0,4.8,1
2021-09-17,SPECIAL BREAD KG,1.0,4.8,1
2021-09-18,SPECIAL BREAD KG,1.0,4.8,1
2021-09-19,SPECIAL BREAD KG,1.0,4.8,1
2021-09-20,SPECIAL BREAD KG,1.0,4.8,1
2021-09-21,SPECIAL BREAD KG,1.0,4.8,1
2021-09-23,SPECIAL BREAD KG,1.0,4.8,1
2021-09-25,SPECIAL BREAD KG,1.0,4.8,1
2021-09-26,SPECIAL BREAD KG,1.0,4.8,1
2021-09-27,SPECIAL BREAD KG,1.0,4.8,1
2021-09-29,SPECIAL BREAD KG,1.0,4.8,1
2021-10-01,SPECIAL BREAD KG,1.0,4.8,1
2021-10-03,SPECIAL BREAD KG,1.0,4.8,1
2021-10-06,SPECIAL BREAD KG,1.0,4.8,1
2021-10-07,SPECIAL BREAD KG,2.0,4.8,2
2021-10-08,SPECIAL BREAD KG,1.0,4.8,1
2021-10-09,SPECIAL BREAD KG,1.0,4.8,1
2021-10-10,SPECIAL BREAD KG,1.0,4.8,1
2021-10-11,SPECIAL BREAD KG,1.0,4.8,1
2021-10-15,SPECIAL BREAD KG,1.0,4.8,1
2021-10-16,SPECIAL BREAD KG,2.0,4.8,2
2021-10-18,SPECIAL BREAD KG,1.0,4.8,1
2021-10-21,SPECIAL BREAD KG,1.0,4.8,1
2021-10-22,SPECIAL BREAD KG,1.0,4.8,1
2021-10-23,SPECIAL BREAD KG,1.0,4.8,1
2021-10-24,SPECIAL BREAD KG,1.0,4.8,1
2021-10-26,SPECIAL BREAD KG,1.0,4.8,1
2021-10-28,SPECIAL BREAD KG,1.0,4.8,1
2021-10-29,SPECIAL BREAD KG,1.0,4.8,1
2021-10-31,SPECIAL BREAD KG,1.0,4.8,1
2021-11-01,SPECIAL BREAD KG,1.0,4.8,1
2021-11-02,SPECIAL BREAD KG,1.0,4.8,1
2021-11-05,SPECIAL BREAD KG,1.0,4.8,1
2021-11-06,SPECIAL BREAD KG,1.0,4.8,1
2021-11-09,SPECIAL BREAD KG,1.0,4.8,1
2021-11-10,SPECIAL BREAD KG,1.0,4.8,1
2021-11-11,SPECIAL BREAD KG,1.0,4.8,1
2021-11-14,SPECIAL BREAD KG,1.0,4.8,1
2021-11-15,SPECIAL BREAD KG,1.0,4.8,1
2021-11-19,SPECIAL BREAD KG,1.0,4.8,1
2021-11-23,SPECIAL BREAD KG,1.0,4.8,1
2021-11-25,SPECIAL BREAD KG,1.0,4.8,1
2021-11-26,SPECIAL BREAD KG,1.0,4.8,1
2021-11-27,SPECIAL BREAD KG,1.0,4.8,1
2021-11-28,SPECIAL BREAD KG,1.0,4.8,1
2021-12-03,SPECIAL BREAD KG,1.0,4.8,1
2021-12-04,SPECIAL BREAD KG,1.0,4.8,1
2021-12-11,SPECIAL BREAD KG,1.0,4.8,1
2021-12-12,SPECIAL BREAD KG,1.0,4.8,1
2021-12-14,SPECIAL BREAD KG,1.0,4.8,1
2021-12-17,SPECIAL BREAD KG,1.0,4.8,1
2021-12-19,SPECIAL BREAD KG,1.0,4.8,1
2021-12-23,SPECIAL BREAD KG,1.0,4.8,1
2021-12-24,SPECIAL BREAD KG,2.0,4.8,2
2021-12-29,SPECIAL BREAD KG,1.0,4.8,1
2021-12-31,SPECIAL BREAD KG,1.0,4.8,1
2022-01-02,SPECIAL BREAD KG,1.0,4.8,1
2022-01-14,SPECIAL BREAD KG,1.0,4.8,1
2022-01-15,SPECIAL BREAD KG,1.0,4.8,1
2022-01-17,SPECIAL BREAD KG,1.0,4.8,1
2022-01-18,SPECIAL BREAD KG,1.0,4.8,1
2022-01-20,SPECIAL BREAD KG,1.0,4.8,1
2022-01-22,SPECIAL BREAD KG,1.0,4.8,1
2022-01-27,SPECIAL BREAD KG,1.0,4.8,1
2022-01-31,SPECIAL BREAD KG,1.0,4.8,1
2022-02-01,SPECIAL BREAD KG,1.0,4.8,1
2022-02-03,SPECIAL BREAD KG,1.0,4.8,1
2022-02-04,SPECIAL BREAD KG,1.0,4.8,1
2022-02-05,SPECIAL BREAD KG,1.0,4.8,1
2022-02-06,SPECIAL BREAD KG,1.0,4.8,1
2022-02-08,SPECIAL BREAD KG,1.0,5.0,1
2022-02-10,SPECIAL BREAD KG,1.0,5.0,1
2022-02-11,SPECIAL BREAD KG,1.0,5.0,1
2022-02-12,SPECIAL BREAD KG,1.0,5.0,1
2022-02-13,SPECIAL BREAD KG,1.0,5.0,1
2022-02-15,SPECIAL BREAD KG,1.0,5.0,1
2022-02-17,SPECIAL BREAD KG,1.0,5.0,1
2022-02-18,SPECIAL BREAD KG,1.0,5.0,1
2022-02-19,SPECIAL BREAD KG,1.0,5.0,1
2022-02-20,SPECIAL BREAD KG,1.0,5.0,1
2022-02-21,SPECIAL BREAD KG,1.0,5.0,1
2022-02-26,SPECIAL BREAD KG,1.0,5.0,1
2022-02-27,SPECIAL BREAD KG,1.0,5.0,1
2022-02-28,SPECIAL BREAD KG,1.0,5.0,1
2022-03-01,SPECIAL BREAD KG,1.0,5.0,1
2022-03-02,SPECIAL BREAD KG,1.0,5.0,1
2022-03-04,SPECIAL BREAD KG,1.0,5.0,1
2022-03-05,SPECIAL BREAD KG,1.0,5.0,1
2022-03-06,SPECIAL BREAD KG,1.0,5.0,1
2022-03-07,SPECIAL BREAD KG,1.0,5.0,1
2022-03-09,SPECIAL BREAD KG,1.0,5.0,1
2022-03-13,SPECIAL BREAD KG,2.0,5.0,2
2022-03-19,SPECIAL BREAD KG,1.0,5.0,1
2022-03-20,SPECIAL BREAD KG,1.0,5.0,1
2022-03-22,SPECIAL BREAD KG,1.0,5.0,1
2022-03-26,SPECIAL BREAD KG,1.0,5.0,1
2022-03-28,SPECIAL BREAD KG,1.0,5.0,1
2022-03-30,SPECIAL BREAD KG,1.0,5.0,1
2022-03-31,SPECIAL BREAD KG,1.0,5.0,1
2022-04-01,SPECIAL BREAD KG,1.0,5.0,1
2022-04-02,SPECIAL BREAD KG,1.0,5.0,1
2022-04-03,SPECIAL BREAD KG,1.0,5.0,1
2022-04-09,SPECIAL BREAD KG,1.0,5.0,1
2022-04-11,SPECIAL BREAD KG,1.0,5.0,1
2022-04-15,SPECIAL BREAD KG,1.0,5.0,1
2022-04-16,SPECIAL BREAD KG,1.0,5.0,1
2022-04-18,SPECIAL BREAD KG,1.0,5.0,1
2022-04-19,SPECIAL BREAD KG,2.0,5.0,2
2022-04-21,SPECIAL BREAD KG,2.0,5.0,2
2022-04-22,SPECIAL BREAD KG,2.0,5.0,2
2022-04-23,SPECIAL BREAD KG,1.0,5.0,1
2022-04-24,SPECIAL BREAD KG,1.0,5.0,1
2022-04-27,SPECIAL BREAD KG,1.0,5.0,1
2022-04-30,SPECIAL BREAD KG,1.0,5.0,1
2022-05-01,SPECIAL BREAD KG,1.0,5.0,1
2022-05-02,SPECIAL BREAD KG,1.0,5.0,1
2022-05-05,SPECIAL BREAD KG,1.0,5.0,1
2022-05-07,SPECIAL BREAD KG,2.0,5.0,2
2022-05-09,SPECIAL BREAD KG,1.0,5.0,1
2022-05-10,SPECIAL BREAD KG,1.0,5.0,1
2022-05-13,SPECIAL BREAD KG,1.0,5.0,1
2022-05-14,SPECIAL BREAD KG,1.0,5.0,1
2022-05-15,SPECIAL BREAD KG,1.0,5.0,1
2022-05-16,SPECIAL BREAD KG,1.0,5.0,1
2022-05-18,SPECIAL BREAD KG,1.0,5.0,1
2022-05-22,SPECIAL BREAD KG,1.0,5.0,1
2022-05-24,SPECIAL BREAD KG,1.0,5.0,1
2022-05-25,SPECIAL BREAD KG,1.0,5.0,1
2022-05-27,SPECIAL BREAD KG,1.0,5.0,1
2022-05-28,SPECIAL BREAD KG,1.0,5.0,1
2022-05-29,SPECIAL BREAD KG,1.0,5.0,1
2022-05-30,SPECIAL BREAD KG,1.0,5.0,1
2022-05-31,SPECIAL BREAD KG,1.0,5.0,1
2022-06-01,SPECIAL BREAD KG,1.0,5.0,1
2022-06-02,SPECIAL BREAD KG,1.0,5.0,1
2022-06-04,SPECIAL BREAD KG,1.0,5.0,1
2022-06-05,SPECIAL BREAD KG,1.0,5.0,1
2022-06-06,SPECIAL BREAD KG,1.0,5.0,1
2022-06-11,SPECIAL BREAD KG,1.0,5.0,1
2022-06-13,SPECIAL BREAD KG,1.0,5.0,1
2022-06-15,SPECIAL BREAD KG,1.0,5.0,1
2022-06-17,SPECIAL BREAD KG,1.0,5.0,1
2022-06-19,SPECIAL BREAD KG,1.0,5.0,1
2022-06-20,SPECIAL BREAD KG,1.0,5.0,1
2022-06-21,SPECIAL BREAD KG,1.0,5.0,1
2022-06-22,SPECIAL BREAD KG,1.0,5.0,1
2022-06-24,SPECIAL BREAD KG,1.0,5.0,1
2022-06-25,SPECIAL BREAD KG,1.0,5.0,1
2022-06-26,SPECIAL BREAD KG,1.0,5.0,1
2022-06-29,SPECIAL BREAD KG,1.0,5.2,1
2022-06-30,SPECIAL BREAD KG,1.0,5.2,1
2022-07-02,SPECIAL BREAD KG,1.0,5.2,1
2022-07-03,SPECIAL BREAD KG,1.0,5.2,1
2022-07-04,SPECIAL BREAD KG,1.0,5.2,1
2022-07-05,SPECIAL BREAD KG,1.0,5.2,1
2022-07-07,SPECIAL BREAD KG,2.0,5.2,2
2022-07-08,SPECIAL BREAD KG,1.0,5.2,1
2022-07-09,SPECIAL BREAD KG,1.0,5.2,1
2022-07-11,SPECIAL BREAD KG,1.0,5.2,1
2022-07-12,SPECIAL BREAD KG,1.0,5.2,1
2022-07-13,SPECIAL BREAD KG,1.0,5.2,1
2022-07-14,SPECIAL BREAD KG,2.0,5.2,2
2022-07-15,SPECIAL BREAD KG,2.0,5.2,2
2022-07-16,SPECIAL BREAD KG,2.0,5.2,2
2022-07-17,SPECIAL BREAD KG,2.0,5.2,2
2022-07-18,SPECIAL BREAD KG,2.0,5.2,2
2022-07-20,SPECIAL BREAD KG,2.0,5.2,2
2022-07-21,SPECIAL BREAD KG,2.0,5.2,2
2022-07-22,SPECIAL BREAD KG,2.0,5.2,2
2022-07-23,SPECIAL BREAD KG,2.0,5.2,2
2022-07-24,SPECIAL BREAD KG,3.0,5.2,3
2022-07-25,SPECIAL BREAD KG,2.0,5.2,1
2022-07-28,SPECIAL BREAD KG,1.0,5.2,1
2022-07-29,SPECIAL BREAD KG,2.0,5.2,1
2022-07-30,SPECIAL BREAD KG,2.0,5.2,2
2022-07-31,SPECIAL BREAD KG,2.0,5.2,2
2022-08-01,SPECIAL BREAD KG,2.0,5.2,2
2022-08-02,SPECIAL BREAD KG,2.0,5.2,2
2022-08-03,SPECIAL BREAD KG,1.0,5.2,1
2022-08-04,SPECIAL BREAD KG,2.0,5.2,2
2022-08-06,SPECIAL BREAD KG,2.0,5.2,2
2022-08-07,SPECIAL BREAD KG,1.0,5.2,1
2022-08-08,SPECIAL BREAD KG,2.0,5.2,2
2022-08-09,SPECIAL BREAD KG,1.0,5.2,1
2022-08-10,SPECIAL BREAD KG,1.0,5.2,1
2022-08-11,SPECIAL BREAD KG,1.0,5.2,1
2022-08-12,SPECIAL BREAD KG,2.0,5.2,2
2022-08-13,SPECIAL BREAD KG,1.0,5.2,1
2022-08-14,SPECIAL BREAD KG,2.0,5.2,2
2022-08-15,SPECIAL BREAD KG,1.0,5.2,1
2022-08-16,SPECIAL BREAD KG,1.0,5.2,1
2022-08-17,SPECIAL BREAD KG,1.0,5.2,1
2022-08-18,SPECIAL BREAD KG,2.0,5.2,2
2022-08-20,SPECIAL BREAD KG,3.0,5.2,3
2022-08-21,SPECIAL BREAD KG,1.0,5.2,1
2022-08-23,SPECIAL BREAD KG,1.0,5.2,1
2022-08-24,SPECIAL BREAD KG,1.0,5.2,1
2022-08-27,SPECIAL BREAD KG,1.0,5.2,1
2022-08-29,SPECIAL BREAD KG,2.0,5.2,2
2022-08-30,SPECIAL BREAD KG,1.0,5.2,1
2022-09-03,SPECIAL BREAD KG,1.0,5.2,1
2022-09-04,SPECIAL BREAD KG,1.0,5.2,1
2022-09-05,SPECIAL BREAD KG,1.0,5.2,1
2022-09-06,SPECIAL BREAD KG,1.0,5.2,1
2022-09-07,SPECIAL BREAD KG,1.0,5.2,1
2022-09-08,SPECIAL BREAD KG,1.0,5.2,1
2022-09-09,SPECIAL BREAD KG,1.0,5.2,1
2022-09-10,SPECIAL BREAD KG,1.0,5.2,1
2022-09-17,SPECIAL BREAD KG,1.0,5.2,1
2022-09-18,SPECIAL BREAD KG,1.0,5.2,1
2022-09-20,SPECIAL BREAD KG,1.0,5.2,1
2022-09-23,SPECIAL BREAD KG,1.0,5.2,1
2022-09-27,SPECIAL BREAD KG,1.0,5.2,1
2022-09-29,SPECIAL BREAD KG,1.0,5.2,1
2022-09-30,SPECIAL BREAD KG,1.0,5.2,1
2021-07-12,ST HONORE,1.0,3.0,1
2021-07-13,ST HONORE,2.0,3.0,1
2021-07-14,ST HONORE,2.0,3.0,1
2021-07-16,ST HONORE,1.0,3.0,1
2021-07-18,ST HONORE,2.0,3.0,2
2021-07-20,ST HONORE,3.0,3.0,3
2021-07-21,ST HONORE,1.0,3.0,1
2021-07-22,ST HONORE,3.0,3.0,2
2021-07-24,ST HONORE,1.0,3.0,1
2021-07-25,ST HONORE,2.0,3.0,1
2021-07-27,ST HONORE,2.0,3.0,2
2021-07-28,ST HONORE,4.0,3.0,1
2021-07-29,ST HONORE,1.0,3.0,1
2021-07-30,ST HONORE,1.0,3.0,1
2021-08-01,ST HONORE,1.0,3.0,1
2021-08-03,ST HONORE,1.0,3.0,1
2021-08-04,ST HONORE,3.0,3.0,3
2021-08-05,ST HONORE,2.0,3.0,1
2021-08-07,ST HONORE,2.0,3.0,1
2021-08-08,ST HONORE,3.0,3.0,2
2021-08-09,ST HONORE,1.0,3.0,1
2021-08-11,ST HONORE,1.0,3.0,1
2021-08-12,ST HONORE,4.0,3.0,2
2021-08-13,ST HONORE,2.0,3.0,2
2021-08-14,ST HONORE,4.0,3.0,2
2021-08-15,ST HONORE,4.0,3.0,3
2021-08-18,ST HONORE,2.0,3.0,1
2021-08-22,ST HONORE,5.0,3.0,3
2021-08-23,ST HONORE,1.0,3.0,1
2021-08-24,ST HONORE,3.0,3.0,2
2021-08-25,ST HONORE,3.0,3.0,2
2021-08-27,ST HONORE,1.0,3.0,1
2021-09-12,ST HONORE,3.0,3.0,3
2021-09-13,ST HONORE,1.0,3.0,1
2021-09-18,ST HONORE,2.0,3.0,2
2021-09-19,ST HONORE,3.0,3.0,3
2021-09-21,ST HONORE,1.0,3.0,1
2021-09-25,ST HONORE,1.0,3.0,1
2021-09-26,ST HONORE,2.0,3.0,1
2021-09-30,ST HONORE,1.0,3.0,1
2021-10-03,ST HONORE,2.0,3.0,2
2021-10-04,ST HONORE,2.0,3.0,1
2022-06-06,ST HONORE,4.0,3.0,3
2022-06-07,ST HONORE,1.0,3.0,1
2022-06-12,ST HONORE,1.0,3.0,1
2022-06-13,ST HONORE,2.0,3.0,1
2022-06-15,ST HONORE,1.0,3.0,1
2022-06-16,ST HONORE,1.0,3.0,1
2022-06-19,ST HONORE,2.0,3.0,2
2022-08-02,ST HONORE,2.0,3.5,2
2022-08-25,ST HONORE,5.0,3.5,3
2022-08-28,ST HONORE,3.0,3.5,3
2022-08-29,ST HONORE,1.0,3.5,1
2021-01-03,SUCETTE,4.0,0.3,1
2021-01-11,SUCETTE,2.0,0.3,1
2021-01-12,SUCETTE,1.0,0.3,1
2021-01-14,SUCETTE,2.0,0.3,1
2021-01-16,SUCETTE,1.0,0.3,1
2021-01-18,SUCETTE,1.0,0.3,1
2021-01-23,SUCETTE,4.0,0.3,3
2021-02-02,SUCETTE,2.0,0.3,2
2021-02-13,SUCETTE,1.0,0.3,1
2021-02-14,SUCETTE,2.0,0.3,1
2021-02-19,SUCETTE,2.0,0.3,1
2021-02-21,SUCETTE,2.0,0.3,1
2021-02-23,SUCETTE,4.0,0.3,2
2021-02-25,SUCETTE,5.0,0.3,3
2021-02-27,SUCETTE,4.0,0.3,2
2021-03-04,SUCETTE,4.0,0.3,2
2021-03-09,SUCETTE,1.0,0.3,1
2021-03-12,SUCETTE,2.0,0.3,2
2021-03-13,SUCETTE,4.0,0.3,2
2021-03-14,SUCETTE,2.0,0.3,2
2021-03-16,SUCETTE,3.0,0.3,3
2021-03-18,SUCETTE,7.0,0.3,4
2021-03-19,SUCETTE,4.0,0.3,2
2021-03-20,SUCETTE,7.0,0.3,3
2021-03-21,SUCETTE,2.0,0.3,1
2021-03-22,SUCETTE,1.0,0.3,1
2021-03-23,SUCETTE,1.0,0.3,1
2021-03-25,SUCETTE,1.0,0.3,1
2021-03-27,SUCETTE,1.0,0.3,1
2021-03-28,SUCETTE,6.0,0.3,3
2021-03-29,SUCETTE,1.0,0.3,1
2021-03-30,SUCETTE,1.0,0.3,1
2021-04-01,SUCETTE,3.0,0.3,1
2021-04-03,SUCETTE,1.0,0.3,1
2021-04-04,SUCETTE,3.0,0.3,1
2021-04-06,SUCETTE,1.0,0.3,1
2021-04-10,SUCETTE,2.0,0.3,1
2021-04-11,SUCETTE,5.0,0.3,2
2021-04-12,SUCETTE,4.0,0.3,1
2021-04-13,SUCETTE,2.0,0.3,1
2021-04-16,SUCETTE,6.0,0.3,2
2021-04-17,SUCETTE,5.0,0.3,3
2021-04-18,SUCETTE,10.0,0.3,4
2021-04-19,SUCETTE,1.0,0.3,1
2021-04-22,SUCETTE,2.0,0.3,1
2021-04-23,SUCETTE,9.0,0.3,3
2021-04-24,SUCETTE,4.0,0.3,2
2021-04-25,SUCETTE,1.0,0.3,1
2021-04-29,SUCETTE,1.0,0.3,1
2021-05-01,SUCETTE,4.0,0.3,2
2021-05-02,SUCETTE,2.0,0.3,1
2021-05-03,SUCETTE,2.0,0.3,1
2021-05-04,SUCETTE,1.0,0.3,1
2021-05-05,SUCETTE,2.0,0.3,1
2021-05-07,SUCETTE,1.0,0.3,1
2021-05-08,SUCETTE,5.0,0.3,3
2021-05-10,SUCETTE,1.0,0.3,1
2021-05-12,SUCETTE,2.0,0.3,1
2021-05-13,SUCETTE,3.0,0.3,2
2021-05-15,SUCETTE,8.0,0.3,3
2021-05-16,SUCETTE,11.0,0.3,3
2021-05-22,SUCETTE,4.0,0.3,1
2021-05-23,SUCETTE,1.0,0.3,1
2021-05-26,SUCETTE,2.0,0.3,1
2021-05-27,SUCETTE,3.0,0.3,2
2021-06-03,SUCETTE,1.0,0.3,1
2021-06-05,SUCETTE,9.0,0.3,4
2021-06-06,SUCETTE,6.0,0.3,1
2021-06-08,SUCETTE,4.0,0.3,3
2021-06-09,SUCETTE,2.0,0.3,1
2021-06-13,SUCETTE,1.0,0.3,1
2021-06-17,SUCETTE,4.0,0.3,2
2021-06-18,SUCETTE,2.0,0.3,1
2021-06-20,SUCETTE,4.0,0.3,2
2021-06-22,SUCETTE,1.0,0.3,1
2021-06-23,SUCETTE,6.0,0.3,4
2021-06-24,SUCETTE,4.0,0.3,2
2021-06-26,SUCETTE,4.0,0.3,3
2021-06-27,SUCETTE,5.0,0.3,3
2021-06-30,SUCETTE,1.0,0.3,1
2021-07-01,SUCETTE,61.0,0.3,9
2021-07-02,SUCETTE,1.0,0.3,1
2021-07-03,SUCETTE,7.0,0.3,2
2021-07-07,SUCETTE,6.0,0.3,2
2021-07-08,SUCETTE,1.0,0.3,1
2021-07-09,SUCETTE,1.0,0.3,1
2021-07-11,SUCETTE,5.0,0.3,2
2021-07-13,SUCETTE,1.0,0.3,1
2021-07-15,SUCETTE,3.0,0.3,3
2021-07-17,SUCETTE,4.0,0.3,2
2021-07-18,SUCETTE,6.0,0.3,3
2021-07-19,SUCETTE,6.0,0.3,4
2021-07-20,SUCETTE,2.0,0.3,2
2021-07-21,SUCETTE,2.0,0.3,1
2021-07-22,SUCETTE,1.0,0.3,1
2021-07-23,SUCETTE,1.0,0.3,1
2021-07-24,SUCETTE,8.0,0.3,2
2021-07-25,SUCETTE,5.0,0.3,3
2021-07-30,SUCETTE,3.0,0.3,2
2021-07-31,SUCETTE,1.0,0.3,1
2021-08-01,SUCETTE,1.0,0.3,1
2021-08-02,SUCETTE,2.0,0.3,1
2021-08-03,SUCETTE,1.0,0.3,1
2021-08-04,SUCETTE,3.0,0.3,1
2021-08-05,SUCETTE,2.0,0.3,2
2021-08-06,SUCETTE,2.0,0.3,1
2021-08-07,SUCETTE,7.0,0.3,3
2021-08-08,SUCETTE,1.0,0.3,1
2021-08-09,SUCETTE,10.0,0.3,2
2021-08-10,SUCETTE,3.0,0.3,2
2021-08-11,SUCETTE,5.0,0.3,3
2021-08-12,SUCETTE,15.0,0.3,3
2021-08-14,SUCETTE,3.0,0.3,2
2021-08-15,SUCETTE,7.0,0.3,3
2021-08-16,SUCETTE,2.0,0.3,1
2021-08-17,SUCETTE,2.0,0.3,1
2021-08-18,SUCETTE,8.0,0.3,4
2021-08-19,SUCETTE,3.0,0.3,2
2021-08-20,SUCETTE,7.0,0.3,3
2021-08-21,SUCETTE,4.0,0.3,1
2021-08-22,SUCETTE,6.0,0.3,3
2021-08-23,SUCETTE,3.0,0.3,3
2021-08-24,SUCETTE,5.0,0.3,3
2021-08-25,SUCETTE,8.0,0.3,5
2021-08-26,SUCETTE,7.0,0.3,4
2021-08-27,SUCETTE,1.0,0.3,1
2021-08-28,SUCETTE,8.0,0.3,3
2021-08-29,SUCETTE,7.0,0.3,4
2021-08-30,SUCETTE,1.0,0.3,1
2021-08-31,SUCETTE,2.0,0.3,1
2021-09-04,SUCETTE,2.0,0.3,1
2021-09-05,SUCETTE,4.0,0.3,1
2021-09-06,SUCETTE,2.0,0.3,2
2021-09-09,SUCETTE,1.0,0.3,1
2021-09-11,SUCETTE,7.0,0.3,3
2021-09-12,SUCETTE,1.0,0.3,1
2021-09-13,SUCETTE,2.0,0.3,1
2021-09-15,SUCETTE,1.0,0.3,1
2021-09-18,SUCETTE,3.0,0.3,1
2021-09-21,SUCETTE,1.0,0.3,1
2021-09-22,SUCETTE,2.0,0.3,2
2021-09-23,SUCETTE,2.0,0.3,1
2021-09-24,SUCETTE,3.0,0.3,1
2021-09-25,SUCETTE,1.0,0.3,1
2021-09-26,SUCETTE,1.0,0.3,1
2021-10-05,SUCETTE,6.0,0.3,3
2021-10-08,SUCETTE,3.0,0.3,2
2021-10-13,SUCETTE,8.0,0.3,3
2021-10-14,SUCETTE,5.0,0.3,1
2021-10-15,SUCETTE,1.0,0.3,1
2021-10-16,SUCETTE,6.0,0.3,1
2021-10-17,SUCETTE,5.0,0.3,2
2021-10-18,SUCETTE,2.0,0.3,2
2021-10-20,SUCETTE,4.0,0.3,2
2021-10-22,SUCETTE,3.0,0.3,1
2021-10-25,SUCETTE,3.0,0.3,1
2021-10-26,SUCETTE,3.0,0.3,1
2021-10-27,SUCETTE,6.0,0.3,3
2021-10-28,SUCETTE,5.0,0.3,2
2021-10-29,SUCETTE,1.0,0.3,1
2021-10-30,SUCETTE,4.0,0.3,2
2021-10-31,SUCETTE,3.0,0.3,2
2021-11-04,SUCETTE,2.0,0.3,1
2021-11-05,SUCETTE,2.0,0.3,1
2021-11-07,SUCETTE,1.0,0.3,1
2021-11-09,SUCETTE,2.0,0.3,1
2021-11-10,SUCETTE,3.0,0.3,2
2021-11-11,SUCETTE,2.0,0.3,1
2021-11-12,SUCETTE,2.0,0.3,1
2021-11-13,SUCETTE,2.0,0.3,1
2021-11-19,SUCETTE,1.0,0.3,1
2021-11-20,SUCETTE,3.0,0.3,1
2021-11-22,SUCETTE,2.0,0.3,1
2021-11-23,SUCETTE,2.0,0.3,1
2021-11-29,SUCETTE,5.0,0.3,2
2021-12-09,SUCETTE,2.0,0.3,1
2021-12-14,SUCETTE,2.0,0.3,1
2021-12-17,SUCETTE,1.0,0.3,1
2021-12-20,SUCETTE,2.0,0.3,1
2021-12-21,SUCETTE,1.0,0.3,1
2021-12-23,SUCETTE,1.0,0.3,1
2021-12-24,SUCETTE,3.0,0.3,2
2021-12-26,SUCETTE,7.0,0.3,2
2021-12-31,SUCETTE,3.0,0.3,1
2022-01-03,SUCETTE,1.0,0.3,1
2022-01-06,SUCETTE,2.0,0.3,1
2022-01-10,SUCETTE,2.0,0.3,1
2022-01-13,SUCETTE,1.0,0.3,1
2022-01-20,SUCETTE,1.0,0.3,1
2022-01-21,SUCETTE,1.0,0.3,1
2022-01-23,SUCETTE,4.0,0.3,2
2022-01-24,SUCETTE,3.0,0.3,2
2022-01-31,SUCETTE,1.0,0.3,1
2022-02-05,SUCETTE,2.0,0.3,1
2022-02-10,SUCETTE,6.0,0.3,2
2022-02-12,SUCETTE,2.0,0.3,1
2022-02-14,SUCETTE,1.0,0.3,1
2022-02-17,SUCETTE,6.0,0.3,2
2022-02-20,SUCETTE,1.0,0.3,1
2022-02-21,SUCETTE,3.0,0.3,2
2022-02-24,SUCETTE,4.0,0.3,3
2022-02-25,SUCETTE,1.0,0.3,1
2022-02-27,SUCETTE,1.0,0.3,1
2022-02-28,SUCETTE,2.0,0.3,1
2022-03-01,SUCETTE,5.0,0.3,2
2022-03-02,SUCETTE,1.0,0.3,1
2022-03-05,SUCETTE,7.0,0.3,2
2022-03-06,SUCETTE,2.0,0.3,1
2022-03-13,SUCETTE,2.0,0.3,1
2022-03-14,SUCETTE,2.0,0.3,1
2022-03-15,SUCETTE,3.0,0.3,1
2022-03-20,SUCETTE,4.0,0.3,1
2022-03-23,SUCETTE,1.0,0.3,1
2022-03-25,SUCETTE,3.0,0.3,2
2022-03-27,SUCETTE,5.0,0.3,3
2022-04-03,SUCETTE,1.0,0.3,1
2022-04-09,SUCETTE,13.0,0.3,6
2022-04-10,SUCETTE,2.0,0.3,2
2022-04-11,SUCETTE,3.0,0.3,2
2022-04-13,SUCETTE,4.0,0.3,2
2022-04-21,SUCETTE,4.0,0.3,3
2022-04-24,SUCETTE,2.0,0.3,1
2022-04-25,SUCETTE,2.0,0.3,2
2022-04-28,SUCETTE,1.0,0.3,1
2022-04-29,SUCETTE,2.0,0.3,1
2022-05-01,SUCETTE,1.0,0.3,1
2022-05-02,SUCETTE,1.0,0.3,1
2022-05-05,SUCETTE,2.0,0.3,1
2022-05-06,SUCETTE,2.0,0.3,1
2022-05-10,SUCETTE,1.0,0.3,1
2022-05-13,SUCETTE,1.0,0.3,1
2022-05-16,SUCETTE,1.0,0.3,1
2022-05-20,SUCETTE,5.0,0.3,2
2022-05-21,SUCETTE,1.0,0.3,1
2022-05-23,SUCETTE,3.0,0.3,2
2022-05-24,SUCETTE,1.0,0.3,1
2022-05-25,SUCETTE,1.0,0.3,1
2022-05-28,SUCETTE,3.0,0.3,2
2022-06-01,SUCETTE,1.0,0.3,1
2022-06-03,SUCETTE,1.0,0.3,1
2022-06-04,SUCETTE,1.0,0.3,1
2022-06-05,SUCETTE,7.0,0.3,2
2022-06-07,SUCETTE,1.0,0.3,1
2022-06-11,SUCETTE,5.0,0.3,3
2022-06-12,SUCETTE,4.0,0.3,1
2022-06-19,SUCETTE,1.0,0.3,1
2022-06-21,SUCETTE,3.0,0.3,2
2022-06-25,SUCETTE,6.0,0.3,3
2022-06-26,SUCETTE,3.0,0.3,2
2022-06-28,SUCETTE,1.0,0.3,1
2022-07-01,SUCETTE,2.0,0.3,1
2022-07-02,SUCETTE,5.0,0.3,4
2022-07-03,SUCETTE,3.0,0.3,2
2022-07-04,SUCETTE,2.0,0.3,1
2022-07-05,SUCETTE,1.0,0.3,1
2022-07-06,SUCETTE,6.0,0.3,3
2022-07-07,SUCETTE,5.0,0.3,1
2022-07-08,SUCETTE,2.0,0.3,1
2022-07-10,SUCETTE,3.0,0.3,2
2022-07-11,SUCETTE,5.0,0.3,2
2022-07-13,SUCETTE,4.0,0.3,3
2022-07-14,SUCETTE,7.0,0.3,5
2022-07-15,SUCETTE,10.0,0.3,4
2022-07-16,SUCETTE,6.0,0.3,2
2022-07-17,SUCETTE,11.0,0.3,4
2022-07-18,SUCETTE,1.0,0.3,1
2022-07-19,SUCETTE,4.0,0.3,3
2022-07-20,SUCETTE,3.0,0.3,1
2022-07-21,SUCETTE,10.0,0.3,3
2022-07-24,SUCETTE,4.0,0.3,2
2022-07-25,SUCETTE,4.0,0.3,1
2022-07-26,SUCETTE,5.0,0.3,1
2022-07-27,SUCETTE,1.0,0.3,1
2022-07-29,SUCETTE,3.0,0.3,2
2022-07-30,SUCETTE,9.0,0.3,2
2022-07-31,SUCETTE,8.0,0.3,3
2022-08-01,SUCETTE,5.0,0.3,1
2022-08-03,SUCETTE,7.0,0.3,4
2022-08-04,SUCETTE,3.0,0.3,2
2022-08-06,SUCETTE,1.0,0.3,1
2022-08-07,SUCETTE,3.0,0.3,1
2022-08-08,SUCETTE,4.0,0.3,2
2022-08-10,SUCETTE,2.0,0.3,1
2022-08-11,SUCETTE,4.0,0.3,1
2022-08-12,SUCETTE,2.0,0.3,1
2022-08-13,SUCETTE,5.0,0.3,2
2022-08-15,SUCETTE,6.0,0.3,3
2022-08-16,SUCETTE,9.0,0.3,2
2022-08-17,SUCETTE,6.0,0.3,2
2022-08-18,SUCETTE,7.0,0.3,3
2022-08-19,SUCETTE,2.0,0.3,1
2022-08-20,SUCETTE,1.0,0.3,1
2022-08-22,SUCETTE,4.0,0.3,2
2022-08-25,SUCETTE,1.0,0.3,1
2022-08-27,SUCETTE,2.0,0.3,1
2022-08-28,SUCETTE,2.0,0.3,2
2022-08-29,SUCETTE,6.0,0.3,3
2022-08-30,SUCETTE,4.0,0.3,2
2022-09-03,SUCETTE,2.0,0.3,1
2022-09-04,SUCETTE,4.0,0.3,1
2022-09-05,SUCETTE,1.0,0.3,1
2022-09-10,SUCETTE,1.0,0.3,1
2022-09-11,SUCETTE,2.0,0.3,1
2022-09-18,SUCETTE,1.0,0.3,1
2022-09-25,SUCETTE,3.0,0.3,3
2022-09-28,SUCETTE,1.0,0.3,1
2022-09-30,SUCETTE,1.0,0.3,1
2021-11-26,TARTE FINE,1.0,7.0,1
2021-11-27,TARTE FINE,1.0,7.0,1
2021-12-05,TARTE FINE,1.0,7.0,1
2021-12-12,TARTE FINE,4.0,7.0,4
2021-12-27,TARTE FINE,2.0,7.0,1
2022-02-12,TARTE FINE,2.0,7.0,1
2022-02-13,TARTE FINE,1.0,7.0,1
2022-02-19,TARTE FINE,2.0,7.0,1
2022-02-20,TARTE FINE,2.0,7.0,2
2022-02-25,TARTE FINE,1.0,7.0,1
2022-03-05,TARTE FINE,4.0,7.0,3
2022-03-06,TARTE FINE,3.0,7.0,3
2022-03-12,TARTE FINE,2.0,7.0,2
2022-03-18,TARTE FINE,1.0,7.0,1
2022-03-19,TARTE FINE,1.0,7.0,1
2022-03-20,TARTE FINE,2.0,7.0,2
2022-03-27,TARTE FINE,1.0,7.0,1
2022-04-02,TARTE FINE,2.0,7.0,2
2022-04-03,TARTE FINE,1.0,7.0,1
2022-04-04,TARTE FINE,2.0,7.0,2
2022-04-09,TARTE FINE,1.0,7.0,1
2022-04-16,TARTE FINE,3.0,7.0,3
2022-04-17,TARTE FINE,3.0,7.0,2
2022-04-18,TARTE FINE,2.0,7.0,2
2022-04-23,TARTE FINE,1.0,7.0,1
2022-04-24,TARTE FINE,2.0,7.0,2
2022-05-07,TARTE FINE,3.0,7.0,2
2022-05-08,TARTE FINE,2.0,7.0,2
2022-05-14,TARTE FINE,3.0,7.0,3
2022-05-15,TARTE FINE,1.0,7.0,1
2022-05-21,TARTE FINE,1.0,7.0,1
2022-05-22,TARTE FINE,1.0,7.0,1
2022-05-27,TARTE FINE,3.0,7.0,3
2022-07-15,TARTE FINE,1.0,7.0,1
2022-07-23,TARTE FINE,2.0,7.0,2
2022-07-24,TARTE FINE,1.0,7.0,1
2021-03-28,TARTE FRAISE 4PER,2.0,12.0,1
2021-04-03,TARTE FRAISE 4PER,1.0,12.0,1
2021-04-04,TARTE FRAISE 4PER,5.0,12.0,5
2021-04-05,TARTE FRAISE 4PER,2.0,12.0,2
2021-04-10,TARTE FRAISE 4PER,1.0,12.0,1
2021-04-11,TARTE FRAISE 4PER,2.0,12.0,2
2021-04-19,TARTE FRAISE 4PER,2.0,12.0,1
2021-04-23,TARTE FRAISE 4PER,1.0,12.0,1
2021-04-24,TARTE FRAISE 4PER,1.0,12.0,1
2021-05-01,TARTE FRAISE 4PER,1.0,12.0,1
2021-05-08,TARTE FRAISE 4PER,1.0,12.0,1
2021-05-09,TARTE FRAISE 4PER,2.0,12.0,2
2021-05-13,TARTE FRAISE 4PER,2.0,12.0,2
2021-05-14,TARTE FRAISE 4PER,1.0,12.0,1
2021-05-15,TARTE FRAISE 4PER,3.0,12.0,1
2021-05-16,TARTE FRAISE 4PER,1.0,12.0,1
2021-05-23,TARTE FRAISE 4PER,2.0,12.0,2
2021-05-24,TARTE FRAISE 4PER,3.0,12.0,2
2021-05-29,TARTE FRAISE 4PER,1.0,12.0,1
2021-05-30,TARTE FRAISE 4PER,5.0,12.0,4
2021-05-31,TARTE FRAISE 4PER,2.0,12.0,1
2021-06-05,TARTE FRAISE 4PER,1.0,12.0,1
2021-06-06,TARTE FRAISE 4PER,2.0,12.0,2
2021-06-11,TARTE FRAISE 4PER,4.0,12.0,1
2021-06-12,TARTE FRAISE 4PER,4.0,12.0,3
2021-06-13,TARTE FRAISE 4PER,3.0,12.0,3
2021-06-19,TARTE FRAISE 4PER,2.0,12.0,2
2021-06-20,TARTE FRAISE 4PER,2.0,12.0,2
2021-06-26,TARTE FRAISE 4PER,2.0,12.0,2
2021-06-27,TARTE FRAISE 4PER,3.0,12.0,3
2021-07-02,TARTE FRAISE 4PER,1.0,12.0,1
2021-07-03,TARTE FRAISE 4PER,2.0,12.0,2
2021-07-04,TARTE FRAISE 4PER,1.0,12.0,1
2021-07-05,TARTE FRAISE 4PER,1.0,12.0,1
2021-07-10,TARTE FRAISE 4PER,1.0,12.0,1
2021-07-11,TARTE FRAISE 4PER,5.0,12.0,4
2021-07-14,TARTE FRAISE 4PER,1.0,12.0,1
2021-07-18,TARTE FRAISE 4PER,3.0,12.0,2
2021-07-23,TARTE FRAISE 4PER,1.0,12.0,1
2021-07-26,TARTE FRAISE 4PER,1.0,12.0,1
2021-07-27,TARTE FRAISE 4PER,1.0,12.0,1
2021-07-31,TARTE FRAISE 4PER,1.0,12.0,1
2021-08-08,TARTE FRAISE 4PER,2.0,12.0,2
2021-08-11,TARTE FRAISE 4PER,1.0,12.0,1
2021-08-12,TARTE FRAISE 4PER,1.0,12.0,1
2021-08-13,TARTE FRAISE 4PER,1.0,12.0,1
2021-08-14,TARTE FRAISE 4PER,1.0,12.0,1
2021-08-15,TARTE FRAISE 4PER,4.0,12.0,4
2021-08-21,TARTE FRAISE 4PER,1.0,12.0,1
2021-08-22,TARTE FRAISE 4PER,2.0,12.0,1
2022-04-16,TARTE FRAISE 4PER,1.0,12.0,1
2022-04-17,TARTE FRAISE 4PER,2.0,14.0,2
2022-04-21,TARTE FRAISE 4PER,2.0,14.0,1
2022-04-22,TARTE FRAISE 4PER,1.0,14.0,1
2022-04-23,TARTE FRAISE 4PER,1.0,14.0,1
2022-04-24,TARTE FRAISE 4PER,1.0,14.0,1
2022-04-30,TARTE FRAISE 4PER,1.0,14.0,1
2022-05-01,TARTE FRAISE 4PER,5.0,14.0,5
2022-05-07,TARTE FRAISE 4PER,1.0,14.0,1
2022-05-21,TARTE FRAISE 4PER,1.0,14.0,1
2022-05-22,TARTE FRAISE 4PER,1.0,14.0,1
2022-05-26,TARTE FRAISE 4PER,1.0,14.0,1
2022-05-27,TARTE FRAISE 4PER,3.0,14.0,3
2022-05-28,TARTE FRAISE 4PER,2.0,14.0,1
2022-05-29,TARTE FRAISE 4PER,1.0,14.0,1
2022-06-04,TARTE FRAISE 4PER,1.0,14.0,1
2022-06-05,TARTE FRAISE 4PER,3.0,14.0,3
2022-06-06,TARTE FRAISE 4PER,1.0,14.0,1
2022-06-18,TARTE FRAISE 4PER,1.0,14.0,1
2022-06-19,TARTE FRAISE 4PER,3.0,14.0,3
2022-06-25,TARTE FRAISE 4PER,1.0,14.0,1
2022-06-26,TARTE FRAISE 4PER,1.0,14.0,1
2022-07-02,TARTE FRAISE 4PER,2.0,14.0,2
2022-07-03,TARTE FRAISE 4PER,4.0,14.0,3
2022-07-09,TARTE FRAISE 4PER,1.0,14.0,1
2022-07-10,TARTE FRAISE 4PER,2.0,14.0,2
2022-07-14,TARTE FRAISE 4PER,3.0,14.0,2
2022-07-17,TARTE FRAISE 4PER,4.0,14.0,4
2022-07-22,TARTE FRAISE 4PER,1.0,14.0,1
2022-07-23,TARTE FRAISE 4PER,2.0,14.0,2
2022-07-24,TARTE FRAISE 4PER,1.0,14.0,1
2022-08-05,TARTE FRAISE 4PER,2.0,14.0,2
2022-08-07,TARTE FRAISE 4PER,3.0,14.0,2
2022-08-14,TARTE FRAISE 4PER,3.0,14.0,2
2022-08-15,TARTE FRAISE 4PER,3.0,14.0,3
2022-08-20,TARTE FRAISE 4PER,1.0,14.0,1
2022-08-21,TARTE FRAISE 4PER,2.0,14.0,2
2022-08-22,TARTE FRAISE 4PER,1.0,14.0,1
2022-08-28,TARTE FRAISE 4PER,1.0,14.0,1
2021-03-28,TARTE FRAISE 6P,1.0,18.0,1
2021-04-04,TARTE FRAISE 6P,3.0,18.0,3
2021-04-05,TARTE FRAISE 6P,2.0,18.0,2
2021-04-10,TARTE FRAISE 6P,1.0,18.0,1
2021-04-11,TARTE FRAISE 6P,2.0,18.0,2
2021-04-17,TARTE FRAISE 6P,1.0,18.0,1
2021-04-18,TARTE FRAISE 6P,1.0,18.0,1
2021-05-01,TARTE FRAISE 6P,1.0,18.0,1
2021-05-02,TARTE FRAISE 6P,1.0,18.0,1
2021-05-09,TARTE FRAISE 6P,1.0,18.0,1
2021-05-13,TARTE FRAISE 6P,2.0,18.0,2
2021-05-14,TARTE FRAISE 6P,1.0,18.0,1
2021-05-15,TARTE FRAISE 6P,2.0,18.0,2
2021-05-23,TARTE FRAISE 6P,2.0,18.0,2
2021-05-24,TARTE FRAISE 6P,2.0,18.0,2
2021-05-30,TARTE FRAISE 6P,3.0,18.0,3
2021-06-05,TARTE FRAISE 6P,2.0,18.0,2
2021-06-06,TARTE FRAISE 6P,1.0,18.0,1
2021-06-13,TARTE FRAISE 6P,1.0,18.0,1
2021-06-19,TARTE FRAISE 6P,1.0,18.0,1
2021-06-20,TARTE FRAISE 6P,4.0,18.0,4
2021-06-26,TARTE FRAISE 6P,2.0,18.0,2
2021-06-27,TARTE FRAISE 6P,3.0,18.0,3
2021-06-28,TARTE FRAISE 6P,1.0,18.0,1
2021-07-04,TARTE FRAISE 6P,2.0,18.0,2
2021-07-14,TARTE FRAISE 6P,3.0,18.0,3
2021-07-18,TARTE FRAISE 6P,2.0,18.0,2
2021-07-23,TARTE FRAISE 6P,4.0,18.0,2
2021-07-25,TARTE FRAISE 6P,1.0,18.0,1
2021-08-01,TARTE FRAISE 6P,1.0,18.0,1
2021-08-07,TARTE FRAISE 6P,1.0,18.0,1
2021-08-08,TARTE FRAISE 6P,1.0,18.0,1
2021-08-14,TARTE FRAISE 6P,1.0,18.0,1
2021-08-16,TARTE FRAISE 6P,1.0,18.0,1
2021-08-20,TARTE FRAISE 6P,1.0,18.0,1
2021-08-22,TARTE FRAISE 6P,1.0,18.0,1
2021-08-23,TARTE FRAISE 6P,1.0,18.0,1
2022-04-16,TARTE FRAISE 6P,2.0,19.5,2
2022-04-17,TARTE FRAISE 6P,2.0,21.0,2
2022-04-22,TARTE FRAISE 6P,1.0,21.0,1
2022-04-24,TARTE FRAISE 6P,1.0,21.0,1
2022-04-30,TARTE FRAISE 6P,1.0,21.0,1
2022-05-01,TARTE FRAISE 6P,2.0,21.0,2
2022-05-08,TARTE FRAISE 6P,2.0,21.0,2
2022-05-26,TARTE FRAISE 6P,2.0,21.0,2
2022-05-27,TARTE FRAISE 6P,1.0,21.0,1
2022-05-28,TARTE FRAISE 6P,1.0,21.0,1
2022-05-29,TARTE FRAISE 6P,2.0,21.0,2
2022-06-05,TARTE FRAISE 6P,2.0,21.0,2
2022-06-06,TARTE FRAISE 6P,1.0,21.0,1
2022-06-19,TARTE FRAISE 6P,1.0,21.0,1
2022-06-25,TARTE FRAISE 6P,1.0,21.0,1
2022-06-26,TARTE FRAISE 6P,2.0,21.0,2
2022-07-02,TARTE FRAISE 6P,1.0,21.0,1
2022-07-03,TARTE FRAISE 6P,2.0,21.0,2
2022-07-10,TARTE FRAISE 6P,3.0,21.0,3
2022-07-14,TARTE FRAISE 6P,3.0,21.0,3
2022-07-16,TARTE FRAISE 6P,1.0,21.0,1
2022-07-17,TARTE FRAISE 6P,6.0,21.0,6
2022-07-22,TARTE FRAISE 6P,1.0,21.0,1
2022-07-23,TARTE FRAISE 6P,2.0,21.0,2
2022-07-24,TARTE FRAISE 6P,2.0,21.0,2
2022-07-31,TARTE FRAISE 6P,2.0,21.0,2
2022-08-04,TARTE FRAISE 6P,1.0,21.0,1
2022-08-07,TARTE FRAISE 6P,2.0,21.0,2
2022-08-13,TARTE FRAISE 6P,1.0,21.0,1
2022-08-14,TARTE FRAISE 6P,2.0,21.0,2
2022-08-15,TARTE FRAISE 6P,1.0,21.0,1
2022-08-16,TARTE FRAISE 6P,2.0,21.0,2
2022-08-20,TARTE FRAISE 6P,1.0,21.0,1
2022-08-21,TARTE FRAISE 6P,2.0,21.0,2
2022-08-27,TARTE FRAISE 6P,1.0,21.0,1
2022-08-28,TARTE FRAISE 6P,1.0,21.0,1
2022-09-04,TARTE FRAISE 6P,1.0,21.0,1
2022-09-17,TARTE FRAISE 6P,1.0,21.0,1
2021-01-31,TARTE FRUITS 4P,2.0,9.0,2
2021-02-06,TARTE FRUITS 4P,1.0,9.0,1
2021-02-07,TARTE FRUITS 4P,1.0,9.0,1
2021-02-13,TARTE FRUITS 4P,1.0,9.0,1
2021-02-14,TARTE FRUITS 4P,1.0,9.0,1
2021-02-21,TARTE FRUITS 4P,1.0,9.0,1
2021-02-25,TARTE FRUITS 4P,1.0,9.0,1
2021-02-27,TARTE FRUITS 4P,2.0,9.0,2
2021-02-28,TARTE FRUITS 4P,6.0,9.0,4
2021-03-07,TARTE FRUITS 4P,3.0,9.0,3
2021-03-13,TARTE FRUITS 4P,1.0,9.0,1
2021-03-14,TARTE FRUITS 4P,3.0,9.0,2
2021-03-21,TARTE FRUITS 4P,3.0,9.0,3
2021-03-27,TARTE FRUITS 4P,2.0,9.0,1
2021-03-28,TARTE FRUITS 4P,3.0,9.0,3
2021-03-30,TARTE FRUITS 4P,1.0,9.0,1
2021-04-03,TARTE FRUITS 4P,1.0,9.0,1
2021-04-04,TARTE FRUITS 4P,2.0,9.0,2
2021-04-05,TARTE FRUITS 4P,2.0,9.0,1
2021-04-09,TARTE FRUITS 4P,1.0,9.0,1
2021-04-11,TARTE FRUITS 4P,1.0,9.0,1
2021-04-18,TARTE FRUITS 4P,2.0,9.0,2
2021-04-25,TARTE FRUITS 4P,4.0,9.0,4
2021-05-01,TARTE FRUITS 4P,2.0,9.0,2
2021-05-02,TARTE FRUITS 4P,2.0,9.0,2
2021-05-04,TARTE FRUITS 4P,1.0,9.0,1
2021-05-08,TARTE FRUITS 4P,2.0,9.0,2
2021-05-09,TARTE FRUITS 4P,3.0,9.0,3
2021-05-13,TARTE FRUITS 4P,4.0,9.0,4
2021-05-14,TARTE FRUITS 4P,4.0,9.0,4
2021-05-15,TARTE FRUITS 4P,1.0,9.0,1
2021-05-16,TARTE FRUITS 4P,4.0,9.0,3
2021-05-22,TARTE FRUITS 4P,2.0,9.0,2
2021-05-23,TARTE FRUITS 4P,1.0,9.0,1
2021-05-24,TARTE FRUITS 4P,1.0,9.0,1
2021-05-30,TARTE FRUITS 4P,3.0,9.0,3
2021-05-31,TARTE FRUITS 4P,2.0,9.0,2
2021-06-06,TARTE FRUITS 4P,1.0,9.0,1
2021-06-07,TARTE FRUITS 4P,1.0,9.0,1
2021-06-13,TARTE FRUITS 4P,2.0,9.0,2
2021-06-19,TARTE FRUITS 4P,2.0,9.0,2
2021-06-20,TARTE FRUITS 4P,2.0,9.0,2
2021-06-27,TARTE FRUITS 4P,1.0,9.0,1
2021-07-03,TARTE FRUITS 4P,2.0,9.0,2
2021-07-04,TARTE FRUITS 4P,3.0,9.0,3
2021-07-10,TARTE FRUITS 4P,1.0,9.0,1
2021-07-11,TARTE FRUITS 4P,1.0,9.0,1
2021-07-14,TARTE FRUITS 4P,1.0,9.0,1
2021-07-15,TARTE FRUITS 4P,2.0,9.0,1
2021-07-17,TARTE FRUITS 4P,2.0,9.0,2
2021-07-18,TARTE FRUITS 4P,3.0,9.0,2
2021-07-23,TARTE FRUITS 4P,1.0,9.0,1
2021-07-24,TARTE FRUITS 4P,1.0,9.0,1
2021-07-31,TARTE FRUITS 4P,1.0,9.0,1
2021-08-01,TARTE FRUITS 4P,2.0,9.0,1
2021-08-03,TARTE FRUITS 4P,1.0,9.0,1
2021-08-06,TARTE FRUITS 4P,1.0,9.0,1
2021-08-07,TARTE FRUITS 4P,2.0,9.0,2
2021-08-08,TARTE FRUITS 4P,3.0,9.0,3
2021-08-11,TARTE FRUITS 4P,2.0,9.0,1
2021-08-13,TARTE FRUITS 4P,1.0,9.0,1
2021-08-14,TARTE FRUITS 4P,2.0,9.0,2
2021-08-15,TARTE FRUITS 4P,3.0,9.0,2
2021-08-18,TARTE FRUITS 4P,1.0,9.0,1
2021-08-20,TARTE FRUITS 4P,2.0,9.0,2
2021-08-21,TARTE FRUITS 4P,2.0,9.0,2
2021-08-22,TARTE FRUITS 4P,2.0,9.0,2
2021-08-27,TARTE FRUITS 4P,2.0,9.0,2
2021-08-29,TARTE FRUITS 4P,4.0,9.0,4
2021-09-03,TARTE FRUITS 4P,1.0,9.0,1
2021-09-04,TARTE FRUITS 4P,1.0,9.0,1
2021-09-05,TARTE FRUITS 4P,6.0,9.0,6
2021-09-12,TARTE FRUITS 4P,2.0,9.0,2
2021-09-18,TARTE FRUITS 4P,2.0,9.0,2
2021-09-19,TARTE FRUITS 4P,2.0,9.0,2
2021-09-25,TARTE FRUITS 4P,1.0,9.0,1
2021-09-26,TARTE FRUITS 4P,3.0,9.0,3
2021-10-02,TARTE FRUITS 4P,3.0,9.0,3
2021-10-03,TARTE FRUITS 4P,2.0,9.0,2
2021-10-05,TARTE FRUITS 4P,1.0,9.0,1
2021-10-08,TARTE FRUITS 4P,1.0,9.0,1
2021-10-09,TARTE FRUITS 4P,2.0,9.0,2
2021-10-10,TARTE FRUITS 4P,4.0,9.0,4
2021-10-11,TARTE FRUITS 4P,1.0,9.0,1
2021-10-12,TARTE FRUITS 4P,1.0,9.0,1
2021-10-17,TARTE FRUITS 4P,5.0,9.0,5
2021-10-23,TARTE FRUITS 4P,1.0,9.0,1
2021-10-24,TARTE FRUITS 4P,3.0,9.0,2
2021-10-29,TARTE FRUITS 4P,2.0,9.0,2
2021-10-30,TARTE FRUITS 4P,1.0,9.0,1
2021-10-31,TARTE FRUITS 4P,2.0,9.0,2
2021-11-01,TARTE FRUITS 4P,5.0,9.0,5
2021-11-07,TARTE FRUITS 4P,1.0,9.0,1
2021-11-13,TARTE FRUITS 4P,3.0,9.0,3
2021-11-14,TARTE FRUITS 4P,1.0,9.0,1
2021-11-15,TARTE FRUITS 4P,1.0,9.0,1
2021-11-21,TARTE FRUITS 4P,1.0,9.0,1
2021-11-28,TARTE FRUITS 4P,1.0,9.0,1
2021-12-04,TARTE FRUITS 4P,2.0,9.0,2
2021-12-11,TARTE FRUITS 4P,2.0,9.0,2
2021-12-12,TARTE FRUITS 4P,1.0,9.0,1
2021-12-18,TARTE FRUITS 4P,1.0,9.0,1
2021-12-19,TARTE FRUITS 4P,1.0,9.0,1
2021-12-24,TARTE FRUITS 4P,1.0,9.0,1
2021-12-26,TARTE FRUITS 4P,1.0,9.0,1
2022-01-29,TARTE FRUITS 4P,2.0,9.0,2
2022-01-30,TARTE FRUITS 4P,2.0,9.0,2
2022-02-05,TARTE FRUITS 4P,1.0,9.0,1
2022-02-06,TARTE FRUITS 4P,2.0,9.0,2
2022-02-13,TARTE FRUITS 4P,2.0,10.0,2
2022-02-19,TARTE FRUITS 4P,1.0,10.0,1
2022-02-20,TARTE FRUITS 4P,2.0,10.0,2
2022-02-26,TARTE FRUITS 4P,4.0,10.0,4
2022-02-27,TARTE FRUITS 4P,3.0,10.0,3
2022-03-05,TARTE FRUITS 4P,1.0,10.0,1
2022-03-06,TARTE FRUITS 4P,4.0,10.0,4
2022-03-07,TARTE FRUITS 4P,1.0,10.0,1
2022-03-12,TARTE FRUITS 4P,1.0,10.0,1
2022-03-13,TARTE FRUITS 4P,1.0,10.0,1
2022-03-20,TARTE FRUITS 4P,2.0,10.0,2
2022-03-26,TARTE FRUITS 4P,1.0,10.0,1
2022-03-27,TARTE FRUITS 4P,2.0,10.0,1
2022-04-02,TARTE FRUITS 4P,1.0,10.0,1
2022-04-03,TARTE FRUITS 4P,2.0,10.0,2
2022-04-09,TARTE FRUITS 4P,1.0,10.0,1
2022-04-16,TARTE FRUITS 4P,2.0,10.0,1
2022-04-17,TARTE FRUITS 4P,1.0,10.0,1
2022-04-18,TARTE FRUITS 4P,3.0,10.0,3
2022-04-24,TARTE FRUITS 4P,4.0,10.0,3
2022-04-30,TARTE FRUITS 4P,3.0,10.0,3
2022-05-01,TARTE FRUITS 4P,3.0,10.0,3
2022-05-02,TARTE FRUITS 4P,1.0,10.0,1
2022-05-08,TARTE FRUITS 4P,1.0,10.0,1
2022-05-15,TARTE FRUITS 4P,2.0,10.0,2
2022-05-23,TARTE FRUITS 4P,2.0,10.0,2
2022-05-25,TARTE FRUITS 4P,2.0,10.0,1
2022-05-26,TARTE FRUITS 4P,2.0,10.0,2
2022-05-27,TARTE FRUITS 4P,5.0,10.0,5
2022-05-28,TARTE FRUITS 4P,4.0,10.0,4
2022-05-29,TARTE FRUITS 4P,7.0,10.0,5
2022-06-04,TARTE FRUITS 4P,2.0,10.0,2
2022-06-05,TARTE FRUITS 4P,2.0,10.0,2
2022-06-06,TARTE FRUITS 4P,3.0,10.0,3
2022-06-11,TARTE FRUITS 4P,2.0,10.0,2
2022-06-12,TARTE FRUITS 4P,2.0,10.0,2
2022-06-18,TARTE FRUITS 4P,3.0,10.0,3
2022-06-19,TARTE FRUITS 4P,2.0,10.0,2
2022-06-25,TARTE FRUITS 4P,1.0,10.0,1
2022-06-26,TARTE FRUITS 4P,2.0,10.0,2
2022-06-28,TARTE FRUITS 4P,1.0,10.0,1
2022-07-03,TARTE FRUITS 4P,6.0,10.0,5
2022-07-05,TARTE FRUITS 4P,1.0,10.0,1
2022-07-08,TARTE FRUITS 4P,1.0,10.0,1
2022-07-09,TARTE FRUITS 4P,2.0,10.0,2
2022-07-10,TARTE FRUITS 4P,5.0,10.0,5
2022-07-14,TARTE FRUITS 4P,1.0,10.0,1
2022-07-15,TARTE FRUITS 4P,1.0,10.0,1
2022-07-16,TARTE FRUITS 4P,5.0,10.0,4
2022-07-17,TARTE FRUITS 4P,3.0,10.0,3
2022-07-22,TARTE FRUITS 4P,2.0,10.0,2
2022-07-23,TARTE FRUITS 4P,1.0,10.0,1
2022-07-24,TARTE FRUITS 4P,2.0,10.0,2
2022-07-29,TARTE FRUITS 4P,2.0,10.0,2
2022-07-30,TARTE FRUITS 4P,2.0,10.0,2
2022-07-31,TARTE FRUITS 4P,2.0,10.0,2
2022-08-01,TARTE FRUITS 4P,1.0,10.0,1
2022-08-05,TARTE FRUITS 4P,1.0,10.0,1
2022-08-06,TARTE FRUITS 4P,3.0,10.0,3
2022-08-07,TARTE FRUITS 4P,2.0,10.0,2
2022-08-12,TARTE FRUITS 4P,1.0,10.0,1
2022-08-13,TARTE FRUITS 4P,4.0,10.0,2
2022-08-14,TARTE FRUITS 4P,9.0,10.0,4
2022-08-15,TARTE FRUITS 4P,4.0,10.0,3
2022-08-19,TARTE FRUITS 4P,1.0,10.0,1
2022-08-20,TARTE FRUITS 4P,1.0,10.0,1
2022-08-21,TARTE FRUITS 4P,5.0,10.0,5
2022-08-28,TARTE FRUITS 4P,1.0,10.0,1
2022-09-03,TARTE FRUITS 4P,3.0,10.0,2
2022-09-04,TARTE FRUITS 4P,1.0,10.0,1
2022-09-11,TARTE FRUITS 4P,1.0,10.0,1
2022-09-12,TARTE FRUITS 4P,1.0,10.0,1
2022-09-17,TARTE FRUITS 4P,3.0,10.0,2
2022-09-18,TARTE FRUITS 4P,2.0,10.0,2
2022-09-24,TARTE FRUITS 4P,3.0,10.0,3
2021-01-30,TARTE FRUITS 6P,1.0,12.0,1
2021-01-31,TARTE FRUITS 6P,1.0,12.0,1
2021-02-06,TARTE FRUITS 6P,2.0,12.0,2
2021-02-07,TARTE FRUITS 6P,1.0,12.0,1
2021-02-13,TARTE FRUITS 6P,1.0,12.0,1
2021-02-20,TARTE FRUITS 6P,2.0,12.0,2
2021-02-21,TARTE FRUITS 6P,1.0,12.0,1
2021-02-25,TARTE FRUITS 6P,1.0,12.0,1
2021-02-27,TARTE FRUITS 6P,1.0,12.0,1
2021-02-28,TARTE FRUITS 6P,2.0,12.0,2
2021-03-07,TARTE FRUITS 6P,3.0,12.0,3
2021-03-13,TARTE FRUITS 6P,3.0,12.0,3
2021-03-14,TARTE FRUITS 6P,1.0,12.0,1
2021-03-21,TARTE FRUITS 6P,3.0,12.0,3
2021-03-27,TARTE FRUITS 6P,2.0,12.0,2
2021-04-03,TARTE FRUITS 6P,1.0,12.0,1
2021-04-04,TARTE FRUITS 6P,3.0,12.0,2
2021-04-10,TARTE FRUITS 6P,1.0,12.0,1
2021-04-11,TARTE FRUITS 6P,1.0,12.0,1
2021-04-17,TARTE FRUITS 6P,1.0,12.0,1
2021-04-18,TARTE FRUITS 6P,3.0,12.0,3
2021-04-24,TARTE FRUITS 6P,1.0,12.0,1
2021-04-25,TARTE FRUITS 6P,3.0,12.0,3
2021-05-01,TARTE FRUITS 6P,1.0,12.0,1
2021-05-02,TARTE FRUITS 6P,2.0,12.0,2
2021-05-08,TARTE FRUITS 6P,3.0,12.0,3
2021-05-09,TARTE FRUITS 6P,2.0,12.0,2
2021-05-13,TARTE FRUITS 6P,2.0,12.0,2
2021-05-14,TARTE FRUITS 6P,2.0,12.0,2
2021-05-15,TARTE FRUITS 6P,6.0,12.0,6
2021-05-16,TARTE FRUITS 6P,4.0,12.0,4
2021-05-23,TARTE FRUITS 6P,3.0,12.0,3
2021-05-24,TARTE FRUITS 6P,2.0,12.0,2
2021-05-30,TARTE FRUITS 6P,2.0,12.0,2
2021-06-12,TARTE FRUITS 6P,1.0,12.0,1
2021-06-13,TARTE FRUITS 6P,1.0,12.0,1
2021-06-19,TARTE FRUITS 6P,1.0,12.0,1
2021-06-20,TARTE FRUITS 6P,1.0,12.0,1
2021-06-27,TARTE FRUITS 6P,3.0,12.0,2
2021-07-02,TARTE FRUITS 6P,1.0,12.0,1
2021-07-03,TARTE FRUITS 6P,1.0,12.0,1
2021-07-04,TARTE FRUITS 6P,3.0,12.0,3
2021-07-05,TARTE FRUITS 6P,1.0,12.0,1
2021-07-06,TARTE FRUITS 6P,1.0,12.0,1
2021-07-10,TARTE FRUITS 6P,2.0,12.0,2
2021-07-11,TARTE FRUITS 6P,4.0,12.0,3
2021-07-13,TARTE FRUITS 6P,1.0,12.0,1
2021-07-14,TARTE FRUITS 6P,4.0,12.0,4
2021-07-17,TARTE FRUITS 6P,1.0,12.0,1
2021-07-18,TARTE FRUITS 6P,1.0,12.0,1
2021-07-24,TARTE FRUITS 6P,1.0,12.0,1
2021-07-26,TARTE FRUITS 6P,1.0,12.0,1
2021-07-31,TARTE FRUITS 6P,1.0,12.0,1
2021-08-01,TARTE FRUITS 6P,3.0,12.0,2
2021-08-03,TARTE FRUITS 6P,4.0,12.0,3
2021-08-07,TARTE FRUITS 6P,1.0,12.0,1
2021-08-08,TARTE FRUITS 6P,4.0,12.0,4
2021-08-09,TARTE FRUITS 6P,1.0,12.0,1
2021-08-13,TARTE FRUITS 6P,3.0,12.0,3
2021-08-14,TARTE FRUITS 6P,2.0,12.0,1
2021-08-15,TARTE FRUITS 6P,6.0,12.0,5
2021-08-18,TARTE FRUITS 6P,1.0,12.0,1
2021-08-21,TARTE FRUITS 6P,2.0,12.0,2
2021-08-22,TARTE FRUITS 6P,2.0,12.0,2
2021-08-27,TARTE FRUITS 6P,1.0,12.0,1
2021-08-28,TARTE FRUITS 6P,1.0,12.0,1
2021-08-29,TARTE FRUITS 6P,1.0,12.0,1
2021-09-04,TARTE FRUITS 6P,1.0,12.0,1
2021-09-05,TARTE FRUITS 6P,2.0,12.0,2
2021-09-11,TARTE FRUITS 6P,1.0,12.0,1
2021-09-12,TARTE FRUITS 6P,1.0,12.0,1
2021-09-13,TARTE FRUITS 6P,2.0,12.0,2
2021-09-18,TARTE FRUITS 6P,2.0,12.0,2
2021-09-19,TARTE FRUITS 6P,1.0,12.0,1
2021-09-25,TARTE FRUITS 6P,1.0,12.0,1
2021-09-26,TARTE FRUITS 6P,2.0,12.0,2
2021-10-02,TARTE FRUITS 6P,1.0,12.0,1
2021-10-03,TARTE FRUITS 6P,3.0,12.0,3
2021-10-08,TARTE FRUITS 6P,1.0,12.0,1
2021-10-09,TARTE FRUITS 6P,2.0,12.0,2
2021-10-10,TARTE FRUITS 6P,1.0,12.0,1
2021-10-17,TARTE FRUITS 6P,3.0,12.0,3
2021-10-23,TARTE FRUITS 6P,2.0,12.0,2
2021-10-24,TARTE FRUITS 6P,3.0,12.0,3
2021-10-29,TARTE FRUITS 6P,1.0,12.0,1
2021-10-30,TARTE FRUITS 6P,1.0,12.0,1
2021-10-31,TARTE FRUITS 6P,3.0,12.0,3
2021-11-01,TARTE FRUITS 6P,3.0,12.0,2
2021-11-13,TARTE FRUITS 6P,1.0,12.0,1
2021-11-14,TARTE FRUITS 6P,2.0,12.0,2
2021-11-21,TARTE FRUITS 6P,1.0,12.0,1
2021-12-05,TARTE FRUITS 6P,1.0,12.0,1
2021-12-12,TARTE FRUITS 6P,1.0,12.0,1
2021-12-24,TARTE FRUITS 6P,1.0,12.0,1
2022-01-29,TARTE FRUITS 6P,2.0,12.0,2
2022-01-30,TARTE FRUITS 6P,1.0,12.0,1
2022-02-13,TARTE FRUITS 6P,2.0,14.0,2
2022-02-19,TARTE FRUITS 6P,2.0,14.0,2
2022-02-21,TARTE FRUITS 6P,1.0,14.0,1
2022-02-27,TARTE FRUITS 6P,3.0,14.0,2
2022-02-28,TARTE FRUITS 6P,1.0,14.0,1
2022-03-01,TARTE FRUITS 6P,1.0,14.0,1
2022-03-05,TARTE FRUITS 6P,1.0,14.0,1
2022-03-06,TARTE FRUITS 6P,1.0,14.0,1
2022-03-11,TARTE FRUITS 6P,1.0,14.0,1
2022-03-13,TARTE FRUITS 6P,2.0,14.0,2
2022-03-19,TARTE FRUITS 6P,1.0,14.0,1
2022-03-20,TARTE FRUITS 6P,1.0,14.0,1
2022-03-27,TARTE FRUITS 6P,1.0,14.0,1
2022-04-16,TARTE FRUITS 6P,2.0,14.0,2
2022-04-17,TARTE FRUITS 6P,2.0,14.0,2
2022-04-18,TARTE FRUITS 6P,6.0,14.0,6
2022-04-25,TARTE FRUITS 6P,1.0,14.0,1
2022-04-29,TARTE FRUITS 6P,1.0,14.0,1
2022-05-01,TARTE FRUITS 6P,3.0,14.0,3
2022-05-07,TARTE FRUITS 6P,1.0,14.0,1
2022-05-15,TARTE FRUITS 6P,2.0,14.0,2
2022-05-26,TARTE FRUITS 6P,4.0,14.0,4
2022-05-27,TARTE FRUITS 6P,2.0,14.0,2
2022-05-28,TARTE FRUITS 6P,3.0,14.0,3
2022-05-29,TARTE FRUITS 6P,4.0,14.0,4
2022-06-05,TARTE FRUITS 6P,1.0,14.0,1
2022-06-06,TARTE FRUITS 6P,1.0,14.0,1
2022-06-11,TARTE FRUITS 6P,1.0,14.0,1
2022-06-18,TARTE FRUITS 6P,1.0,14.0,1
2022-06-19,TARTE FRUITS 6P,2.0,14.0,2
2022-06-24,TARTE FRUITS 6P,2.0,14.0,1
2022-06-25,TARTE FRUITS 6P,1.0,14.0,1
2022-07-02,TARTE FRUITS 6P,2.0,14.0,2
2022-07-03,TARTE FRUITS 6P,2.0,14.0,2
2022-07-09,TARTE FRUITS 6P,1.0,14.0,1
2022-07-10,TARTE FRUITS 6P,4.0,14.0,4
2022-07-14,TARTE FRUITS 6P,1.0,14.0,1
2022-07-15,TARTE FRUITS 6P,2.0,14.0,2
2022-07-16,TARTE FRUITS 6P,3.0,14.0,3
2022-07-17,TARTE FRUITS 6P,1.0,14.0,1
2022-07-23,TARTE FRUITS 6P,4.0,14.0,4
2022-07-30,TARTE FRUITS 6P,1.0,14.0,1
2022-07-31,TARTE FRUITS 6P,3.0,14.0,2
2022-08-07,TARTE FRUITS 6P,1.0,14.0,1
2022-08-13,TARTE FRUITS 6P,2.0,14.0,2
2022-08-14,TARTE FRUITS 6P,3.0,14.0,3
2022-08-15,TARTE FRUITS 6P,3.0,14.0,3
2022-08-20,TARTE FRUITS 6P,3.0,14.0,3
2022-08-21,TARTE FRUITS 6P,1.0,14.0,1
2022-08-27,TARTE FRUITS 6P,1.0,14.0,1
2022-08-28,TARTE FRUITS 6P,1.0,14.0,1
2022-09-04,TARTE FRUITS 6P,1.0,14.0,1
2022-09-05,TARTE FRUITS 6P,1.0,14.0,1
2022-09-11,TARTE FRUITS 6P,1.0,14.0,1
2022-09-17,TARTE FRUITS 6P,2.0,14.0,2
2022-09-18,TARTE FRUITS 6P,1.0,14.0,1
2022-09-25,TARTE FRUITS 6P,3.0,14.0,3
2021-01-21,TARTELETTE,7.0,2.0,4
2021-01-22,TARTELETTE,8.0,2.0,5
2021-01-23,TARTELETTE,5.0,2.0,2
2021-01-24,TARTELETTE,14.0,2.0,8
2021-01-25,TARTELETTE,3.0,2.0,3
2021-01-26,TARTELETTE,4.0,2.0,2
2021-01-28,TARTELETTE,1.0,2.0,1
2021-01-29,TARTELETTE,10.0,2.0,4
2021-01-30,TARTELETTE,4.0,2.0,2
2021-01-31,TARTELETTE,7.0,2.0,5
2021-02-01,TARTELETTE,5.0,2.0,2
2021-02-02,TARTELETTE,3.0,2.0,3
2021-02-04,TARTELETTE,3.0,2.0,2
2021-02-05,TARTELETTE,8.0,2.0,6
2021-02-06,TARTELETTE,11.0,2.0,5
2021-02-07,TARTELETTE,23.0,2.0,11
2021-02-08,TARTELETTE,13.0,2.0,6
2021-02-09,TARTELETTE,7.0,2.0,5
2021-02-11,TARTELETTE,4.0,2.0,2
2021-02-12,TARTELETTE,5.0,2.0,2
2021-02-13,TARTELETTE,5.0,2.0,4
2021-02-14,TARTELETTE,22.0,2.0,12
2021-02-16,TARTELETTE,6.0,2.0,5
2021-02-18,TARTELETTE,5.0,2.0,3
2021-02-19,TARTELETTE,3.0,2.0,3
2021-02-20,TARTELETTE,9.0,2.0,6
2021-02-21,TARTELETTE,20.0,2.0,12
2021-02-22,TARTELETTE,3.0,2.0,3
2021-02-23,TARTELETTE,6.0,2.0,3
2021-02-25,TARTELETTE,3.0,2.0,2
2021-02-26,TARTELETTE,14.0,2.0,5
2021-02-27,TARTELETTE,19.0,2.0,11
2021-02-28,TARTELETTE,22.0,2.0,13
2021-03-01,TARTELETTE,8.0,2.0,5
2021-03-02,TARTELETTE,9.0,2.0,4
2021-03-04,TARTELETTE,14.0,2.0,6
2021-03-05,TARTELETTE,2.0,2.0,2
2021-03-06,TARTELETTE,13.0,2.0,10
2021-03-07,TARTELETTE,22.0,2.0,14
2021-03-08,TARTELETTE,9.0,2.0,5
2021-03-09,TARTELETTE,9.0,2.0,6
2021-03-11,TARTELETTE,5.0,2.0,4
2021-03-12,TARTELETTE,6.0,2.0,5
2021-03-13,TARTELETTE,30.0,2.0,15
2021-03-14,TARTELETTE,25.0,2.0,17
2021-03-15,TARTELETTE,10.0,2.0,6
2021-03-16,TARTELETTE,5.0,2.0,5
2021-03-18,TARTELETTE,4.0,2.0,2
2021-03-19,TARTELETTE,3.0,2.0,2
2021-03-20,TARTELETTE,4.0,2.0,3
2021-03-21,TARTELETTE,18.0,2.0,11
2021-03-22,TARTELETTE,3.0,2.0,1
2021-03-23,TARTELETTE,8.0,2.0,8
2021-03-25,TARTELETTE,6.0,2.0,4
2021-03-26,TARTELETTE,5.0,2.0,2
2021-03-27,TARTELETTE,8.0,2.0,6
2021-03-28,TARTELETTE,19.0,2.0,11
2021-03-29,TARTELETTE,5.0,2.0,3
2021-03-30,TARTELETTE,4.0,2.0,2
2021-04-01,TARTELETTE,9.0,2.0,6
2021-04-02,TARTELETTE,8.0,2.0,5
2021-04-03,TARTELETTE,2.0,2.0,2
2021-04-04,TARTELETTE,14.0,2.0,8
2021-04-05,TARTELETTE,4.0,2.0,2
2021-04-06,TARTELETTE,12.0,2.0,9
2021-04-08,TARTELETTE,2.0,2.0,2
2021-04-09,TARTELETTE,3.0,2.0,2
2021-04-11,TARTELETTE,21.0,2.0,10
2021-04-12,TARTELETTE,3.0,2.0,3
2021-04-13,TARTELETTE,3.0,2.0,2
2021-04-14,TARTELETTE,3.0,2.0,2
2021-04-15,TARTELETTE,7.0,2.0,4
2021-04-16,TARTELETTE,9.0,2.0,4
2021-04-17,TARTELETTE,2.0,2.0,1
2021-04-18,TARTELETTE,27.0,2.0,14
2021-04-19,TARTELETTE,2.0,2.0,1
2021-04-20,TARTELETTE,2.0,2.0,2
2021-04-21,TARTELETTE,3.0,2.0,3
2021-04-22,TARTELETTE,5.0,2.0,3
2021-04-23,TARTELETTE,4.0,2.0,1
2021-04-24,TARTELETTE,8.0,2.0,6
2021-04-25,TARTELETTE,22.0,2.0,14
2021-04-26,TARTELETTE,7.0,2.0,5
2021-04-27,TARTELETTE,5.0,2.0,5
2021-04-28,TARTELETTE,5.0,2.0,4
2021-04-29,TARTELETTE,7.0,2.0,5
2021-04-30,TARTELETTE,3.0,2.0,2
2021-05-01,TARTELETTE,6.0,2.0,4
2021-05-02,TARTELETTE,15.0,2.0,11
2021-05-03,TARTELETTE,3.0,2.0,3
2021-05-04,TARTELETTE,4.0,2.0,2
2021-05-05,TARTELETTE,4.0,2.0,3
2021-05-06,TARTELETTE,6.0,2.0,4
2021-05-07,TARTELETTE,14.0,2.0,9
2021-05-08,TARTELETTE,20.0,2.0,9
2021-05-09,TARTELETTE,44.0,2.0,21
2021-05-10,TARTELETTE,12.0,2.0,7
2021-05-11,TARTELETTE,4.0,2.0,4
2021-05-12,TARTELETTE,16.0,2.0,7
2021-05-13,TARTELETTE,11.0,2.0,8
2021-05-14,TARTELETTE,8.0,2.0,5
2021-05-15,TARTELETTE,19.0,2.0,7
2021-05-16,TARTELETTE,44.0,2.0,22
2021-05-21,TARTELETTE,2.0,2.0,2
2021-05-22,TARTELETTE,8.0,2.0,3
2021-05-23,TARTELETTE,28.0,2.0,18
2021-05-24,TARTELETTE,14.0,2.0,8
2021-05-25,TARTELETTE,10.0,2.0,7
2021-05-26,TARTELETTE,7.0,2.0,3
2021-05-27,TARTELETTE,1.0,2.0,1
2021-05-28,TARTELETTE,3.0,2.0,2
2021-05-29,TARTELETTE,3.0,2.0,3
2021-05-30,TARTELETTE,21.0,2.0,14
2021-06-01,TARTELETTE,2.0,2.0,1
2021-06-02,TARTELETTE,2.0,2.0,1
2021-06-03,TARTELETTE,3.0,2.0,2
2021-06-04,TARTELETTE,9.0,2.0,5
2021-06-05,TARTELETTE,12.0,2.0,8
2021-06-06,TARTELETTE,21.0,2.0,11
2021-06-07,TARTELETTE,1.0,2.0,1
2021-06-08,TARTELETTE,7.0,2.0,6
2021-06-09,TARTELETTE,3.0,2.0,2
2021-06-10,TARTELETTE,4.0,2.0,4
2021-06-11,TARTELETTE,7.0,2.0,5
2021-06-12,TARTELETTE,1.0,2.0,1
2021-06-13,TARTELETTE,18.0,2.0,8
2021-06-15,TARTELETTE,1.0,2.0,1
2021-06-16,TARTELETTE,4.0,2.0,2
2021-06-17,TARTELETTE,2.0,2.0,2
2021-06-18,TARTELETTE,9.0,2.0,3
2021-06-19,TARTELETTE,4.0,2.0,2
2021-06-20,TARTELETTE,25.0,2.0,14
2021-06-21,TARTELETTE,3.0,2.0,2
2021-06-22,TARTELETTE,9.0,2.0,3
2021-06-23,TARTELETTE,7.0,2.0,4
2021-06-24,TARTELETTE,7.0,2.0,3
2021-06-25,TARTELETTE,9.0,2.0,3
2021-06-26,TARTELETTE,1.0,2.0,1
2021-06-27,TARTELETTE,21.0,2.0,13
2021-06-29,TARTELETTE,5.0,2.0,3
2021-07-01,TARTELETTE,9.0,2.0,6
2021-07-02,TARTELETTE,5.0,2.0,2
2021-07-03,TARTELETTE,7.0,2.0,5
2021-07-04,TARTELETTE,23.0,2.0,11
2021-07-05,TARTELETTE,13.0,2.0,8
2021-07-06,TARTELETTE,6.0,2.0,3
2021-07-07,TARTELETTE,9.0,2.0,3
2021-07-08,TARTELETTE,5.0,2.0,3
2021-07-09,TARTELETTE,9.0,2.0,6
2021-07-10,TARTELETTE,1.0,2.0,1
2021-07-11,TARTELETTE,24.0,2.0,14
2021-07-12,TARTELETTE,5.0,2.0,4
2021-07-13,TARTELETTE,9.0,2.0,2
2021-07-14,TARTELETTE,14.0,2.0,10
2021-07-15,TARTELETTE,7.0,2.0,3
2021-07-16,TARTELETTE,9.0,2.0,6
2021-07-17,TARTELETTE,4.0,2.0,3
2021-07-18,TARTELETTE,12.0,2.0,7
2021-07-19,TARTELETTE,9.0,2.0,5
2021-07-20,TARTELETTE,6.0,2.0,5
2021-07-21,TARTELETTE,7.0,2.0,3
2021-07-22,TARTELETTE,9.0,2.0,5
2021-07-23,TARTELETTE,30.0,2.0,5
2021-07-24,TARTELETTE,8.0,2.0,3
2021-07-25,TARTELETTE,35.0,2.0,20
2021-07-26,TARTELETTE,13.0,2.0,8
2021-07-27,TARTELETTE,2.0,2.0,1
2021-07-28,TARTELETTE,4.0,2.0,2
2021-07-29,TARTELETTE,6.0,2.0,4
2021-07-30,TARTELETTE,8.0,2.0,3
2021-07-31,TARTELETTE,13.0,2.0,8
2021-08-01,TARTELETTE,24.0,2.0,15
2021-08-02,TARTELETTE,10.0,2.0,6
2021-08-03,TARTELETTE,17.0,2.0,9
2021-08-04,TARTELETTE,4.0,2.0,3
2021-08-05,TARTELETTE,12.0,2.0,9
2021-08-06,TARTELETTE,6.0,2.0,4
2021-08-07,TARTELETTE,10.0,2.0,4
2021-08-08,TARTELETTE,25.0,2.0,16
2021-08-09,TARTELETTE,15.0,2.0,5
2021-08-10,TARTELETTE,10.0,2.0,8
2021-08-11,TARTELETTE,11.0,2.0,4
2021-08-12,TARTELETTE,17.0,2.0,11
2021-08-13,TARTELETTE,6.0,2.0,4
2021-08-14,TARTELETTE,14.0,2.0,5
2021-08-15,TARTELETTE,29.0,2.0,11
2021-08-16,TARTELETTE,13.0,2.0,5
2021-08-17,TARTELETTE,9.0,2.0,4
2021-08-18,TARTELETTE,14.0,2.0,7
2021-08-19,TARTELETTE,18.0,2.0,5
2021-08-20,TARTELETTE,4.0,2.0,3
2021-08-21,TARTELETTE,19.0,2.0,7
2021-08-22,TARTELETTE,15.0,2.0,12
2021-08-23,TARTELETTE,10.0,2.0,3
2021-08-24,TARTELETTE,6.0,2.0,5
2021-08-25,TARTELETTE,9.0,2.0,6
2021-08-26,TARTELETTE,9.0,2.0,5
2021-08-27,TARTELETTE,14.0,2.0,6
2021-08-28,TARTELETTE,9.0,2.0,4
2021-08-29,TARTELETTE,25.0,2.0,12
2021-08-30,TARTELETTE,8.0,2.0,5
2021-08-31,TARTELETTE,12.0,2.0,7
2021-09-01,TARTELETTE,11.0,2.0,6
2021-09-02,TARTELETTE,9.0,2.0,5
2021-09-03,TARTELETTE,14.0,2.0,7
2021-09-04,TARTELETTE,6.0,2.0,4
2021-09-05,TARTELETTE,30.0,2.0,14
2021-09-06,TARTELETTE,1.0,2.0,1
2021-09-07,TARTELETTE,7.0,2.0,5
2021-09-08,TARTELETTE,7.0,2.0,5
2021-09-09,TARTELETTE,2.0,2.0,2
2021-09-10,TARTELETTE,4.0,2.0,3
2021-09-11,TARTELETTE,5.0,2.0,4
2021-09-12,TARTELETTE,24.0,2.0,12
2021-09-14,TARTELETTE,4.0,2.0,2
2021-09-15,TARTELETTE,10.0,2.0,4
2021-09-16,TARTELETTE,7.0,2.0,2
2021-09-17,TARTELETTE,4.0,2.0,2
2021-09-18,TARTELETTE,15.0,2.0,5
2021-09-19,TARTELETTE,15.0,2.0,10
2021-09-20,TARTELETTE,9.0,2.0,4
2021-09-21,TARTELETTE,11.0,2.0,4
2021-09-23,TARTELETTE,2.0,2.0,2
2021-09-24,TARTELETTE,7.0,2.0,4
2021-09-25,TARTELETTE,2.0,2.0,2
2021-09-26,TARTELETTE,17.0,2.0,9
2021-09-28,TARTELETTE,1.0,2.0,1
2021-09-29,TARTELETTE,5.0,2.0,3
2021-09-30,TARTELETTE,7.0,2.0,3
2021-10-01,TARTELETTE,5.0,2.0,3
2021-10-02,TARTELETTE,9.0,2.0,4
2021-10-03,TARTELETTE,18.0,2.0,10
2021-10-05,TARTELETTE,2.0,2.0,2
2021-10-06,TARTELETTE,9.0,2.0,5
2021-10-07,TARTELETTE,17.0,2.0,8
2021-10-08,TARTELETTE,10.0,2.0,5
2021-10-09,TARTELETTE,11.0,2.0,5
2021-10-10,TARTELETTE,14.0,2.0,8
2021-10-11,TARTELETTE,7.0,2.0,4
2021-10-13,TARTELETTE,4.0,2.0,4
2021-10-14,TARTELETTE,4.0,2.0,3
2021-10-15,TARTELETTE,4.0,2.0,2
2021-10-16,TARTELETTE,1.0,2.0,1
2021-10-17,TARTELETTE,19.0,2.0,13
2021-10-18,TARTELETTE,1.0,2.0,1
2021-10-19,TARTELETTE,3.0,2.0,2
2021-10-20,TARTELETTE,7.0,2.0,3
2021-10-21,TARTELETTE,11.0,2.0,4
2021-10-22,TARTELETTE,8.0,2.0,4
2021-10-23,TARTELETTE,7.0,2.0,4
2021-10-24,TARTELETTE,19.0,2.0,12
2021-10-25,TARTELETTE,7.0,2.0,4
2021-10-26,TARTELETTE,4.0,2.0,3
2021-10-27,TARTELETTE,6.0,2.0,3
2021-10-28,TARTELETTE,4.0,2.0,4
2021-10-29,TARTELETTE,8.0,2.0,6
2021-10-30,TARTELETTE,11.0,2.0,7
2021-10-31,TARTELETTE,28.0,2.0,15
2021-11-01,TARTELETTE,26.0,2.0,18
2021-11-02,TARTELETTE,4.0,2.0,2
2021-11-03,TARTELETTE,10.0,2.0,5
2021-11-04,TARTELETTE,5.0,2.0,3
2021-11-05,TARTELETTE,9.0,2.0,6
2021-11-06,TARTELETTE,6.0,2.0,4
2021-11-07,TARTELETTE,15.0,2.0,8
2021-11-08,TARTELETTE,4.0,2.0,3
2021-11-09,TARTELETTE,7.0,2.0,4
2021-11-10,TARTELETTE,9.0,2.0,5
2021-11-11,TARTELETTE,6.0,2.0,4
2021-11-12,TARTELETTE,3.0,2.0,2
2021-11-13,TARTELETTE,12.0,2.0,6
2021-11-14,TARTELETTE,13.0,2.0,6
2021-11-16,TARTELETTE,2.0,2.0,2
2021-11-18,TARTELETTE,7.0,2.0,4
2021-11-19,TARTELETTE,5.0,2.0,3
2021-11-20,TARTELETTE,3.0,2.0,2
2021-11-21,TARTELETTE,17.0,2.0,9
2021-11-22,TARTELETTE,1.0,2.0,1
2021-11-23,TARTELETTE,2.0,2.0,2
2021-11-25,TARTELETTE,3.0,2.0,3
2021-11-26,TARTELETTE,3.0,2.0,1
2021-11-27,TARTELETTE,11.0,2.0,4
2021-11-28,TARTELETTE,26.0,2.0,13
2021-11-29,TARTELETTE,1.0,2.0,1
2021-11-30,TARTELETTE,9.0,2.0,4
2021-12-02,TARTELETTE,2.0,2.0,1
2021-12-03,TARTELETTE,3.0,2.0,2
2021-12-04,TARTELETTE,6.0,2.0,3
2021-12-05,TARTELETTE,16.0,2.0,9
2021-12-10,TARTELETTE,7.0,2.0,3
2021-12-11,TARTELETTE,3.0,2.0,2
2021-12-12,TARTELETTE,12.0,2.0,7
2021-12-13,TARTELETTE,4.0,2.0,3
2021-12-14,TARTELETTE,6.0,2.0,4
2021-12-16,TARTELETTE,9.0,2.0,4
2021-12-17,TARTELETTE,3.0,2.0,2
2021-12-18,TARTELETTE,4.0,2.0,3
2021-12-19,TARTELETTE,12.0,2.0,6
2021-12-20,TARTELETTE,3.0,2.0,1
2021-12-21,TARTELETTE,6.0,2.0,5
2021-12-22,TARTELETTE,2.0,2.0,2
2021-12-23,TARTELETTE,4.0,2.0,3
2021-12-24,TARTELETTE,17.0,2.0,5
2021-12-26,TARTELETTE,3.0,2.0,3
2021-12-27,TARTELETTE,1.0,2.0,1
2021-12-28,TARTELETTE,5.0,2.0,4
2021-12-30,TARTELETTE,6.0,2.0,3
2021-12-31,TARTELETTE,9.0,2.0,5
2022-01-06,TARTELETTE,7.0,2.0,2
2022-01-07,TARTELETTE,2.0,2.0,2
2022-01-08,TARTELETTE,8.0,2.0,2
2022-01-11,TARTELETTE,5.0,2.0,3
2022-01-13,TARTELETTE,1.0,2.0,1
2022-01-14,TARTELETTE,5.0,2.0,3
2022-01-15,TARTELETTE,2.0,2.0,1
2022-01-16,TARTELETTE,7.0,2.0,4
2022-01-18,TARTELETTE,2.0,2.0,1
2022-01-20,TARTELETTE,7.0,2.0,4
2022-01-21,TARTELETTE,2.0,2.0,2
2022-01-22,TARTELETTE,2.0,2.0,2
2022-01-23,TARTELETTE,14.0,2.0,8
2022-01-24,TARTELETTE,2.0,2.0,2
2022-01-25,TARTELETTE,2.0,2.0,1
2022-01-27,TARTELETTE,4.0,2.0,3
2022-01-28,TARTELETTE,3.0,2.0,2
2022-01-29,TARTELETTE,12.0,2.0,3
2022-01-30,TARTELETTE,5.0,2.0,4
2022-01-31,TARTELETTE,7.0,2.0,4
2022-02-01,TARTELETTE,1.0,2.0,1
2022-02-03,TARTELETTE,7.0,2.0,3
2022-02-04,TARTELETTE,5.0,2.0,2
2022-02-05,TARTELETTE,14.0,2.0,6
2022-02-06,TARTELETTE,8.0,2.0,6
2022-02-07,TARTELETTE,6.0,2.1,4
2022-02-08,TARTELETTE,7.0,2.1,6
2022-02-10,TARTELETTE,5.0,2.1,3
2022-02-11,TARTELETTE,6.0,2.1,3
2022-02-12,TARTELETTE,6.0,2.1,4
2022-02-13,TARTELETTE,17.0,2.1,10
2022-02-14,TARTELETTE,5.0,2.1,3
2022-02-17,TARTELETTE,5.0,2.1,4
2022-02-18,TARTELETTE,11.0,2.1,3
2022-02-19,TARTELETTE,13.0,2.1,6
2022-02-20,TARTELETTE,29.0,2.1,16
2022-02-21,TARTELETTE,2.0,2.1,2
2022-02-24,TARTELETTE,12.0,2.1,8
2022-02-25,TARTELETTE,15.0,2.1,9
2022-02-26,TARTELETTE,14.0,2.1,7
2022-02-27,TARTELETTE,40.0,2.1,22
2022-02-28,TARTELETTE,8.0,2.1,5
2022-03-01,TARTELETTE,6.0,2.1,3
2022-03-02,TARTELETTE,5.0,2.1,4
2022-03-03,TARTELETTE,6.0,2.1,4
2022-03-05,TARTELETTE,15.0,2.1,8
2022-03-06,TARTELETTE,28.0,2.1,14
2022-03-07,TARTELETTE,1.0,2.1,1
2022-03-08,TARTELETTE,10.0,2.1,5
2022-03-09,TARTELETTE,9.0,2.1,4
2022-03-10,TARTELETTE,13.0,2.1,5
2022-03-12,TARTELETTE,9.0,2.1,5
2022-03-13,TARTELETTE,16.0,2.1,9
2022-03-15,TARTELETTE,3.0,2.1,2
2022-03-16,TARTELETTE,5.0,2.1,2
2022-03-17,TARTELETTE,9.0,2.1,6
2022-03-18,TARTELETTE,4.0,2.1,3
2022-03-19,TARTELETTE,9.0,2.1,4
2022-03-20,TARTELETTE,11.0,2.1,7
2022-03-21,TARTELETTE,5.0,2.1,4
2022-03-22,TARTELETTE,4.0,2.1,3
2022-03-23,TARTELETTE,5.0,2.1,4
2022-03-24,TARTELETTE,5.0,2.1,4
2022-03-25,TARTELETTE,5.0,2.1,4
2022-03-26,TARTELETTE,10.0,2.1,5
2022-03-27,TARTELETTE,11.0,2.1,7
2022-03-28,TARTELETTE,8.0,2.1,5
2022-03-29,TARTELETTE,2.0,2.1,2
2022-03-30,TARTELETTE,4.0,2.1,4
2022-03-31,TARTELETTE,6.0,2.1,3
2022-04-01,TARTELETTE,7.0,2.1,4
2022-04-02,TARTELETTE,9.0,2.1,6
2022-04-03,TARTELETTE,7.0,2.1,3
2022-04-04,TARTELETTE,3.0,2.1,2
2022-04-05,TARTELETTE,14.0,2.1,7
2022-04-06,TARTELETTE,6.0,2.1,3
2022-04-07,TARTELETTE,7.0,2.1,5
2022-04-08,TARTELETTE,10.0,2.1,3
2022-04-09,TARTELETTE,6.0,2.1,2
2022-04-10,TARTELETTE,11.0,2.1,6
2022-04-11,TARTELETTE,5.0,2.1,1
2022-04-12,TARTELETTE,6.0,2.1,3
2022-04-14,TARTELETTE,10.0,2.1,6
2022-04-15,TARTELETTE,8.0,2.1,4
2022-04-16,TARTELETTE,13.0,2.1,6
2022-04-17,TARTELETTE,6.0,2.1,4
2022-04-18,TARTELETTE,16.0,2.1,9
2022-04-20,TARTELETTE,7.0,2.1,4
2022-04-21,TARTELETTE,5.0,2.1,4
2022-04-22,TARTELETTE,12.0,2.1,3
2022-04-23,TARTELETTE,4.0,2.1,3
2022-04-24,TARTELETTE,12.0,2.1,8
2022-04-25,TARTELETTE,2.0,2.1,1
2022-04-26,TARTELETTE,3.0,2.1,3
2022-04-27,TARTELETTE,6.0,2.1,3
2022-04-28,TARTELETTE,3.0,2.1,2
2022-04-29,TARTELETTE,3.0,2.1,2
2022-04-30,TARTELETTE,12.0,2.1,6
2022-05-01,TARTELETTE,36.0,2.1,20
2022-05-02,TARTELETTE,4.0,2.1,2
2022-05-03,TARTELETTE,11.0,2.1,6
2022-05-05,TARTELETTE,3.0,2.1,3
2022-05-06,TARTELETTE,21.0,2.1,8
2022-05-07,TARTELETTE,7.0,2.1,3
2022-05-08,TARTELETTE,17.0,2.1,11
2022-05-09,TARTELETTE,3.0,2.1,2
2022-05-11,TARTELETTE,9.0,2.1,4
2022-05-12,TARTELETTE,1.0,2.1,1
2022-05-13,TARTELETTE,5.0,2.1,5
2022-05-14,TARTELETTE,11.0,2.1,7
2022-05-15,TARTELETTE,25.0,2.1,12
2022-05-16,TARTELETTE,4.0,2.1,3
2022-05-18,TARTELETTE,12.0,2.1,5
2022-05-19,TARTELETTE,11.0,2.1,7
2022-05-20,TARTELETTE,4.0,2.1,2
2022-05-21,TARTELETTE,6.0,2.1,4
2022-05-22,TARTELETTE,12.0,2.1,8
2022-05-23,TARTELETTE,1.0,2.1,1
2022-05-24,TARTELETTE,8.0,2.1,7
2022-05-25,TARTELETTE,10.0,2.1,4
2022-05-26,TARTELETTE,11.0,2.1,9
2022-05-27,TARTELETTE,6.0,2.1,1
2022-05-28,TARTELETTE,12.0,2.1,7
2022-05-29,TARTELETTE,33.0,2.1,21
2022-05-30,TARTELETTE,11.0,2.1,6
2022-05-31,TARTELETTE,8.0,2.1,3
2022-06-01,TARTELETTE,12.0,2.1,5
2022-06-02,TARTELETTE,6.0,2.1,4
2022-06-03,TARTELETTE,4.0,2.1,1
2022-06-04,TARTELETTE,8.0,2.1,5
2022-06-05,TARTELETTE,32.0,2.1,16
2022-06-06,TARTELETTE,18.0,2.1,11
2022-06-07,TARTELETTE,9.0,2.1,7
2022-06-08,TARTELETTE,1.0,2.1,1
2022-06-09,TARTELETTE,5.0,2.1,2
2022-06-10,TARTELETTE,11.0,2.1,7
2022-06-11,TARTELETTE,14.0,2.1,8
2022-06-12,TARTELETTE,12.0,2.1,8
2022-06-13,TARTELETTE,2.0,2.1,2
2022-06-14,TARTELETTE,5.0,2.1,4
2022-06-15,TARTELETTE,2.0,2.1,1
2022-06-16,TARTELETTE,7.0,2.1,3
2022-06-17,TARTELETTE,9.0,2.1,5
2022-06-18,TARTELETTE,10.0,2.1,5
2022-06-19,TARTELETTE,25.0,2.1,20
2022-06-20,TARTELETTE,5.0,2.1,5
2022-06-21,TARTELETTE,4.0,2.1,3
2022-06-22,TARTELETTE,8.0,2.1,1
2022-06-23,TARTELETTE,3.0,2.1,2
2022-06-24,TARTELETTE,5.0,2.1,3
2022-06-25,TARTELETTE,3.0,2.1,3
2022-06-26,TARTELETTE,15.0,2.1,6
2022-06-27,TARTELETTE,5.0,2.1,5
2022-06-28,TARTELETTE,3.0,2.1,1
2022-06-29,TARTELETTE,2.0,2.2,2
2022-06-30,TARTELETTE,9.0,2.2,5
2022-07-01,TARTELETTE,4.0,2.2,3
2022-07-02,TARTELETTE,10.0,2.2,7
2022-07-03,TARTELETTE,39.0,2.2,19
2022-07-04,TARTELETTE,3.0,2.2,1
2022-07-05,TARTELETTE,5.0,2.2,2
2022-07-06,TARTELETTE,2.0,2.2,1
2022-07-07,TARTELETTE,22.0,2.2,13
2022-07-08,TARTELETTE,5.0,2.2,4
2022-07-09,TARTELETTE,15.0,2.2,8
2022-07-10,TARTELETTE,23.0,2.2,14
2022-07-11,TARTELETTE,8.0,2.2,5
2022-07-12,TARTELETTE,1.0,2.2,1
2022-07-13,TARTELETTE,11.0,2.2,6
2022-07-14,TARTELETTE,19.0,2.2,12
2022-07-15,TARTELETTE,10.0,2.2,5
2022-07-16,TARTELETTE,16.0,2.2,8
2022-07-17,TARTELETTE,25.0,2.2,14
2022-07-18,TARTELETTE,12.0,2.2,7
2022-07-20,TARTELETTE,13.0,2.2,5
2022-07-21,TARTELETTE,19.0,2.2,9
2022-07-22,TARTELETTE,2.0,2.2,1
2022-07-23,TARTELETTE,19.0,2.2,6
2022-07-24,TARTELETTE,21.0,2.2,8
2022-07-25,TARTELETTE,3.0,2.2,3
2022-07-26,TARTELETTE,8.0,2.2,5
2022-07-27,TARTELETTE,15.0,2.2,6
2022-07-28,TARTELETTE,16.0,2.2,8
2022-07-29,TARTELETTE,13.0,2.2,6
2022-07-30,TARTELETTE,24.0,2.2,7
2022-07-31,TARTELETTE,10.0,2.2,6
2022-08-01,TARTELETTE,7.0,2.2,5
2022-08-02,TARTELETTE,23.0,2.2,9
2022-08-03,TARTELETTE,2.0,2.2,2
2022-08-04,TARTELETTE,9.0,2.2,6
2022-08-05,TARTELETTE,6.0,2.2,4
2022-08-06,TARTELETTE,6.0,2.2,5
2022-08-07,TARTELETTE,21.0,2.2,11
2022-08-08,TARTELETTE,18.0,2.2,9
2022-08-09,TARTELETTE,15.0,2.2,4
2022-08-10,TARTELETTE,14.0,2.2,6
2022-08-11,TARTELETTE,4.0,2.2,4
2022-08-12,TARTELETTE,5.0,2.2,4
2022-08-13,TARTELETTE,10.0,2.2,4
2022-08-14,TARTELETTE,18.0,2.2,14
2022-08-15,TARTELETTE,9.0,2.2,5
2022-08-16,TARTELETTE,10.0,2.2,5
2022-08-17,TARTELETTE,11.0,2.2,5
2022-08-18,TARTELETTE,6.0,2.2,5
2022-08-19,TARTELETTE,1.0,2.2,1
2022-08-20,TARTELETTE,13.0,2.2,7
2022-08-21,TARTELETTE,19.0,2.2,10
2022-08-22,TARTELETTE,12.0,2.2,8
2022-08-23,TARTELETTE,10.0,2.2,5
2022-08-24,TARTELETTE,9.0,2.2,8
2022-08-25,TARTELETTE,10.0,2.2,6
2022-08-26,TARTELETTE,3.0,2.2,2
2022-08-27,TARTELETTE,12.0,2.2,5
2022-08-28,TARTELETTE,12.0,2.2,7
2022-08-29,TARTELETTE,3.0,2.2,2
2022-08-30,TARTELETTE,9.0,2.2,6
2022-08-31,TARTELETTE,1.0,2.2,1
2022-09-02,TARTELETTE,7.0,2.2,5
2022-09-03,TARTELETTE,6.0,2.2,6
2022-09-04,TARTELETTE,8.0,2.2,7
2022-09-05,TARTELETTE,6.0,2.2,5
2022-09-06,TARTELETTE,10.0,2.2,6
2022-09-07,TARTELETTE,7.0,2.2,4
2022-09-08,TARTELETTE,4.0,2.2,2
2022-09-09,TARTELETTE,10.0,2.2,3
2022-09-10,TARTELETTE,4.0,2.2,3
2022-09-11,TARTELETTE,14.0,2.2,8
2022-09-12,TARTELETTE,8.0,2.2,4
2022-09-13,TARTELETTE,1.0,2.2,1
2022-09-14,TARTELETTE,4.0,2.2,3
2022-09-15,TARTELETTE,2.0,2.2,1
2022-09-16,TARTELETTE,4.0,2.2,3
2022-09-17,TARTELETTE,16.0,2.2,6
2022-09-18,TARTELETTE,17.0,2.2,11
2022-09-22,TARTELETTE,7.0,2.2,3
2022-09-23,TARTELETTE,3.0,2.2,2
2022-09-24,TARTELETTE,2.0,2.2,1
2022-09-25,TARTELETTE,16.0,2.2,8
2022-09-26,TARTELETTE,3.0,2.2,3
2022-09-27,TARTELETTE,4.0,2.2,4
2022-09-28,TARTELETTE,10.0,2.2,7
2022-09-29,TARTELETTE,3.0,2.2,2
2022-09-30,TARTELETTE,3.0,2.2,2
2021-04-04,TARTELETTE CHOC,4.0,2.5,3
2021-04-05,TARTELETTE CHOC,1.0,2.5,1
2021-04-18,TARTELETTE CHOC,1.0,2.5,1
2021-07-14,TARTELETTE CHOC,2.0,2.5,1
2021-07-15,TARTELETTE CHOC,1.0,2.5,1
2021-07-16,TARTELETTE CHOC,4.0,2.5,1
2021-07-22,TARTELETTE CHOC,1.0,2.5,1
2021-07-24,TARTELETTE CHOC,1.0,2.5,1
2021-08-04,TARTELETTE CHOC,1.0,2.5,1
2021-08-07,TARTELETTE CHOC,2.0,2.5,1
2021-08-08,TARTELETTE CHOC,4.0,2.5,4
2021-08-09,TARTELETTE CHOC,3.0,2.5,3
2021-08-10,TARTELETTE CHOC,1.0,2.5,1
2021-08-13,TARTELETTE CHOC,1.0,2.5,1
2021-08-15,TARTELETTE CHOC,6.0,2.5,6
2021-08-16,TARTELETTE CHOC,2.0,2.5,1
2021-08-17,TARTELETTE CHOC,2.0,2.5,2
2021-08-18,TARTELETTE CHOC,1.0,2.5,1
2021-08-19,TARTELETTE CHOC,2.0,2.5,2
2021-08-21,TARTELETTE CHOC,4.0,2.5,3
2021-08-22,TARTELETTE CHOC,3.0,2.5,2
2021-08-23,TARTELETTE CHOC,1.0,2.5,1
2021-08-27,TARTELETTE CHOC,2.0,2.5,1
2021-08-29,TARTELETTE CHOC,2.0,2.5,2
2021-09-05,TARTELETTE CHOC,2.0,2.5,2
2021-09-26,TARTELETTE CHOC,2.0,2.5,2
2021-09-27,TARTELETTE CHOC,1.0,2.5,1
2021-10-02,TARTELETTE CHOC,1.0,2.5,1
2021-10-03,TARTELETTE CHOC,1.0,2.5,1
2021-10-04,TARTELETTE CHOC,1.0,2.5,1
2022-05-28,TARTELETTE CHOC,1.0,2.5,1
2022-09-05,TARTELETTE COCKTAIL,2.0,3.0,1
2021-03-28,TARTELETTE FRAISE,7.0,3.0,6
2021-03-29,TARTELETTE FRAISE,4.0,3.0,2
2021-03-30,TARTELETTE FRAISE,1.0,3.0,1
2021-04-02,TARTELETTE FRAISE,4.0,3.0,3
2021-04-03,TARTELETTE FRAISE,3.0,3.0,2
2021-04-04,TARTELETTE FRAISE,25.0,3.0,12
2021-04-05,TARTELETTE FRAISE,7.0,3.0,5
2021-04-10,TARTELETTE FRAISE,3.0,3.0,2
2021-04-11,TARTELETTE FRAISE,7.0,3.0,3
2021-04-15,TARTELETTE FRAISE,5.0,3.0,3
2021-04-17,TARTELETTE FRAISE,3.0,3.0,2
2021-04-18,TARTELETTE FRAISE,4.0,3.0,2
2021-04-19,TARTELETTE FRAISE,2.0,3.0,1
2021-04-23,TARTELETTE FRAISE,1.0,3.0,1
2021-04-24,TARTELETTE FRAISE,6.0,3.0,3
2021-04-30,TARTELETTE FRAISE,1.0,3.0,1
2021-05-01,TARTELETTE FRAISE,9.0,3.0,6
2021-05-02,TARTELETTE FRAISE,5.0,3.0,4
2021-05-07,TARTELETTE FRAISE,4.0,3.0,3
2021-05-08,TARTELETTE FRAISE,2.0,3.0,2
2021-05-09,TARTELETTE FRAISE,9.0,3.0,4
2021-05-13,TARTELETTE FRAISE,6.0,3.0,4
2021-05-14,TARTELETTE FRAISE,8.0,3.0,4
2021-05-15,TARTELETTE FRAISE,7.0,3.0,5
2021-05-16,TARTELETTE FRAISE,19.0,3.0,11
2021-05-22,TARTELETTE FRAISE,3.0,3.0,2
2021-05-23,TARTELETTE FRAISE,10.0,3.0,6
2021-05-24,TARTELETTE FRAISE,8.0,3.0,5
2021-05-25,TARTELETTE FRAISE,1.0,3.0,1
2021-05-26,TARTELETTE FRAISE,4.0,3.0,1
2021-05-27,TARTELETTE FRAISE,1.0,3.0,1
2021-05-30,TARTELETTE FRAISE,7.0,3.0,4
2021-06-04,TARTELETTE FRAISE,2.0,3.0,1
2021-06-05,TARTELETTE FRAISE,6.0,3.0,3
2021-06-06,TARTELETTE FRAISE,5.0,3.0,4
2021-06-11,TARTELETTE FRAISE,6.0,3.0,4
2021-06-12,TARTELETTE FRAISE,1.0,3.0,1
2021-06-13,TARTELETTE FRAISE,3.0,3.0,2
2021-06-18,TARTELETTE FRAISE,3.0,3.0,3
2021-06-20,TARTELETTE FRAISE,8.0,3.0,4
2021-06-21,TARTELETTE FRAISE,4.0,3.0,3
2021-06-25,TARTELETTE FRAISE,5.0,3.0,3
2021-06-26,TARTELETTE FRAISE,1.0,3.0,1
2021-06-27,TARTELETTE FRAISE,6.0,3.0,5
2021-06-29,TARTELETTE FRAISE,1.0,3.0,1
2021-07-04,TARTELETTE FRAISE,7.0,3.0,3
2021-07-09,TARTELETTE FRAISE,5.0,3.0,4
2021-07-10,TARTELETTE FRAISE,3.0,3.0,1
2021-07-11,TARTELETTE FRAISE,12.0,3.0,10
2021-07-13,TARTELETTE FRAISE,1.0,3.0,1
2021-07-14,TARTELETTE FRAISE,5.0,3.0,4
2021-07-15,TARTELETTE FRAISE,1.0,3.0,1
2021-07-16,TARTELETTE FRAISE,4.0,3.0,2
2021-07-17,TARTELETTE FRAISE,8.0,3.0,3
2021-07-18,TARTELETTE FRAISE,8.0,3.0,5
2021-07-19,TARTELETTE FRAISE,2.0,3.0,1
2021-07-20,TARTELETTE FRAISE,1.0,3.0,1
2021-07-26,TARTELETTE FRAISE,4.0,3.0,2
2021-07-27,TARTELETTE FRAISE,1.0,3.0,1
2021-07-28,TARTELETTE FRAISE,2.0,3.0,1
2021-07-29,TARTELETTE FRAISE,9.0,3.0,4
2021-07-30,TARTELETTE FRAISE,3.0,3.0,2
2021-07-31,TARTELETTE FRAISE,3.0,3.0,2
2021-08-01,TARTELETTE FRAISE,5.0,3.0,3
2021-08-02,TARTELETTE FRAISE,2.0,3.0,1
2021-08-07,TARTELETTE FRAISE,6.0,3.0,3
2021-08-08,TARTELETTE FRAISE,9.0,3.0,6
2021-08-09,TARTELETTE FRAISE,4.0,3.0,1
2021-08-10,TARTELETTE FRAISE,2.0,3.0,2
2021-08-11,TARTELETTE FRAISE,2.0,3.0,1
2021-08-12,TARTELETTE FRAISE,7.0,3.0,3
2021-08-14,TARTELETTE FRAISE,5.0,3.0,2
2021-08-15,TARTELETTE FRAISE,10.0,3.0,8
2021-08-16,TARTELETTE FRAISE,3.0,3.0,2
2021-08-17,TARTELETTE FRAISE,4.0,3.0,2
2021-08-21,TARTELETTE FRAISE,5.0,3.0,3
2021-08-22,TARTELETTE FRAISE,6.0,3.0,3
2021-08-23,TARTELETTE FRAISE,7.0,3.0,4
2021-08-24,TARTELETTE FRAISE,6.0,3.0,2
2021-08-25,TARTELETTE FRAISE,3.0,3.0,2
2021-08-27,TARTELETTE FRAISE,1.0,3.0,1
2021-08-28,TARTELETTE FRAISE,1.0,3.0,1
2021-09-02,TARTELETTE FRAISE,5.0,3.0,2
2021-09-12,TARTELETTE FRAISE,4.0,3.0,3
2021-09-19,TARTELETTE FRAISE,3.0,3.0,2
2021-09-29,TARTELETTE FRAISE,1.0,3.0,1
2022-04-16,TARTELETTE FRAISE,9.0,3.5,4
2022-04-17,TARTELETTE FRAISE,3.0,3.5,1
2022-04-18,TARTELETTE FRAISE,2.0,3.5,2
2022-04-23,TARTELETTE FRAISE,3.0,3.5,1
2022-04-24,TARTELETTE FRAISE,8.0,3.5,4
2022-04-26,TARTELETTE FRAISE,1.0,3.5,1
2022-04-27,TARTELETTE FRAISE,2.0,3.5,1
2022-04-29,TARTELETTE FRAISE,2.0,3.5,1
2022-04-30,TARTELETTE FRAISE,2.0,3.5,1
2022-05-01,TARTELETTE FRAISE,8.0,3.5,6
2022-05-05,TARTELETTE FRAISE,1.0,3.5,1
2022-05-07,TARTELETTE FRAISE,1.0,3.5,1
2022-05-08,TARTELETTE FRAISE,9.0,3.5,6
2022-05-11,TARTELETTE FRAISE,2.0,3.5,1
2022-05-14,TARTELETTE FRAISE,2.0,3.5,2
2022-05-15,TARTELETTE FRAISE,8.0,3.5,6
2022-05-17,TARTELETTE FRAISE,2.0,3.5,1
2022-05-21,TARTELETTE FRAISE,1.0,3.5,1
2022-05-22,TARTELETTE FRAISE,9.0,3.5,4
2022-05-26,TARTELETTE FRAISE,9.0,3.5,3
2022-05-28,TARTELETTE FRAISE,2.0,3.5,2
2022-05-29,TARTELETTE FRAISE,5.0,3.5,2
2022-06-05,TARTELETTE FRAISE,7.0,3.5,5
2022-06-06,TARTELETTE FRAISE,14.0,3.5,7
2022-06-12,TARTELETTE FRAISE,6.0,3.5,4
2022-06-14,TARTELETTE FRAISE,4.0,3.5,2
2022-06-18,TARTELETTE FRAISE,2.0,3.5,1
2022-06-19,TARTELETTE FRAISE,2.0,3.5,2
2022-06-26,TARTELETTE FRAISE,6.0,3.5,4
2022-07-02,TARTELETTE FRAISE,4.0,3.5,3
2022-07-03,TARTELETTE FRAISE,7.0,3.5,4
2022-07-09,TARTELETTE FRAISE,6.0,3.5,4
2022-07-10,TARTELETTE FRAISE,9.0,3.5,5
2022-07-11,TARTELETTE FRAISE,3.0,3.5,3
2022-07-12,TARTELETTE FRAISE,2.0,3.5,2
2022-07-13,TARTELETTE FRAISE,1.0,3.5,1
2022-07-14,TARTELETTE FRAISE,9.0,3.5,5
2022-07-16,TARTELETTE FRAISE,3.0,3.5,2
2022-07-17,TARTELETTE FRAISE,3.0,3.5,2
2022-07-18,TARTELETTE FRAISE,4.0,3.5,2
2022-07-21,TARTELETTE FRAISE,2.0,3.5,2
2022-07-22,TARTELETTE FRAISE,3.0,3.5,2
2022-07-23,TARTELETTE FRAISE,3.0,3.5,2
2022-07-24,TARTELETTE FRAISE,6.0,3.5,5
2022-07-28,TARTELETTE FRAISE,1.0,3.5,1
2022-07-29,TARTELETTE FRAISE,1.0,3.5,1
2022-07-30,TARTELETTE FRAISE,7.0,3.5,4
2022-07-31,TARTELETTE FRAISE,12.0,3.5,6
2022-08-01,TARTELETTE FRAISE,2.0,3.5,1
2022-08-02,TARTELETTE FRAISE,2.0,3.5,1
2022-08-03,TARTELETTE FRAISE,1.0,3.5,1
2022-08-04,TARTELETTE FRAISE,3.0,3.5,2
2022-08-05,TARTELETTE FRAISE,7.0,3.5,5
2022-08-06,TARTELETTE FRAISE,4.0,3.5,1
2022-08-07,TARTELETTE FRAISE,17.0,3.5,9
2022-08-08,TARTELETTE FRAISE,1.0,3.5,1
2022-08-09,TARTELETTE FRAISE,2.0,3.5,2
2022-08-10,TARTELETTE FRAISE,3.0,3.5,1
2022-08-11,TARTELETTE FRAISE,6.0,3.5,3
2022-08-12,TARTELETTE FRAISE,4.0,3.5,4
2022-08-13,TARTELETTE FRAISE,7.0,3.5,5
2022-08-14,TARTELETTE FRAISE,12.0,3.5,6
2022-08-15,TARTELETTE FRAISE,19.0,3.5,10
2022-08-16,TARTELETTE FRAISE,5.0,3.5,2
2022-08-17,TARTELETTE FRAISE,4.0,3.5,3
2022-08-18,TARTELETTE FRAISE,7.0,3.5,5
2022-08-19,TARTELETTE FRAISE,2.0,3.5,2
2022-08-20,TARTELETTE FRAISE,7.0,3.5,2
2022-08-21,TARTELETTE FRAISE,26.0,3.5,14
2022-08-22,TARTELETTE FRAISE,8.0,3.5,1
2022-08-23,TARTELETTE FRAISE,3.0,3.5,2
2022-08-24,TARTELETTE FRAISE,3.0,3.5,2
2022-08-25,TARTELETTE FRAISE,2.0,3.5,1
2022-08-26,TARTELETTE FRAISE,1.0,3.5,1
2022-08-27,TARTELETTE FRAISE,1.0,3.5,1
2022-08-28,TARTELETTE FRAISE,5.0,3.5,4
2022-08-31,TARTELETTE FRAISE,1.0,3.5,1
2022-09-04,TARTELETTE FRAISE,4.0,3.5,3
2022-09-09,TARTELETTE FRAISE,1.0,3.5,1
2022-09-10,TARTELETTE FRAISE,3.0,3.5,3
2022-09-11,TARTELETTE FRAISE,4.0,3.5,4
2021-02-06,THE,2.0,1.5,1
2021-04-10,THE,1.0,1.5,1
2021-05-21,THE,1.0,1.5,1
2021-05-25,THE,1.0,1.5,1
2021-09-04,THE,1.0,1.5,1
2021-11-21,THE,1.0,1.5,1
2021-01-02,TRADITIONAL BAGUETTE,128.0,1.2,65
2021-01-03,TRADITIONAL BAGUETTE,171.0,1.2,101
2021-01-04,TRADITIONAL BAGUETTE,128.0,1.2,67
2021-01-05,TRADITIONAL BAGUETTE,99.0,1.2,60
2021-01-07,TRADITIONAL BAGUETTE,109.0,1.2,66
2021-01-08,TRADITIONAL BAGUETTE,78.0,1.2,52
2021-01-09,TRADITIONAL BAGUETTE,135.0,1.2,81
2021-01-10,TRADITIONAL BAGUETTE,140.0,1.2,84
2021-01-11,TRADITIONAL BAGUETTE,88.0,1.2,60
2021-01-12,TRADITIONAL BAGUETTE,71.0,1.2,41
2021-01-14,TRADITIONAL BAGUETTE,77.0,1.2,51
2021-01-15,TRADITIONAL BAGUETTE,85.0,1.2,50
2021-01-16,TRADITIONAL BAGUETTE,130.0,1.2,77
2021-01-17,TRADITIONAL BAGUETTE,155.0,1.2,89
2021-01-18,TRADITIONAL BAGUETTE,80.0,1.2,54
2021-01-19,TRADITIONAL BAGUETTE,94.0,1.2,57
2021-01-21,TRADITIONAL BAGUETTE,98.0,1.2,57
2021-01-22,TRADITIONAL BAGUETTE,84.0,1.2,53
2021-01-23,TRADITIONAL BAGUETTE,109.0,1.2,63
2021-01-24,TRADITIONAL BAGUETTE,143.0,1.2,86
2021-01-25,TRADITIONAL BAGUETTE,86.0,1.2,51
2021-01-26,TRADITIONAL BAGUETTE,73.0,1.2,48
2021-01-28,TRADITIONAL BAGUETTE,71.0,1.2,50
2021-01-29,TRADITIONAL BAGUETTE,68.0,1.2,45
2021-01-30,TRADITIONAL BAGUETTE,113.0,1.2,67
2021-01-31,TRADITIONAL BAGUETTE,145.0,1.2,89
2021-02-01,TRADITIONAL BAGUETTE,72.0,1.2,47
2021-02-02,TRADITIONAL BAGUETTE,96.0,1.2,53
2021-02-04,TRADITIONAL BAGUETTE,91.0,1.2,69
2021-02-05,TRADITIONAL BAGUETTE,114.0,1.2,69
2021-02-06,TRADITIONAL BAGUETTE,131.0,1.2,69
2021-02-07,TRADITIONAL BAGUETTE,168.0,1.2,104
2021-02-08,TRADITIONAL BAGUETTE,106.0,1.2,68
2021-02-09,TRADITIONAL BAGUETTE,86.0,1.2,56
2021-02-11,TRADITIONAL BAGUETTE,70.0,1.2,42
2021-02-12,TRADITIONAL BAGUETTE,88.0,1.2,51
2021-02-13,TRADITIONAL BAGUETTE,115.0,1.2,71
2021-02-14,TRADITIONAL BAGUETTE,167.0,1.2,99
2021-02-15,TRADITIONAL BAGUETTE,135.0,1.2,84
2021-02-16,TRADITIONAL BAGUETTE,108.0,1.2,72
2021-02-18,TRADITIONAL BAGUETTE,88.0,1.2,53
2021-02-19,TRADITIONAL BAGUETTE,124.0,1.2,65
2021-02-20,TRADITIONAL BAGUETTE,169.0,1.2,99
2021-02-21,TRADITIONAL BAGUETTE,249.0,1.2,149
2021-02-22,TRADITIONAL BAGUETTE,164.0,1.2,87
2021-02-23,TRADITIONAL BAGUETTE,180.0,1.2,120
2021-02-25,TRADITIONAL BAGUETTE,210.0,1.2,114
2021-02-26,TRADITIONAL BAGUETTE,223.0,1.2,115
2021-02-27,TRADITIONAL BAGUETTE,352.0,1.2,176
2021-02-28,TRADITIONAL BAGUETTE,428.0,1.2,240
2021-03-01,TRADITIONAL BAGUETTE,202.0,1.2,116
2021-03-02,TRADITIONAL BAGUETTE,200.0,1.2,109
2021-03-04,TRADITIONAL BAGUETTE,196.0,1.2,112
2021-03-05,TRADITIONAL BAGUETTE,192.0,1.2,102
2021-03-06,TRADITIONAL BAGUETTE,276.0,1.2,141
2021-03-07,TRADITIONAL BAGUETTE,272.0,1.2,158
2021-03-08,TRADITIONAL BAGUETTE,141.0,1.2,77
2021-03-09,TRADITIONAL BAGUETTE,132.0,1.2,81
2021-03-11,TRADITIONAL BAGUETTE,135.0,1.2,87
2021-03-12,TRADITIONAL BAGUETTE,132.0,1.2,84
2021-03-13,TRADITIONAL BAGUETTE,198.0,1.2,121
2021-03-14,TRADITIONAL BAGUETTE,289.0,1.2,163
2021-03-15,TRADITIONAL BAGUETTE,138.0,1.2,91
2021-03-16,TRADITIONAL BAGUETTE,152.0,1.2,94
2021-03-18,TRADITIONAL BAGUETTE,94.0,1.2,64
2021-03-19,TRADITIONAL BAGUETTE,103.0,1.2,70
2021-03-20,TRADITIONAL BAGUETTE,228.0,1.2,117
2021-03-21,TRADITIONAL BAGUETTE,237.0,1.2,133
2021-03-22,TRADITIONAL BAGUETTE,145.0,1.2,95
2021-03-23,TRADITIONAL BAGUETTE,119.0,1.2,75
2021-03-25,TRADITIONAL BAGUETTE,143.0,1.2,87
2021-03-26,TRADITIONAL BAGUETTE,123.0,1.2,70
2021-03-27,TRADITIONAL BAGUETTE,141.0,1.2,84
2021-03-28,TRADITIONAL BAGUETTE,230.0,1.2,125
2021-03-29,TRADITIONAL BAGUETTE,131.0,1.2,77
2021-03-30,TRADITIONAL BAGUETTE,143.0,1.2,88
2021-04-01,TRADITIONAL BAGUETTE,113.0,1.2,73
2021-04-02,TRADITIONAL BAGUETTE,149.0,1.2,85
2021-04-03,TRADITIONAL BAGUETTE,298.0,1.2,150
2021-04-04,TRADITIONAL BAGUETTE,400.0,1.2,190
2021-04-05,TRADITIONAL BAGUETTE,252.0,1.2,136
2021-04-06,TRADITIONAL BAGUETTE,168.0,1.2,94
2021-04-08,TRADITIONAL BAGUETTE,145.0,1.2,85
2021-04-09,TRADITIONAL BAGUETTE,138.0,1.2,90
2021-04-10,TRADITIONAL BAGUETTE,178.0,1.2,100
2021-04-11,TRADITIONAL BAGUETTE,274.0,1.2,156
2021-04-12,TRADITIONAL BAGUETTE,172.0,1.2,106
2021-04-13,TRADITIONAL BAGUETTE,163.0,1.2,102
2021-04-14,TRADITIONAL BAGUETTE,119.0,1.2,74
2021-04-15,TRADITIONAL BAGUETTE,138.0,1.2,89
2021-04-16,TRADITIONAL BAGUETTE,169.0,1.2,102
2021-04-17,TRADITIONAL BAGUETTE,219.0,1.2,127
2021-04-18,TRADITIONAL BAGUETTE,331.0,1.2,176
2021-04-19,TRADITIONAL BAGUETTE,138.0,1.2,89
2021-04-20,TRADITIONAL BAGUETTE,219.0,1.2,123
2021-04-21,TRADITIONAL BAGUETTE,161.0,1.2,93
2021-04-22,TRADITIONAL BAGUETTE,199.0,1.2,123
2021-04-23,TRADITIONAL BAGUETTE,176.0,1.2,99
2021-04-24,TRADITIONAL BAGUETTE,264.0,1.2,132
2021-04-25,TRADITIONAL BAGUETTE,294.0,1.2,172
2021-04-26,TRADITIONAL BAGUETTE,136.0,1.2,94
2021-04-27,TRADITIONAL BAGUETTE,106.0,1.2,67
2021-04-28,TRADITIONAL BAGUETTE,140.0,1.2,78
2021-04-29,TRADITIONAL BAGUETTE,133.0,1.2,83
2021-04-30,TRADITIONAL BAGUETTE,135.0,1.2,93
2021-05-01,TRADITIONAL BAGUETTE,244.0,1.2,121
2021-05-02,TRADITIONAL BAGUETTE,301.0,1.2,170
2021-05-03,TRADITIONAL BAGUETTE,158.0,1.2,104
2021-05-04,TRADITIONAL BAGUETTE,165.0,1.2,97
2021-05-05,TRADITIONAL BAGUETTE,169.0,1.2,108
2021-05-06,TRADITIONAL BAGUETTE,137.0,1.2,86
2021-05-07,TRADITIONAL BAGUETTE,131.0,1.2,81
2021-05-08,TRADITIONAL BAGUETTE,247.0,1.2,134
2021-05-09,TRADITIONAL BAGUETTE,330.0,1.2,181
2021-05-10,TRADITIONAL BAGUETTE,166.0,1.2,104
2021-05-11,TRADITIONAL BAGUETTE,145.0,1.2,92
2021-05-12,TRADITIONAL BAGUETTE,244.0,1.2,142
2021-05-13,TRADITIONAL BAGUETTE,371.0,1.2,196
2021-05-14,TRADITIONAL BAGUETTE,423.0,1.2,199
2021-05-15,TRADITIONAL BAGUETTE,482.0,1.2,223
2021-05-16,TRADITIONAL BAGUETTE,423.0,1.2,206
2021-05-21,TRADITIONAL BAGUETTE,101.0,1.2,61
2021-05-22,TRADITIONAL BAGUETTE,279.0,1.2,146
2021-05-23,TRADITIONAL BAGUETTE,421.0,1.2,186
2021-05-24,TRADITIONAL BAGUETTE,349.0,1.2,180
2021-05-25,TRADITIONAL BAGUETTE,139.0,1.2,91
2021-05-26,TRADITIONAL BAGUETTE,128.0,1.2,77
2021-05-27,TRADITIONAL BAGUETTE,120.0,1.2,69
2021-05-28,TRADITIONAL BAGUETTE,148.0,1.2,88
2021-05-29,TRADITIONAL BAGUETTE,233.0,1.2,121
2021-05-30,TRADITIONAL BAGUETTE,326.0,1.2,172
2021-05-31,TRADITIONAL BAGUETTE,126.0,1.2,82
2021-06-01,TRADITIONAL BAGUETTE,151.0,1.2,88
2021-06-02,TRADITIONAL BAGUETTE,86.0,1.2,67
2021-06-03,TRADITIONAL BAGUETTE,117.0,1.2,74
2021-06-04,TRADITIONAL BAGUETTE,154.0,1.2,94
2021-06-05,TRADITIONAL BAGUETTE,177.0,1.2,96
2021-06-06,TRADITIONAL BAGUETTE,329.0,1.2,170
2021-06-07,TRADITIONAL BAGUETTE,116.0,1.2,71
2021-06-08,TRADITIONAL BAGUETTE,115.0,1.2,80
2021-06-09,TRADITIONAL BAGUETTE,104.0,1.2,71
2021-06-10,TRADITIONAL BAGUETTE,111.0,1.2,74
2021-06-11,TRADITIONAL BAGUETTE,108.0,1.2,70
2021-06-12,TRADITIONAL BAGUETTE,223.0,1.2,114
2021-06-13,TRADITIONAL BAGUETTE,379.0,1.2,208
2021-06-14,TRADITIONAL BAGUETTE,135.0,1.2,86
2021-06-15,TRADITIONAL BAGUETTE,112.0,1.2,76
2021-06-16,TRADITIONAL BAGUETTE,137.0,1.2,85
2021-06-17,TRADITIONAL BAGUETTE,110.0,1.2,72
2021-06-18,TRADITIONAL BAGUETTE,121.0,1.2,78
2021-06-19,TRADITIONAL BAGUETTE,213.0,1.2,115
2021-06-20,TRADITIONAL BAGUETTE,326.0,1.2,174
2021-06-21,TRADITIONAL BAGUETTE,173.0,1.2,103
2021-06-22,TRADITIONAL BAGUETTE,127.0,1.2,83
2021-06-23,TRADITIONAL BAGUETTE,124.0,1.2,82
2021-06-24,TRADITIONAL BAGUETTE,143.0,1.2,87
2021-06-25,TRADITIONAL BAGUETTE,138.0,1.2,79
2021-06-26,TRADITIONAL BAGUETTE,217.0,1.2,123
2021-06-27,TRADITIONAL BAGUETTE,358.0,1.2,219
2021-06-28,TRADITIONAL BAGUETTE,155.0,1.2,99
2021-06-29,TRADITIONAL BAGUETTE,130.0,1.2,78
2021-06-30,TRADITIONAL BAGUETTE,159.0,1.2,92
2021-07-01,TRADITIONAL BAGUETTE,141.0,1.2,88
2021-07-02,TRADITIONAL BAGUETTE,137.0,1.2,87
2021-07-03,TRADITIONAL BAGUETTE,275.0,1.2,139
2021-07-04,TRADITIONAL BAGUETTE,325.0,1.2,171
2021-07-05,TRADITIONAL BAGUETTE,198.0,1.2,117
2021-07-06,TRADITIONAL BAGUETTE,169.0,1.2,96
2021-07-07,TRADITIONAL BAGUETTE,200.0,1.2,115
2021-07-08,TRADITIONAL BAGUETTE,210.0,1.2,124
2021-07-09,TRADITIONAL BAGUETTE,210.0,1.2,113
2021-07-10,TRADITIONAL BAGUETTE,351.0,1.2,180
2021-07-11,TRADITIONAL BAGUETTE,438.0,1.2,229
2021-07-12,TRADITIONAL BAGUETTE,347.0,1.2,190
2021-07-13,TRADITIONAL BAGUETTE,293.0,1.2,155
2021-07-14,TRADITIONAL BAGUETTE,403.0,1.2,200
2021-07-15,TRADITIONAL BAGUETTE,336.0,1.2,186
2021-07-16,TRADITIONAL BAGUETTE,274.0,1.2,163
2021-07-17,TRADITIONAL BAGUETTE,464.0,1.2,229
2021-07-18,TRADITIONAL BAGUETTE,246.0,1.2,120
2021-07-19,TRADITIONAL BAGUETTE,336.0,1.2,173
2021-07-20,TRADITIONAL BAGUETTE,314.0,1.2,167
2021-07-21,TRADITIONAL BAGUETTE,294.0,1.2,163
2021-07-22,TRADITIONAL BAGUETTE,226.0,1.2,123
2021-07-23,TRADITIONAL BAGUETTE,258.0,1.2,149
2021-07-24,TRADITIONAL BAGUETTE,384.0,1.2,202
2021-07-25,TRADITIONAL BAGUETTE,439.0,1.2,212
2021-07-26,TRADITIONAL BAGUETTE,357.0,1.2,195
2021-07-27,TRADITIONAL BAGUETTE,289.0,1.2,160
2021-07-28,TRADITIONAL BAGUETTE,311.0,1.2,166
2021-07-29,TRADITIONAL BAGUETTE,317.0,1.2,168
2021-07-30,TRADITIONAL BAGUETTE,314.0,1.2,159
2021-07-31,TRADITIONAL BAGUETTE,395.0,1.2,202
2021-08-01,TRADITIONAL BAGUETTE,489.0,1.2,235
2021-08-02,TRADITIONAL BAGUETTE,357.0,1.2,190
2021-08-03,TRADITIONAL BAGUETTE,338.0,1.2,175
2021-08-04,TRADITIONAL BAGUETTE,337.0,1.2,178
2021-08-05,TRADITIONAL BAGUETTE,377.0,1.2,192
2021-08-06,TRADITIONAL BAGUETTE,317.0,1.2,168
2021-08-07,TRADITIONAL BAGUETTE,450.0,1.2,232
2021-08-08,TRADITIONAL BAGUETTE,526.0,1.2,253
2021-08-09,TRADITIONAL BAGUETTE,450.0,1.2,229
2021-08-10,TRADITIONAL BAGUETTE,377.0,1.2,186
2021-08-11,TRADITIONAL BAGUETTE,449.0,1.2,214
2021-08-12,TRADITIONAL BAGUETTE,467.0,1.2,232
2021-08-13,TRADITIONAL BAGUETTE,368.0,1.2,194
2021-08-14,TRADITIONAL BAGUETTE,532.0,1.2,254
2021-08-15,TRADITIONAL BAGUETTE,546.0,1.2,267
2021-08-16,TRADITIONAL BAGUETTE,482.0,1.2,252
2021-08-17,TRADITIONAL BAGUETTE,340.0,1.2,188
2021-08-18,TRADITIONAL BAGUETTE,438.0,1.2,230
2021-08-19,TRADITIONAL BAGUETTE,392.0,1.2,223
2021-08-20,TRADITIONAL BAGUETTE,313.0,1.2,170
2021-08-21,TRADITIONAL BAGUETTE,416.0,1.2,228
2021-08-22,TRADITIONAL BAGUETTE,479.0,1.2,243
2021-08-23,TRADITIONAL BAGUETTE,297.0,1.2,179
2021-08-24,TRADITIONAL BAGUETTE,289.0,1.2,167
2021-08-25,TRADITIONAL BAGUETTE,295.0,1.2,165
2021-08-26,TRADITIONAL BAGUETTE,325.0,1.2,183
2021-08-27,TRADITIONAL BAGUETTE,253.0,1.2,143
2021-08-28,TRADITIONAL BAGUETTE,292.0,1.2,165
2021-08-29,TRADITIONAL BAGUETTE,392.0,1.2,204
2021-08-30,TRADITIONAL BAGUETTE,207.0,1.2,135
2021-08-31,TRADITIONAL BAGUETTE,151.0,1.2,95
2021-09-01,TRADITIONAL BAGUETTE,168.0,1.2,106
2021-09-02,TRADITIONAL BAGUETTE,155.0,1.2,101
2021-09-03,TRADITIONAL BAGUETTE,187.0,1.2,103
2021-09-04,TRADITIONAL BAGUETTE,267.0,1.2,144
2021-09-05,TRADITIONAL BAGUETTE,251.0,1.2,145
2021-09-06,TRADITIONAL BAGUETTE,159.0,1.2,102
2021-09-07,TRADITIONAL BAGUETTE,133.0,1.2,86
2021-09-08,TRADITIONAL BAGUETTE,163.0,1.2,98
2021-09-09,TRADITIONAL BAGUETTE,168.0,1.2,104
2021-09-10,TRADITIONAL BAGUETTE,133.0,1.2,81
2021-09-11,TRADITIONAL BAGUETTE,222.0,1.2,123
2021-09-12,TRADITIONAL BAGUETTE,278.0,1.2,156
2021-09-13,TRADITIONAL BAGUETTE,164.0,1.2,99
2021-09-14,TRADITIONAL BAGUETTE,105.0,1.2,72
2021-09-15,TRADITIONAL BAGUETTE,115.0,1.2,77
2021-09-16,TRADITIONAL BAGUETTE,107.0,1.2,67
2021-09-17,TRADITIONAL BAGUETTE,111.0,1.2,61
2021-09-18,TRADITIONAL BAGUETTE,179.0,1.2,83
2021-09-19,TRADITIONAL BAGUETTE,227.0,1.2,142
2021-09-20,TRADITIONAL BAGUETTE,165.0,1.2,106
2021-09-21,TRADITIONAL BAGUETTE,137.0,1.2,84
2021-09-22,TRADITIONAL BAGUETTE,32.0,1.2,21
2021-09-23,TRADITIONAL BAGUETTE,113.0,1.2,71
2021-09-24,TRADITIONAL BAGUETTE,110.0,1.2,66
2021-09-25,TRADITIONAL BAGUETTE,198.0,1.2,116
2021-09-26,TRADITIONAL BAGUETTE,212.0,1.2,127
2021-09-27,TRADITIONAL BAGUETTE,116.0,1.2,80
2021-09-28,TRADITIONAL BAGUETTE,93.0,1.2,65
2021-09-29,TRADITIONAL BAGUETTE,108.0,1.2,66
2021-09-30,TRADITIONAL BAGUETTE,101.0,1.2,73
2021-10-01,TRADITIONAL BAGUETTE,112.0,1.2,69
2021-10-02,TRADITIONAL BAGUETTE,138.0,1.2,87
2021-10-03,TRADITIONAL BAGUETTE,186.0,1.2,118
2021-10-04,TRADITIONAL BAGUETTE,123.0,1.2,81
2021-10-05,TRADITIONAL BAGUETTE,96.0,1.2,66
2021-10-06,TRADITIONAL BAGUETTE,109.0,1.2,72
2021-10-07,TRADITIONAL BAGUETTE,100.0,1.2,69
2021-10-08,TRADITIONAL BAGUETTE,119.0,1.2,67
2021-10-09,TRADITIONAL BAGUETTE,179.0,1.2,102
2021-10-10,TRADITIONAL BAGUETTE,240.0,1.2,140
2021-10-11,TRADITIONAL BAGUETTE,110.0,1.2,70
2021-10-12,TRADITIONAL BAGUETTE,72.0,1.2,50
2021-10-13,TRADITIONAL BAGUETTE,93.0,1.2,60
2021-10-14,TRADITIONAL BAGUETTE,92.0,1.2,60
2021-10-15,TRADITIONAL BAGUETTE,84.0,1.2,56
2021-10-16,TRADITIONAL BAGUETTE,166.0,1.2,107
2021-10-17,TRADITIONAL BAGUETTE,208.0,1.2,121
2021-10-18,TRADITIONAL BAGUETTE,87.0,1.2,57
2021-10-19,TRADITIONAL BAGUETTE,143.0,1.2,81
2021-10-20,TRADITIONAL BAGUETTE,111.0,1.2,77
2021-10-21,TRADITIONAL BAGUETTE,123.0,1.2,72
2021-10-22,TRADITIONAL BAGUETTE,118.0,1.2,78
2021-10-23,TRADITIONAL BAGUETTE,216.0,1.2,129
2021-10-24,TRADITIONAL BAGUETTE,252.0,1.2,142
2021-10-25,TRADITIONAL BAGUETTE,151.0,1.2,91
2021-10-26,TRADITIONAL BAGUETTE,182.0,1.2,120
2021-10-27,TRADITIONAL BAGUETTE,187.0,1.2,111
2021-10-28,TRADITIONAL BAGUETTE,193.0,1.2,121
2021-10-29,TRADITIONAL BAGUETTE,171.0,1.2,106
2021-10-30,TRADITIONAL BAGUETTE,257.0,1.2,149
2021-10-31,TRADITIONAL BAGUETTE,373.0,1.2,155
2021-11-01,TRADITIONAL BAGUETTE,360.0,1.2,187
2021-11-02,TRADITIONAL BAGUETTE,186.0,1.2,116
2021-11-03,TRADITIONAL BAGUETTE,183.0,1.2,105
2021-11-04,TRADITIONAL BAGUETTE,166.0,1.2,108
2021-11-05,TRADITIONAL BAGUETTE,164.0,1.2,97
2021-11-06,TRADITIONAL BAGUETTE,199.0,1.2,115
2021-11-07,TRADITIONAL BAGUETTE,176.0,1.2,101
2021-11-08,TRADITIONAL BAGUETTE,85.0,1.2,53
2021-11-09,TRADITIONAL BAGUETTE,92.0,1.2,59
2021-11-10,TRADITIONAL BAGUETTE,97.0,1.2,66
2021-11-11,TRADITIONAL BAGUETTE,176.0,1.2,101
2021-11-12,TRADITIONAL BAGUETTE,107.0,1.2,62
2021-11-13,TRADITIONAL BAGUETTE,141.0,1.2,80
2021-11-14,TRADITIONAL BAGUETTE,175.0,1.2,103
2021-11-15,TRADITIONAL BAGUETTE,89.0,1.2,64
2021-11-16,TRADITIONAL BAGUETTE,72.0,1.2,52
2021-11-18,TRADITIONAL BAGUETTE,84.0,1.2,53
2021-11-19,TRADITIONAL BAGUETTE,98.0,1.2,62
2021-11-20,TRADITIONAL BAGUETTE,112.0,1.2,72
2021-11-21,TRADITIONAL BAGUETTE,171.0,1.2,93
2021-11-22,TRADITIONAL BAGUETTE,82.0,1.2,61
2021-11-23,TRADITIONAL BAGUETTE,68.0,1.2,51
2021-11-25,TRADITIONAL BAGUETTE,85.0,1.2,49
2021-11-26,TRADITIONAL BAGUETTE,90.0,1.2,59
2021-11-27,TRADITIONAL BAGUETTE,119.0,1.2,78
2021-11-28,TRADITIONAL BAGUETTE,143.0,1.2,88
2021-11-29,TRADITIONAL BAGUETTE,87.0,1.2,51
2021-11-30,TRADITIONAL BAGUETTE,94.0,1.2,57
2021-12-02,TRADITIONAL BAGUETTE,68.0,1.2,44
2021-12-03,TRADITIONAL BAGUETTE,63.0,1.2,45
2021-12-04,TRADITIONAL BAGUETTE,107.0,1.2,63
2021-12-05,TRADITIONAL BAGUETTE,150.0,1.2,85
2021-12-09,TRADITIONAL BAGUETTE,54.0,1.2,39
2021-12-10,TRADITIONAL BAGUETTE,76.0,1.2,50
2021-12-11,TRADITIONAL BAGUETTE,112.0,1.2,65
2021-12-12,TRADITIONAL BAGUETTE,140.0,1.2,87
2021-12-13,TRADITIONAL BAGUETTE,83.0,1.2,51
2021-12-14,TRADITIONAL BAGUETTE,78.0,1.2,54
2021-12-16,TRADITIONAL BAGUETTE,81.0,1.2,57
2021-12-17,TRADITIONAL BAGUETTE,95.0,1.2,57
2021-12-18,TRADITIONAL BAGUETTE,127.0,1.2,79
2021-12-19,TRADITIONAL BAGUETTE,187.0,1.2,116
2021-12-20,TRADITIONAL BAGUETTE,111.0,1.2,71
2021-12-21,TRADITIONAL BAGUETTE,117.0,1.2,77
2021-12-22,TRADITIONAL BAGUETTE,121.0,1.2,69
2021-12-23,TRADITIONAL BAGUETTE,139.0,1.2,82
2021-12-24,TRADITIONAL BAGUETTE,336.0,1.2,144
2021-12-25,TRADITIONAL BAGUETTE,227.0,1.2,78
2021-12-26,TRADITIONAL BAGUETTE,245.0,1.2,119
2021-12-27,TRADITIONAL BAGUETTE,202.0,1.2,103
2021-12-28,TRADITIONAL BAGUETTE,159.0,1.2,102
2021-12-29,TRADITIONAL BAGUETTE,145.0,1.2,82
2021-12-30,TRADITIONAL BAGUETTE,179.0,1.2,100
2021-12-31,TRADITIONAL BAGUETTE,253.0,1.2,117
2022-01-02,TRADITIONAL BAGUETTE,275.0,1.2,175
2022-01-03,TRADITIONAL BAGUETTE,127.0,1.2,87
2022-01-04,TRADITIONAL BAGUETTE,27.0,1.2,13
2022-01-06,TRADITIONAL BAGUETTE,80.0,1.2,51
2022-01-07,TRADITIONAL BAGUETTE,88.0,1.2,59
2022-01-08,TRADITIONAL BAGUETTE,86.0,1.2,55
2022-01-09,TRADITIONAL BAGUETTE,171.0,1.2,100
2022-01-10,TRADITIONAL BAGUETTE,86.0,1.2,54
2022-01-11,TRADITIONAL BAGUETTE,74.0,1.2,52
2022-01-13,TRADITIONAL BAGUETTE,68.0,1.2,46
2022-01-14,TRADITIONAL BAGUETTE,85.0,1.2,52
2022-01-15,TRADITIONAL BAGUETTE,103.0,1.2,58
2022-01-16,TRADITIONAL BAGUETTE,132.0,1.2,75
2022-01-17,TRADITIONAL BAGUETTE,93.0,1.2,65
2022-01-18,TRADITIONAL BAGUETTE,74.0,1.2,51
2022-01-20,TRADITIONAL BAGUETTE,82.0,1.2,51
2022-01-21,TRADITIONAL BAGUETTE,82.0,1.2,57
2022-01-22,TRADITIONAL BAGUETTE,129.0,1.2,78
2022-01-23,TRADITIONAL BAGUETTE,137.0,1.2,79
2022-01-24,TRADITIONAL BAGUETTE,86.0,1.2,59
2022-01-25,TRADITIONAL BAGUETTE,81.0,1.2,56
2022-01-27,TRADITIONAL BAGUETTE,101.0,1.2,60
2022-01-28,TRADITIONAL BAGUETTE,64.0,1.2,40
2022-01-29,TRADITIONAL BAGUETTE,95.0,1.2,59
2022-01-30,TRADITIONAL BAGUETTE,150.0,1.2,85
2022-01-31,TRADITIONAL BAGUETTE,84.0,1.2,55
2022-02-01,TRADITIONAL BAGUETTE,100.0,1.2,57
2022-02-03,TRADITIONAL BAGUETTE,86.0,1.2,56
2022-02-04,TRADITIONAL BAGUETTE,80.0,1.2,56
2022-02-05,TRADITIONAL BAGUETTE,102.0,1.2,63
2022-02-06,TRADITIONAL BAGUETTE,162.0,1.2,100
2022-02-07,TRADITIONAL BAGUETTE,101.0,1.25,61
2022-02-08,TRADITIONAL BAGUETTE,85.0,1.25,46
2022-02-10,TRADITIONAL BAGUETTE,95.0,1.25,62
2022-02-11,TRADITIONAL BAGUETTE,88.0,1.25,55
2022-02-12,TRADITIONAL BAGUETTE,156.0,1.25,89
2022-02-13,TRADITIONAL BAGUETTE,194.0,1.25,113
2022-02-14,TRADITIONAL BAGUETTE,127.0,1.25,82
2022-02-15,TRADITIONAL BAGUETTE,151.0,1.25,92
2022-02-17,TRADITIONAL BAGUETTE,158.0,1.25,99
2022-02-18,TRADITIONAL BAGUETTE,155.0,1.25,88
2022-02-19,TRADITIONAL BAGUETTE,178.0,1.25,109
2022-02-20,TRADITIONAL BAGUETTE,278.0,1.25,159
2022-02-21,TRADITIONAL BAGUETTE,112.0,1.25,77
2022-02-22,TRADITIONAL BAGUETTE,132.0,1.25,87
2022-02-24,TRADITIONAL BAGUETTE,154.0,1.25,100
2022-02-25,TRADITIONAL BAGUETTE,143.0,1.25,87
2022-02-26,TRADITIONAL BAGUETTE,210.0,1.25,118
2022-02-27,TRADITIONAL BAGUETTE,275.0,1.25,160
2022-02-28,TRADITIONAL BAGUETTE,154.0,1.25,87
2022-03-01,TRADITIONAL BAGUETTE,150.0,1.25,93
2022-03-02,TRADITIONAL BAGUETTE,119.0,1.25,74
2022-03-03,TRADITIONAL BAGUETTE,123.0,1.25,77
2022-03-04,TRADITIONAL BAGUETTE,141.0,1.25,86
2022-03-05,TRADITIONAL BAGUETTE,204.0,1.25,118
2022-03-06,TRADITIONAL BAGUETTE,251.0,1.25,148
2022-03-07,TRADITIONAL BAGUETTE,148.0,1.25,75
2022-03-08,TRADITIONAL BAGUETTE,74.0,1.25,48
2022-03-09,TRADITIONAL BAGUETTE,56.0,1.25,36
2022-03-10,TRADITIONAL BAGUETTE,66.0,1.25,40
2022-03-11,TRADITIONAL BAGUETTE,77.0,1.25,48
2022-03-12,TRADITIONAL BAGUETTE,96.0,1.25,61
2022-03-13,TRADITIONAL BAGUETTE,181.0,1.25,112
2022-03-14,TRADITIONAL BAGUETTE,87.0,1.25,53
2022-03-15,TRADITIONAL BAGUETTE,76.0,1.25,54
2022-03-16,TRADITIONAL BAGUETTE,50.0,1.25,38
2022-03-17,TRADITIONAL BAGUETTE,66.0,1.25,43
2022-03-18,TRADITIONAL BAGUETTE,77.0,1.25,49
2022-03-19,TRADITIONAL BAGUETTE,130.0,1.25,78
2022-03-20,TRADITIONAL BAGUETTE,222.0,1.25,124
2022-03-21,TRADITIONAL BAGUETTE,95.0,1.25,61
2022-03-22,TRADITIONAL BAGUETTE,86.0,1.25,54
2022-03-23,TRADITIONAL BAGUETTE,76.0,1.25,53
2022-03-24,TRADITIONAL BAGUETTE,74.0,1.25,56
2022-03-25,TRADITIONAL BAGUETTE,84.0,1.25,60
2022-03-26,TRADITIONAL BAGUETTE,166.0,1.25,94
2022-03-27,TRADITIONAL BAGUETTE,166.0,1.25,102
2022-03-28,TRADITIONAL BAGUETTE,113.0,1.25,77
2022-03-29,TRADITIONAL BAGUETTE,100.0,1.25,65
2022-03-30,TRADITIONAL BAGUETTE,68.0,1.25,45
2022-03-31,TRADITIONAL BAGUETTE,82.0,1.25,58
2022-04-01,TRADITIONAL BAGUETTE,79.0,1.25,50
2022-04-02,TRADITIONAL BAGUETTE,111.0,1.25,67
2022-04-03,TRADITIONAL BAGUETTE,189.0,1.25,100
2022-04-04,TRADITIONAL BAGUETTE,93.0,1.25,59
2022-04-05,TRADITIONAL BAGUETTE,82.0,1.25,45
2022-04-06,TRADITIONAL BAGUETTE,71.0,1.25,43
2022-04-07,TRADITIONAL BAGUETTE,94.0,1.25,54
2022-04-08,TRADITIONAL BAGUETTE,63.0,1.25,47
2022-04-09,TRADITIONAL BAGUETTE,119.0,1.25,74
2022-04-10,TRADITIONAL BAGUETTE,183.0,1.25,109
2022-04-11,TRADITIONAL BAGUETTE,137.0,1.25,90
2022-04-12,TRADITIONAL BAGUETTE,107.0,1.25,65
2022-04-13,TRADITIONAL BAGUETTE,100.0,1.25,67
2022-04-14,TRADITIONAL BAGUETTE,106.0,1.25,69
2022-04-15,TRADITIONAL BAGUETTE,143.0,1.25,92
2022-04-16,TRADITIONAL BAGUETTE,315.0,1.25,165
2022-04-17,TRADITIONAL BAGUETTE,286.0,1.25,121
2022-04-18,TRADITIONAL BAGUETTE,379.0,1.25,186
2022-04-19,TRADITIONAL BAGUETTE,138.0,1.25,90
2022-04-20,TRADITIONAL BAGUETTE,166.0,1.25,110
2022-04-21,TRADITIONAL BAGUETTE,237.0,1.25,150
2022-04-22,TRADITIONAL BAGUETTE,163.0,1.25,98
2022-04-23,TRADITIONAL BAGUETTE,136.0,1.25,83
2022-04-24,TRADITIONAL BAGUETTE,204.0,1.25,114
2022-04-25,TRADITIONAL BAGUETTE,162.0,1.25,107
2022-04-26,TRADITIONAL BAGUETTE,112.0,1.25,76
2022-04-27,TRADITIONAL BAGUETTE,141.0,1.25,93
2022-04-28,TRADITIONAL BAGUETTE,127.0,1.25,89
2022-04-29,TRADITIONAL BAGUETTE,121.0,1.25,68
2022-04-30,TRADITIONAL BAGUETTE,282.0,1.25,147
2022-05-01,TRADITIONAL BAGUETTE,312.0,1.25,173
2022-05-02,TRADITIONAL BAGUETTE,222.0,1.25,134
2022-05-03,TRADITIONAL BAGUETTE,159.0,1.25,101
2022-05-05,TRADITIONAL BAGUETTE,153.0,1.25,99
2022-05-06,TRADITIONAL BAGUETTE,139.0,1.25,91
2022-05-07,TRADITIONAL BAGUETTE,196.0,1.25,112
2022-05-08,TRADITIONAL BAGUETTE,251.0,1.25,140
2022-05-09,TRADITIONAL BAGUETTE,162.0,1.25,105
2022-05-10,TRADITIONAL BAGUETTE,124.0,1.25,80
2022-05-11,TRADITIONAL BAGUETTE,96.0,1.25,62
2022-05-12,TRADITIONAL BAGUETTE,93.0,1.25,67
2022-05-13,TRADITIONAL BAGUETTE,90.0,1.25,59
2022-05-14,TRADITIONAL BAGUETTE,178.0,1.25,110
2022-05-15,TRADITIONAL BAGUETTE,269.0,1.25,151
2022-05-16,TRADITIONAL BAGUETTE,134.0,1.25,89
2022-05-17,TRADITIONAL BAGUETTE,108.0,1.25,68
2022-05-18,TRADITIONAL BAGUETTE,90.0,1.25,65
2022-05-19,TRADITIONAL BAGUETTE,99.0,1.25,59
2022-05-20,TRADITIONAL BAGUETTE,125.0,1.25,73
2022-05-21,TRADITIONAL BAGUETTE,155.0,1.25,81
2022-05-22,TRADITIONAL BAGUETTE,223.0,1.25,124
2022-05-23,TRADITIONAL BAGUETTE,115.0,1.25,73
2022-05-24,TRADITIONAL BAGUETTE,130.0,1.25,88
2022-05-25,TRADITIONAL BAGUETTE,205.0,1.25,118
2022-05-26,TRADITIONAL BAGUETTE,397.0,1.25,214
2022-05-27,TRADITIONAL BAGUETTE,347.0,1.25,184
2022-05-28,TRADITIONAL BAGUETTE,456.0,1.25,204
2022-05-29,TRADITIONAL BAGUETTE,475.0,1.25,235
2022-05-30,TRADITIONAL BAGUETTE,159.0,1.25,111
2022-05-31,TRADITIONAL BAGUETTE,113.0,1.25,79
2022-06-01,TRADITIONAL BAGUETTE,119.0,1.25,87
2022-06-02,TRADITIONAL BAGUETTE,115.0,1.25,76
2022-06-03,TRADITIONAL BAGUETTE,142.0,1.25,78
2022-06-04,TRADITIONAL BAGUETTE,197.0,1.25,106
2022-06-05,TRADITIONAL BAGUETTE,372.0,1.25,191
2022-06-06,TRADITIONAL BAGUETTE,338.0,1.25,183
2022-06-07,TRADITIONAL BAGUETTE,110.0,1.25,80
2022-06-08,TRADITIONAL BAGUETTE,96.0,1.25,62
2022-06-09,TRADITIONAL BAGUETTE,128.0,1.25,88
2022-06-10,TRADITIONAL BAGUETTE,118.0,1.25,80
2022-06-11,TRADITIONAL BAGUETTE,218.0,1.25,98
2022-06-12,TRADITIONAL BAGUETTE,244.0,1.25,148
2022-06-13,TRADITIONAL BAGUETTE,121.0,1.25,93
2022-06-14,TRADITIONAL BAGUETTE,130.0,1.25,87
2022-06-15,TRADITIONAL BAGUETTE,138.0,1.25,88
2022-06-16,TRADITIONAL BAGUETTE,115.0,1.25,83
2022-06-17,TRADITIONAL BAGUETTE,120.0,1.25,87
2022-06-18,TRADITIONAL BAGUETTE,221.0,1.25,125
2022-06-19,TRADITIONAL BAGUETTE,282.0,1.25,167
2022-06-20,TRADITIONAL BAGUETTE,131.0,1.25,96
2022-06-21,TRADITIONAL BAGUETTE,126.0,1.25,83
2022-06-22,TRADITIONAL BAGUETTE,98.0,1.25,76
2022-06-23,TRADITIONAL BAGUETTE,130.0,1.25,84
2022-06-24,TRADITIONAL BAGUETTE,145.0,1.25,85
2022-06-25,TRADITIONAL BAGUETTE,228.0,1.25,125
2022-06-26,TRADITIONAL BAGUETTE,267.0,1.25,162
2022-06-27,TRADITIONAL BAGUETTE,174.0,1.25,113
2022-06-28,TRADITIONAL BAGUETTE,130.0,1.25,88
2022-06-29,TRADITIONAL BAGUETTE,137.0,1.3,89
2022-06-30,TRADITIONAL BAGUETTE,148.0,1.3,98
2022-07-01,TRADITIONAL BAGUETTE,134.0,1.3,91
2022-07-02,TRADITIONAL BAGUETTE,204.0,1.3,130
2022-07-03,TRADITIONAL BAGUETTE,316.0,1.3,186
2022-07-04,TRADITIONAL BAGUETTE,186.0,1.3,127
2022-07-05,TRADITIONAL BAGUETTE,185.0,1.3,113
2022-07-06,TRADITIONAL BAGUETTE,189.0,1.3,123
2022-07-07,TRADITIONAL BAGUETTE,219.0,1.3,131
2022-07-08,TRADITIONAL BAGUETTE,202.0,1.3,128
2022-07-09,TRADITIONAL BAGUETTE,345.0,1.3,183
2022-07-10,TRADITIONAL BAGUETTE,401.0,1.3,218
2022-07-11,TRADITIONAL BAGUETTE,275.0,1.3,159
2022-07-12,TRADITIONAL BAGUETTE,248.0,1.3,139
2022-07-13,TRADITIONAL BAGUETTE,272.0,1.3,155
2022-07-14,TRADITIONAL BAGUETTE,468.0,1.3,236
2022-07-15,TRADITIONAL BAGUETTE,401.0,1.3,196
2022-07-16,TRADITIONAL BAGUETTE,511.0,1.3,233
2022-07-17,TRADITIONAL BAGUETTE,576.0,1.3,288
2022-07-18,TRADITIONAL BAGUETTE,373.0,1.3,217
2022-07-19,TRADITIONAL BAGUETTE,300.0,1.3,168
2022-07-20,TRADITIONAL BAGUETTE,256.0,1.3,147
2022-07-21,TRADITIONAL BAGUETTE,308.0,1.3,178
2022-07-22,TRADITIONAL BAGUETTE,291.0,1.3,158
2022-07-23,TRADITIONAL BAGUETTE,383.0,1.3,209
2022-07-24,TRADITIONAL BAGUETTE,478.0,1.3,235
2022-07-25,TRADITIONAL BAGUETTE,396.0,1.3,219
2022-07-26,TRADITIONAL BAGUETTE,321.0,1.3,172
2022-07-27,TRADITIONAL BAGUETTE,273.0,1.3,163
2022-07-28,TRADITIONAL BAGUETTE,317.0,1.3,181
2022-07-29,TRADITIONAL BAGUETTE,290.0,1.3,169
2022-07-30,TRADITIONAL BAGUETTE,412.0,1.3,223
2022-07-31,TRADITIONAL BAGUETTE,544.0,1.3,275
2022-08-01,TRADITIONAL BAGUETTE,427.0,1.3,224
2022-08-02,TRADITIONAL BAGUETTE,346.0,1.3,181
2022-08-03,TRADITIONAL BAGUETTE,405.0,1.3,208
2022-08-04,TRADITIONAL BAGUETTE,387.0,1.3,215
2022-08-05,TRADITIONAL BAGUETTE,358.0,1.3,187
2022-08-06,TRADITIONAL BAGUETTE,461.0,1.3,223
2022-08-07,TRADITIONAL BAGUETTE,616.0,1.3,286
2022-08-08,TRADITIONAL BAGUETTE,551.0,1.3,288
2022-08-09,TRADITIONAL BAGUETTE,457.0,1.3,235
2022-08-10,TRADITIONAL BAGUETTE,481.0,1.3,237
2022-08-11,TRADITIONAL BAGUETTE,462.0,1.3,224
2022-08-12,TRADITIONAL BAGUETTE,465.0,1.3,242
2022-08-13,TRADITIONAL BAGUETTE,543.0,1.3,274
2022-08-14,TRADITIONAL BAGUETTE,707.0,1.3,319
2022-08-15,TRADITIONAL BAGUETTE,585.0,1.3,288
2022-08-16,TRADITIONAL BAGUETTE,417.0,1.3,220
2022-08-17,TRADITIONAL BAGUETTE,414.0,1.3,224
2022-08-18,TRADITIONAL BAGUETTE,498.0,1.3,256
2022-08-19,TRADITIONAL BAGUETTE,375.0,1.3,208
2022-08-20,TRADITIONAL BAGUETTE,452.0,1.3,233
2022-08-21,TRADITIONAL BAGUETTE,574.0,1.3,301
2022-08-22,TRADITIONAL BAGUETTE,371.0,1.3,212
2022-08-23,TRADITIONAL BAGUETTE,282.0,1.3,164
2022-08-24,TRADITIONAL BAGUETTE,311.0,1.3,182
2022-08-25,TRADITIONAL BAGUETTE,273.0,1.3,169
2022-08-26,TRADITIONAL BAGUETTE,221.0,1.3,136
2022-08-27,TRADITIONAL BAGUETTE,289.0,1.3,160
2022-08-28,TRADITIONAL BAGUETTE,367.0,1.3,218
2022-08-29,TRADITIONAL BAGUETTE,197.0,1.3,130
2022-08-30,TRADITIONAL BAGUETTE,186.0,1.3,111
2022-08-31,TRADITIONAL BAGUETTE,155.0,1.3,87
2022-09-02,TRADITIONAL BAGUETTE,129.0,1.3,82
2022-09-03,TRADITIONAL BAGUETTE,214.0,1.3,117
2022-09-04,TRADITIONAL BAGUETTE,258.0,1.3,159
2022-09-05,TRADITIONAL BAGUETTE,158.0,1.3,113
2022-09-06,TRADITIONAL BAGUETTE,105.0,1.3,73
2022-09-07,TRADITIONAL BAGUETTE,123.0,1.3,89
2022-09-08,TRADITIONAL BAGUETTE,115.0,1.3,80
2022-09-09,TRADITIONAL BAGUETTE,134.0,1.3,85
2022-09-10,TRADITIONAL BAGUETTE,181.0,1.3,101
2022-09-11,TRADITIONAL BAGUETTE,292.0,1.3,168
2022-09-12,TRADITIONAL BAGUETTE,160.0,1.3,104
2022-09-13,TRADITIONAL BAGUETTE,108.0,1.3,69
2022-09-14,TRADITIONAL BAGUETTE,119.0,1.3,84
2022-09-15,TRADITIONAL BAGUETTE,122.0,1.3,82
2022-09-16,TRADITIONAL BAGUETTE,131.0,1.3,86
2022-09-17,TRADITIONAL BAGUETTE,191.0,1.3,107
2022-09-18,TRADITIONAL BAGUETTE,246.0,1.3,149
2022-09-20,TRADITIONAL BAGUETTE,126.0,1.3,89
2022-09-21,TRADITIONAL BAGUETTE,108.0,1.3,66
2022-09-22,TRADITIONAL BAGUETTE,101.0,1.3,66
2022-09-23,TRADITIONAL BAGUETTE,120.0,1.3,70
2022-09-24,TRADITIONAL BAGUETTE,198.0,1.3,120
2022-09-25,TRADITIONAL BAGUETTE,265.0,1.3,148
2022-09-26,TRADITIONAL BAGUETTE,161.0,1.3,99
2022-09-27,TRADITIONAL BAGUETTE,137.0,1.3,92
2022-09-28,TRADITIONAL BAGUETTE,115.0,1.3,80
2022-09-29,TRADITIONAL BAGUETTE,148.0,1.3,95
2022-09-30,TRADITIONAL BAGUETTE,141.0,1.3,85
2021-07-08,TRAITEUR,10.0,5.5,9
2021-07-09,TRAITEUR,11.0,6.5,9
2021-07-10,TRAITEUR,10.0,6.75,8
2021-07-13,TRAITEUR,2.0,12.75,2
2021-07-14,TRAITEUR,6.0,8.0,5
2021-07-15,TRAITEUR,3.0,16.0,3
2021-07-16,TRAITEUR,4.0,8.5,3
2021-07-17,TRAITEUR,2.0,7.5,2
2021-07-19,TRAITEUR,6.0,7.0,5
2021-07-20,TRAITEUR,11.0,6.75,10
2021-07-21,TRAITEUR,4.0,6.25,2
2021-07-22,TRAITEUR,6.0,5.75,6
2021-07-23,TRAITEUR,18.0,5.75,18
2021-07-24,TRAITEUR,6.0,7.0,3
2021-07-26,TRAITEUR,7.0,7.5,5
2021-07-27,TRAITEUR,6.0,7.0,3
2021-07-28,TRAITEUR,2.0,7.25,2
2021-07-29,TRAITEUR,4.0,8.0,4
2021-07-30,TRAITEUR,2.0,8.5,2
2021-08-03,TRAITEUR,5.0,6.5,3
2021-08-04,TRAITEUR,1.0,6.5,1
2021-08-05,TRAITEUR,3.0,7.0,3
2021-08-07,TRAITEUR,3.0,7.0,3
2021-08-09,TRAITEUR,4.0,7.0,4
2021-08-10,TRAITEUR,3.0,7.0,3
2021-08-11,TRAITEUR,3.0,6.25,2
2021-08-12,TRAITEUR,2.0,4.25,2
2021-08-13,TRAITEUR,5.0,7.0,3
2021-08-14,TRAITEUR,1.0,6.0,1
2021-08-15,TRAITEUR,1.0,8.0,1
2021-08-16,TRAITEUR,5.0,7.0,4
2021-08-17,TRAITEUR,7.0,7.0,6
2021-08-18,TRAITEUR,6.0,7.0,4
2021-08-19,TRAITEUR,4.0,7.0,4
2021-08-20,TRAITEUR,5.0,7.0,3
2021-08-21,TRAITEUR,2.0,7.5,2
2021-08-22,TRAITEUR,3.0,13.0,3
2021-08-23,TRAITEUR,6.0,7.0,4
2021-08-24,TRAITEUR,5.0,7.5,5
2021-08-25,TRAITEUR,3.0,7.0,3
2021-08-26,TRAITEUR,11.0,8.0,8
2021-08-27,TRAITEUR,4.0,7.0,4
2021-08-28,TRAITEUR,9.0,7.0,9
2021-08-29,TRAITEUR,6.0,7.0,5
2021-08-30,TRAITEUR,5.0,5.25,4
2021-08-31,TRAITEUR,3.0,6.5,3
2021-09-01,TRAITEUR,5.0,8.5,5
2021-09-02,TRAITEUR,5.0,7.5,4
2021-09-03,TRAITEUR,2.0,11.25,2
2021-09-04,TRAITEUR,2.0,6.5,2
2021-09-08,TRAITEUR,7.0,7.0,7
2021-09-09,TRAITEUR,8.0,7.0,8
2021-09-10,TRAITEUR,8.0,7.0,8
2021-09-11,TRAITEUR,6.0,7.75,6
2021-09-12,TRAITEUR,2.0,7.0,2
2021-09-13,TRAITEUR,4.0,7.0,3
2021-09-14,TRAITEUR,7.0,8.0,5
2021-09-15,TRAITEUR,8.0,7.5,8
2021-09-16,TRAITEUR,2.0,7.25,2
2021-09-17,TRAITEUR,4.0,7.0,3
2021-09-18,TRAITEUR,1.0,6.0,1
2021-09-19,TRAITEUR,1.0,6.0,1
2021-09-20,TRAITEUR,5.0,8.0,5
2021-09-21,TRAITEUR,10.0,7.0,5
2021-09-22,TRAITEUR,1.0,6.5,1
2021-09-23,TRAITEUR,5.0,8.0,5
2021-09-24,TRAITEUR,6.0,7.0,4
2021-09-25,TRAITEUR,2.0,6.25,2
2021-09-26,TRAITEUR,1.0,7.0,1
2021-09-27,TRAITEUR,9.0,6.5,8
2021-09-28,TRAITEUR,8.0,7.0,5
2021-09-29,TRAITEUR,5.0,6.5,5
2021-09-30,TRAITEUR,10.0,7.0,10
2021-10-01,TRAITEUR,4.0,11.0,4
2021-10-02,TRAITEUR,2.0,3.5,2
2021-10-04,TRAITEUR,9.0,8.0,9
2021-10-05,TRAITEUR,7.0,8.0,7
2021-10-06,TRAITEUR,9.0,6.75,8
2021-10-07,TRAITEUR,3.0,8.0,3
2021-10-08,TRAITEUR,8.0,7.25,8
2021-10-09,TRAITEUR,4.0,8.5,3
2021-10-10,TRAITEUR,1.0,7.0,1
2021-10-11,TRAITEUR,3.0,8.0,3
2021-10-12,TRAITEUR,2.0,8.5,2
2021-10-13,TRAITEUR,4.0,6.75,4
2021-10-14,TRAITEUR,6.0,6.0,6
2021-10-15,TRAITEUR,5.0,14.0,5
2021-10-16,TRAITEUR,6.0,8.75,6
2021-10-17,TRAITEUR,1.0,12.0,1
2021-10-18,TRAITEUR,4.0,8.5,4
2021-10-19,TRAITEUR,2.0,7.0,2
2021-10-20,TRAITEUR,4.0,13.5,4
2021-10-21,TRAITEUR,10.0,8.75,10
2021-10-22,TRAITEUR,15.0,8.0,11
2021-10-23,TRAITEUR,3.0,7.5,3
2021-10-24,TRAITEUR,1.0,7.5,1
2021-10-25,TRAITEUR,9.0,8.0,7
2021-10-26,TRAITEUR,6.0,7.5,6
2021-10-27,TRAITEUR,6.0,7.5,6
2021-10-28,TRAITEUR,1.0,8.5,1
2021-10-29,TRAITEUR,11.0,8.0,11
2021-10-30,TRAITEUR,5.0,8.5,5
2021-10-31,TRAITEUR,3.0,8.5,3
2021-11-01,TRAITEUR,1.0,8.0,1
2021-11-02,TRAITEUR,10.0,8.0,10
2021-11-03,TRAITEUR,5.0,8.0,5
2021-11-05,TRAITEUR,1.0,8.0,1
2021-11-06,TRAITEUR,4.0,7.5,2
2021-11-08,TRAITEUR,8.0,8.5,8
2021-11-09,TRAITEUR,9.0,8.0,9
2021-11-10,TRAITEUR,4.0,7.5,4
2021-11-11,TRAITEUR,5.0,8.0,5
2021-11-12,TRAITEUR,7.0,7.5,5
2021-11-13,TRAITEUR,11.0,7.5,9
2021-11-14,TRAITEUR,1.0,9.8,1
2021-11-15,TRAITEUR,9.0,8.5,9
2021-11-16,TRAITEUR,7.0,7.6,5
2021-11-18,TRAITEUR,6.0,7.6,5
2021-11-19,TRAITEUR,8.0,7.95,8
2021-11-20,TRAITEUR,3.0,7.6,3
2021-11-21,TRAITEUR,3.0,7.95,2
2021-11-22,TRAITEUR,6.0,7.0,6
2021-11-23,TRAITEUR,4.0,7.3,4
2021-11-25,TRAITEUR,5.0,7.6,5
2021-11-26,TRAITEUR,3.0,7.6,3
2021-11-27,TRAITEUR,4.0,7.0,4
2021-11-29,TRAITEUR,1.0,7.5,1
2021-11-30,TRAITEUR,8.0,7.5,8
2021-12-02,TRAITEUR,8.0,8.4,6
2021-12-03,TRAITEUR,7.0,8.5,7
2021-12-04,TRAITEUR,2.0,8.8,2
2021-12-05,TRAITEUR,5.0,7.65,4
2021-12-09,TRAITEUR,5.0,9.1,5
2021-12-10,TRAITEUR,7.0,7.6,5
2021-12-11,TRAITEUR,6.0,13.5,6
2021-12-12,TRAITEUR,5.0,7.6,5
2021-12-13,TRAITEUR,4.0,7.95,4
2021-12-14,TRAITEUR,6.0,7.6,6
2021-12-16,TRAITEUR,3.0,7.0,3
2021-12-17,TRAITEUR,3.0,7.0,3
2021-12-18,TRAITEUR,9.0,14.0,7
2021-12-19,TRAITEUR,1.0,7.6,1
2021-12-20,TRAITEUR,7.0,7.6,7
2021-12-21,TRAITEUR,8.0,7.0,6
2021-12-22,TRAITEUR,1.0,7.6,1
2021-12-23,TRAITEUR,14.0,9.6,11
2021-12-24,TRAITEUR,16.0,9.6,13
2021-12-25,TRAITEUR,3.0,11.65,1
2021-12-26,TRAITEUR,4.0,9.6,3
2021-12-27,TRAITEUR,4.0,9.6,3
2021-12-28,TRAITEUR,4.0,10.0,4
2021-12-29,TRAITEUR,3.0,7.5,3
2021-12-30,TRAITEUR,6.0,8.95,4
2021-12-31,TRAITEUR,20.0,8.3,15
2022-01-02,TRAITEUR,9.0,7.5,8
2022-01-03,TRAITEUR,10.0,9.6,8
2022-01-06,TRAITEUR,11.0,7.6,8
2022-01-07,TRAITEUR,10.0,7.3,8
2022-01-08,TRAITEUR,3.0,7.3,2
2022-01-09,TRAITEUR,4.0,7.55,2
2022-01-10,TRAITEUR,7.0,7.6,6
2022-01-11,TRAITEUR,6.0,7.6,3
2022-01-13,TRAITEUR,7.0,7.6,5
2022-01-14,TRAITEUR,8.0,14.3,8
2022-01-15,TRAITEUR,3.0,7.6,3
2022-01-16,TRAITEUR,2.0,11.399999999999999,2
2022-01-17,TRAITEUR,9.0,7.3,8
2022-01-18,TRAITEUR,6.0,10.8,6
2022-01-20,TRAITEUR,7.0,7.0,6
2022-01-21,TRAITEUR,6.0,7.0,5
2022-01-22,TRAITEUR,6.0,7.3,4
2022-01-23,TRAITEUR,1.0,7.6,1
2022-01-24,TRAITEUR,2.0,7.65,2
2022-01-25,TRAITEUR,9.0,8.3,7
2022-01-27,TRAITEUR,9.0,8.3,9
2022-01-28,TRAITEUR,6.0,7.95,6
2022-01-29,TRAITEUR,3.0,8.3,3
2022-01-30,TRAITEUR,5.0,7.0,5
2022-01-31,TRAITEUR,6.0,8.3,6
2022-02-01,TRAITEUR,6.0,7.65,4
2022-02-03,TRAITEUR,4.0,7.3,4
2022-02-04,TRAITEUR,6.0,7.3,6
2022-02-05,TRAITEUR,7.0,8.3,7
2022-02-06,TRAITEUR,5.0,14.0,5
2022-02-07,TRAITEUR,8.0,7.0,8
2022-02-08,TRAITEUR,8.0,10.8,8
2022-02-10,TRAITEUR,4.0,7.0,3
2022-02-11,TRAITEUR,5.0,7.6,5
2022-02-12,TRAITEUR,7.0,7.6,7
2022-02-13,TRAITEUR,1.0,4.9,1
2022-02-14,TRAITEUR,9.0,7.6,9
2022-02-15,TRAITEUR,9.0,8.3,7
2022-02-17,TRAITEUR,9.0,7.65,6
2022-02-18,TRAITEUR,13.0,7.95,10
2022-02-19,TRAITEUR,5.0,10.6,5
2022-02-20,TRAITEUR,3.0,14.0,3
2022-02-21,TRAITEUR,3.0,7.6,3
2022-02-22,TRAITEUR,9.0,7.6,7
2022-02-24,TRAITEUR,8.0,7.6,7
2022-02-25,TRAITEUR,9.0,7.6,9
2022-02-26,TRAITEUR,3.0,7.6,3
2022-02-27,TRAITEUR,1.0,7.6,1
2022-03-01,TRAITEUR,9.0,7.6,9
2022-03-03,TRAITEUR,10.0,5.11,8
2022-03-04,TRAITEUR,5.0,7.6,4
2022-03-05,TRAITEUR,5.0,7.6,5
2022-03-07,TRAITEUR,5.0,5.3,5
2022-03-08,TRAITEUR,6.0,7.6,5
2022-03-09,TRAITEUR,9.0,7.6,8
2022-03-10,TRAITEUR,5.0,7.6,4
2022-03-11,TRAITEUR,5.0,7.6,5
2022-03-12,TRAITEUR,4.0,6.15,4
2022-03-13,TRAITEUR,4.0,7.0,3
2022-03-14,TRAITEUR,5.0,7.6,3
2022-03-15,TRAITEUR,3.0,7.6,3
2022-03-16,TRAITEUR,2.0,11.1,2
2022-03-17,TRAITEUR,10.0,7.95,8
2022-03-18,TRAITEUR,2.0,8.3,1
2022-03-19,TRAITEUR,1.0,7.6,1
2022-03-20,TRAITEUR,1.0,5.3,1
2022-03-21,TRAITEUR,4.0,7.0,4
2022-03-22,TRAITEUR,7.0,7.0,5
2022-03-23,TRAITEUR,1.0,7.0,1
2022-03-24,TRAITEUR,4.0,7.95,4
2022-03-25,TRAITEUR,1.0,7.3,1
2022-03-26,TRAITEUR,4.0,7.6,3
2022-03-27,TRAITEUR,2.0,9.45,2
2022-03-31,TRAITEUR,2.0,9.45,2
2022-04-01,TRAITEUR,2.0,9.1,2
2022-04-02,TRAITEUR,3.0,5.8,3
2022-04-08,TRAITEUR,2.0,7.0,2
2022-04-10,TRAITEUR,1.0,7.0,1
2022-04-11,TRAITEUR,8.0,7.6,7
2022-04-12,TRAITEUR,6.0,7.95,6
2022-04-13,TRAITEUR,2.0,7.3,2
2022-04-14,TRAITEUR,2.0,5.3,1
2022-04-16,TRAITEUR,2.0,6.25,2
2022-04-17,TRAITEUR,2.0,7.95,2
2022-04-18,TRAITEUR,1.0,8.3,1
2022-04-19,TRAITEUR,3.0,7.6,3
2022-04-20,TRAITEUR,3.0,14.0,3
2022-04-21,TRAITEUR,2.0,9.3,2
2022-04-22,TRAITEUR,3.0,6.55,2
2022-04-23,TRAITEUR,1.0,14.0,1
2022-04-24,TRAITEUR,3.0,11.399999999999999,2
2022-04-25,TRAITEUR,2.0,7.95,2
2022-04-26,TRAITEUR,4.0,7.6,4
2022-04-27,TRAITEUR,7.0,7.6,7
2022-04-28,TRAITEUR,3.0,7.5,3
2022-04-29,TRAITEUR,2.0,6.0,2
2022-04-30,TRAITEUR,1.0,6.0,1
2022-05-01,TRAITEUR,1.0,6.0,1
2022-05-02,TRAITEUR,5.0,7.6,5
2022-05-03,TRAITEUR,4.0,11.399999999999999,4
2022-05-06,TRAITEUR,9.0,7.6,9
2022-05-07,TRAITEUR,2.0,6.800000000000001,2
2022-05-08,TRAITEUR,2.0,7.95,2
2022-05-10,TRAITEUR,1.0,9.1,1
2022-05-11,TRAITEUR,3.0,7.6,3
2022-05-12,TRAITEUR,9.0,7.6,8
2022-05-13,TRAITEUR,8.0,8.3,7
2022-05-14,TRAITEUR,5.0,7.6,5
2022-05-18,TRAITEUR,6.0,14.3,6
2022-05-19,TRAITEUR,7.0,7.6,7
2022-05-20,TRAITEUR,5.0,7.6,5
2022-05-21,TRAITEUR,2.0,11.1,2
2022-05-22,TRAITEUR,1.0,8.3,1
2022-05-25,TRAITEUR,2.0,11.8,2
2022-05-26,TRAITEUR,2.0,10.8,2
2022-05-27,TRAITEUR,2.0,10.8,2
2022-05-30,TRAITEUR,1.0,16.6,1
2022-05-31,TRAITEUR,1.0,9.8,1
2022-06-02,TRAITEUR,1.0,16.6,1
2022-06-03,TRAITEUR,3.0,4.9,3
2022-06-08,TRAITEUR,1.0,8.5,1
2022-06-09,TRAITEUR,2.0,8.8,2
2022-06-10,TRAITEUR,2.0,8.8,2
2022-06-13,TRAITEUR,2.0,9.1,1
2022-06-14,TRAITEUR,4.0,9.1,3
2022-06-16,TRAITEUR,4.0,9.1,4
2022-06-17,TRAITEUR,1.0,9.1,1
2022-06-20,TRAITEUR,3.0,9.1,3
2022-06-21,TRAITEUR,1.0,9.8,1
2022-06-22,TRAITEUR,1.0,9.1,1
2022-06-23,TRAITEUR,2.0,8.8,2
2022-06-24,TRAITEUR,2.0,9.1,2
2022-06-25,TRAITEUR,1.0,9.1,1
2022-06-29,TRAITEUR,1.0,9.1,1
2022-06-30,TRAITEUR,2.0,9.1,2
2022-07-01,TRAITEUR,2.0,8.05,2
2022-07-02,TRAITEUR,1.0,5.0,1
2022-07-07,TRAITEUR,1.0,9.1,1
2022-07-08,TRAITEUR,3.0,5.3,3
2022-07-16,TRAITEUR,1.0,8.5,1
2022-07-22,TRAITEUR,2.0,2.25,2
2022-07-23,TRAITEUR,3.0,10.6,3
2022-07-25,TRAITEUR,4.0,9.1,4
2022-07-27,TRAITEUR,5.0,9.1,3
2022-08-01,TRAITEUR,2.0,9.15,2
2022-08-05,TRAITEUR,5.0,7.95,2
2022-08-06,TRAITEUR,3.0,7.6,2
2022-08-11,TRAITEUR,2.0,9.45,2
2022-08-16,TRAITEUR,1.0,1.5,1
2022-08-17,TRAITEUR,2.0,1.5,2
2022-08-18,TRAITEUR,1.0,8.5,1
2022-08-21,TRAITEUR,1.0,1.5,1
2022-08-22,TRAITEUR,1.0,8.5,1
2022-08-23,TRAITEUR,1.0,9.8,1
2022-08-29,TRAITEUR,3.0,8.8,2
2022-09-03,TRAITEUR,3.0,4.6,2
2022-09-05,TRAITEUR,1.0,9.1,1
2022-09-13,TRAITEUR,1.0,9.1,1
2022-09-20,TRAITEUR,1.0,8.5,1
2022-09-26,TRAITEUR,6.0,9.1,6
2022-09-27,TRAITEUR,4.0,9.1,3
2021-03-11,TRIANGLES,1.0,2.5,1
2021-03-29,TRIANGLES,4.0,2.5,3
2021-03-30,TRIANGLES,3.0,2.5,3
2021-04-14,TRIANGLES,10.0,2.5,8
2021-04-15,TRIANGLES,7.0,2.5,4
2021-04-16,TRIANGLES,1.0,2.5,1
2021-04-21,TRIANGLES,2.0,2.5,2
2021-04-23,TRIANGLES,1.0,2.5,1
2021-04-30,TRIANGLES,2.0,2.5,2
2021-05-12,TRIANGLES,3.0,2.5,2
2021-06-03,TRIANGLES,1.0,2.5,1
2021-06-08,TRIANGLES,3.0,2.5,3
2021-06-09,TRIANGLES,1.0,2.5,1
2021-06-13,TRIANGLES,2.0,2.5,1
2021-06-14,TRIANGLES,4.0,2.5,3
2021-06-15,TRIANGLES,3.0,2.5,2
2021-06-16,TRIANGLES,6.0,2.5,5
2021-06-17,TRIANGLES,2.0,2.5,2
2021-06-21,TRIANGLES,2.0,2.5,1
2021-06-22,TRIANGLES,1.0,2.5,1
2021-06-23,TRIANGLES,1.0,2.5,1
2021-06-24,TRIANGLES,2.0,2.5,2
2021-06-28,TRIANGLES,2.0,2.5,2
2021-06-29,TRIANGLES,6.0,2.5,4
2021-07-01,TRIANGLES,3.0,2.5,3
2021-07-02,TRIANGLES,3.0,2.5,2
2021-07-07,TRIANGLES,1.0,2.5,1
2021-07-12,TRIANGLES,3.0,2.5,2
2021-07-29,TRIANGLES,1.0,2.5,1
2022-03-07,TRIANGLES,1.0,2.5,1
2021-09-26,TROIS CHOCOLAT,1.0,3.0,1
2021-03-18,TROPEZIENNE,4.0,2.0,2
2021-03-20,TROPEZIENNE,5.0,2.0,3
2021-03-21,TROPEZIENNE,3.0,2.0,2
2021-04-01,TROPEZIENNE,3.0,2.0,2
2021-04-10,TROPEZIENNE,2.0,2.0,2
2021-04-27,TROPEZIENNE,3.0,2.0,2
2021-04-30,TROPEZIENNE,2.0,2.0,2
2021-05-01,TROPEZIENNE,1.0,2.0,1
2021-05-02,TROPEZIENNE,1.0,2.0,1
2021-05-03,TROPEZIENNE,1.0,2.0,1
2021-05-04,TROPEZIENNE,3.0,2.0,2
2021-05-10,TROPEZIENNE,3.0,2.0,2
2021-05-11,TROPEZIENNE,5.0,2.0,4
2021-05-12,TROPEZIENNE,2.0,2.0,1
2021-05-13,TROPEZIENNE,7.0,2.0,4
2021-05-14,TROPEZIENNE,3.0,2.0,1
2021-05-15,TROPEZIENNE,1.0,2.0,1
2021-05-16,TROPEZIENNE,8.0,2.0,6
2021-06-05,TROPEZIENNE,3.0,2.0,2
2021-06-06,TROPEZIENNE,6.0,2.0,2
2021-06-12,TROPEZIENNE,2.0,2.0,1
2021-06-13,TROPEZIENNE,2.0,2.0,1
2021-06-19,TROPEZIENNE,2.0,2.0,1
2021-06-20,TROPEZIENNE,5.0,2.0,5
2021-06-26,TROPEZIENNE,1.0,2.0,1
2021-06-27,TROPEZIENNE,2.0,2.0,1
2021-06-29,TROPEZIENNE,1.0,2.0,1
2021-06-30,TROPEZIENNE,3.0,2.0,2
2021-07-02,TROPEZIENNE,4.0,2.0,3
2021-07-04,TROPEZIENNE,2.0,2.0,1
2021-07-05,TROPEZIENNE,2.0,2.0,1
2021-07-07,TROPEZIENNE,4.0,2.0,3
2021-07-08,TROPEZIENNE,1.0,2.0,1
2021-07-09,TROPEZIENNE,1.0,2.0,1
2021-07-10,TROPEZIENNE,4.0,2.0,3
2021-07-11,TROPEZIENNE,2.0,2.0,2
2021-07-12,TROPEZIENNE,2.0,2.0,1
2021-07-13,TROPEZIENNE,2.0,2.0,1
2021-07-16,TROPEZIENNE,1.0,2.0,1
2021-07-17,TROPEZIENNE,2.0,2.0,2
2021-07-18,TROPEZIENNE,2.0,2.0,2
2021-07-19,TROPEZIENNE,1.0,2.0,1
2021-07-20,TROPEZIENNE,1.0,2.0,1
2021-07-21,TROPEZIENNE,3.0,2.0,3
2021-07-25,TROPEZIENNE,2.0,2.0,2
2021-07-26,TROPEZIENNE,3.0,2.0,3
2021-07-27,TROPEZIENNE,1.0,2.0,1
2021-07-28,TROPEZIENNE,2.0,2.0,1
2021-07-31,TROPEZIENNE,2.0,2.0,2
2021-08-02,TROPEZIENNE,2.0,2.0,2
2021-08-03,TROPEZIENNE,5.0,2.0,3
2021-08-04,TROPEZIENNE,1.0,2.0,1
2021-08-05,TROPEZIENNE,1.0,2.0,1
2021-08-06,TROPEZIENNE,4.0,2.0,1
2021-08-07,TROPEZIENNE,2.0,2.0,1
2021-08-08,TROPEZIENNE,4.0,2.0,1
2021-08-12,TROPEZIENNE,1.0,2.0,1
2021-08-15,TROPEZIENNE,2.0,2.0,1
2021-08-16,TROPEZIENNE,2.0,2.0,1
2021-08-17,TROPEZIENNE,1.0,2.0,1
2021-08-18,TROPEZIENNE,4.0,2.0,4
2021-08-19,TROPEZIENNE,1.0,2.0,1
2021-08-24,TROPEZIENNE,1.0,2.0,1
2021-08-25,TROPEZIENNE,3.0,2.0,2
2021-08-26,TROPEZIENNE,4.0,2.0,1
2021-08-27,TROPEZIENNE,3.0,2.0,2
2021-08-30,TROPEZIENNE,4.0,2.0,2
2021-09-01,TROPEZIENNE,3.0,2.0,2
2021-09-04,TROPEZIENNE,2.0,2.0,2
2021-09-05,TROPEZIENNE,4.0,2.0,4
2021-09-07,TROPEZIENNE,3.0,2.0,2
2021-09-10,TROPEZIENNE,2.0,2.0,1
2021-09-11,TROPEZIENNE,2.0,2.0,2
2021-09-12,TROPEZIENNE,4.0,2.0,4
2021-09-16,TROPEZIENNE,2.0,2.0,1
2021-09-21,TROPEZIENNE,4.0,2.0,3
2021-09-23,TROPEZIENNE,3.0,2.0,2
2021-09-24,TROPEZIENNE,3.0,2.0,2
2021-09-26,TROPEZIENNE,1.0,2.0,1
2021-10-01,TROPEZIENNE,2.0,2.0,1
2021-10-03,TROPEZIENNE,2.0,2.0,2
2021-10-07,TROPEZIENNE,4.0,2.0,2
2021-10-09,TROPEZIENNE,5.0,2.0,4
2021-10-20,TROPEZIENNE,1.0,2.0,1
2021-10-21,TROPEZIENNE,1.0,2.0,1
2021-10-22,TROPEZIENNE,3.0,2.0,2
2021-10-23,TROPEZIENNE,3.0,2.0,3
2021-10-24,TROPEZIENNE,3.0,2.0,2
2021-10-25,TROPEZIENNE,2.0,2.0,2
2021-10-27,TROPEZIENNE,1.0,2.0,1
2021-10-28,TROPEZIENNE,3.0,2.0,2
2021-10-31,TROPEZIENNE,5.0,2.0,2
2021-11-01,TROPEZIENNE,6.0,2.0,4
2021-11-04,TROPEZIENNE,1.0,2.0,1
2021-11-09,TROPEZIENNE,3.0,2.0,1
2021-11-10,TROPEZIENNE,2.0,2.0,1
2021-11-11,TROPEZIENNE,2.0,2.0,2
2021-11-12,TROPEZIENNE,2.0,2.0,1
2021-11-13,TROPEZIENNE,1.0,2.0,1
2021-11-14,TROPEZIENNE,1.0,2.0,1
2021-11-19,TROPEZIENNE,1.0,2.0,1
2021-11-21,TROPEZIENNE,1.0,2.0,1
2021-11-27,TROPEZIENNE,1.0,2.0,1
2021-11-28,TROPEZIENNE,3.0,2.0,1
2021-12-02,TROPEZIENNE,1.0,2.0,1
2021-12-04,TROPEZIENNE,1.0,2.0,1
2021-12-05,TROPEZIENNE,2.0,2.0,1
2021-12-09,TROPEZIENNE,3.0,2.0,1
2021-12-26,TROPEZIENNE,2.0,2.0,2
2021-12-27,TROPEZIENNE,1.0,2.0,1
2021-12-31,TROPEZIENNE,1.0,2.0,1
2022-01-07,TROPEZIENNE,2.0,2.0,1
2022-01-09,TROPEZIENNE,1.0,2.0,1
2022-01-14,TROPEZIENNE,2.0,2.0,1
2022-02-03,TROPEZIENNE,1.0,2.0,1
2022-02-05,TROPEZIENNE,1.0,2.0,1
2022-02-06,TROPEZIENNE,2.0,2.0,1
2022-02-10,TROPEZIENNE,2.0,2.1,2
2022-02-11,TROPEZIENNE,1.0,2.1,1
2022-02-12,TROPEZIENNE,1.0,2.1,1
2022-02-13,TROPEZIENNE,2.0,2.1,1
2022-02-18,TROPEZIENNE,2.0,2.1,2
2022-02-19,TROPEZIENNE,2.0,2.1,1
2022-02-20,TROPEZIENNE,4.0,2.1,2
2022-02-25,TROPEZIENNE,3.0,2.1,3
2022-02-26,TROPEZIENNE,2.0,2.1,2
2022-02-27,TROPEZIENNE,2.0,2.1,1
2022-03-04,TROPEZIENNE,2.0,2.1,2
2022-03-06,TROPEZIENNE,2.0,2.1,1
2022-03-11,TROPEZIENNE,2.0,2.1,1
2022-03-12,TROPEZIENNE,2.0,2.1,1
2022-03-18,TROPEZIENNE,2.0,2.1,1
2022-03-19,TROPEZIENNE,1.0,2.1,1
2022-03-20,TROPEZIENNE,3.0,2.1,2
2022-03-23,TROPEZIENNE,1.0,2.1,1
2022-03-24,TROPEZIENNE,1.0,2.1,1
2022-03-25,TROPEZIENNE,1.0,2.1,1
2022-03-26,TROPEZIENNE,4.0,2.1,3
2022-03-27,TROPEZIENNE,1.0,2.1,1
2022-03-29,TROPEZIENNE,4.0,2.1,2
2022-03-31,TROPEZIENNE,1.0,2.1,1
2022-04-01,TROPEZIENNE,2.0,2.1,1
2022-04-09,TROPEZIENNE,1.0,2.1,1
2022-04-12,TROPEZIENNE,1.0,2.1,1
2022-04-16,TROPEZIENNE,2.0,2.1,1
2022-04-18,TROPEZIENNE,1.0,2.1,1
2022-04-22,TROPEZIENNE,4.0,2.1,3
2022-04-23,TROPEZIENNE,4.0,2.1,2
2022-04-28,TROPEZIENNE,3.0,2.1,2
2022-04-30,TROPEZIENNE,4.0,2.1,3
2022-05-02,TROPEZIENNE,1.0,2.1,1
2022-05-19,TROPEZIENNE,3.0,2.1,3
2022-05-20,TROPEZIENNE,1.0,2.1,1
2022-05-21,TROPEZIENNE,3.0,2.1,1
2022-05-22,TROPEZIENNE,2.0,2.1,2
2022-05-25,TROPEZIENNE,3.0,2.1,2
2022-05-26,TROPEZIENNE,2.0,2.1,2
2022-05-30,TROPEZIENNE,3.0,2.1,2
2022-06-11,TROPEZIENNE,2.0,2.1,2
2022-06-12,TROPEZIENNE,1.0,2.1,1
2022-06-18,TROPEZIENNE,1.0,2.1,1
2022-06-19,TROPEZIENNE,6.0,2.1,5
2022-06-20,TROPEZIENNE,2.0,2.1,1
2022-06-21,TROPEZIENNE,1.0,2.1,1
2022-07-05,TROPEZIENNE,5.0,2.2,2
2022-07-09,TROPEZIENNE,1.0,2.2,1
2022-07-10,TROPEZIENNE,1.0,2.2,1
2022-07-11,TROPEZIENNE,1.0,2.2,1
2022-07-13,TROPEZIENNE,4.0,2.2,2
2022-07-14,TROPEZIENNE,4.0,2.2,1
2022-07-15,TROPEZIENNE,1.0,2.2,1
2022-07-16,TROPEZIENNE,1.0,2.2,1
2022-07-17,TROPEZIENNE,2.0,2.2,1
2022-07-18,TROPEZIENNE,2.0,2.2,1
2022-07-20,TROPEZIENNE,2.0,2.2,2
2022-07-21,TROPEZIENNE,2.0,2.2,2
2022-07-23,TROPEZIENNE,1.0,2.2,1
2022-07-24,TROPEZIENNE,4.0,2.2,3
2022-07-25,TROPEZIENNE,3.0,2.2,2
2022-07-28,TROPEZIENNE,3.0,2.2,2
2022-07-29,TROPEZIENNE,2.0,2.2,2
2022-07-30,TROPEZIENNE,2.0,2.2,2
2022-08-01,TROPEZIENNE,2.0,2.2,1
2022-08-03,TROPEZIENNE,1.0,2.2,1
2022-08-04,TROPEZIENNE,2.0,2.2,1
2022-08-05,TROPEZIENNE,1.0,2.2,1
2022-08-06,TROPEZIENNE,3.0,2.2,2
2022-08-07,TROPEZIENNE,5.0,2.2,3
2022-08-08,TROPEZIENNE,4.0,2.2,3
2022-08-10,TROPEZIENNE,1.0,2.2,1
2022-08-12,TROPEZIENNE,1.0,2.2,1
2022-08-14,TROPEZIENNE,11.0,2.2,6
2022-08-15,TROPEZIENNE,1.0,2.2,1
2022-08-16,TROPEZIENNE,2.0,2.2,2
2022-08-17,TROPEZIENNE,2.0,2.2,2
2022-08-18,TROPEZIENNE,1.0,2.2,1
2022-08-20,TROPEZIENNE,6.0,2.2,1
2022-08-21,TROPEZIENNE,5.0,2.2,4
2022-08-22,TROPEZIENNE,3.0,2.2,2
2022-08-24,TROPEZIENNE,2.0,2.2,2
2022-08-26,TROPEZIENNE,3.0,2.2,2
2022-08-28,TROPEZIENNE,6.0,2.2,2
2022-08-30,TROPEZIENNE,5.0,2.2,3
2022-09-03,TROPEZIENNE,4.0,2.2,3
2022-09-15,TROPEZIENNE,1.0,2.2,1
2022-09-16,TROPEZIENNE,3.0,2.2,2
2022-09-17,TROPEZIENNE,4.0,2.2,4
2022-09-18,TROPEZIENNE,1.0,2.2,1
2022-09-21,TROPEZIENNE,1.0,2.2,1
2021-03-18,TROPEZIENNE FRAMBOISE,3.0,2.1,3
2021-03-19,TROPEZIENNE FRAMBOISE,1.0,2.1,1
2021-03-20,TROPEZIENNE FRAMBOISE,1.0,2.1,1
2021-03-21,TROPEZIENNE FRAMBOISE,2.0,2.1,2
2021-03-25,TROPEZIENNE FRAMBOISE,1.0,2.1,1
2021-03-28,TROPEZIENNE FRAMBOISE,5.0,2.1,3
2021-04-01,TROPEZIENNE FRAMBOISE,4.0,2.1,2
2021-04-08,TROPEZIENNE FRAMBOISE,1.0,2.1,1
2021-04-09,TROPEZIENNE FRAMBOISE,2.0,2.1,1
2021-04-12,TROPEZIENNE FRAMBOISE,1.0,2.1,1
2021-04-13,TROPEZIENNE FRAMBOISE,2.0,2.1,2
2021-04-21,TROPEZIENNE FRAMBOISE,1.0,2.1,1
2021-04-28,TROPEZIENNE FRAMBOISE,3.0,2.1,2
2021-04-30,TROPEZIENNE FRAMBOISE,1.0,2.1,1
2021-05-03,TROPEZIENNE FRAMBOISE,1.0,2.1,1
2021-10-31,TROPEZIENNE FRAMBOISE,1.0,2.1,1
2022-06-12,TROPEZIENNE FRAMBOISE,2.0,2.2,1
2022-07-03,TROPEZIENNE FRAMBOISE,1.0,2.3,1
2022-08-29,TULIPE,3.0,3.5,2
2021-07-07,VIENNOISE,2.0,1.1,2
2021-07-09,VIENNOISE,2.0,1.1,2
2021-07-10,VIENNOISE,3.0,1.1,3
2021-07-11,VIENNOISE,7.0,1.1,3
2021-07-12,VIENNOISE,6.0,1.1,5
2021-07-13,VIENNOISE,3.0,1.1,2
2021-07-14,VIENNOISE,2.0,1.1,2
2021-07-16,VIENNOISE,4.0,1.1,4
2021-07-17,VIENNOISE,2.0,1.1,2
2021-07-18,VIENNOISE,8.0,1.1,6
2021-07-21,VIENNOISE,5.0,1.1,4
2021-07-22,VIENNOISE,5.0,1.1,4
2021-07-23,VIENNOISE,5.0,1.1,4
2021-07-24,VIENNOISE,6.0,1.1,4
2021-07-25,VIENNOISE,4.0,1.1,3
2021-07-26,VIENNOISE,6.0,1.1,4
2021-07-27,VIENNOISE,4.0,1.1,3
2021-07-28,VIENNOISE,3.0,1.1,2
2021-07-29,VIENNOISE,5.0,1.1,4
2021-07-30,VIENNOISE,4.0,1.1,4
2021-07-31,VIENNOISE,5.0,1.1,4
2021-08-01,VIENNOISE,4.0,1.1,3
2021-08-02,VIENNOISE,4.0,1.1,4
2021-08-03,VIENNOISE,4.0,1.1,4
2021-08-04,VIENNOISE,2.0,1.1,2
2021-08-06,VIENNOISE,3.0,1.1,2
2021-08-07,VIENNOISE,6.0,1.1,4
2021-08-08,VIENNOISE,5.0,1.1,4
2021-08-09,VIENNOISE,5.0,1.1,5
2021-08-10,VIENNOISE,5.0,1.1,4
2021-08-11,VIENNOISE,4.0,1.1,3
2021-08-12,VIENNOISE,4.0,1.1,4
2021-08-13,VIENNOISE,4.0,1.1,4
2021-08-14,VIENNOISE,5.0,1.1,4
2021-08-15,VIENNOISE,5.0,1.1,4
2021-08-16,VIENNOISE,5.0,1.1,4
2021-08-17,VIENNOISE,5.0,1.1,5
2021-08-18,VIENNOISE,4.0,1.1,4
2021-08-19,VIENNOISE,4.0,1.1,4
2021-08-20,VIENNOISE,6.0,1.1,6
2021-08-21,VIENNOISE,4.0,1.1,4
2021-08-22,VIENNOISE,5.0,1.1,3
2021-08-23,VIENNOISE,5.0,1.1,4
2021-08-24,VIENNOISE,2.0,1.1,2
2021-08-25,VIENNOISE,5.0,1.1,5
2021-08-26,VIENNOISE,4.0,1.1,4
2021-08-27,VIENNOISE,3.0,1.1,3
2021-08-28,VIENNOISE,4.0,1.1,4
2021-08-29,VIENNOISE,5.0,1.1,4
2021-09-05,VIENNOISE,6.0,1.1,5
2021-01-02,VIK BREAD,9.0,2.5,7
2021-01-03,VIK BREAD,10.0,2.5,8
2021-01-08,VIK BREAD,2.0,2.5,2
2021-01-09,VIK BREAD,7.0,2.5,7
2021-01-10,VIK BREAD,8.0,2.5,8
2021-01-11,VIK BREAD,3.0,2.5,3
2021-01-15,VIK BREAD,4.0,2.5,4
2021-01-16,VIK BREAD,6.0,2.5,5
2021-01-17,VIK BREAD,10.0,2.5,6
2021-01-22,VIK BREAD,2.0,2.5,2
2021-01-23,VIK BREAD,5.0,2.5,5
2021-01-24,VIK BREAD,8.0,2.5,7
2021-01-25,VIK BREAD,3.0,2.5,3
2021-01-29,VIK BREAD,2.0,2.5,2
2021-01-30,VIK BREAD,5.0,2.5,5
2021-01-31,VIK BREAD,13.0,2.5,8
2021-02-05,VIK BREAD,5.0,2.5,5
2021-02-06,VIK BREAD,5.0,2.5,5
2021-02-07,VIK BREAD,8.0,2.5,5
2021-02-08,VIK BREAD,2.0,2.5,2
2021-02-12,VIK BREAD,4.0,2.5,3
2021-02-13,VIK BREAD,5.0,2.5,5
2021-02-14,VIK BREAD,10.0,2.5,10
2021-02-19,VIK BREAD,4.0,2.5,3
2021-02-20,VIK BREAD,5.0,2.5,5
2021-02-21,VIK BREAD,10.0,2.5,7
2021-02-26,VIK BREAD,10.0,2.5,7
2021-02-27,VIK BREAD,8.0,2.5,6
2021-02-28,VIK BREAD,9.0,2.5,6
2021-03-05,VIK BREAD,9.0,2.5,5
2021-03-06,VIK BREAD,10.0,2.5,8
2021-03-07,VIK BREAD,10.0,2.5,10
2021-03-12,VIK BREAD,11.0,2.5,8
2021-03-13,VIK BREAD,10.0,2.5,5
2021-03-14,VIK BREAD,10.0,2.5,9
2021-03-19,VIK BREAD,8.0,2.5,8
2021-03-20,VIK BREAD,10.0,2.5,9
2021-03-21,VIK BREAD,13.0,2.5,12
2021-03-26,VIK BREAD,10.0,2.5,6
2021-03-27,VIK BREAD,6.0,2.5,6
2021-03-28,VIK BREAD,12.0,2.5,8
2021-04-02,VIK BREAD,10.0,2.5,7
2021-04-03,VIK BREAD,10.0,2.5,7
2021-04-04,VIK BREAD,10.0,2.5,9
2021-04-05,VIK BREAD,8.0,2.5,5
2021-04-06,VIK BREAD,8.0,2.5,8
2021-04-09,VIK BREAD,8.0,2.5,8
2021-04-10,VIK BREAD,12.0,2.5,10
2021-04-11,VIK BREAD,9.0,2.5,8
2021-04-16,VIK BREAD,10.0,2.5,7
2021-04-17,VIK BREAD,10.0,2.5,10
2021-04-18,VIK BREAD,10.0,2.5,10
2021-04-19,VIK BREAD,1.0,2.5,1
2021-04-23,VIK BREAD,11.0,2.5,9
2021-04-24,VIK BREAD,8.0,2.5,5
2021-04-25,VIK BREAD,8.0,2.5,8
2021-04-26,VIK BREAD,1.0,2.5,1
2021-04-29,VIK BREAD,10.0,2.5,9
2021-04-30,VIK BREAD,10.0,2.5,8
2021-05-01,VIK BREAD,10.0,2.5,8
2021-05-02,VIK BREAD,10.0,2.5,7
2021-05-07,VIK BREAD,10.0,2.5,9
2021-05-08,VIK BREAD,8.0,2.5,8
2021-05-09,VIK BREAD,9.0,2.5,8
2021-05-11,VIK BREAD,1.0,2.5,1
2021-05-12,VIK BREAD,10.0,2.5,10
2021-05-13,VIK BREAD,20.0,2.5,16
2021-05-14,VIK BREAD,20.0,2.5,16
2021-05-15,VIK BREAD,13.0,2.5,12
2021-05-16,VIK BREAD,18.0,2.5,17
2021-05-21,VIK BREAD,6.0,2.5,5
2021-05-22,VIK BREAD,10.0,2.5,9
2021-05-23,VIK BREAD,16.0,2.5,16
2021-05-24,VIK BREAD,16.0,2.5,14
2021-05-28,VIK BREAD,10.0,2.5,8
2021-05-29,VIK BREAD,8.0,2.5,7
2021-05-30,VIK BREAD,8.0,2.5,7
2021-06-04,VIK BREAD,8.0,2.5,6
2021-06-05,VIK BREAD,7.0,2.5,7
2021-06-06,VIK BREAD,10.0,2.5,10
2021-06-11,VIK BREAD,8.0,2.5,7
2021-06-12,VIK BREAD,6.0,2.5,5
2021-06-13,VIK BREAD,8.0,2.5,6
2021-06-18,VIK BREAD,8.0,2.5,4
2021-06-19,VIK BREAD,21.0,2.5,11
2021-06-20,VIK BREAD,12.0,2.5,10
2021-06-21,VIK BREAD,5.0,2.5,5
2021-06-25,VIK BREAD,6.0,2.5,5
2021-06-26,VIK BREAD,8.0,2.5,6
2021-06-27,VIK BREAD,10.0,2.5,9
2021-07-02,VIK BREAD,8.0,2.5,7
2021-07-03,VIK BREAD,16.0,2.5,12
2021-07-04,VIK BREAD,13.0,2.5,11
2021-07-05,VIK BREAD,2.0,2.5,2
2021-07-09,VIK BREAD,14.0,2.5,12
2021-07-10,VIK BREAD,13.0,2.5,12
2021-07-11,VIK BREAD,16.0,2.5,15
2021-07-12,VIK BREAD,12.0,2.5,12
2021-07-13,VIK BREAD,14.0,2.5,13
2021-07-14,VIK BREAD,18.0,2.5,13
2021-07-15,VIK BREAD,16.0,2.5,15
2021-07-16,VIK BREAD,11.0,2.5,10
2021-07-17,VIK BREAD,18.0,2.5,17
2021-07-18,VIK BREAD,19.0,2.5,18
2021-07-19,VIK BREAD,8.0,2.5,7
2021-07-20,VIK BREAD,12.0,2.5,12
2021-07-21,VIK BREAD,10.0,2.5,8
2021-07-22,VIK BREAD,9.0,2.5,9
2021-07-23,VIK BREAD,13.0,2.5,11
2021-07-24,VIK BREAD,20.0,2.5,11
2021-07-25,VIK BREAD,12.0,2.5,9
2021-07-26,VIK BREAD,15.0,2.5,12
2021-07-27,VIK BREAD,15.0,2.5,15
2021-07-28,VIK BREAD,14.0,2.5,11
2021-07-29,VIK BREAD,17.0,2.5,12
2021-07-30,VIK BREAD,27.0,2.5,16
2021-07-31,VIK BREAD,18.0,2.5,17
2021-08-01,VIK BREAD,10.0,2.5,10
2021-08-02,VIK BREAD,7.0,2.5,7
2021-08-03,VIK BREAD,16.0,2.5,15
2021-08-04,VIK BREAD,10.0,2.5,9
2021-08-05,VIK BREAD,17.0,2.5,14
2021-08-06,VIK BREAD,14.0,2.5,13
2021-08-07,VIK BREAD,17.0,2.5,16
2021-08-08,VIK BREAD,17.0,2.5,15
2021-08-09,VIK BREAD,13.0,2.5,11
2021-08-10,VIK BREAD,12.0,2.5,11
2021-08-11,VIK BREAD,15.0,2.5,15
2021-08-12,VIK BREAD,15.0,2.5,14
2021-08-13,VIK BREAD,6.0,2.5,6
2021-08-14,VIK BREAD,17.0,2.5,16
2021-08-15,VIK BREAD,12.0,2.5,11
2021-08-16,VIK BREAD,12.0,2.5,11
2021-08-17,VIK BREAD,12.0,2.5,11
2021-08-18,VIK BREAD,11.0,2.5,11
2021-08-19,VIK BREAD,11.0,2.5,11
2021-08-20,VIK BREAD,16.0,2.5,16
2021-08-21,VIK BREAD,16.0,2.5,15
2021-08-22,VIK BREAD,9.0,2.5,9
2021-08-23,VIK BREAD,17.0,2.5,16
2021-08-24,VIK BREAD,12.0,2.5,10
2021-08-25,VIK BREAD,12.0,2.5,12
2021-08-26,VIK BREAD,8.0,2.5,8
2021-08-27,VIK BREAD,8.0,2.5,7
2021-08-28,VIK BREAD,8.0,2.5,6
2021-08-29,VIK BREAD,19.0,2.5,13
2021-08-30,VIK BREAD,2.0,2.5,2
2021-09-01,VIK BREAD,1.0,2.5,1
2021-09-03,VIK BREAD,10.0,2.5,5
2021-09-04,VIK BREAD,8.0,2.5,8
2021-09-05,VIK BREAD,10.0,2.5,8
2021-09-10,VIK BREAD,4.0,2.5,4
2021-09-11,VIK BREAD,12.0,2.5,11
2021-09-12,VIK BREAD,10.0,2.5,10
2021-09-17,VIK BREAD,7.0,2.5,7
2021-09-18,VIK BREAD,9.0,2.5,8
2021-09-19,VIK BREAD,11.0,2.5,10
2021-09-24,VIK BREAD,8.0,2.5,7
2021-09-25,VIK BREAD,7.0,2.5,7
2021-09-26,VIK BREAD,9.0,2.5,9
2021-09-27,VIK BREAD,3.0,2.5,3
2021-10-01,VIK BREAD,9.0,2.5,8
2021-10-02,VIK BREAD,9.0,2.5,5
2021-10-03,VIK BREAD,10.0,2.5,8
2021-10-08,VIK BREAD,8.0,2.5,6
2021-10-09,VIK BREAD,10.0,2.5,8
2021-10-10,VIK BREAD,9.0,2.5,9
2021-10-15,VIK BREAD,7.0,2.5,7
2021-10-16,VIK BREAD,6.0,2.5,6
2021-10-17,VIK BREAD,9.0,2.5,8
2021-10-22,VIK BREAD,7.0,2.5,6
2021-10-23,VIK BREAD,13.0,2.5,11
2021-10-24,VIK BREAD,10.0,2.5,10
2021-10-29,VIK BREAD,5.0,2.5,5
2021-10-30,VIK BREAD,10.0,2.5,10
2021-10-31,VIK BREAD,10.0,2.5,10
2021-11-01,VIK BREAD,10.0,2.5,10
2021-11-03,VIK BREAD,10.0,2.5,10
2021-11-05,VIK BREAD,10.0,2.5,7
2021-11-06,VIK BREAD,10.0,2.5,9
2021-11-07,VIK BREAD,7.0,2.5,5
2021-11-12,VIK BREAD,9.0,2.5,6
2021-11-13,VIK BREAD,10.0,2.5,8
2021-11-14,VIK BREAD,8.0,2.5,8
2021-11-15,VIK BREAD,1.0,2.5,1
2021-11-19,VIK BREAD,2.0,2.5,1
2021-11-20,VIK BREAD,6.0,2.5,4
2021-11-21,VIK BREAD,6.0,2.5,5
2021-11-26,VIK BREAD,3.0,2.5,2
2021-11-27,VIK BREAD,6.0,2.5,4
2021-11-28,VIK BREAD,8.0,2.5,8
2021-11-29,VIK BREAD,2.0,2.5,2
2021-12-03,VIK BREAD,4.0,2.5,4
2021-12-04,VIK BREAD,5.0,2.5,4
2021-12-05,VIK BREAD,10.0,2.5,9
2021-12-10,VIK BREAD,5.0,2.5,5
2021-12-11,VIK BREAD,5.0,2.5,4
2021-12-12,VIK BREAD,8.0,2.5,8
2021-12-13,VIK BREAD,2.0,2.5,2
2021-12-17,VIK BREAD,10.0,2.5,8
2021-12-18,VIK BREAD,6.0,2.5,5
2021-12-19,VIK BREAD,8.0,2.5,7
2021-12-20,VIK BREAD,1.0,2.5,1
2021-12-22,VIK BREAD,4.0,2.5,4
2021-12-23,VIK BREAD,9.0,2.5,8
2021-12-24,VIK BREAD,38.0,2.5,30
2021-12-25,VIK BREAD,15.0,2.5,11
2021-12-27,VIK BREAD,5.0,2.5,5
2021-12-28,VIK BREAD,5.0,2.5,4
2021-12-29,VIK BREAD,11.0,2.5,10
2021-12-30,VIK BREAD,7.0,2.5,7
2021-12-31,VIK BREAD,44.0,2.5,32
2022-01-02,VIK BREAD,14.0,2.5,14
2022-01-07,VIK BREAD,5.0,2.5,4
2022-01-08,VIK BREAD,7.0,2.5,5
2022-01-09,VIK BREAD,5.0,2.5,5
2022-01-10,VIK BREAD,1.0,2.5,1
2022-01-14,VIK BREAD,5.0,2.5,4
2022-01-15,VIK BREAD,6.0,2.5,5
2022-01-16,VIK BREAD,5.0,2.5,4
2022-01-18,VIK BREAD,1.0,2.5,1
2022-01-21,VIK BREAD,5.0,2.5,4
2022-01-22,VIK BREAD,3.0,2.5,3
2022-01-23,VIK BREAD,9.0,2.5,8
2022-01-29,VIK BREAD,10.0,2.5,5
2022-01-30,VIK BREAD,7.0,2.5,7
2022-02-05,VIK BREAD,4.0,2.5,4
2022-02-06,VIK BREAD,11.0,2.5,11
2022-02-11,VIK BREAD,5.0,2.6,3
2022-02-12,VIK BREAD,11.0,2.6,9
2022-02-13,VIK BREAD,6.0,2.6,6
2022-02-18,VIK BREAD,4.0,2.6,4
2022-02-19,VIK BREAD,10.0,2.6,5
2022-02-20,VIK BREAD,10.0,2.6,10
2022-02-25,VIK BREAD,2.0,2.6,2
2022-02-26,VIK BREAD,8.0,2.6,6
2022-02-27,VIK BREAD,17.0,2.6,17
2022-03-04,VIK BREAD,8.0,2.6,5
2022-03-05,VIK BREAD,13.0,2.6,11
2022-03-06,VIK BREAD,10.0,2.6,9
2022-03-11,VIK BREAD,6.0,2.6,4
2022-03-12,VIK BREAD,4.0,2.6,4
2022-03-13,VIK BREAD,10.0,2.6,10
2022-03-18,VIK BREAD,3.0,2.6,2
2022-03-19,VIK BREAD,11.0,2.6,9
2022-03-20,VIK BREAD,11.0,2.6,8
2022-03-25,VIK BREAD,6.0,2.6,6
2022-03-26,VIK BREAD,5.0,2.6,3
2022-03-27,VIK BREAD,16.0,2.6,13
2022-04-01,VIK BREAD,6.0,2.6,5
2022-04-02,VIK BREAD,8.0,2.6,7
2022-04-03,VIK BREAD,8.0,2.6,8
2022-04-04,VIK BREAD,2.0,2.6,2
2022-04-08,VIK BREAD,4.0,2.6,4
2022-04-09,VIK BREAD,10.0,2.6,9
2022-04-10,VIK BREAD,10.0,2.6,7
2022-04-11,VIK BREAD,1.0,2.6,1
2022-04-15,VIK BREAD,10.0,2.6,7
2022-04-16,VIK BREAD,9.0,2.6,9
2022-04-17,VIK BREAD,7.0,2.6,5
2022-04-18,VIK BREAD,15.0,2.6,12
2022-04-22,VIK BREAD,10.0,2.6,7
2022-04-23,VIK BREAD,13.0,2.6,10
2022-04-24,VIK BREAD,7.0,2.6,6
2022-04-25,VIK BREAD,7.0,2.6,7
2022-04-29,VIK BREAD,9.0,2.6,7
2022-04-30,VIK BREAD,10.0,2.6,8
2022-05-01,VIK BREAD,9.0,2.6,9
2022-05-06,VIK BREAD,7.0,2.6,6
2022-05-07,VIK BREAD,13.0,2.6,12
2022-05-08,VIK BREAD,10.0,2.6,10
2022-05-09,VIK BREAD,2.0,2.6,2
2022-05-13,VIK BREAD,3.0,2.6,3
2022-05-14,VIK BREAD,10.0,2.6,7
2022-05-15,VIK BREAD,11.0,2.6,11
2022-05-20,VIK BREAD,10.0,2.6,7
2022-05-21,VIK BREAD,6.0,2.6,6
2022-05-22,VIK BREAD,15.0,2.6,15
2022-05-26,VIK BREAD,15.0,2.6,14
2022-05-27,VIK BREAD,16.0,2.6,14
2022-05-28,VIK BREAD,16.0,2.6,14
2022-05-29,VIK BREAD,20.0,2.6,17
2022-06-03,VIK BREAD,5.0,2.6,5
2022-06-04,VIK BREAD,9.0,2.6,9
2022-06-05,VIK BREAD,8.0,2.6,5
2022-06-06,VIK BREAD,10.0,2.6,9
2022-06-10,VIK BREAD,3.0,2.6,3
2022-06-11,VIK BREAD,8.0,2.6,5
2022-06-12,VIK BREAD,10.0,2.6,9
2022-06-17,VIK BREAD,7.0,2.6,7
2022-06-18,VIK BREAD,13.0,2.6,13
2022-06-19,VIK BREAD,11.0,2.6,10
2022-06-20,VIK BREAD,4.0,2.6,4
2022-06-24,VIK BREAD,6.0,2.6,4
2022-06-25,VIK BREAD,6.0,2.6,6
2022-06-26,VIK BREAD,13.0,2.6,13
2022-06-27,VIK BREAD,2.0,2.6,2
2022-07-01,VIK BREAD,12.0,2.7,8
2022-07-02,VIK BREAD,11.0,2.7,9
2022-07-03,VIK BREAD,11.0,2.7,11
2022-07-04,VIK BREAD,5.0,2.7,4
2022-07-08,VIK BREAD,13.0,2.7,10
2022-07-09,VIK BREAD,16.0,2.7,13
2022-07-10,VIK BREAD,13.0,2.7,12
2022-07-11,VIK BREAD,10.0,2.7,10
2022-07-12,VIK BREAD,10.0,2.7,9
2022-07-13,VIK BREAD,19.0,2.7,13
2022-07-14,VIK BREAD,20.0,2.7,17
2022-07-15,VIK BREAD,13.0,2.7,13
2022-07-16,VIK BREAD,12.0,2.7,11
2022-07-17,VIK BREAD,12.0,2.7,11
2022-07-18,VIK BREAD,15.0,2.7,13
2022-07-19,VIK BREAD,13.0,2.7,10
2022-07-20,VIK BREAD,11.0,2.7,9
2022-07-21,VIK BREAD,15.0,2.7,12
2022-07-22,VIK BREAD,15.0,2.7,13
2022-07-23,VIK BREAD,17.0,2.7,17
2022-07-24,VIK BREAD,15.0,2.7,14
2022-07-25,VIK BREAD,14.0,2.7,14
2022-07-26,VIK BREAD,6.0,2.7,4
2022-07-27,VIK BREAD,7.0,2.7,5
2022-07-28,VIK BREAD,17.0,2.7,13
2022-07-29,VIK BREAD,12.0,2.7,9
2022-07-30,VIK BREAD,15.0,2.7,12
2022-07-31,VIK BREAD,15.0,2.7,14
2022-08-01,VIK BREAD,15.0,2.7,13
2022-08-02,VIK BREAD,14.0,2.7,11
2022-08-03,VIK BREAD,16.0,2.7,14
2022-08-04,VIK BREAD,13.0,2.7,13
2022-08-05,VIK BREAD,15.0,2.7,13
2022-08-06,VIK BREAD,16.0,2.7,15
2022-08-07,VIK BREAD,15.0,2.7,14
2022-08-08,VIK BREAD,15.0,2.7,15
2022-08-09,VIK BREAD,15.0,2.7,12
2022-08-10,VIK BREAD,13.0,2.7,13
2022-08-11,VIK BREAD,17.0,2.7,17
2022-08-12,VIK BREAD,15.0,2.7,15
2022-08-13,VIK BREAD,15.0,2.7,12
2022-08-14,VIK BREAD,13.0,2.7,12
2022-08-15,VIK BREAD,14.0,2.7,14
2022-08-16,VIK BREAD,14.0,2.7,12
2022-08-17,VIK BREAD,15.0,2.7,13
2022-08-18,VIK BREAD,14.0,2.7,14
2022-08-19,VIK BREAD,10.0,2.7,9
2022-08-20,VIK BREAD,21.0,2.7,17
2022-08-21,VIK BREAD,15.0,2.7,15
2022-08-22,VIK BREAD,14.0,2.7,14
2022-08-23,VIK BREAD,7.0,2.7,6
2022-08-24,VIK BREAD,16.0,2.7,13
2022-08-25,VIK BREAD,6.0,2.7,6
2022-08-26,VIK BREAD,6.0,2.7,5
2022-08-27,VIK BREAD,10.0,2.7,9
2022-08-28,VIK BREAD,10.0,2.7,9
2022-09-03,VIK BREAD,10.0,2.7,8
2022-09-04,VIK BREAD,10.0,2.7,6
2022-09-09,VIK BREAD,8.0,2.7,7
2022-09-10,VIK BREAD,9.0,2.7,7
2022-09-11,VIK BREAD,10.0,2.7,10
2022-09-16,VIK BREAD,8.0,2.7,7
2022-09-17,VIK BREAD,12.0,2.7,7
2022-09-18,VIK BREAD,10.0,2.7,9
2022-09-23,VIK BREAD,9.0,2.7,8
2022-09-24,VIK BREAD,10.0,2.7,10
2022-09-25,VIK BREAD,10.0,2.7,9
2022-09-30,VIK BREAD,12.0,2.7,7
